Order Number,Location,Street Address,City,State,Zip Code,Store Number,Store Name,Caterer Name,Event Date,Submitted At,Food Total,Promotion,Delivery Fee,Commission,Sales Tax,Sales Tax Remitted by ezCater,Tip,Payment Transaction Fee,Adjustments,Discounts,Misc Fees,Preferred Partner Program,Rewards,Caterer Total Due,Status,Order Paid By Caterer Payment Method,Source,Promotion Code,Driver,House Account ID,House Account Tax ID,Campaign Name
YW3-R07,"Takeout from Cincinnati, OH",1624 Herald Ave,Cincinnati,OH,45207,8,Oakley,Wild Eggs #8 (Oakley),01/01/2025 11:00 AM,12/30/2024 4:22 PM,$366.00 ,$0.00 ,$0.00 ,($54.90),$0.00 ,$0.00 ,$35.00 ,($10.94),$0.00 ,$0.00 ,0,-14.64,0,320.52,Completed,ach,Marketplace Takeout,,N/A,,,
3F7-Y04,University of Louisville School of Dentistry,501 S Preston St,Louisville,KY,40202,4,Mercantile,Wild Eggs #4 (Mercantile),01/02/2025 8:00 AM,12/09/2024 2:14 PM,$237.00 ,$0.00 ,$35.00 ,($40.80),$0.00 ,$0.00 ,$0.00 ,($8.13),$0.00 ,$0.00 ,0,0,0,223.07,Completed,ach,Marketplace Delivery,,Mikey  Thomas ,,,
7WT-PE8,Amdocs,625 Maryville Centre Dr 200,St. Louis,MO,63141,,Creve Coeur,CBW- Crazy Bowls and Wraps (Creve Coeur),01/02/2025 8:45 AM,11/27/2024 10:42 AM,$383.25 ,$0.00 ,$20.00 ,($60.49),$33.49 ,$0.00 ,$0.00 ,($13.06),$0.00 ,$0.00 ,-38.32,0,0,324.87,Completed,ach,Marketplace Takeout,,Dispatch,,,
KH3-U14,Contemporary Art Museum St. Louis,3750 Washington Blvd St. Louis,St. Louis,MO,63108,,Lindell/SLU,CBW- Crazy Bowls and Wraps (Lindell/SLU),01/03/2025 4:25 PM,12/17/2024 2:56 PM,$241.90 ,$0.00 ,$20.00 ,($18.33),$0.00 ,$0.00 ,$0.00 ,($7.83),$0.00 ,$0.00 ,-30,0,-12.1,193.64,Completed,ach,Marketplace Takeout,,Dispatch,,,
GAM-47X,Drury Inn & Suites,8700 Eager Rd,Brentwood,MO,63144,,Forsyth/Clayton,CBW- Crazy Bowls and Wraps (Forsyth/Clayton),01/04/2025 11:10 AM,12/09/2024 3:15 PM,$636.90 ,$0.00 ,$20.00 ,($98.54),$0.00 ,$0.00 ,$0.00 ,($19.64),$0.00 ,$0.00 ,-63.69,0,-31.85,443.18,Completed,ach,Marketplace Takeout,,Dispatch,,,
KWY-3M6,,,Cincinnati,OH,45220,9,Queen City Wild Eggs,Wild Eggs #9 (Queen City Wild Eggs),01/04/2025 12:30 PM,01/01/2025 8:10 PM,$51.00 ,$0.00 ,$0.00 ,($7.65),$0.00 ,$0.00 ,$0.00 ,($1.52),$0.00 ,$0.00 ,0,0,0,41.83,Completed,ach,Marketplace Takeout,,N/A,,,
M3E-H5W,Indiana Mad Ants Basketball,125 S Pennsylvania St,Indianapolis,IN,46204,6,Pulliam,Wild Eggs #6 (Pulliam),01/07/2025 9:30 AM,12/04/2024 1:14 PM,$551.00 ,$0.00 ,$35.00 ,($87.90),$52.74 ,($41.02),$55.10 ,($19.10),$0.00 ,$0.00 ,0,0,0,545.82,Completed,ach,Marketplace Delivery,,Skylar Greene,,,
2YC-95M,Veterans United,111 Corporate Office Dr Suite 400,Earth City,MO,63045,,West Oak,CBW- Crazy Bowls and Wraps (West Oak),01/08/2025 10:48 AM,12/30/2024 12:38 PM,$137.20 ,$0.00 ,$20.00 ,($23.58),$12.33 ,$0.00 ,$0.00 ,($5.07),$0.00 ,$0.00 ,-30,0,-6.86,104.02,Completed,ach,Marketplace Takeout,,Dispatch,,,
7WQ-RE9,Medical Specialists of St. Lukes,222 S Woods Mill Rd 750 North,Chesterfield,MO,63017,,Creve Coeur,CBW- Crazy Bowls and Wraps (Creve Coeur),01/08/2025 10:51 AM,01/07/2025 10:02 AM,$378.65 ,$0.00 ,$20.00 ,($59.80),$33.09 ,$0.00 ,$0.00 ,($12.91),$0.00 ,$0.00 ,-37.86,0,0,321.17,Completed,ach,Marketplace Takeout,,Dispatch,,,
0Q5-7GP,Fueled Collective,3825 Edwards Rd Suite 103,Cincinnati,OH,45209,8,Oakley,Wild Eggs #8 (Oakley),01/09/2025 9:30 AM,01/07/2025 12:06 PM,$101.00 ,$0.00 ,$35.00 ,($20.40),$0.00 ,$0.00 ,$15.00 ,($4.07),$0.00 ,$0.00 ,0,-4.04,0,122.49,Completed,ach,Marketplace Delivery,,Spencer Gamble,,,
ZHG-0V6,Advantage Solutions,8001 Forsyth Blvd Suite 1025,Clayton,MO,63105,,Forsyth/Clayton,CBW- Crazy Bowls and Wraps (Forsyth/Clayton),01/09/2025 10:55 AM,12/20/2024 11:11 AM,$266.10 ,$0.00 ,$20.00 ,($42.92),$27.24 ,$0.00 ,$0.00 ,($9.37),$0.00 ,$0.00 ,-30,0,-13.31,217.74,Completed,ach,Marketplace Takeout,,Dispatch,,,
1Y7-ZKJ,Wash U Chemistry,1 Brookings Dr Wrighton Hall 401,St. Louis,MO,63130,,Forsyth/Clayton,CBW- Crazy Bowls and Wraps (Forsyth/Clayton),01/09/2025 11:08 AM,01/07/2025 11:03 AM,$467.40 ,$0.00 ,$20.00 ,($34.12),$0.00 ,$0.00 ,$0.00 ,($14.57),$0.00 ,$0.00 ,-46.74,0,0,391.97,Completed,ach,ezOrdering Takeout,,Dispatch,,,
091-X44,Lemonaid Pharmacy,1701 Macklind Ave Suite 300,St. Louis,MO,63110,,West Oak,CBW- Crazy Bowls and Wraps (West Oak),01/09/2025 11:15 AM,12/27/2024 5:32 PM,$200.75 ,$0.00 ,$25.00 ,($30.11),$18.04 ,$0.00 ,$20.08 ,($7.29),$0.00 ,$0.00 ,0,0,0,226.47,Completed,ach,Meal Program,,,,,
K1R-K3A,Gap,1360 Dolwick Dr Suite 100,Erlanger,KY,41018,9,Queen City Wild Eggs,Wild Eggs #9 (Queen City Wild Eggs),01/10/2025 7:45 AM,01/08/2025 2:48 AM,$104.00 ,$0.00 ,$35.00 ,($20.85),$0.00 ,$0.00 ,$20.80 ,($4.16),$0.00 ,$0.00 ,0,0,0,134.79,Completed,ach,Marketplace Delivery,,Jane Sillett,,,
WPF-P25,IU CICC,6845 Rama Dr,Indianapolis,IN,46219,6,Pulliam,Wild Eggs #6 (Pulliam),01/10/2025 8:30 AM,01/09/2025 9:16 AM,$253.00 ,$0.00 ,$35.00 ,($43.20),$25.92 ,($20.16),$25.30 ,($9.39),$0.00 ,$0.00 ,0,0,0,266.47,Completed,ach,Marketplace Delivery,,Skylar Greene,,,
R4X-GHJ,Medical hematology oncology,350 Park St 106,Bowling Green,KY,42101,14,Bowling Green,Wild Eggs #14 (Bowling Green),01/10/2025 7:45 AM,01/06/2025 12:04 PM,$438.00 ,$0.00 ,$35.00 ,($70.95),$28.38 ,($28.38),$0.00 ,($14.99),$0.00 ,$0.00 ,0,0,0,387.06,Completed,ach,Marketplace Delivery,,Johnica Ester,,,
G11-UA4,"Baptist medical associates- Floyd’s knobs - Dr Johnson, upton ect",800 Highlander Point Dr Suite 200,Floyds Knobs,IN,47119,13,New Albany,Wild Eggs #13 (New Albany),01/10/2025 11:15 AM,01/09/2025 4:29 PM,$310.00 ,$0.00 ,$35.00 ,($51.75),$24.15 ,($24.15),$0.00 ,($11.04),$0.00 ,$0.00 ,0,-12.4,0,269.81,Completed,ach,Marketplace Delivery,,Kayla Elifrits,,,
KFT-GCQ,Thompson Street Capital partners,7676 Forsyth Blvd 2700,Clayton,MO,63105,,Forsyth/Clayton,CBW- Crazy Bowls and Wraps (Forsyth/Clayton),01/10/2025 11:08 AM,01/08/2025 10:47 AM,$195.00 ,$0.00 ,$20.00 ,($15.05),$19.96 ,$0.00 ,$0.00 ,($7.03),$0.00 ,$0.00 ,-30,0,0,182.88,Completed,ach,ezOrdering Takeout,,Dispatch,,,
10Q-5F9,Traders Point Christian Church,2350 E 62nd St,Indianapolis,IN,46220,6,Pulliam,Wild Eggs #6 (Pulliam),01/12/2025 8:30 AM,01/06/2025 11:09 AM,$181.00 ,$0.00 ,$35.00 ,($32.40),$0.00 ,$0.00 ,$27.15 ,($6.46),$0.00 ,$0.00 ,0,0,0,204.29,Completed,ach,Marketplace Delivery,,Skylar Greene,,,
CJR-A0Z,Christ Hospital Physicians,2123 Auburn Ave 624 medical office building,Cincinnati,OH,45219,9,Queen City Wild Eggs,Wild Eggs #9 (Queen City Wild Eggs),01/13/2025 7:30 AM,01/09/2025 11:34 AM,$239.00 ,$0.00 ,$35.00 ,($41.10),$0.00 ,$0.00 ,$15.00 ,($8.19),$0.00 ,$0.00 ,0,0,0,239.71,Completed,ach,Marketplace Delivery,,monica craig,,,
78V-W7R,Cath lab,4500 Memorial Dr,Belleville,IL,62226,,Shiloh,CBW- Crazy Bowls and Wraps (Shiloh),01/13/2025 10:04 AM,01/10/2025 12:40 PM,$406.70 ,$0.00 ,$20.00 ,($64.01),$33.96 ,($33.96),$0.00 ,($13.77),$0.00 ,$0.00 ,-40.67,0,-20.34,287.91,Completed,ach,Marketplace Takeout,,Dispatch,,,
8Z4-9CJ,Distinctive Dermatology,390 Office Ct,Fairview Heights,IL,62208,,Shiloh,CBW- Crazy Bowls and Wraps (Shiloh),01/13/2025 10:34 AM,01/10/2025 3:27 PM,$469.95 ,$0.00 ,$20.00 ,($73.49),$39.24 ,($39.24),$0.00 ,($15.82),$0.00 ,$0.00 ,-47,0,-23.5,330.14,Completed,ach,Marketplace Takeout,,Dispatch,,,
G5P-EE7,Caleres,8300 Maryland Ave co Jennifer Grace,Clayton,MO,63105,,Forsyth/Clayton,CBW- Crazy Bowls and Wraps (Forsyth/Clayton),01/13/2025 10:44 AM,01/10/2025 6:31 PM,$254.45 ,$0.00 ,$20.00 ,($41.17),$26.05 ,$0.00 ,$0.00 ,($8.98),$0.00 ,$0.00 ,-30,0,-12.72,207.63,Completed,ach,Marketplace Takeout,,Dispatch,,,
HP6-UV3,Deluxe Dermatology,1034 S Brentwood Blvd 1000,Richmond Heights,MO,63117,,Rock Hill/Glendale,CBW- Crazy Bowls and Wraps (Rock Hill/Glendale),01/13/2025 10:56 AM,01/12/2025 10:05 AM,$174.04 ,$0.00 ,$20.00 ,($29.11),$16.08 ,$0.00 ,$0.00 ,($6.28),$0.00 ,$0.00 ,-30,0,-8.7,136.03,Completed,ach,Marketplace Takeout,,Dispatch,,,
Y0X-6G5,SWT Design,7722 Big Bend Blvd,St. Louis,MO,63119,,Rock Hill/Glendale,CBW- Crazy Bowls and Wraps (Rock Hill/Glendale),01/13/2025 11:21 AM,01/08/2025 11:56 AM,$169.25 ,$0.00 ,$20.00 ,($13.25),$15.64 ,$0.00 ,$0.00 ,($6.13),$0.00 ,$0.00 ,-30,0,0,155.51,Completed,ach,ezOrdering Takeout,,Dispatch,,,
2QF-PXZ,ATB Technologies,14567 N Outer 40 Rd suite 525,Chesterfield,MO,63017,,West Oak,CBW- Crazy Bowls and Wraps (West Oak),01/13/2025 11:45 AM,12/30/2024 1:20 PM,$319.72 ,$0.00 ,$25.00 ,($47.96),$28.74 ,$0.00 ,$31.97 ,($11.17),$0.00 ,$0.00 ,0,0,0,346.3,Completed,ach,Meal Program,,,,,
TRC-3X2,StriveTogether,125 E 9th St Floor 2,Cincinnati,OH,45202,9,Queen City Wild Eggs,Wild Eggs #9 (Queen City Wild Eggs),01/14/2025 8:00 AM,01/07/2025 8:33 PM,$337.00 ,$0.00 ,$35.00 ,($55.80),$0.00 ,$0.00 ,$67.40 ,($11.12),$0.00 ,$0.00 ,0,0,0,372.48,Completed,ach,Marketplace Delivery,,Mariah Imjalli,,,
MPJ-HZV,Aspire Software,390 S Woods Mill Rd ste 200-2nd floor,Chesterfield,MO,63017,,West Oak,CBW- Crazy Bowls and Wraps (West Oak),01/14/2025 10:45 AM,12/31/2024 12:06 AM,$516.89 ,$0.00 ,$25.00 ,($77.53),$46.46 ,$0.00 ,$103.38 ,($17.59),$0.00 ,$0.00 ,0,0,0,596.61,Completed,ach,Meal Program,,,,,
784-TVK,"McCarthy Building Companies, Inc.",12851 Manchester Rd McCarthy - floor 2,Des Peres,MO,63131,,Manchester,CBW- Crazy Bowls and Wraps (Manchester),01/14/2025 11:10 AM,01/03/2025 9:53 AM,$164.20 ,$0.00 ,$20.00 ,($12.89),$14.35 ,$0.00 ,$0.00 ,($5.94),$0.00 ,$0.00 ,-30,0,0,149.72,Completed,ach,ezOrdering Takeout,,Dispatch,,,
VE5-PXQ,DHL Express CV3,2360 Airport North Dr,Hebron,KY,41048,9,Queen City Wild Eggs,Wild Eggs #9 (Queen City Wild Eggs),01/15/2025 7:15 AM,01/08/2025 4:18 PM,$225.00 ,$0.00 ,$35.00 ,($39.00),$0.00 ,$0.00 ,$22.50 ,($7.77),$0.00 ,$0.00 ,0,0,0,235.73,Completed,ach,Marketplace Delivery,,Mariah Imjalli,,,
CC8-ZH9,KCC Manufacturing,2621 Technology Dr,Louisville,KY,40299,12,Jtown,Wild Eggs #12 (Jtown),01/15/2025 10:15 AM,01/07/2025 11:09 AM,$334.00 ,$0.00 ,$35.00 ,($55.35),$22.14 ,($22.14),$0.00 ,($11.70),$0.00 ,$0.00 ,0,-13.36,0,288.59,Completed,ach,Marketplace Delivery,,Israel Luna,,,
7FP-49U,Less Annoying CRM,1017 Olive St Suite 300 (3rd floor),St. Louis,MO,63101,,Lindell/SLU,CBW- Crazy Bowls and Wraps (Lindell/SLU),01/15/2025 10:40 AM,01/13/2025 4:49 PM,$226.40 ,$0.00 ,$20.00 ,($36.96),$29.84 ,$0.00 ,$0.00 ,($8.26),$0.00 ,$0.00 ,-30,0,-11.32,189.7,Completed,ach,Marketplace Takeout,,Dispatch,,,
CZH-ARA,Target,40 THF Blvd,Chesterfield,MO,63005,,Creve Coeur,CBW- Crazy Bowls and Wraps (Creve Coeur),01/15/2025 10:47 AM,01/14/2025 7:02 AM,$173.90 ,$0.00 ,$20.00 ,($13.57),$15.20 ,$0.00 ,$0.00 ,($6.25),$0.00 ,$0.00 ,-30,0,0,159.28,Completed,ach,ezOrdering Takeout,,Dispatch,,,
73T-8RH,Arcturis,701 Market St Ste 1300,St. Louis,MO,63101,,Lindell/SLU,CBW- Crazy Bowls and Wraps (Lindell/SLU),01/15/2025 11:03 AM,01/09/2025 10:05 AM,$358.00 ,$0.00 ,$20.00 ,($56.70),$47.18 ,$0.00 ,$0.00 ,($12.71),$0.00 ,$0.00 ,-35.8,0,-17.9,302.07,Completed,ach,Marketplace Takeout,,Dispatch,,,
Y7G-MWJ,Pulmonary Consultants,6 Jungermann Cir,St. Peters,MO,63376,,Lindenwood,CBW- Crazy Bowls and Wraps (Lindenwood),01/15/2025 11:03 AM,01/13/2025 2:12 PM,$389.00 ,$0.00 ,$20.00 ,($61.35),$38.71 ,$0.00 ,$0.00 ,($13.39),$0.00 ,$0.00 ,-38.9,0,-19.45,314.62,Completed,ach,Marketplace Takeout,,Dispatch,,,
Y2G-PYQ,St. Louis Trust & Family Office,7701 Forsyth Blvd Suite 1100 Suite 1100,St. Louis,MO,63105,,Forsyth/Clayton,CBW- Crazy Bowls and Wraps (Forsyth/Clayton),01/15/2025 11:13 AM,01/13/2025 1:48 PM,$191.25 ,$0.00 ,$20.00 ,($14.79),$19.58 ,$0.00 ,$0.00 ,($6.90),$0.00 ,$0.00 ,-30,0,0,179.14,Completed,ach,ezOrdering Takeout,,Dispatch,,,
M6E-V3Y,Rural Family Medical Associates,739 N Jefferson St Suite 200,Mascoutah,IL,62258,,Shiloh,CBW- Crazy Bowls and Wraps (Shiloh),01/15/2025 11:14 AM,01/10/2025 2:00 PM,$264.40 ,$0.00 ,$20.00 ,($42.66),$22.08 ,($22.08),$0.00 ,($9.16),$0.00 ,$0.00 ,-30,0,-13.22,189.36,Completed,ach,Marketplace Takeout,,Dispatch,,,
F2E-HK7,Arcturis,701 Market St Ste 1300,St. Louis,MO,63101,,West Oak,CBW- Crazy Bowls and Wraps (West Oak),01/15/2025 12:15 PM,01/15/2025 12:12 PM,$123.00 ,$0.00 ,$27.00 ,($22.50),$11.06 ,$0.00 ,$0.00 ,($4.82),$0.00 ,$0.00 ,0,0,-6.15,127.59,Completed,ach,Marketplace Delivery,,N/A,,,
23H-R08,CMTA,10411 Meeting St,Prospect,KY,40059,2,Westport,Wild Eggs #2 (Westport),01/16/2025 8:30 AM,01/15/2025 12:09 PM,$400.00 ,$0.00 ,$35.00 ,($65.25),$26.10 ,($26.10),$60.00 ,($13.79),$0.00 ,$0.00 ,0,-16,0,399.96,Completed,ach,Marketplace Delivery,,Abby Pillow,,,
R4V-1UU,Graves Gilbert Gastroenterology,484 Golden Autumn Way Suite 201/second floor,Bowling Green,KY,42103,14,Bowling Green,Wild Eggs #14 (Bowling Green),01/16/2025 7:45 AM,01/10/2025 3:28 PM,$443.00 ,$0.00 ,$35.00 ,($71.70),$28.68 ,($28.68),$15.00 ,($15.15),$0.00 ,$0.00 ,0,0,0,406.15,Completed,ach,Marketplace Delivery,,Johnica Ester,,,
EJJ-2KM,WashU Child Psychiatry,4444 Forest Park Ave Ste 3400,St. Louis,MO,63108,,Lindell/SLU,CBW- Crazy Bowls and Wraps (Lindell/SLU),01/16/2025 10:25 AM,01/13/2025 3:03 PM,$251.90 ,$0.00 ,$20.00 ,($40.79),$0.00 ,$0.00 ,$0.00 ,($8.13),$0.00 ,$0.00 ,-30,0,-12.6,180.38,Completed,ach,Marketplace Takeout,,Dispatch,,,
6WK-TJG,Hinkle Fieldhouse,510 W 49th St Gate 1,Indianapolis,IN,46208,6,Pulliam,Wild Eggs #6 (Pulliam),01/17/2025 10:00 AM,01/16/2025 1:44 PM,$315.00 ,$0.00 ,$35.00 ,($52.50),$0.00 ,$0.00 ,$25.00 ,($10.47),$0.00 ,$0.00 ,0,0,0,312.03,Completed,ach,Marketplace Delivery,,Skylar Greene,,,
R02-1J7,Burns & McDonnell,425 S Woods Mill Rd 3rd Floor,Town and Country,MO,63017,,Creve Coeur,CBW- Crazy Bowls and Wraps (Creve Coeur),01/17/2025 11:07 AM,01/08/2025 3:16 PM,$336.00 ,$0.00 ,$20.00 ,($53.40),$29.36 ,$0.00 ,$0.00 ,($11.52),$0.00 ,$0.00 ,-33.6,0,0,286.84,Completed,ach,Marketplace Takeout,,Dispatch,,,
UA4-KFT,The Turn Vintage Warehouse,913 Monmouth St,Newport,KY,41071,9,Queen City Wild Eggs,Wild Eggs #9 (Queen City Wild Eggs),01/18/2025 10:45 AM,01/08/2025 10:14 AM,$955.00 ,$0.00 ,$35.00 ,($148.50),$0.00 ,$0.00 ,$95.50 ,($29.60),$0.00 ,$0.00 ,0,0,0,907.4,Completed,ach,Marketplace Delivery,,Mariah Imjalli,,,
K4R-2JA,Washington University Field House,One Brookings Dr.,St. Louis,MO,63112,,Forsyth/Clayton,CBW- Crazy Bowls and Wraps (Forsyth/Clayton),01/19/2025 12:38 PM,01/15/2025 9:21 PM,$216.25 ,$0.00 ,$20.00 ,($16.54),$0.00 ,$0.00 ,$0.00 ,($7.06),$0.00 ,$0.00 ,-30,0,0,182.65,Completed,ach,ezOrdering Takeout,,Dispatch,,,
1MG-22V,"Takeout from Cincinnati, OH",1624 Herald Ave,Cincinnati,OH,45207,8,Oakley,Wild Eggs #8 (Oakley),01/20/2025 8:45 AM,01/19/2025 5:12 PM,$366.00 ,$0.00 ,$0.00 ,($54.90),$0.00 ,$0.00 ,$35.00 ,($10.94),$0.00 ,$0.00 ,0,-14.64,0,320.52,Completed,ach,Marketplace Takeout,,N/A,,,
6F9-XWM,UHY Advisors,15 Sunnen Dr Suite 100,Maplewood,MO,63143,,Rock Hill/Glendale,CBW- Crazy Bowls and Wraps (Rock Hill/Glendale),01/20/2025 10:58 AM,01/14/2025 4:00 PM,$392.40 ,$0.00 ,$20.00 ,($61.86),$36.25 ,$0.00 ,$0.00 ,($13.41),$0.00 ,$0.00 ,-39.24,0,-19.62,314.52,Completed,ach,Marketplace Takeout,,Dispatch,,,
6F9-8HY,Baptist Health Neurology Dr Scott,4003 Kresge Way 400,Saint Matthews,KY,40207,1,Dupont,Wild Eggs #1 (Dupont),01/21/2025 7:30 AM,01/20/2025 10:39 AM,$514.00 ,$0.00 ,$35.00 ,($82.35),$32.94 ,($32.94),$12.00 ,($17.40),$0.00 ,$0.00 ,0,-20.56,0,440.69,Completed,ach,Marketplace Delivery,,Carmen E,,,
XKA-P4T,Cath lab,1 St Elizabeth's Blvd,O'Fallon,IL,62269,,Shiloh,CBW- Crazy Bowls and Wraps (Shiloh),01/21/2025 10:09 AM,01/20/2025 9:08 AM,$370.70 ,$0.00 ,$20.00 ,($58.61),$30.95 ,($30.95),$0.00 ,($12.61),$0.00 ,$0.00 ,-37.07,0,-18.54,263.87,Completed,ach,Marketplace Takeout,,Dispatch,,,
KQ0-C8H,Washington University - DIAN-TU,4488 Forest Park Ave Suite 301,St. Louis,MO,63108,,Lindell/SLU,CBW- Crazy Bowls and Wraps (Lindell/SLU),01/21/2025 10:51 AM,01/16/2025 1:27 PM,$403.50 ,$0.00 ,$20.00 ,($63.53),$0.00 ,$0.00 ,$0.00 ,($12.66),$0.00 ,$0.00 ,-40.35,0,-20.18,286.78,Completed,ach,Marketplace Takeout,,Dispatch,,,
77E-HZW,Moneta,100 S Brentwood Blvd,St. Louis,MO,63105,,Forsyth/Clayton,CBW- Crazy Bowls and Wraps (Forsyth/Clayton),01/21/2025 11:07 AM,01/09/2025 1:35 PM,$523.20 ,$0.00 ,$20.00 ,($81.48),$53.57 ,$0.00 ,$0.00 ,($17.84),$0.00 ,$0.00 ,-52.32,0,-26.16,418.97,Completed,ach,Marketplace Takeout,,Dispatch,,,
C7E-QE6,Mercy Sunset OBGYN,10777 Sunset Office Dr Suite 200,St. Louis,MO,63127,,Sunset Hills,CBW- Crazy Bowls and Wraps (Sunset Hills),01/21/2025 11:07 AM,01/20/2025 10:13 AM,$391.28 ,$0.00 ,$20.00 ,($61.69),$30.28 ,$0.00 ,$0.00 ,($13.20),$0.00 ,$0.00 ,-39.13,0,-19.56,307.98,Completed,ach,Marketplace Takeout,,Dispatch,,,
MME-THZ,Olin Business School,1 Brookings Dr Knight Hall 3rd floor Graduate Programs Office,St. Louis,MO,63130,,Forsyth/Clayton,CBW- Crazy Bowls and Wraps (Forsyth/Clayton),01/21/2025 3:33 PM,01/16/2025 1:21 PM,$672.00 ,$0.00 ,$20.00 ,($48.44),$0.00 ,$0.00 ,$0.00 ,($20.69),$0.00 ,$0.00 ,-67.2,0,0,555.67,Completed,ach,ezOrdering Takeout,,Dispatch,,,
V61-ZYX,Aspire Software,390 S Woods Mill Rd ste 200-2nd floor,Chesterfield,MO,63017,,West Oak,CBW- Crazy Bowls and Wraps (West Oak),01/22/2025 10:45 AM,01/16/2025 3:42 PM,$327.80 ,$0.00 ,$25.00 ,($49.17),$29.46 ,$0.00 ,$65.56 ,($11.43),$0.00 ,$0.00 ,0,0,0,387.22,Completed,ach,Meal Program,,,,,
YX5-98Q,WashU Sam Fox School,Weil Hall Wrighton Way,St. Louis,MO,63105,,Forsyth/Clayton,CBW- Crazy Bowls and Wraps (Forsyth/Clayton),01/22/2025 4:41 PM,01/21/2025 9:00 AM,$84.20 ,$0.00 ,$20.00 ,($15.63),$0.00 ,$0.00 ,$0.00 ,($3.12),$0.00 ,$0.00 ,-30,0,-4.21,51.24,Completed,ach,Marketplace Takeout,,Dispatch,,,
QP8-7GM,"Eureka! Ranch International, Ltd.",3849 Edwards Rd Eureka Ranch,Newtown,OH,45244,8,Oakley,Wild Eggs #8 (Oakley),01/23/2025 7:00 AM,01/14/2025 12:34 PM,$328.00 ,$0.00 ,$35.00 ,($54.45),$0.00 ,$0.00 ,$49.20 ,($10.85),$0.00 ,$0.00 ,0,-13.12,0,333.78,Completed,ach,Marketplace Delivery,,Spencer Gamble,,,
1VZ-0A9,Rheumatology Associates,3430 Newburg Rd Suite 250,Louisville,KY,40218,1,Dupont,Wild Eggs #1 (Dupont),01/23/2025 7:30 AM,01/22/2025 11:44 AM,$238.00 ,$0.00 ,$35.00 ,($40.95),$16.38 ,($16.38),$35.70 ,($8.65),$0.00 ,$0.00 ,0,-9.52,0,249.58,Completed,ach,Marketplace Delivery,,Carmen E,,,
AK5-7WE,WKU Women's Basketball,1605 Ave of Champions Women's Basketball Lockerrooom,Bowling Green,KY,42101,14,Bowling Green,Wild Eggs #14 (Bowling Green),01/23/2025 7:30 AM,01/20/2025 8:27 AM,$482.00 ,$0.00 ,$35.00 ,($77.55),$0.00 ,$0.00 ,$48.20 ,($15.46),$0.00 ,$0.00 ,0,0,0,472.19,Completed,ach,Marketplace Delivery,,Caroline Witty,,,
CWG-Q8T,Ideal Eye Surgery,705 Insight Ave,O'Fallon,IL,62269,,Shiloh,CBW- Crazy Bowls and Wraps (Shiloh),01/23/2025 10:20 AM,01/17/2025 10:29 AM,$505.70 ,$0.00 ,$20.00 ,($36.80),$42.23 ,($42.23),$0.00 ,($16.98),$0.00 ,$0.00 ,-50.57,0,0,421.35,Completed,ach,ezOrdering Takeout,,Dispatch,,,
A75-ERC,Distribution Management (DM),5 Research Park Dr,Saint Charles,MO,63304,,O'Fallon,CBW- Crazy Bowls and Wraps (O'Fallon),01/23/2025 10:57 AM,01/21/2025 11:46 AM,$342.40 ,$0.00 ,$20.00 ,($25.37),$30.64 ,$0.00 ,$0.00 ,($11.75),$0.00 ,$0.00 ,-34.24,0,0,321.68,Completed,ach,ezOrdering Takeout,,Dispatch,,,
CJP-GH3,Missouri Baptist Hospital,3015 N Ballas Rd,St. Louis,MO,63131,,West Oak,CBW- Crazy Bowls and Wraps (West Oak),01/23/2025 11:19 AM,01/16/2025 5:33 PM,$278.75 ,$0.00 ,$20.00 ,($44.81),$25.05 ,$0.00 ,$0.00 ,($9.68),$0.00 ,$0.00 ,-30,0,-13.94,225.37,Completed,ach,Marketplace Takeout,,Dispatch,,,
MV3-M3X,Regus Building,10200 Forest Green Blvd Suite 112,Louisville,KY,40223,2,Westport,Wild Eggs #2 (Westport),01/24/2025 8:15 AM,01/21/2025 3:02 PM,$250.00 ,$0.00 ,$35.00 ,($42.75),$17.10 ,($17.10),$50.00 ,($9.03),$0.00 ,$0.00 ,0,-10,0,273.22,Completed,ach,Marketplace Delivery,,Kortney Cole,,,
5M6-M8G,,,Kirkwood,MO,63122,,Sunset Hills,CBW- Crazy Bowls and Wraps (Sunset Hills),01/24/2025 11:30 AM,01/22/2025 7:33 PM,$205.40 ,$0.00 ,$0.00 ,($30.81),$15.89 ,$0.00 ,$0.00 ,($6.62),$0.00 ,$0.00 ,0,0,-10.27,173.59,Completed,ach,Marketplace Takeout,,N/A,,,
T29-2JW,Byerly Ford Inc,4041 Dixie Hwy,Louisville,KY,40216,13,New Albany,Wild Eggs #13 (New Albany),01/25/2025 9:00 AM,01/22/2025 2:00 PM,$174.00 ,$0.00 ,$35.00 ,($31.35),$14.63 ,($14.63),$2.00 ,($6.69),$0.00 ,$0.00 ,0,-6.96,0,166,Completed,ach,Marketplace Delivery,,Kayla Elifrits,,,
3WG-QQG,The Ultimate Bride,1115 S Big Bend Blvd,St. Louis,MO,63117,,Forsyth/Clayton,CBW- Crazy Bowls and Wraps (Forsyth/Clayton),01/25/2025 10:39 AM,01/22/2025 3:55 PM,$161.70 ,$0.00 ,$20.00 ,($27.26),$16.55 ,$0.00 ,$0.00 ,($5.93),$0.00 ,$0.00 ,-30,0,-8.08,126.98,Completed,ach,Marketplace Takeout,,Dispatch,,,
CWQ-G3A,Traders Point Christian Church | Fishers,12648 E 116th St,Fishers,IN,46037,7,Fishers,Wild Eggs #07 (Fishers),01/26/2025 8:00 AM,01/22/2025 6:27 PM,$191.00 ,$0.00 ,$35.00 ,($33.90),$0.00 ,$0.00 ,$28.65 ,($6.76),$0.00 ,$0.00 ,0,-7.64,0,206.35,Completed,ach,Marketplace Delivery,,Carmen Sanchez,,,
AY4-TFV,Traders Point Christian Church,2350 E 62nd St,Indianapolis,IN,46220,6,Pulliam,Wild Eggs #6 (Pulliam),01/26/2025 8:30 AM,01/21/2025 6:07 PM,$181.00 ,$0.00 ,$35.00 ,($32.40),$0.00 ,$0.00 ,$18.10 ,($6.46),$0.00 ,$0.00 ,0,0,0,195.24,Completed,ach,Marketplace Delivery,,Skylar Greene,,,
J6T-0TE,Enterprise Rent a Car,9636 Natural Bridge Rd,Berkeley,MO,63134,,Forsyth/Clayton,CBW- Crazy Bowls and Wraps (Forsyth/Clayton),01/27/2025 11:15 AM,01/24/2025 1:03 PM,$206.80 ,$0.00 ,$20.00 ,($34.02),$21.17 ,$0.00 ,$0.00 ,($7.41),$0.00 ,$0.00 ,-30,0,-10.34,166.2,Completed,ach,Marketplace Takeout,,Dispatch,,,
9R2-H8P,Washington University- Pediatric Neurology,"4990 Children's Pl 12th Floor, Northwest Tower, Suite 1260",St. Louis,MO,63110,,Lindell/SLU,CBW- Crazy Bowls and Wraps (Lindell/SLU),01/27/2025 11:19 AM,01/24/2025 11:12 AM,$385.28 ,$0.00 ,$20.00 ,($60.79),$0.00 ,$0.00 ,$0.00 ,($12.12),$0.00 ,$0.00 ,-38.53,0,-19.26,274.58,Completed,ach,Marketplace Takeout,ezsave100,Dispatch,,,
X2W-0WU,Enterprise Rent a Car,9636 Natural Bridge Rd,Berkeley,MO,63134,,Forsyth/Clayton,CBW- Crazy Bowls and Wraps (Forsyth/Clayton),01/27/2025 2:51 PM,01/24/2025 1:06 PM,$178.40 ,$0.00 ,$20.00 ,($29.76),$18.26 ,$0.00 ,$0.00 ,($6.48),$0.00 ,$0.00 ,-30,0,-8.92,141.5,Completed,ach,Marketplace Takeout,,Dispatch,,,
ZW2-CT8,Baptist Health Cancer Center,2210 Green Valley Rd lower level of clinic building - MUST CHECK IN AT FIRST FLOOR RECEPTION,New Albany,IN,47150,13,New Albany,Wild Eggs #13 (New Albany),01/28/2025 7:15 AM,01/25/2025 10:50 AM,$468.00 ,$0.00 ,$35.00 ,($75.45),$35.21 ,($35.21),$70.20 ,($16.09),$0.00 ,$0.00 ,0,-18.72,0,462.94,Completed,ach,Marketplace Delivery,,Savannah  Gilbert ,,,
33F-23Z,"Lashly & Baer, P.C.",714 Locust St,St. Louis,MO,63101,,Lindell/SLU,CBW- Crazy Bowls and Wraps (Lindell/SLU),01/28/2025 10:39 AM,01/27/2025 10:35 AM,$121.60 ,$0.00 ,$20.00 ,($21.24),$16.03 ,$0.00 ,$0.00 ,($4.71),$0.00 ,$0.00 ,-30,0,-6.08,95.6,Completed,ach,Marketplace Takeout,,Dispatch,,,
EX6-H4H,Mercy Creve Coeur,12855 N Forty Dr Suite 280,St. Louis,MO,63141,,Manchester,CBW- Crazy Bowls and Wraps (Manchester),01/28/2025 11:01 AM,01/27/2025 10:42 AM,$387.98 ,$0.00 ,$20.00 ,($61.20),$33.90 ,$0.00 ,$0.00 ,($13.21),$0.00 ,$0.00 ,-38.8,0,-19.4,309.27,Completed,ach,Marketplace Takeout,,Dispatch,,,
51V-751,Caleres,8300 Maryland Ave co Jennifer Grace,Clayton,MO,63105,,Forsyth/Clayton,CBW- Crazy Bowls and Wraps (Forsyth/Clayton),01/28/2025 11:07 AM,01/26/2025 12:22 PM,$260.40 ,$0.00 ,$20.00 ,($42.06),$26.66 ,$0.00 ,$0.00 ,($9.18),$0.00 ,$0.00 ,-30,0,-13.02,212.8,Completed,ach,Marketplace Takeout,,Dispatch,,,
626-7A0,Baptist Health Primary Care,3605 Northgate Ct 209,New Albany,IN,47150,13,New Albany,Wild Eggs #13 (New Albany),01/29/2025 7:30 AM,01/26/2025 9:21 PM,$229.00 ,$0.00 ,$35.00 ,($39.60),$18.48 ,($18.48),$34.35 ,($8.45),$0.00 ,$0.00 ,0,-9.16,0,241.14,Completed,ach,Marketplace Delivery,,Kayla Elifrits,,,
UHK-A05,Brown Cancer Center,2401 Terra Crossing Blvd 2nd floor,Louisville,KY,40245,3,Landis,Wild Eggs #3 (Landis),01/29/2025 7:45 AM,01/28/2025 12:31 PM,$953.00 ,$0.00 ,$35.00 ,($148.20),$59.28 ,($59.28),$20.00 ,($31.31),$0.00 ,$0.00 ,0,-38.12,0,790.37,Completed,ach,Marketplace Delivery,,Carolina Conteras,,,
8PQ-K8K,Tri health OB/GYN wonens health  services,10550 Montgomery Rd 22,Montgomery,OH,45242,8,Oakley,Wild Eggs #8 (Oakley),01/29/2025 8:45 AM,01/28/2025 6:56 AM,$218.00 ,$0.00 ,$35.00 ,($37.95),$0.00 ,$0.00 ,$0.00 ,($7.56),$0.00 ,$0.00 ,0,-8.72,0,198.77,Completed,ach,Marketplace Delivery,,Mikaley Karuna,,,
EM5-9UP,World Wide Technology,108 Gateway Commerce Center Dr N,Edwardsville,IL,62025,,Edwardsville,CBW- Crazy Bowls and Wraps (Edwardsville),01/29/2025 10:14 AM,01/27/2025 8:49 PM,$266.24 ,$0.00 ,$20.00 ,($42.94),$22.90 ,($22.90),$0.00 ,($9.24),$0.00 ,$0.00 ,-30,0,-13.31,190.75,Completed,ach,Marketplace Takeout,,Dispatch,,,
AJ8-5VU,Mercy IBD Center,1001 S Kirkwood Rd Suite 100,Kirkwood,MO,63122,,Sunset Hills,CBW- Crazy Bowls and Wraps (Sunset Hills),01/29/2025 10:54 AM,01/28/2025 7:43 AM,$318.00 ,$0.00 ,$20.00 ,($50.70),$24.61 ,$0.00 ,$0.00 ,($10.84),$0.00 ,$0.00 ,-31.8,0,-15.9,253.37,Completed,ach,Marketplace Takeout,,Dispatch,,,
KEU-GM3,Mercy Clinic Internal Medicine - Dr. Yang,12700 Southfork Rd Suite 200,St. Louis,MO,63128,,Tesson,CBW- Crazy Bowls and Wraps (Tesson),01/29/2025 11:02 AM,01/27/2025 4:53 PM,$232.50 ,$0.00 ,$20.00 ,($37.88),$17.99 ,$0.00 ,$0.00 ,($8.09),$0.00 ,$0.00 ,-30,0,-11.63,182.89,Completed,ach,Marketplace Takeout,,Dispatch,,,
HFZ-Q3X,Lemonaid Pharmacy,1701 Macklind Ave Suite 300,St. Louis,MO,63110,,West Oak,CBW- Crazy Bowls and Wraps (West Oak),01/29/2025 11:15 AM,01/19/2025 4:02 PM,$130.40 ,$0.00 ,$25.00 ,($19.56),$11.72 ,$0.00 ,$13.04 ,($5.00),$0.00 ,$0.00 ,0,0,0,155.6,Completed,ach,Meal Program,,,,,
1Q3-300,,1919 State St,New Albany,IN,47150,13,New Albany,Wild Eggs #13 (New Albany),01/30/2025 7:45 AM,01/29/2025 1:56 PM,$249.00 ,$0.00 ,$35.00 ,($42.60),$19.88 ,($19.88),$0.00 ,($9.09),$0.00 ,$0.00 ,0,-9.96,0,222.35,Completed,ach,Marketplace Delivery,,Kayla Elifrits,,,
RUK-MMU,Greater Louisville Association of REALTORS®,12300 Sycamore Station Pl,Louisville,KY,40299,3,Landis,Wild Eggs #3 (Landis),01/30/2025 8:15 AM,01/27/2025 10:17 AM,$251.00 ,$0.00 ,$35.00 ,($20.02),$17.16 ,($17.16),$37.65 ,($9.06),$0.00 ,$0.00 ,0,0,0,294.57,Completed,ach,ezOrdering Delivery,,Kelley compton,,,
2C5-7JV,3DR Labs LLC,1941 Bishop Ln 9th Floor,Louisville,KY,40218,1,Dupont,Wild Eggs #1 (Dupont),01/30/2025 8:30 AM,01/29/2025 11:54 AM,$221.00 ,$0.00 ,$35.00 ,($38.40),$15.36 ,($15.36),$44.20 ,($8.11),$0.00 ,$0.00 ,0,-8.84,0,244.85,Completed,ach,Marketplace Delivery,,Carmen E,,,
0ZH-5VT,"Takeout from Bowling Green, KY",Wellskin Dermatology & Asethetics 1802 Rockingham Ave,Bowling Green,KY,42104,14,Bowling Green,Wild Eggs #14 (Bowling Green),01/30/2025 8:30 AM,01/29/2025 10:51 AM,$135.00 ,$0.00 ,$35.00 ,($25.50),$10.20 ,($10.20),$20.00 ,($5.39),$0.00 ,$0.00 ,0,0,0,159.11,Completed,ach,Marketplace Delivery,,N/A,,,
R9R-A9G,Hunter Engineering,11250 Hunter Dr Bldg A,Bridgeton,MO,63044,,Lindenwood,CBW- Crazy Bowls and Wraps (Lindenwood),01/30/2025 10:59 AM,01/27/2025 8:31 AM,$368.50 ,$0.00 ,$20.00 ,($58.28),$36.67 ,$0.00 ,$0.00 ,($12.71),$0.00 ,$0.00 ,-36.85,0,-18.43,298.9,Completed,ach,Marketplace Takeout,,Dispatch,,,
JFV-HZH,Baptist Cancer Center,2210 Green Valley Rd,New Albany,IN,47150,13,New Albany,Wild Eggs #13 (New Albany),01/31/2025 7:30 AM,01/29/2025 4:01 PM,$816.00 ,$0.00 ,$35.00 ,($127.65),$59.57 ,($59.57),$25.00 ,($27.23),$0.00 ,$0.00 ,0,-32.64,0,688.48,Completed,ach,Marketplace Delivery,,Savannah  Gilbert ,,,
PA8-3R8,"Takeout from Cincinnati, OH",1624 Herald Ave,Cincinnati,OH,45207,8,Oakley,Wild Eggs #8 (Oakley),01/31/2025 10:15 AM,01/30/2025 8:10 PM,$391.00 ,$0.00 ,$0.00 ,($58.65),$0.00 ,$0.00 ,$30.00 ,($11.69),$0.00 ,$0.00 ,0,-15.64,0,335.02,Completed,ach,Marketplace Takeout,,N/A,,,
YRA-JZT,HSHS St. Elizabeth’s Neurology,3 St Elizabeth's Blvd Suite 5000,O'Fallon,IL,62269,,Shiloh,CBW- Crazy Bowls and Wraps (Shiloh),01/31/2025 10:54 AM,01/30/2025 9:20 AM,$286.05 ,$0.00 ,$20.00 ,($45.91),$23.89 ,($23.89),$0.00 ,($9.87),$0.00 ,$0.00 ,-30,0,-14.3,205.97,Completed,ach,Marketplace Takeout,,Dispatch,,,
U0A-082,Microsoft,4220 Duncan Ave Suite 501,St. Louis,MO,63110,,Lindell/SLU,CBW- Crazy Bowls and Wraps (Lindell/SLU),01/31/2025 11:10 AM,01/30/2025 9:59 AM,$81.60 ,$0.00 ,$20.00 ,($15.24),$10.75 ,$0.00 ,$0.00 ,($3.36),$0.00 ,$0.00 ,-30,0,-4.08,59.67,Completed,ach,Marketplace Takeout,,Dispatch,,,
THF-M06,Chesterfield Counseling Associates,15455 Conway Rd Suite 100,Chesterfield,MO,63017,,Creve Coeur,CBW- Crazy Bowls and Wraps (Creve Coeur),01/31/2025 11:18 AM,01/30/2025 10:03 AM,$184.50 ,$0.00 ,$20.00 ,($14.32),$16.12 ,$0.00 ,$0.00 ,($6.60),$0.00 ,$0.00 ,-30,0,0,169.7,Completed,ach,ezOrdering Takeout,,Dispatch,,,
TPY-1RU,Kueber Center,2432 S Floyd St,Louisville,KY,40209,4,Mercantile,Wild Eggs #4 (Mercantile),02/01/2025 11:30 AM,01/31/2025 1:31 PM,$453.00 ,$0.00 ,$35.00 ,($73.20),$0.00 ,$0.00 ,$45.30 ,($14.59),$0.00 ,$0.00 ,0,0,0,445.51,Completed,ach,Marketplace Delivery,,Mikey  Thomas ,,,
1JM-074,Traders Point Christian Church - Production,12648 E 116th St,Fishers,IN,46037,7,Fishers,Wild Eggs #07 (Fishers),02/02/2025 8:00 AM,01/30/2025 11:29 AM,$191.00 ,$0.00 ,$35.00 ,($33.90),$0.00 ,$0.00 ,$28.65 ,($6.76),$0.00 ,$0.00 ,0,-7.64,0,206.35,Completed,ach,Marketplace Delivery,,Carmen Sanchez,,,
39Y-VY3,Traders Point Christian Church Plainfield,2002 Stafford Rd,Plainfield,IN,46168,15,Avon,Wild Eggs #15 (Avon),02/02/2025 8:30 AM,01/29/2025 10:12 AM,$126.00 ,$0.00 ,$35.00 ,($24.15),$0.00 ,$0.00 ,$10.00 ,($4.81),$0.00 ,$0.00 ,0,0,0,142.04,Completed,ach,Marketplace Delivery,,Camara Young,,,
131-2TQ,Courtyard Hotel,601 W Washington St,Indianapolis,IN,46204,6,Pulliam,Wild Eggs #6 (Pulliam),02/03/2025 7:15 AM,02/02/2025 9:31 AM,$238.00 ,$0.00 ,$35.00 ,($40.95),$24.57 ,($19.11),$35.70 ,($8.90),$0.00 ,$0.00 ,0,0,0,264.31,Completed,ach,Marketplace Delivery,,Skylar Greene,,,
AVZ-JAR,St. Lukes Chesterfield Cardiology Care,222 S Woods Mill Rd Suite 560N,Chesterfield,MO,63017,,Creve Coeur,CBW- Crazy Bowls and Wraps (Creve Coeur),02/03/2025 11:07 AM,01/31/2025 3:17 PM,$232.50 ,$0.00 ,$20.00 ,($37.88),$20.32 ,$0.00 ,$0.00 ,($8.16),$0.00 ,$0.00 ,-30,0,0,196.78,Completed,ach,Marketplace Takeout,,Dispatch,,,
EMA-V74,Obgyn office/Dr. Frank Patrick,10004 Kennerly Rd 230A,St. Louis,MO,63128,,Tesson,CBW- Crazy Bowls and Wraps (Tesson),02/03/2025 11:29 AM,01/29/2025 12:00 PM,$450.98 ,$0.00 ,$20.00 ,($70.65),$34.90 ,$0.00 ,$0.00 ,($15.13),$0.00 ,$0.00 ,-45.1,0,-22.55,352.45,Completed,ach,Marketplace Takeout,,Dispatch,,,
8PG-F8M,The Dermatology Center of Indiana,2800 S State Rd 135 #250,Greenwood,IN,46143,16,Greenwood,Wild Eggs #16 (Greenwood),02/04/2025 7:45 AM,02/02/2025 4:32 PM,$251.00 ,$0.00 ,$35.00 ,($42.90),$22.88 ,($20.02),$25.10 ,($9.24),$0.00 ,$0.00 ,0,0,0,261.82,Completed,ach,Marketplace Delivery,,camara young,,,
1QP-MUK,Accent Group Solutions,1154 Reco Ave,St. Louis,MO,63126,,Sunset Hills,CBW- Crazy Bowls and Wraps (Sunset Hills),02/04/2025 11:38 AM,02/03/2025 10:48 AM,$140.95 ,$0.00 ,$20.00 ,($11.27),$10.91 ,$0.00 ,$0.00 ,($5.14),$0.00 ,$0.00 ,-30,0,0,125.45,Completed,ach,ezOrdering Takeout,,Dispatch,,,
4F7-EE3,Focus Partners Wealth,190 Carondelet Plaza Suite 600,Clayton,MO,63105,,Forsyth/Clayton,CBW- Crazy Bowls and Wraps (Forsyth/Clayton),02/04/2025 11:43 AM,02/03/2025 10:04 AM,$119.60 ,$0.00 ,$20.00 ,($9.77),$12.24 ,$0.00 ,$0.00 ,($4.54),$0.00 ,$0.00 ,-30,0,0,107.53,Completed,ach,ezOrdering Takeout,,Dispatch,,,
87H-VQF,Enterprise Rent a Car,9636 Natural Bridge Rd,Berkeley,MO,63134,,Forsyth/Clayton,CBW- Crazy Bowls and Wraps (Forsyth/Clayton),02/05/2025 10:15 AM,02/02/2025 8:19 AM,$192.10 ,$0.00 ,$20.00 ,($31.82),$19.67 ,$0.00 ,$0.00 ,($6.93),$0.00 ,$0.00 ,-30,0,-9.61,153.41,Completed,ach,Marketplace Takeout,,Dispatch,,,
MVG-Z9A,Aspire Software,390 S Woods Mill Rd ste 200-2nd floor,Chesterfield,MO,63017,,West Oak,CBW- Crazy Bowls and Wraps (West Oak),02/05/2025 10:45 AM,01/24/2025 10:58 AM,$222.05 ,$0.00 ,$25.00 ,($33.31),$19.96 ,$0.00 ,$44.41 ,($7.98),$0.00 ,$0.00 ,0,0,0,270.13,Completed,ach,Meal Program,,,,,
27J-P0K,SLU Care Plastic and Reconstructive surgery,1034 S Brentwood Blvd Suite 550,Richmond Heights,MO,63117,,Rock Hill/Glendale,CBW- Crazy Bowls and Wraps (Rock Hill/Glendale),02/05/2025 11:07 AM,01/31/2025 3:43 PM,$82.75 ,$0.00 ,$20.00 ,($15.41),$7.64 ,$0.00 ,$0.00 ,($3.30),$0.00 ,$0.00 ,-30,0,-4.14,57.54,Completed,ach,Marketplace Takeout,,Dispatch,,,
WFC-HMQ,Preferred Family Healthcare,4066 Dunnica Ave,St. Louis,MO,63116,,Lindell/SLU,CBW- Crazy Bowls and Wraps (Lindell/SLU),02/06/2025 10:40 AM,02/04/2025 11:14 AM,$252.00 ,$0.00 ,$20.00 ,($19.04),$0.00 ,$0.00 ,$0.00 ,($8.13),$0.00 ,$0.00 ,-30,0,-12.6,202.23,Completed,ach,Marketplace Takeout,,Dispatch,,,
HMW-16C,Wash-U School of Medicine,"4990 Children's Pl Northwest Tower, 15th Floor",St. Louis,MO,63110,,Lindell/SLU,CBW- Crazy Bowls and Wraps (Lindell/SLU),02/06/2025 10:41 AM,02/04/2025 10:37 AM,$342.75 ,$0.00 ,$20.00 ,($25.39),$0.00 ,$0.00 ,$0.00 ,($10.85),$0.00 ,$0.00 ,-34.28,0,-17.14,275.09,Completed,ach,Marketplace Takeout,,Dispatch,,,
PX0-3AQ,SAINT LOUIS UNIVERSITY,"20 North Grand Blvd 319 SUITE, FLOOR 3",St. Louis,MO,63103,,Lindell/SLU,CBW- Crazy Bowls and Wraps (Lindell/SLU),02/06/2025 10:42 AM,01/31/2025 8:50 AM,$81.15 ,$0.00 ,$20.00 ,($15.17),$0.00 ,$0.00 ,$0.00 ,($3.02),$0.00 ,$0.00 ,-30,0,-4.06,48.9,Completed,ach,Marketplace Takeout,,Dispatch,,,
YJG-KWQ,American Family Insurance,800 NW Plz Dr,Saint Ann,MO,63074,,West Oak,CBW- Crazy Bowls and Wraps (West Oak),02/06/2025 11:14 AM,02/03/2025 4:03 PM,$504.06 ,$0.00 ,$20.00 ,($78.61),$45.30 ,$0.00 ,$0.00 ,($17.02),$0.00 ,$0.00 ,-50.41,0,-25.2,398.12,Completed,ach,Marketplace Takeout,,Dispatch,,,
ZK7-89V,,,O'Fallon,IL,,,Shiloh,CBW- Crazy Bowls and Wraps (Shiloh),02/06/2025 1:45 PM,02/05/2025 1:44 PM,$786.75 ,$0.00 ,$0.00 ,($118.01),$0.00 ,$0.00 ,$78.68 ,($23.52),$0.00 ,$0.00 ,0,0,-39.34,684.56,Completed,ach,Marketplace Takeout,tryagain20,N/A,,,
YKK-VVK,Kentuckiana Comfort Center (KCC),11426 Electron Dr,Louisville,KY,40299,12,Jtown,Wild Eggs #12 (Jtown),02/07/2025 6:30 AM,01/31/2025 1:33 PM,$245.00 ,$0.00 ,$35.00 ,($42.00),$16.80 ,($16.80),$24.50 ,($8.87),$0.00 ,$0.00 ,0,-9.8,0,243.83,Completed,ach,Marketplace Delivery,,Israel Luna,,,
KRH-M5M,Baptist Floyd Cancer Center,2210 Green Valley Rd,New Albany,IN,47150,13,New Albany,Wild Eggs #13 (New Albany),02/07/2025 7:00 AM,02/05/2025 9:31 PM,$401.00 ,$0.00 ,$35.00 ,($65.40),$30.52 ,($30.52),$0.00 ,($13.95),$0.00 ,$0.00 ,0,-16.04,0,340.61,Completed,ach,Marketplace Delivery,,Savannah  Gilbert ,,,
Y1K-1QH,Tri-Health Heart Institute - Mariemont,7225 Wooster Pike,Cincinnati,OH,45227,8,Oakley,Wild Eggs #8 (Oakley),02/07/2025 9:00 AM,02/06/2025 9:59 AM,$144.00 ,$0.00 ,$35.00 ,($26.85),$0.00 ,$0.00 ,$10.00 ,($5.35),$0.00 ,$0.00 ,0,-5.76,0,151.04,Completed,ach,Marketplace Delivery,,Monica Craig,,,
7E5-UUM,Traders Point Christian Church,2350 E 62nd St,Indianapolis,IN,46220,6,Pulliam,Wild Eggs #6 (Pulliam),02/09/2025 8:30 AM,02/04/2025 2:40 PM,$181.00 ,$0.00 ,$35.00 ,($32.40),$0.00 ,$0.00 ,$18.10 ,($6.46),$0.00 ,$0.00 ,0,0,0,195.24,Completed,ach,Marketplace Delivery,,Skylar Greene,,,
WFP-X0R,"Takeout from Cincinnati, OH",1624 Herald Ave,Cincinnati,OH,45207,8,Oakley,Wild Eggs #8 (Oakley),02/10/2025 10:15 AM,02/07/2025 2:02 PM,$391.00 ,$0.00 ,$0.00 ,($58.65),$0.00 ,$0.00 ,$30.00 ,($11.69),$0.00 ,$0.00 ,0,-15.64,0,335.02,Completed,ach,Marketplace Takeout,ezbonus15,N/A,,,
QMH-9AZ,St. Luke's Neurology,"111 St Luke's Center Dr Suite 20 B (Desloge Outpatient Center, Building B)",Chesterfield,MO,63017,,Manchester,CBW- Crazy Bowls and Wraps (Manchester),02/10/2025 10:57 AM,02/08/2025 9:35 AM,$387.37 ,$0.00 ,$20.00 ,($61.11),$33.85 ,$0.00 ,$0.00 ,($13.19),$0.00 ,$0.00 ,-38.74,0,-19.37,308.81,Completed,ach,Marketplace Takeout,,Dispatch,,,
R3G-KQG,The Sheldon (STL),3648 Washington Blvd,St. Louis,MO,63108,,Lindell/SLU,CBW- Crazy Bowls and Wraps (Lindell/SLU),02/10/2025 4:24 PM,02/06/2025 3:35 PM,$307.50 ,$0.00 ,$20.00 ,($22.93),$0.00 ,$0.00 ,$0.00 ,($9.79),$0.00 ,$0.00 ,-30.75,0,0,264.03,Completed,ach,ezOrdering Takeout,,Dispatch,,,
JPZ-VKA,Genesys Beyond,880 West Monon Green Blvd. Suite 101,Carmel,IN,46032,5,Carmel,Wild Eggs #5 (Carmel),02/11/2025 8:15 AM,01/27/2025 1:53 PM,$232.00 ,$0.00 ,$35.00 ,($40.05),$24.03 ,($18.69),$34.80 ,($8.70),$0.00 ,$0.00 ,0,-9.28,0,249.11,Completed,ach,Marketplace Delivery,,Lesley Rodela,,,
YYK-2VC,P&G,169 E Grand Ave,St. Louis,MO,63147,,Lindell/SLU,CBW- Crazy Bowls and Wraps (Lindell/SLU),02/11/2025 10:03 AM,02/06/2025 10:24 AM,$358.88 ,$0.00 ,$20.00 ,($56.83),$47.30 ,$0.00 ,$0.00 ,($12.74),$0.00 ,$0.00 ,-35.89,0,-17.94,302.78,Completed,ach,Marketplace Takeout,,Dispatch,,,
08G-3ZV,Associated Couriers,4806 Trade Access Blvd Suite 100,Hazelwood,MO,63042,,Lindenwood,CBW- Crazy Bowls and Wraps (Lindenwood),02/11/2025 10:42 AM,02/06/2025 5:22 PM,$441.00 ,$0.00 ,$20.00 ,($69.15),$43.88 ,$0.00 ,$0.00 ,($15.10),$0.00 ,$0.00 ,-44.1,0,-22.05,354.48,Completed,ach,Marketplace Takeout,ezsave100,Dispatch,,,
8FT-U69,Aspire Software,390 S Woods Mill Rd ste 200-2nd floor,Chesterfield,MO,63017,,West Oak,CBW- Crazy Bowls and Wraps (West Oak),02/11/2025 10:45 AM,01/30/2025 11:39 AM,$292.44 ,$0.00 ,$25.00 ,($43.87),$26.28 ,$0.00 ,$58.49 ,($10.28),$0.00 ,$0.00 ,0,0,0,348.06,Completed,ach,Meal Program,,,,,
M6C-J2W,SAINT LOUIS UNIVERSITY,"20 NORTH GRAND BLVD 3rd floor, Busch Student Center, Suite 319",St. Louis,MO,63103,,Lindell/SLU,CBW- Crazy Bowls and Wraps (Lindell/SLU),02/11/2025 10:46 AM,02/07/2025 9:45 AM,$106.65 ,$0.00 ,$20.00 ,($19.00),$0.00 ,$0.00 ,$0.00 ,($3.79),$0.00 ,$0.00 ,-30,0,-5.33,68.53,Completed,ach,Marketplace Takeout,,Dispatch,,,
946-24A,Heartland Women’s Healthcare,1170 Fortune Blvd,Shiloh,IL,62269,,Shiloh,CBW- Crazy Bowls and Wraps (Shiloh),02/11/2025 10:50 AM,02/05/2025 4:29 PM,$455.37 ,$0.00 ,$20.00 ,($71.31),$38.02 ,($38.02),$0.00 ,($15.35),$0.00 ,$0.00 ,-45.54,0,-22.77,320.4,Completed,ach,Marketplace Takeout,,Dispatch,,,
ZVY-EF9,Hunter Engineering - c/o Jim T,"11250 Hunter Dr Building ""A""",Bridgeton,MO,63044,,Lindenwood,CBW- Crazy Bowls and Wraps (Lindenwood),02/11/2025 11:02 AM,02/01/2025 10:42 AM,$323.40 ,$0.00 ,$20.00 ,($51.51),$32.18 ,$0.00 ,$0.00 ,($11.23),$0.00 ,$0.00 ,-32.34,0,-16.17,264.33,Completed,ach,Marketplace Takeout,,Dispatch,,,
FHK-J4W,Washington University Political Science Dept.,1 Brookings Dr Seigle Hall Room 207 Suite 230,St. Louis,MO,63130,,Forsyth/Clayton,CBW- Crazy Bowls and Wraps (Forsyth/Clayton),02/11/2025 11:26 AM,02/10/2025 11:32 AM,$82.80 ,$0.00 ,$20.00 ,($15.42),$0.00 ,$0.00 ,$0.00 ,($3.07),$0.00 ,$0.00 ,-30,0,-4.14,50.17,Completed,ach,Marketplace Takeout,,Dispatch,,,
YC0-XXA,Teach For America St. Louis,5501 Delmar Blvd Suite A280,St. Louis,MO,63112,,Lindell/SLU,CBW- Crazy Bowls and Wraps (Lindell/SLU),02/11/2025 3:25 PM,12/11/2024 6:28 PM,$450.50 ,$0.00 ,$20.00 ,($70.58),$0.00 ,$0.00 ,$0.00 ,($14.07),$0.00 ,$0.00 ,-45.05,0,-22.53,318.27,Completed,ach,Marketplace Takeout,,Dispatch,,,
HR3-ZFG,Marathon Health,10 W Market St Suite 2900,Indianapolis,IN,46204,6,Pulliam,Wild Eggs #6 (Pulliam),02/12/2025 7:00 AM,02/06/2025 9:13 AM,$638.00 ,$0.00 ,$35.00 ,($100.95),$60.57 ,($47.11),$63.80 ,($21.93),$0.00 ,$0.00 ,0,0,0,627.38,Completed,ach,Marketplace Delivery,,Skylar Greene,,,
R9K-4VZ,Maryville Women's Center,2016 Vadalabene Dr,Maryville,IL,62062,,Edwardsville,CBW- Crazy Bowls and Wraps (Edwardsville),02/12/2025 11:00 AM,02/07/2025 1:42 PM,$398.00 ,$0.00 ,$20.00 ,($62.70),$34.23 ,($34.23),$0.00 ,($13.52),$0.00 ,$0.00 ,-39.8,0,-19.9,282.08,Completed,ach,Marketplace Takeout,,Dispatch,,,
1P0-YQJ,Forest Park Dialysis,4205 Forest Park Ave,St. Louis,MO,63108,,Lindell/SLU,CBW- Crazy Bowls and Wraps (Lindell/SLU),02/12/2025 11:10 AM,02/10/2025 1:30 PM,$184.80 ,$0.00 ,$20.00 ,($30.72),$24.35 ,$0.00 ,$0.00 ,($6.85),$0.00 ,$0.00 ,-30,0,-9.24,152.34,Completed,ach,Marketplace Takeout,,Dispatch,,,
JM0-MQJ,St. Louis Lambert international Airport,10701 Lambert International Blvd T1 Upper drive (Departures) Door6,St. Louis,MO,63145,,Lindenwood,CBW- Crazy Bowls and Wraps (Lindenwood),02/12/2025 7:23 PM,02/11/2025 4:53 PM,$793.50 ,$0.00 ,$20.00 ,($122.03),$0.00 ,$0.00 ,$0.00 ,($24.32),$0.00 ,$0.00 ,-79.35,0,-39.68,548.12,Completed,ach,Marketplace Takeout,,Dispatch,,,
7TW-A3M,LC Rheumatology and Infusion,3897 Charlestown Rd,New Albany,IN,47150,11,Jeffersonville,Wild Eggs #11 (Jeffersonville),02/13/2025 7:30 AM,02/10/2025 10:45 AM,$546.00 ,$0.00 ,$35.00 ,($87.15),$40.67 ,($40.67),$60.00 ,($18.59),$0.00 ,$0.00 ,0,-21.84,0,513.42,Completed,ach,Marketplace Delivery,,Tom Howard,,,
EX2-YU5,Duke Energy,139 E 4th St,Cincinnati,OH,45202,9,Queen City Wild Eggs,Wild Eggs #9 (Queen City Wild Eggs),02/13/2025 8:30 AM,02/04/2025 3:22 PM,$305.00 ,$0.00 ,$35.00 ,($51.00),$0.00 ,$0.00 ,$61.00 ,($10.17),$0.00 ,$0.00 ,0,0,0,339.83,Completed,ach,Marketplace Delivery,,Shirelle Bloom,,,
6X9-WZX,"Graves Gilbert Clinic, Dr. Gass Brooks Mangold Stice Drexel",201 Park St 2nd Floor,Bowling Green,KY,42101,14,Bowling Green,Wild Eggs #14 (Bowling Green),02/13/2025 9:00 AM,02/12/2025 9:36 AM,$460.00 ,$0.00 ,$35.00 ,($74.25),$29.70 ,($29.70),$0.00 ,($15.69),$0.00 ,$0.00 ,0,0,0,405.06,Completed,ach,Marketplace Delivery,,Mariah Thomas,,,
FM6-ARZ,Vituity/ SSM St. Charles Emergency Department,300 1st Capitol Dr Emergency Department,Saint Charles,MO,63301,,Lindenwood,CBW- Crazy Bowls and Wraps (Lindenwood),02/13/2025 10:12 AM,02/11/2025 7:04 AM,$103.35 ,$0.00 ,$20.00 ,($18.50),$10.28 ,$0.00 ,$0.00 ,($4.00),$0.00 ,$0.00 ,-30,0,-5.17,75.96,Completed,ach,Marketplace Takeout,,Dispatch,,,
56C-V7C,Cancer Care Specialists of Illinois,321 Regency Park,O'Fallon,IL,62269,,Shiloh,CBW- Crazy Bowls and Wraps (Shiloh),02/13/2025 10:55 AM,02/10/2025 9:37 PM,$652.50 ,$0.00 ,$20.00 ,($100.88),$54.48 ,($54.48),$0.00 ,($21.74),$0.00 ,$0.00 ,-65.25,0,-32.63,452,Completed,ach,Marketplace Takeout,,Dispatch,,,
VFZ-7EC,Washington University School of Medicine,4590 Nash Wy Suite 11000/11th Floor,St. Louis,MO,63110,,Forsyth/Clayton,CBW- Crazy Bowls and Wraps (Forsyth/Clayton),02/13/2025 11:01 AM,02/05/2025 9:34 AM,$280.59 ,$0.00 ,$20.00 ,($45.09),$0.00 ,$0.00 ,$0.00 ,($8.99),$0.00 ,$0.00 ,-30,0,-14.03,202.48,Completed,ach,Marketplace Takeout,,Dispatch,,,
J89-90H,Neurology Associates,3009 N Ballas Rd Ste 102B,St. Louis,MO,63131,,West Oak,CBW- Crazy Bowls and Wraps (West Oak),02/13/2025 11:02 AM,02/12/2025 10:30 AM,$316.20 ,$0.00 ,$20.00 ,($50.43),$28.42 ,$0.00 ,$0.00 ,($10.90),$0.00 ,$0.00 ,-31.62,0,-15.81,255.86,Completed,ach,Marketplace Takeout,,Dispatch,,,
WA0-7VT,BJC Outpatient Center at Edwardsville,2122 Troy Rd,Edwardsville,IL,62025,,Edwardsville,CBW- Crazy Bowls and Wraps (Edwardsville),02/13/2025 11:11 AM,02/11/2025 1:54 PM,$367.50 ,$0.00 ,$20.00 ,($58.13),$31.60 ,($31.60),$0.00 ,($12.53),$0.00 ,$0.00 ,-36.75,0,-18.38,261.71,Completed,ach,Marketplace Takeout,,Dispatch,,,
U7R-8V0,Lemonaid Pharmacy,1701 Macklind Ave Suite 300,St. Louis,MO,63110,,West Oak,CBW- Crazy Bowls and Wraps (West Oak),02/13/2025 11:15 AM,02/02/2025 11:51 PM,$224.70 ,$0.00 ,$25.00 ,($33.71),$20.20 ,$0.00 ,$22.47 ,($8.07),$0.00 ,$0.00 ,0,0,0,250.59,Completed,ach,Meal Program,,,,,
15F-MXT,,,St. Louis,MO,,18,South City,CBW- Crazy Bowls and Wraps #18 (South City),02/13/2025 11:45 AM,02/12/2025 9:15 AM,$226.65 ,$0.00 ,$0.00 ,($15.87),$29.87 ,$0.00 ,$22.67 ,($7.67),$0.00 ,$0.00 ,0,0,0,255.65,Completed,ach,ezOrdering Takeout,,N/A,,,
7HV-U96,Brown Cancer Center,2401 Terra Crossing Blvd Suite 206,Louisville,KY,40245,3,Landis,Wild Eggs #3 (Landis),02/14/2025 7:30 AM,02/12/2025 6:00 PM,$629.00 ,$0.00 ,$35.00 ,($99.60),$39.84 ,($39.84),$65.00 ,($21.04),$0.00 ,$0.00 ,0,-25.16,0,583.2,Completed,ach,Marketplace Delivery,,Ally Kennedy,,,
62Z-C3F,Baptist Health Louisville Oncology / Hematology,4003 Kresge Way Suite 500,Saint Matthews,KY,40207,1,Dupont,Wild Eggs #1 (Dupont),02/14/2025 7:45 AM,02/13/2025 8:20 AM,$809.00 ,$0.00 ,$35.00 ,($126.60),$50.64 ,($50.64),$0.00 ,($26.75),$0.00 ,$0.00 ,0,-32.36,0,658.29,Completed,ach,Marketplace Delivery,,Carmen E,,,
A56-K6H,Carmody MacDonald,120 S Central Ave 18th Floor,Clayton,MO,63105,,Rock Hill/Glendale,CBW- Crazy Bowls and Wraps (Rock Hill/Glendale),02/14/2025 8:00 AM,02/10/2025 12:04 PM,$437.40 ,$0.00 ,$20.00 ,($68.61),$40.41 ,$0.00 ,$0.00 ,($14.88),$0.00 ,$0.00 ,-43.74,0,-21.87,348.71,Completed,ach,Marketplace Takeout,,Dispatch,,,
24T-5W3,Townplace Suites (UIndy WBB),445 Regency Park,O'Fallon,IL,62269,,Shiloh,CBW- Crazy Bowls and Wraps (Shiloh),02/14/2025 12:39 PM,02/13/2025 9:00 AM,$275.50 ,$0.00 ,$20.00 ,($44.33),$23.00 ,($23.00),$0.00 ,($9.52),$0.00 ,$0.00 ,-30,0,-13.78,197.87,Completed,ach,Marketplace Takeout,,Dispatch,,,
0YM-9WE,St. Louis Ballet,210 E Monroe Ave,Kirkwood,MO,63122,,Sunset Hills,CBW- Crazy Bowls and Wraps (Sunset Hills),02/14/2025 3:29 PM,02/05/2025 3:40 PM,"$1,045.00 ",$0.00 ,$20.00 ,($74.55),$0.00 ,$0.00 ,$0.00 ,($31.84),$0.00 ,$0.00 ,-104.5,0,0,854.11,Completed,ach,ezOrdering Takeout,,Dispatch,,,
140-MKY,Best Western Plus,9730 Hayden Dr,Mascoutah,IL,62258,,Shiloh,CBW- Crazy Bowls and Wraps (Shiloh),02/15/2025 11:15 AM,02/10/2025 12:20 PM,$396.70 ,$0.00 ,$20.00 ,($62.51),$0.00 ,$0.00 ,$0.00 ,($12.46),$0.00 ,$0.00 ,-39.67,0,-19.84,282.22,Completed,ach,Marketplace Takeout,,Dispatch,,,
J8Z-JW2,Crossroads. Oakley,3500 Madison Rd,Cincinnati,OH,45209,8,Oakley,Wild Eggs #8 (Oakley),02/16/2025 7:00 AM,02/13/2025 5:21 PM,$959.00 ,$0.00 ,$35.00 ,($149.10),$0.00 ,$0.00 ,$143.85 ,($29.72),$0.00 ,$0.00 ,0,-38.36,0,920.67,Completed,ach,Marketplace Delivery,,Monica Craig,,,
8Z0-294,VETERINARY EMERGENCY GROUP,3702 Madison Rd,Cincinnati,OH,45209,8,Oakley,Wild Eggs #8 (Oakley),02/17/2025 9:15 AM,02/14/2025 4:47 PM,$244.00 ,$0.00 ,$35.00 ,($41.85),$0.00 ,$0.00 ,$36.60 ,($8.34),$0.00 ,$0.00 ,0,-9.76,0,255.65,Completed,ach,Marketplace Delivery,,Emma Burstein,,,
H6W-V1H,Gulfstream,"6400 Curtiss-Steinberg Dr Hangar A, 2nd floor - Matt Trull",Sauget,IL,62206,,Lindell/SLU,CBW- Crazy Bowls and Wraps (Lindell/SLU),02/17/2025 10:32 AM,02/14/2025 8:56 AM,$115.40 ,$0.00 ,$20.00 ,($20.31),$15.21 ,$0.00 ,$0.00 ,($4.50),$0.00 ,$0.00 ,-30,0,-5.77,90.03,Completed,ach,Marketplace Takeout,,Dispatch,,,
66T-FCX,Potter Global Technologies,13723 Riverport Dr STE 3,Maryland Heights,MO,63043,,Lindenwood,CBW- Crazy Bowls and Wraps (Lindenwood),02/17/2025 11:07 AM,02/14/2025 11:03 AM,$116.98 ,$0.00 ,$20.00 ,($20.55),$11.64 ,$0.00 ,$0.00 ,($4.44),$0.00 ,$0.00 ,-30,0,-5.85,87.78,Completed,ach,Marketplace Takeout,,Dispatch,,,
HYF-WR5,Indiana Bone Marrow Transplant,8111 South Emerson Ave Suite 105,Indianapolis,IN,46237,16,Greenwood,Wild Eggs #16 (Greenwood),02/18/2025 7:30 AM,02/16/2025 6:25 PM,$269.00 ,$0.00 ,$35.00 ,($45.60),$24.32 ,($21.28),$35.00 ,($9.82),$0.00 ,$0.00 ,0,0,0,286.62,Completed,ach,Marketplace Delivery,,camara young,,,
Z7Z-6TM,Graves Gilbert Gastroenterology,484 Golden Autumn Way Suite 201/second floor,Bowling Green,KY,42103,14,Bowling Green,Wild Eggs #14 (Bowling Green),02/18/2025 7:45 AM,02/17/2025 9:19 AM,$443.00 ,$0.00 ,$35.00 ,($71.70),$28.68 ,($28.68),$10.00 ,($15.15),$0.00 ,$0.00 ,0,0,0,401.15,Completed,ach,Marketplace Delivery,,Mariah Thomas,,,
WTJ-KE8,ZBMidArk,3401 Rider Trail S,Earth City,MO,63045,,Lindenwood,CBW- Crazy Bowls and Wraps (Lindenwood),02/18/2025 11:00 AM,02/13/2025 4:37 PM,$333.10 ,$0.00 ,$20.00 ,($24.72),$33.14 ,$0.00 ,$0.00 ,($11.55),$0.00 ,$0.00 ,-33.31,0,0,316.66,Completed,ach,ezOrdering Takeout,,Dispatch,,,
W4V-EXA,Memorial Hospital,4600 Memorial Dr Building 2 Suite W1,Belleville,IL,62226,,Shiloh,CBW- Crazy Bowls and Wraps (Shiloh),02/18/2025 11:02 AM,02/18/2025 9:32 AM,$260.24 ,$0.00 ,$20.00 ,($42.04),$0.00 ,$0.00 ,$0.00 ,($8.38),$0.00 ,$0.00 ,-30,0,-13.01,186.81,Completed,ach,Marketplace Takeout,,Dispatch,,,
51P-20Q,,,Brentwood,MO,,,Rock Hill/Glendale,CBW- Crazy Bowls and Wraps (Rock Hill/Glendale),02/18/2025 11:15 AM,02/17/2025 10:31 AM,$188.10 ,$0.00 ,$0.00 ,($28.22),$17.38 ,$0.00 ,$18.81 ,($6.14),$0.00 ,$0.00 ,0,0,-9.41,180.52,Completed,ach,Marketplace Takeout,,N/A,,,
5FZ-46T,St. Louis Children's Hospital,1 Children's Pl,St. Louis,MO,63110,,Lindell/SLU,CBW- Crazy Bowls and Wraps (Lindell/SLU),02/18/2025 12:01 PM,02/13/2025 2:32 PM,$527.75 ,$0.00 ,$20.00 ,($82.16),$0.00 ,$0.00 ,$0.00 ,($16.38),$0.00 ,$0.00 ,-52.78,0,-26.39,370.04,Completed,ach,Marketplace Takeout,,Dispatch,,,
8UJ-X2P,Wiese,1435 Woodson Rd,St. Louis,MO,63132,,Forsyth/Clayton,CBW- Crazy Bowls and Wraps (Forsyth/Clayton),02/18/2025 12:02 PM,02/17/2025 12:22 PM,$340.50 ,$0.00 ,$20.00 ,($54.08),$34.86 ,$0.00 ,$0.00 ,($11.82),$0.00 ,$0.00 ,-34.05,0,-17.03,278.38,Completed,ach,Marketplace Takeout,,Dispatch,,,
T7Z-8UP,Baptist Health Cancer Center,2210 Green Valley Rd no suite,New Albany,IN,47150,13,New Albany,Wild Eggs #13 (New Albany),02/19/2025 7:15 AM,02/17/2025 4:20 PM,$233.00 ,$0.00 ,$35.00 ,($40.20),$18.76 ,($18.76),$0.00 ,($8.57),$0.00 ,$0.00 ,0,-9.32,0,209.91,Completed,ach,Marketplace Delivery,,Brandon Smallwood,,,
EVV-XMU,P&G,1 Procter & Gamble Plaza Central Building Lobby Central Building Lobby (building on left),Cincinnati,OH,45202,9,Queen City Wild Eggs,Wild Eggs #9 (Queen City Wild Eggs),02/19/2025 7:45 AM,01/16/2025 1:52 PM,$154.00 ,$0.00 ,$35.00 ,($28.35),$0.00 ,$0.00 ,$10.00 ,($5.65),$0.00 ,$0.00 ,0,0,0,165,Completed,ach,Marketplace Delivery,,Robert Vargas,,,
38T-J06,Bjc o fallon family,310 N 7 Hills Rd 220,O'Fallon,IL,62269,,Shiloh,CBW- Crazy Bowls and Wraps (Shiloh),02/19/2025 10:15 AM,02/18/2025 10:47 AM,$296.90 ,$0.00 ,$20.00 ,($47.54),$24.79 ,($24.79),$0.00 ,($10.22),$0.00 ,$0.00 ,-30,0,-14.85,214.29,Completed,ach,Marketplace Takeout,,Dispatch,,,
QTA-F7A,Truepoint Wealth Counsel,9999 Carver Rd Suite 200,Cincinnati,OH,45242,8,Oakley,Wild Eggs #8 (Oakley),02/20/2025 8:15 AM,01/29/2025 3:39 PM,$431.00 ,$0.00 ,$35.00 ,($69.90),$0.00 ,$0.00 ,$50.00 ,($13.93),$0.00 ,$0.00 ,0,-17.24,0,414.93,Completed,ach,Marketplace Delivery,,Spencer Gamble,,,
0WX-EZQ,,,Sappington,MO,63127,,Tesson,CBW- Crazy Bowls and Wraps (Tesson),02/20/2025 10:45 AM,02/19/2025 6:33 PM,$159.75 ,$0.00 ,$0.00 ,($23.96),$12.36 ,$0.00 ,$0.00 ,($5.15),$0.00 ,$0.00 ,0,0,-7.99,135.01,Completed,ach,Marketplace Takeout,,N/A,,,
X1J-FX8,MilliporeSigma - Ewing,545 S Ewing Ave 1st Floor,St. Louis,MO,63103,,Lindell/SLU,CBW- Crazy Bowls and Wraps (Lindell/SLU),02/20/2025 10:58 AM,02/17/2025 9:30 AM,$110.35 ,$0.00 ,$20.00 ,($19.55),$14.54 ,$0.00 ,$0.00 ,($4.33),$0.00 ,$0.00 ,-30,0,-5.52,85.49,Completed,ach,Marketplace Takeout,,Dispatch,,,
FW4-4A2,Saint Louis MHB,701 Market St Suite 200,St. Louis,MO,63101,,Lindell/SLU,CBW- Crazy Bowls and Wraps (Lindell/SLU),02/20/2025 3:38 PM,02/14/2025 9:15 AM,$188.20 ,$0.00 ,$20.00 ,($31.23),$0.00 ,$0.00 ,$0.00 ,($6.23),$0.00 ,$0.00 ,-30,0,-9.41,131.33,Completed,ach,Marketplace Takeout,,Dispatch,,,
5GM-V8W,,Lindell Blvd,St. Louis,MO,,,Lindell/SLU,CBW- Crazy Bowls and Wraps (Lindell/SLU),02/20/2025 5:30 PM,02/14/2025 10:08 AM,$151.50 ,$0.00 ,$0.00 ,($22.73),$0.00 ,$0.00 ,$0.00 ,($4.53),$0.00 ,$0.00 ,0,0,-7.58,116.66,Completed,ach,Marketplace Takeout,,N/A,,,
ZQQ-TVK,IU Methodist Hospital,1701 N Senate Ave Main Entrance,Indianapolis,IN,46202,6,Pulliam,Wild Eggs #6 (Pulliam),02/21/2025 6:45 AM,02/14/2025 3:56 PM,$472.00 ,$0.00 ,$35.00 ,($76.05),$45.63 ,($35.49),$47.20 ,($16.52),$0.00 ,$0.00 ,0,0,0,471.77,Completed,ach,Marketplace Delivery,,Skylar Greene,,,
YU4-7RH,Mercer Elementary,2600 Bartels Rd,Cincinnati,OH,45244,8,Oakley,Wild Eggs #8 (Oakley),02/21/2025 9:00 AM,02/20/2025 1:22 PM,$110.00 ,$0.00 ,$35.00 ,($21.75),$0.00 ,$0.00 ,$0.00 ,($4.34),$0.00 ,$0.00 ,0,-4.4,0,114.51,Completed,ach,Marketplace Delivery,,Monica Craig,,,
9VW-UP4,Dr Pai,2810 Frank Scott Parkway West Suite 716,Belleville,IL,62223,,Shiloh,CBW- Crazy Bowls and Wraps (Shiloh),02/21/2025 10:10 AM,02/19/2025 10:05 AM,$314.28 ,$0.00 ,$20.00 ,($50.14),$26.24 ,($26.24),$0.00 ,($10.78),$0.00 ,$0.00 ,-31.43,0,-15.71,226.22,Completed,ach,Marketplace Takeout,,Dispatch,,,
40M-WUA,Southside Family Practice,1031 Bellevue Ave Suite 300,Richmond Heights,MO,63117,,Forsyth/Clayton,CBW- Crazy Bowls and Wraps (Forsyth/Clayton),02/21/2025 10:39 AM,02/19/2025 7:50 PM,$495.30 ,$0.00 ,$20.00 ,($77.29),$50.71 ,$0.00 ,$0.00 ,($16.92),$0.00 ,$0.00 ,-49.53,0,-24.77,397.5,Completed,ach,Marketplace Takeout,,Dispatch,,,
V6Y-3KJ,TSCP,7676 Forsyth Blvd 2700,Clayton,MO,63105,,Forsyth/Clayton,CBW- Crazy Bowls and Wraps (Forsyth/Clayton),02/21/2025 10:57 AM,02/20/2025 9:23 AM,$159.00 ,$0.00 ,$20.00 ,($12.53),$16.28 ,$0.00 ,$0.00 ,($5.84),$0.00 ,$0.00 ,-30,0,-7.95,138.96,Completed,ach,Marketplace Takeout,,Dispatch,,,
9ZR-85G,KMK LAW,1 E 4th St Suite 1400,Cincinnati,OH,45202,9,Queen City Wild Eggs,Wild Eggs #9 (Queen City Wild Eggs),02/22/2025 7:30 AM,02/13/2025 9:32 AM,$258.00 ,$0.00 ,$35.00 ,($43.95),$0.00 ,$0.00 ,$51.60 ,($8.76),$0.00 ,$0.00 ,0,0,0,291.89,Completed,ach,Marketplace Delivery,,Mariah Imjalli,,,
PZF-C35,Traders Point Christian Church - Production,12648 E 116th St,Fishers,IN,46037,7,Fishers,Wild Eggs #07 (Fishers),02/23/2025 8:00 AM,02/20/2025 11:48 AM,$191.00 ,$0.00 ,$35.00 ,($33.90),$0.00 ,$0.00 ,$28.65 ,($6.76),$0.00 ,$0.00 ,0,-7.64,0,206.35,Completed,ach,Marketplace Delivery,,Carmen Sanchez,,,
RFH-87V,Traders Point Christian Church,2350 E 62nd St,Indianapolis,IN,46220,6,Pulliam,Wild Eggs #6 (Pulliam),02/23/2025 8:30 AM,02/17/2025 10:16 AM,$181.00 ,$0.00 ,$35.00 ,($32.40),$0.00 ,$0.00 ,$18.10 ,($6.46),$0.00 ,$0.00 ,0,0,0,195.24,Completed,ach,Marketplace Delivery,610582eb,Skylar Greene,,,
1WV-K3P,RGA,16600 Swingley Ridge Rd,Chesterfield,MO,63017,,Creve Coeur,CBW- Crazy Bowls and Wraps (Creve Coeur),02/23/2025 11:05 AM,02/20/2025 8:16 AM,$177.45 ,$0.00 ,$20.00 ,($29.62),$15.51 ,$0.00 ,$0.00 ,($6.37),$0.00 ,$0.00 ,-30,0,0,146.97,Completed,ach,Marketplace Takeout,,Dispatch,,,
YP1-EKH,Baptist Neurology,4003 Kresge Way 400,Saint Matthews,KY,40207,1,Dupont,Wild Eggs #1 (Dupont),02/24/2025 7:45 AM,02/21/2025 3:33 PM,$652.00 ,$0.00 ,$35.00 ,($103.05),$41.22 ,($41.22),$65.20 ,($21.77),$0.00 ,$0.00 ,0,-26.08,0,601.3,Completed,ach,Marketplace Delivery,,Carmen E,,,
7UR-FW1,Distinctive Dermatology,390 Office Ct,Fairview Heights,IL,62208,,Shiloh,CBW- Crazy Bowls and Wraps (Shiloh),02/24/2025 10:32 AM,02/20/2025 9:08 AM,$469.95 ,$0.00 ,$20.00 ,($73.49),$39.24 ,($39.24),$0.00 ,($15.82),$0.00 ,$0.00 ,-47,0,-23.5,330.14,Completed,ach,Marketplace Takeout,,Dispatch,,,
74Z-5M8,HNTB,211 N Broadway Suite 2975 2975,St. Louis,MO,63102,,Lindell/SLU,CBW- Crazy Bowls and Wraps (Lindell/SLU),02/24/2025 10:53 AM,02/20/2025 11:30 AM,$217.50 ,$0.00 ,$20.00 ,($35.63),$28.66 ,$0.00 ,$0.00 ,($7.96),$0.00 ,$0.00 ,-30,0,-10.88,181.69,Completed,ach,Marketplace Takeout,,Dispatch,,,
K9U-AQF,Chestnut health,12 N 64th St,Belleville,IL,62223,,Shiloh,CBW- Crazy Bowls and Wraps (Shiloh),02/24/2025 11:08 AM,02/07/2025 10:22 PM,$206.70 ,$0.00 ,$20.00 ,($34.01),$17.26 ,($17.26),$0.00 ,($7.29),$0.00 ,$0.00 ,-30,0,-10.34,145.06,Completed,ach,Marketplace Takeout,,Dispatch,,,
935-GJF,Memorial Hospital Belleville,4500 Memorial Dr Main Entrance -Boardroom,Belleville,IL,62226,,Shiloh,CBW- Crazy Bowls and Wraps (Shiloh),02/24/2025 11:15 AM,02/07/2025 3:30 PM,$292.20 ,$0.00 ,$20.00 ,($46.83),$0.00 ,$0.00 ,$0.00 ,($9.33),$0.00 ,$0.00 ,-30,0,-14.61,211.43,Completed,ach,Marketplace Takeout,,Dispatch,,,
ME0-ZXZ,Dermatology,9336 Cedar Center Way,Louisville,KY,40291,12,Jtown,Wild Eggs #12 (Jtown),02/25/2025 8:00 AM,02/24/2025 10:56 AM,$262.00 ,$0.00 ,$35.00 ,($44.55),$17.82 ,($17.82),$25.00 ,($9.41),$0.00 ,$0.00 ,0,-10.48,0,257.56,Completed,ach,Marketplace Delivery,,Jeff Pottinger ,,,
6WC-TVP,St. Elizabeth Spine Center,4900 Houston Rd Suite 401,Florence,KY,41042,9,Queen City Wild Eggs,Wild Eggs #9 (Queen City Wild Eggs),02/25/2025 8:15 AM,02/21/2025 3:54 PM,$239.00 ,$0.00 ,$35.00 ,($41.10),$0.00 ,$0.00 ,$20.00 ,($8.19),$0.00 ,$0.00 ,0,0,0,244.71,Completed,ach,Marketplace Delivery,,Mariah Imjalli,,,
FHK-HXX,"Takeout from Cincinnati, OH",1624 Herald Ave,Cincinnati,OH,45207,8,Oakley,Wild Eggs #8 (Oakley),02/25/2025 10:15 AM,02/07/2025 2:28 PM,$391.00 ,$0.00 ,$0.00 ,($58.65),$0.00 ,$0.00 ,$30.00 ,($11.69),$0.00 ,$0.00 ,0,-15.64,0,335.02,Completed,ach,Marketplace Takeout,ezbonus15,N/A,,,
U9Y-MKX,Cambridge Air Solutions,760 Long Rd Crossing Dr,Chesterfield,MO,63005,,Creve Coeur,CBW- Crazy Bowls and Wraps (Creve Coeur),02/25/2025 10:30 AM,02/24/2025 3:05 PM,$185.70 ,$0.00 ,$20.00 ,($30.86),$16.23 ,$0.00 ,$0.00 ,($6.64),$0.00 ,$0.00 ,-30,0,0,154.43,Completed,ach,Marketplace Takeout,,Dispatch,,,
FPG-G5P,Caleres,8300 Maryland Ave co Jennifer Grace,Clayton,MO,63105,,Forsyth/Clayton,CBW- Crazy Bowls and Wraps (Forsyth/Clayton),02/25/2025 10:59 AM,02/23/2025 11:00 PM,$192.95 ,$0.00 ,$20.00 ,($31.94),$19.75 ,$0.00 ,$0.00 ,($6.96),$0.00 ,$0.00 ,-30,0,-9.65,154.15,Completed,ach,Marketplace Takeout,,Dispatch,,,
M6G-9J0,Eden Theological Seminary,479 E Lockwood Ave Commons Building,Webster Groves,MO,63119,,Rock Hill/Glendale,CBW- Crazy Bowls and Wraps (Rock Hill/Glendale),02/25/2025 3:57 PM,02/20/2025 11:19 AM,$596.25 ,$0.00 ,$20.00 ,($92.44),$0.00 ,$0.00 ,$0.00 ,($18.43),$0.00 ,$0.00 ,-59.62,0,-29.81,415.95,Completed,ach,Marketplace Takeout,,Dispatch,,,
HKX-X4E,UC Medical Center Pathology,3188 Bellevue Ave,Cincinnati,OH,45219,9,Queen City Wild Eggs,Wild Eggs #9 (Queen City Wild Eggs),02/26/2025 7:45 AM,02/24/2025 10:13 AM,$270.00 ,$0.00 ,$35.00 ,($45.75),$0.00 ,$0.00 ,$0.00 ,($9.12),$0.00 ,$0.00 ,0,0,0,250.13,Completed,ach,Marketplace Delivery,,Mariah Imjalli,,,
4FE-ZF2,Jwn neuro,7250 Clearvista Dr 265,Indianapolis,IN,46256,5,Carmel,Wild Eggs #5 (Carmel),02/26/2025 7:45 AM,02/25/2025 2:23 PM,$386.00 ,$0.00 ,$35.00 ,($63.15),$37.89 ,($29.47),$12.00 ,($13.72),$0.00 ,$0.00 ,0,-15.44,0,349.11,Completed,ach,Marketplace Delivery,,Missy Toney,,,
9TQ-MYR,Raymond James,1530 American Way Ste 230 Ste 230,Greenwood,IN,46143,16,Greenwood,Wild Eggs #16 (Greenwood),02/26/2025 9:00 AM,02/23/2025 11:13 PM,$267.00 ,$0.00 ,$35.00 ,($45.30),$24.16 ,($21.14),$26.70 ,($9.75),$0.00 ,$0.00 ,0,0,0,276.67,Completed,ach,Marketplace Delivery,,camara young,,,
QJE-FPV,BJC Medical Group of Illinois,310 N 7 Hills Rd,O'Fallon,IL,62269,,Shiloh,CBW- Crazy Bowls and Wraps (Shiloh),02/26/2025 10:32 AM,02/25/2025 10:20 AM,$322.20 ,$0.00 ,$20.00 ,($51.33),$26.90 ,($26.90),$0.00 ,($11.04),$0.00 ,$0.00 ,-32.22,0,-16.11,231.5,Completed,ach,Marketplace Takeout,,Dispatch,,,
Z67-K8G,Education Plus,1460 Craig Rd,St. Louis,MO,63146,,West Oak,CBW- Crazy Bowls and Wraps (West Oak),02/26/2025 10:36 AM,02/25/2025 12:04 PM,$600.16 ,$0.00 ,$20.00 ,($43.41),$53.94 ,$0.00 ,$0.00 ,($20.16),$0.00 ,$0.00 ,-60.02,0,0,550.51,Completed,ach,ezOrdering Takeout,,Dispatch,,,
CP9-G40,Missouri Baptist neurology,3009 N Ballas Rd 102b,St. Louis,MO,63131,,West Oak,CBW- Crazy Bowls and Wraps (West Oak),02/26/2025 11:01 AM,02/25/2025 7:51 AM,$377.00 ,$0.00 ,$20.00 ,($59.55),$33.88 ,$0.00 ,$0.00 ,($12.88),$0.00 ,$0.00 ,-37.7,0,-18.85,301.9,Completed,ach,Marketplace Takeout,,Dispatch,,,
TFR-VH5,Enterprise Mobility,2281 Ball Dr 4th floor,St. Louis,MO,63146,,West Oak,CBW- Crazy Bowls and Wraps (West Oak),02/26/2025 11:06 AM,02/19/2025 1:23 PM,$147.00 ,$0.00 ,$20.00 ,($25.05),$13.21 ,$0.00 ,$0.00 ,($5.39),$0.00 ,$0.00 ,-30,0,-7.35,112.42,Completed,ach,Marketplace Takeout,,Dispatch,,,
6PG-7VM,Lemonaid Pharmacy,1701 Macklind Ave Suite 300,St. Louis,MO,63110,,West Oak,CBW- Crazy Bowls and Wraps (West Oak),02/26/2025 11:15 AM,02/17/2025 7:49 PM,$135.14 ,$0.00 ,$25.00 ,($20.27),$12.15 ,$0.00 ,$13.51 ,($5.15),($1.00),$0.00 ,0,0,0,159.38,Completed,ach,Meal Program,,,,,
GUA-JGP,World Wide Technology,107 Gateway Commerce Center Dr N,Edwardsville,IL,62025,,Edwardsville,CBW- Crazy Bowls and Wraps (Edwardsville),02/26/2025 11:15 AM,02/23/2025 12:33 PM,$82.70 ,$0.00 ,$20.00 ,($15.41),$7.11 ,($7.11),$0.00 ,($3.28),$0.00 ,$0.00 ,-30,0,-4.14,49.87,Completed,ach,Marketplace Takeout,,Dispatch,,,
M2J-0A4,TVS Supply Chain Solutions,635 Maryville Centre Dr Suite 105,St. Louis,MO,63141,,Rock Hill/Glendale,CBW- Crazy Bowls and Wraps (Rock Hill/Glendale),02/26/2025 11:16 AM,02/18/2025 3:33 PM,$177.50 ,$0.00 ,$20.00 ,($29.63),$16.40 ,$0.00 ,$0.00 ,($6.40),$0.00 ,$0.00 ,-30,0,-8.88,138.99,Completed,ach,Marketplace Takeout,,Dispatch,,,
V5H-PZG,,,Sappington,MO,63127,,Tesson,CBW- Crazy Bowls and Wraps (Tesson),02/26/2025 11:30 AM,02/25/2025 7:56 AM,$153.10 ,$0.00 ,$0.00 ,($22.97),$11.85 ,$0.00 ,$0.00 ,($4.93),$0.00 ,$0.00 ,0,0,-7.66,129.39,Completed,ach,Marketplace Takeout,,N/A,,,
00A-Q2J,Bauer Hall/Bauer Leaders Academy,1 Snow Way Dr 5th Floor/Room 550,St. Louis,MO,63130,,Forsyth/Clayton,CBW- Crazy Bowls and Wraps (Forsyth/Clayton),02/26/2025 5:08 PM,02/24/2025 2:45 PM,$297.85 ,$0.00 ,$20.00 ,($47.68),$0.00 ,$0.00 ,$0.00 ,($9.50),$0.00 ,$0.00 ,-30,0,-14.89,215.78,Completed,ach,Marketplace Takeout,,Dispatch,,,
03C-PK1,StriveTogether,125 E 9th St Floor 4,Cincinnati,OH,45202,9,Queen City Wild Eggs,Wild Eggs #9 (Queen City Wild Eggs),02/27/2025 7:15 AM,02/21/2025 4:44 PM,$572.00 ,$0.00 ,$35.00 ,($91.05),$0.00 ,$0.00 ,$114.40 ,($18.15),$0.00 ,$0.00 ,0,0,0,612.2,Completed,ach,Marketplace Delivery,,Shirelle Bloom,,,
3PK-3Q5,Raymond James,11611 N Meridian St Suite 600,Carmel,IN,46032,5,Carmel,Wild Eggs #5 (Carmel),02/27/2025 8:30 AM,02/23/2025 11:42 PM,$267.00 ,$0.00 ,$35.00 ,($45.30),$27.18 ,($21.14),$26.70 ,($9.84),$0.00 ,$0.00 ,0,-10.68,0,268.92,Completed,ach,Marketplace Delivery,,Lesley Rodela,,,
991-W04,Great American Insurance Group,301 E 4th St Music Hall A - 18th floor,Cincinnati,OH,45202,9,Queen City Wild Eggs,Wild Eggs #9 (Queen City Wild Eggs),02/27/2025 9:00 AM,02/18/2025 1:55 PM,$376.00 ,$0.00 ,$35.00 ,($61.65),$0.00 ,$0.00 ,$56.40 ,($12.29),$0.00 ,$0.00 ,0,0,0,393.46,Completed,ach,Marketplace Delivery,,Shirelle Bloom,,,
JV9-GEJ,Aspire Software,390 S Woods Mill Rd ste 200-2nd floor,Chesterfield,MO,63017,,West Oak,CBW- Crazy Bowls and Wraps (West Oak),02/27/2025 10:45 AM,02/18/2025 1:00 AM,$319.94 ,$0.00 ,$25.00 ,($47.99),$28.76 ,$0.00 ,$63.99 ,($11.17),$0.00 ,$0.00 ,0,0,0,378.53,Completed,ach,Meal Program,,,,,
WKT-88V,Chestnut Health Systems,2148 Vadalabene Dr,Maryville,IL,62062,,Edwardsville,CBW- Crazy Bowls and Wraps (Edwardsville),02/27/2025 11:02 AM,02/07/2025 10:33 PM,$329.70 ,$0.00 ,$20.00 ,($52.46),$28.35 ,($28.35),$0.00 ,($11.30),$0.00 ,$0.00 ,-32.97,0,-16.49,236.48,Completed,ach,Marketplace Takeout,,Dispatch,,,
V7Y-F5U,Rosa Parks,191 Rosa Parks St 6th floor,Cincinnati,OH,45202,8,Oakley,Wild Eggs #8 (Oakley),02/28/2025 6:30 AM,02/19/2025 6:58 PM,"$3,748.00 ",$0.00 ,$35.00 ,($567.45),$0.00 ,$0.00 ,$749.60 ,($113.11),$0.00 ,$0.00 ,0,-149.92,0,3702.12,Completed,ach,Marketplace Delivery,,Spencer Gamble,,,
3MH-AMC,JWM Neuro Clearvista,7250 Clearvista Dr 225,Indianapolis,IN,46256,5,Carmel,Wild Eggs #5 (Carmel),02/28/2025 7:30 AM,02/27/2025 2:25 PM,$357.00 ,$0.00 ,$35.00 ,($58.80),$35.28 ,($27.44),$35.70 ,($12.78),$0.00 ,$0.00 ,0,-14.28,0,349.68,Completed,ach,Marketplace Delivery,,Lesley Rodela,,,
23Z-3A7,JWM Neurology,8402 Harcourt Rd 615,Indianapolis,IN,46260,5,Carmel,Wild Eggs #5 (Carmel),02/28/2025 7:45 AM,02/27/2025 5:12 PM,$330.00 ,$0.00 ,$35.00 ,($54.75),$32.85 ,($25.55),$0.00 ,($11.90),$0.00 ,$0.00 ,0,-13.2,0,292.45,Completed,ach,Marketplace Delivery,,Lesley Rodela,,,
YFG-6VT,Planet Fitness Kueber Center,2432 South Floyd St,Louisville,KY,40209,4,Mercantile,Wild Eggs #4 (Mercantile),02/28/2025 8:15 AM,02/24/2025 9:39 AM,$806.00 ,$0.00 ,$35.00 ,($58.87),$0.00 ,$0.00 ,$80.00 ,($25.15),$0.00 ,$0.00 ,0,0,0,836.98,Completed,ach,ezOrdering Delivery,,Mikey  Thomas ,,,
XMQ-AJJ,"Takeout from Wentzville, MO",,Wentzville,MO,,,Wentzville,CBW- Crazy Bowls and Wraps (Wentzville),02/28/2025 11:00 AM,02/26/2025 10:50 AM,$274.80 ,$0.00 ,$0.00 ,($41.22),$28.72 ,$0.00 ,$20.00 ,($9.08),$0.00 ,$0.00 ,0,0,0,273.22,Completed,ach,Marketplace Takeout,,N/A,,,
PQ4-49E,,,Fairview Heights,IL,,,Shiloh,CBW- Crazy Bowls and Wraps (Shiloh),02/28/2025 11:00 AM,02/26/2025 7:55 PM,$433.50 ,$0.00 ,$0.00 ,($65.03),$36.20 ,($36.20),$43.35 ,($14.04),$0.00 ,$0.00 ,0,0,-21.68,376.1,Completed,ach,Marketplace Takeout,,N/A,,,
F0R-9EC,The Bud Dome,9711 Green Park Industrial Dr,St. Louis,MO,63123,,Tesson,CBW- Crazy Bowls and Wraps (Tesson),02/28/2025 11:16 AM,02/24/2025 8:33 AM,$178.08 ,$0.00 ,$20.00 ,($29.71),$13.78 ,$0.00 ,$0.00 ,($6.33),$0.00 ,$0.00 ,-30,0,-8.9,136.92,Completed,ach,Marketplace Takeout,,Dispatch,,,
1FM-2XJ,Yoon Dermatology,1060 Meyer Rd,Wentzville,MO,63385,,Wentzville,CBW- Crazy Bowls and Wraps (Wentzville),02/28/2025 11:38 AM,02/26/2025 11:58 AM,$387.95 ,$0.00 ,$20.00 ,($61.19),$40.54 ,$0.00 ,$0.00 ,($13.41),$0.00 ,$0.00 ,-38.8,0,0,335.09,Completed,ach,Marketplace Takeout,,Dispatch,,,
ARH-8CY,Parkcrest Plastic Surgery,845 North New Ballas Court Suite 300,Creve Coeur,MO,63141,,West Oak,CBW- Crazy Bowls and Wraps (West Oak),02/28/2025 11:40 AM,02/26/2025 12:53 PM,$261.80 ,$0.00 ,$20.00 ,($19.73),$23.53 ,$0.00 ,$0.00 ,($9.13),$0.00 ,$0.00 ,-30,0,0,246.47,Completed,ach,ezOrdering Takeout,,Dispatch,,,
8ZQ-9TW,Lovers Lane KinderCare,646 Lovers Ln,Bowling Green,KY,42103,14,Bowling Green,Wild Eggs #14 (Bowling Green),03/01/2025 7:45 AM,02/20/2025 1:30 PM,$298.00 ,$0.00 ,$35.00 ,($49.95),$19.98 ,($19.98),$0.00 ,($10.55),$0.00 ,$0.00 ,0,0,0,272.5,Completed,ach,Marketplace Delivery,,Mariah Thomas,,,
2EC-MPM,WKU Women's Basketball,1605 Ave of Champions,Bowling Green,KY,42101,14,Bowling Green,Wild Eggs #14 (Bowling Green),03/01/2025 9:15 AM,02/26/2025 10:56 AM,$333.00 ,$0.00 ,$35.00 ,($55.20),$0.00 ,$0.00 ,$33.30 ,($11.00),$0.00 ,$0.00 ,0,0,0,335.1,Completed,ach,Marketplace Delivery,,Mariah Thomas,,,
5ZW-K59,Crossroads,3500 Madison Rd,Cincinnati,OH,45209,8,Oakley,Wild Eggs #8 (Oakley),03/02/2025 7:00 AM,02/16/2025 12:03 PM,$265.00 ,$0.00 ,$35.00 ,($45.00),$0.00 ,$0.00 ,$39.75 ,($8.97),$0.00 ,$0.00 ,0,-10.6,0,275.18,Completed,ach,Marketplace Delivery,,Monica Craig,,,
652-04W,Traders Point Christian Church - Production,12648 E 116th St,Fishers,IN,46037,7,Fishers,Wild Eggs #07 (Fishers),03/02/2025 8:00 AM,02/20/2025 12:48 PM,$191.00 ,$0.00 ,$35.00 ,($33.90),$0.00 ,$0.00 ,$28.65 ,($6.76),$0.00 ,$0.00 ,0,-7.64,0,206.35,Completed,ach,Marketplace Delivery,,Carmen Sanchez,,,
WM2-EU7,Community Endocrinology,8435 Clearvista Pl Suite 101,Indianapolis,IN,46256,7,Fishers,Wild Eggs #07 (Fishers),03/03/2025 7:00 AM,02/28/2025 4:55 PM,$159.00 ,$0.00 ,$35.00 ,($29.10),$17.46 ,($13.58),$0.00 ,($6.32),$0.00 ,$0.00 ,0,-6.36,0,156.1,Completed,ach,Marketplace Delivery,,Carmen Sanchez,,,
3YC-VE1,Washington University,4939 Children's Place 9th Floor,St. Louis,MO,63110,,Lindell/SLU,CBW- Crazy Bowls and Wraps (Lindell/SLU),03/03/2025 11:04 AM,02/26/2025 12:06 PM,$317.75 ,$0.00 ,$20.00 ,($50.66),$0.00 ,$0.00 ,$0.00 ,($10.10),$0.00 ,$0.00 ,-31.78,0,-15.89,229.32,Completed,ach,Marketplace Takeout,,Dispatch,,,
Y3A-6CJ,,,Creve Coeur,MO,63141,,West Oak,CBW- Crazy Bowls and Wraps (West Oak),03/03/2025 11:15 AM,02/28/2025 3:44 PM,$96.55 ,$0.00 ,$0.00 ,($14.48),$8.68 ,$0.00 ,$8.00 ,($3.15),$0.00 ,$0.00 ,0,0,-4.83,90.77,Completed,ach,Marketplace Takeout,,N/A,,,
U15-K8K,Forefront Dermatology Downtown,501 S 2nd St,Louisville,KY,40202,4,Mercantile,Wild Eggs #4 (Mercantile),03/04/2025 7:15 AM,03/01/2025 12:21 PM,$487.00 ,$0.00 ,$35.00 ,($78.30),$31.32 ,($31.32),$48.70 ,($16.54),$0.00 ,$0.00 ,0,0,0,475.86,Completed,ach,Marketplace Delivery,,Mikey  Thomas ,,,
0QZ-3QU,Evernorth / Cigna,8455 University Pl Dr floor 1.,St. Louis,MO,63121,,Forsyth/Clayton,CBW- Crazy Bowls and Wraps (Forsyth/Clayton),03/04/2025 10:22 AM,03/03/2025 7:56 AM,$278.62 ,$0.00 ,$20.00 ,($44.79),$28.53 ,$0.00 ,$0.00 ,($9.78),$0.00 ,$0.00 ,-30,0,-13.93,228.65,Completed,ach,Marketplace Takeout,,Dispatch,,,
E84-C5Y,Gulfstream,"6400 Curtiss-Steinberg Dr Hangar A, 2nd floor - Matt Trull",Sauget,IL,62206,,Lindell/SLU,CBW- Crazy Bowls and Wraps (Lindell/SLU),03/04/2025 10:30 AM,02/28/2025 11:21 AM,$87.83 ,$0.00 ,$20.00 ,($16.17),$11.58 ,$0.00 ,$0.00 ,($3.57),$0.00 ,$0.00 ,-30,0,-4.39,65.28,Completed,ach,Marketplace Takeout,,Dispatch,,,
1PA-1JR,,,Wentzville,MO,,,Wentzville,CBW- Crazy Bowls and Wraps (Wentzville),03/04/2025 11:00 AM,03/02/2025 7:02 PM,$216.00 ,$0.00 ,$0.00 ,($32.40),$22.57 ,$0.00 ,$20.00 ,($7.13),$0.00 ,$0.00 ,0,0,0,219.04,Completed,ach,Marketplace Takeout,,N/A,,,
EM3-FGJ,"Distribution Management, Inc.",5 Research Park Dr,Saint Charles,MO,63304,,O'Fallon,CBW- Crazy Bowls and Wraps (O'Fallon),03/04/2025 11:14 AM,02/24/2025 12:45 PM,$211.70 ,$0.00 ,$20.00 ,($16.22),$18.95 ,$0.00 ,$0.00 ,($7.49),$0.00 ,$0.00 ,-30,0,0,196.94,Completed,ach,ezOrdering Takeout,,Dispatch,,,
Z9T-4YX,Sysco Foods,3850 Mueller Rd,Saint Charles,MO,63301,,Lindenwood,CBW- Crazy Bowls and Wraps (Lindenwood),03/04/2025 11:15 AM,03/03/2025 9:43 AM,$447.35 ,$0.00 ,$20.00 ,($32.71),$44.51 ,$0.00 ,$0.00 ,($15.30),$0.00 ,$0.00 ,-44.74,0,0,419.11,Completed,ach,ezOrdering Takeout,,Dispatch,,,
WZA-C80,St. Louis Children's Hospital,1 Children's Place,St. Louis,MO,63110,,Lindell/SLU,CBW- Crazy Bowls and Wraps (Lindell/SLU),03/04/2025 11:36 AM,02/24/2025 12:35 PM,$170.20 ,$0.00 ,$20.00 ,($28.53),$0.00 ,$0.00 ,$0.00 ,($5.69),$0.00 ,$0.00 ,-30,0,-8.51,117.47,Completed,ach,Marketplace Takeout,,Dispatch,,,
RUY-919,Silverback Brentwood Studios,1034 S Brentwood Blvd,St. Louis,MO,63117,,Creve Coeur,CBW- Crazy Bowls and Wraps (Creve Coeur),03/05/2025 10:00 AM,02/21/2025 10:24 AM,$269.50 ,$0.00 ,$20.00 ,($43.43),$0.00 ,$0.00 ,$0.00 ,($8.66),$0.00 ,$0.00 ,-30,0,0,207.41,Completed,ach,Marketplace Takeout,,Dispatch,,,
VCF-AP4,"Preload, LLC",4000 Tower Rd,Louisville,KY,40219,4,Mercantile,Wild Eggs #4 (Mercantile),03/06/2025 6:45 AM,02/26/2025 10:47 AM,$345.00 ,$0.00 ,$35.00 ,($57.00),$22.80 ,($22.80),$51.75 ,($12.04),$0.00 ,$0.00 ,0,0,0,362.71,Completed,ach,Marketplace Delivery,,Mikey  Thomas ,,,
42V-FXQ,St. Elizabeth Family Medicine,413 S Loop Rd,Edgewood,KY,41017,9,Queen City Wild Eggs,Wild Eggs #9 (Queen City Wild Eggs),03/06/2025 7:45 AM,03/05/2025 10:38 AM,$344.00 ,$0.00 ,$35.00 ,($56.85),$0.00 ,$0.00 ,$34.40 ,($11.33),$0.00 ,$0.00 ,0,0,0,345.22,Completed,ach,Marketplace Delivery,,Mariah Imjalli,,,
VUQ-RRU,University of Cincinnati Endoscopy,9275 Montgomery Rd 400,Cincinnati,OH,45242,8,Oakley,Wild Eggs #8 (Oakley),03/06/2025 8:00 AM,03/04/2025 11:50 AM,$326.00 ,$0.00 ,$35.00 ,($54.15),$0.00 ,$0.00 ,$25.00 ,($10.79),$0.00 ,$0.00 ,0,-13.04,0,308.02,Completed,ach,Marketplace Delivery,,Monica Craig,,,
JM6-ZKJ,StriveTogether,125 E 9th St,Cincinnati,OH,45202,9,Queen City Wild Eggs,Wild Eggs #9 (Queen City Wild Eggs),03/06/2025 8:30 AM,02/27/2025 5:19 PM,$459.00 ,$0.00 ,$35.00 ,($74.10),$0.00 ,$0.00 ,$91.80 ,($14.77),$0.00 ,$0.00 ,0,0,0,496.93,Completed,ach,Marketplace Delivery,,Mariah Imjalli,,,
JHG-6C9,MISO,720 City Center Dr,Carmel,IN,46032,5,Carmel,Wild Eggs #5 (Carmel),03/06/2025 8:45 AM,02/25/2025 1:14 PM,$310.00 ,$0.00 ,$35.00 ,($51.75),$31.05 ,($24.15),$20.00 ,($11.24),$0.00 ,$0.00 ,0,-12.4,0,296.51,Completed,ach,Marketplace Delivery,,Lisa Bailey,,,
AVY-9RC,"Takeout from Cincinnati, OH",1624 Herald Ave,Cincinnati,OH,45207,8,Oakley,Wild Eggs #8 (Oakley),03/06/2025 10:45 AM,03/05/2025 11:28 AM,$391.00 ,$0.00 ,$0.00 ,($58.65),$0.00 ,$0.00 ,$30.00 ,($11.69),$0.00 ,$0.00 ,0,-15.64,0,335.02,Completed,ach,Marketplace Takeout,,N/A,,,
HY4-VW9,World Chess Hall of Fame - Trask,4651 Maryland Ave,St. Louis,MO,63108,,Lindell/SLU,CBW- Crazy Bowls and Wraps (Lindell/SLU),03/06/2025 10:30 AM,02/25/2025 9:40 AM,$328.60 ,$0.00 ,$20.00 ,($52.29),$0.00 ,$0.00 ,$0.00 ,($10.42),$0.00 ,$0.00 ,-32.86,0,-16.43,236.6,Completed,ach,Marketplace Takeout,,Dispatch,,,
AFE-MHA,Remiger Design,2921 Olive St,St. Louis,MO,63103,,Lindell/SLU,CBW- Crazy Bowls and Wraps (Lindell/SLU),03/06/2025 11:41 AM,03/04/2025 2:10 PM,$124.39 ,$0.00 ,$20.00 ,($21.66),$16.39 ,$0.00 ,$0.00 ,($4.81),$0.00 ,$0.00 ,-30,0,-6.22,98.09,Completed,ach,Marketplace Takeout,,Dispatch,,,
X9Y-UJY,HCN1 - Amazon,3521 Point Pleasant Rd,Hebron,KY,41048,9,Queen City Wild Eggs,Wild Eggs #9 (Queen City Wild Eggs),03/07/2025 7:00 AM,03/04/2025 9:43 AM,$300.00 ,$0.00 ,$35.00 ,($50.25),$0.00 ,$0.00 ,$45.00 ,($10.02),$0.00 ,$0.00 ,0,0,0,319.73,Completed,ach,Marketplace Delivery,,Shirelle Bloom,,,
HKG-VQG,HDR INC,9999 Carver Rd Suite 210,Cincinnati,OH,45242,8,Oakley,Wild Eggs #8 (Oakley),03/07/2025 8:00 AM,03/05/2025 9:14 PM,$383.00 ,$0.00 ,$35.00 ,($62.70),$2.81 ,($2.81),$38.30 ,($12.58),($232.00),$0.00 ,0,-15.32,0,133.7,Completed,ach,Marketplace Delivery,,Spencer Gamble,,,
1PV-4GJ,Mt Auburn Nephrology,8260 Pine Rd,Cincinnati,OH,45236,8,Oakley,Wild Eggs #8 (Oakley),03/07/2025 8:30 AM,03/03/2025 1:54 PM,$308.00 ,$0.00 ,$35.00 ,($51.45),$0.00 ,$0.00 ,$20.00 ,($10.26),$0.00 ,$0.00 ,0,-12.32,0,288.97,Completed,ach,Marketplace Delivery,,Spencer Gamble,,,
MAU-VU5,OMS Photo,1636 Chase Ave,Cincinnati,OH,45223,9,Queen City Wild Eggs,Wild Eggs #9 (Queen City Wild Eggs),03/07/2025 8:45 AM,02/27/2025 9:35 AM,$168.00 ,$0.00 ,$35.00 ,($30.45),$0.00 ,$0.00 ,$25.20 ,($6.07),$0.00 ,$0.00 ,0,0,0,191.68,Completed,ach,Marketplace Delivery,,Mariah Imjalli,,,
45U-F22,ATB Technologies,14567 N Outer 40 Rd suite 525,Chesterfield,MO,63017,,West Oak,CBW- Crazy Bowls and Wraps (West Oak),03/07/2025 11:45 AM,03/05/2025 10:20 AM,$217.30 ,$0.00 ,$25.00 ,($32.60),$19.53 ,$0.00 ,$21.73 ,($7.83),$0.00 ,$0.00 ,0,0,0,243.13,Completed,ach,Meal Program,,,,,
CMV-X9Q,Sysco Foods,3850 Mueller Rd,Saint Charles,MO,63301,,Lindenwood,CBW- Crazy Bowls and Wraps (Lindenwood),03/07/2025 1:31 PM,03/05/2025 3:40 PM,$376.50 ,$0.00 ,$20.00 ,($27.76),$37.46 ,$0.00 ,$0.00 ,($12.98),$0.00 ,$0.00 ,-37.65,0,0,355.57,Completed,ach,ezOrdering Takeout,,Dispatch,,,
R2M-PF6,Candlewood Suites,1039 Zorn Ave Virginia Tech Meeting Room,Louisville,KY,40207,4,Mercantile,Wild Eggs #4 (Mercantile),03/08/2025 8:30 AM,03/03/2025 3:32 PM,"$1,035.00 ",$0.00 ,$35.00 ,($160.50),$64.20 ,($64.20),$0.00 ,($33.91),$0.00 ,$0.00 ,0,0,0,875.59,Completed,ach,Marketplace Delivery,,Mikey  Thomas ,,,
766-4ER,Hyatt Place Bowling Green,1347 Center St,Bowling Green,KY,42101,14,Bowling Green,Wild Eggs #14 (Bowling Green),03/08/2025 10:15 AM,02/26/2025 2:46 PM,$190.00 ,$0.00 ,$35.00 ,($33.75),$13.50 ,($13.50),$12.00 ,($7.13),$0.00 ,$0.00 ,0,0,0,196.12,Completed,ach,Marketplace Delivery,,Max Gilleland,,,
5VY-RWX,913 The Turn,913 Monmouth St,Newport,KY,41071,9,Queen City Wild Eggs,Wild Eggs #9 (Queen City Wild Eggs),03/08/2025 11:15 AM,03/05/2025 10:55 PM,$303.00 ,$0.00 ,$35.00 ,($50.70),$0.00 ,$0.00 ,$45.45 ,($10.11),$0.00 ,$0.00 ,0,0,0,322.64,Completed,ach,Marketplace Delivery,,Mariah Imjalli,,,
5H3-3HM,Best Western Plus - Drury Womens Basketball,1425 S 5th St lobby,Saint Charles,MO,63301,,Lindenwood,CBW- Crazy Bowls and Wraps (Lindenwood),03/08/2025 11:22 AM,03/04/2025 9:07 PM,$257.75 ,$0.00 ,$20.00 ,($41.66),$0.00 ,$0.00 ,$0.00 ,($8.30),$0.00 ,$0.00 ,-30,0,-12.89,184.9,Completed,ach,Marketplace Takeout,,Dispatch,,,
WMF-FZR,America's Center,911 Washington Ave,St. Louis,MO,63101,,Lindell/SLU,CBW- Crazy Bowls and Wraps (Lindell/SLU),03/08/2025 1:55 PM,03/05/2025 6:11 PM,$241.00 ,$0.00 ,$20.00 ,($39.15),$31.76 ,$0.00 ,$0.00 ,($8.75),$0.00 ,$0.00 ,-30,0,-12.05,202.81,Completed,ach,Marketplace Takeout,,Dispatch,,,
P5H-XKV,Crossroads,3500 Madison Rd,Cincinnati,OH,45209,8,Oakley,Wild Eggs #8 (Oakley),03/09/2025 7:00 AM,02/16/2025 11:00 AM,$623.00 ,$0.00 ,$35.00 ,($98.70),$0.00 ,$0.00 ,$70.00 ,($19.67),$0.00 ,$0.00 ,0,-24.92,0,584.71,Completed,ach,Marketplace Delivery,,Monica Craig,,,
8PQ-8Q8,Traders Point Christian Church,2350 E 62nd St,Indianapolis,IN,46220,6,Pulliam,Wild Eggs #6 (Pulliam),03/09/2025 8:30 AM,03/02/2025 11:55 AM,$181.00 ,$0.00 ,$35.00 ,($32.40),$0.00 ,$0.00 ,$18.10 ,($6.46),$0.00 ,$0.00 ,0,0,0,195.24,Completed,ach,Marketplace Delivery,,Skylar Greene,,,
FXJ-637,Racing Louisville FC,801 Edith Rd,Louisville,KY,40206,4,Mercantile,Wild Eggs #4 (Mercantile),03/09/2025 9:45 AM,03/06/2025 11:41 AM,$542.00 ,$0.00 ,$35.00 ,($86.55),$34.62 ,($34.62),$25.00 ,($18.29),$0.00 ,$0.00 ,0,0,0,497.16,Completed,ach,Marketplace Delivery,,Mikey  Thomas ,,,
PFH-JHA,WARE,3401 Bashford Ave Ct,Louisville,KY,40218,4,Mercantile,Wild Eggs #4 (Mercantile),03/10/2025 7:00 AM,02/27/2025 9:26 AM,$701.00 ,$0.00 ,$35.00 ,($110.40),$44.16 ,($44.16),$105.15 ,($23.33),$0.00 ,$0.00 ,0,0,0,707.42,Completed,ach,Marketplace Delivery,,Mikey  Thomas ,,,
XG3-R33,Distinctive Dermatology,390 Office Ct,Fairview Heights,IL,62208,,Shiloh,CBW- Crazy Bowls and Wraps (Shiloh),03/10/2025 10:32 AM,03/07/2025 8:47 AM,$469.95 ,$0.00 ,$20.00 ,($73.49),$39.24 ,($39.24),$0.00 ,($15.82),$0.00 ,$0.00 ,-47,0,-23.5,330.14,Completed,ach,Marketplace Takeout,,Dispatch,,,
Q16-UVF,Core and Main,1830 Craig Park Ct.,St. Louis,MO,63146,,West Oak,CBW- Crazy Bowls and Wraps (West Oak),03/11/2025 11:02 AM,03/10/2025 1:48 PM,"$1,035.00 ",$0.00 ,$20.00 ,($158.25),$93.03 ,$0.00 ,$0.00 ,($34.33),$0.00 ,$0.00 ,-103.5,0,-51.75,800.2,Completed,ach,Marketplace Takeout,,Dispatch,,,
51M-F0G,St. Lukes Chesterfield Cardiology Care,222 S Woods Mill Rd Suite 560N,Chesterfield,MO,63017,,Creve Coeur,CBW- Crazy Bowls and Wraps (Creve Coeur),03/11/2025 11:07 AM,03/10/2025 7:00 PM,$232.50 ,$0.00 ,$20.00 ,($37.88),$20.32 ,$0.00 ,$0.00 ,($8.16),$0.00 ,$0.00 ,-30,0,0,196.78,Completed,ach,Marketplace Takeout,,Dispatch,,,
44H-3Q4,"Mercy clinic , Dr. Moore , Dr Doerr",12348 Old Tesson Rd Suite 240,St. Louis,MO,63128,,Tesson,CBW- Crazy Bowls and Wraps (Tesson),03/11/2025 11:12 AM,03/10/2025 12:23 PM,$139.00 ,$0.00 ,$20.00 ,($23.85),$10.76 ,$0.00 ,$0.00 ,($5.08),$0.00 ,$0.00 ,-30,0,-6.95,103.88,Completed,ach,Marketplace Takeout,,Dispatch,,,
9VX-CGV,Washington University - College Office,1 Brookings Dr,St. Louis,MO,63130,,Forsyth/Clayton,CBW- Crazy Bowls and Wraps (Forsyth/Clayton),03/11/2025 4:41 PM,03/10/2025 12:15 PM,$76.28 ,$0.00 ,$20.00 ,($14.44),$0.00 ,$0.00 ,$0.00 ,($2.88),$0.00 ,$0.00 ,-30,0,-3.81,45.15,Completed,ach,Marketplace Takeout,,Dispatch,,,
W5Z-HZU,"Takeout from Shiloh, IL",,Shiloh,IL,,,Shiloh,CBW- Crazy Bowls and Wraps (Shiloh),03/12/2025 10:30 AM,03/11/2025 1:57 PM,$148.00 ,$0.00 ,$0.00 ,($22.20),$12.36 ,($12.36),$0.00 ,($4.79),$0.00 ,$0.00 ,0,0,-7.4,113.61,Completed,ach,Marketplace Takeout,,N/A,,,
21J-T9F,HSHS Med Group - O'Fallon Family Medicine,1512 N Green Mount Rd Suite 108,O'Fallon,IL,62269,,Shiloh,CBW- Crazy Bowls and Wraps (Shiloh),03/12/2025 10:52 AM,03/10/2025 12:23 PM,$339.70 ,$0.00 ,$20.00 ,($53.96),$28.36 ,($28.36),$0.00 ,($11.60),$0.00 ,$0.00 ,-33.97,0,-16.99,243.18,Completed,ach,Marketplace Takeout,,Dispatch,,,
A8Y-7V2,St. Louis Healthcare (Dr. Muckermann Office),16216 Baxter Rd Suite 100,Chesterfield,MO,63017,,Creve Coeur,CBW- Crazy Bowls and Wraps (Creve Coeur),03/12/2025 11:15 AM,03/11/2025 5:10 PM,$362.50 ,$0.00 ,$20.00 ,($57.38),$31.68 ,$0.00 ,$0.00 ,($12.38),$0.00 ,$0.00 ,-36.25,0,0,308.17,Completed,ach,Marketplace Takeout,,Dispatch,,,
9VE-FC8,Missouri Baptist Cancer Center,3015 N Ballas Rd,St. Louis,MO,63131,,West Oak,CBW- Crazy Bowls and Wraps (West Oak),03/12/2025 11:16 AM,03/10/2025 12:36 PM,$339.93 ,$0.00 ,$20.00 ,($53.99),$30.55 ,$0.00 ,$0.00 ,($11.68),$0.00 ,$0.00 ,-33.99,0,-17,273.82,Completed,ach,Marketplace Takeout,,Dispatch,,,
PXW-F2W,Baptist Oncology Hematology,2400 Eastpoint Pkwy Suite 310,Louisville,KY,40223,3,Landis,Wild Eggs #3 (Landis),03/13/2025 8:15 AM,03/10/2025 8:47 AM,$515.00 ,$0.00 ,$35.00 ,($82.50),$33.00 ,($33.00),$0.00 ,($17.43),$0.00 ,$0.00 ,0,-20.6,0,429.47,Completed,ach,Marketplace Delivery,,Ally Kennedy,,,
ZJU-P0C,U of L Oncology,529 S Jackson St Third Floor Break Room,Louisville,KY,40202,4,Mercantile,Wild Eggs #4 (Mercantile),03/13/2025 8:30 AM,03/11/2025 11:53 AM,$554.00 ,$0.00 ,$35.00 ,($88.35),$35.34 ,($35.34),$30.00 ,($18.67),$0.00 ,$0.00 ,0,0,0,511.98,Completed,ach,Marketplace Delivery,,Mikey  Thomas ,,,
WVX-8UH,API Innovation Center,20 S Sarah St,St. Louis,MO,63108,,Lindell/SLU,CBW- Crazy Bowls and Wraps (Lindell/SLU),03/13/2025 10:32 AM,03/06/2025 12:04 PM,$184.95 ,$0.00 ,$20.00 ,($30.74),$24.37 ,$0.00 ,$0.00 ,($6.86),$0.00 ,$0.00 ,-30,0,-9.25,152.47,Completed,ach,Marketplace Takeout,,Dispatch,,,
GW4-TGQ,Washington University Medical Campus - UHSP,2 Pharmacy Pl,St. Louis,MO,63110,,Lindell/SLU,CBW- Crazy Bowls and Wraps (Lindell/SLU),03/13/2025 10:40 AM,03/12/2025 11:41 AM,$142.55 ,$0.00 ,$20.00 ,($24.38),$0.00 ,$0.00 ,$0.00 ,($4.86),$0.00 ,$0.00 ,-30,0,-7.13,96.18,Completed,ach,Marketplace Takeout,,Dispatch,,,
6YG-M3Z,"UniGroup, Inc.",1 Premier Dr,Fenton,MO,63026,,Sunset Hills,CBW- Crazy Bowls and Wraps (Sunset Hills),03/13/2025 10:57 AM,03/12/2025 4:10 PM,$168.21 ,$0.00 ,$20.00 ,($28.23),$13.02 ,$0.00 ,$0.00 ,($6.02),$0.00 ,$0.00 ,-30,0,-8.41,128.57,Completed,ach,Marketplace Takeout,,Dispatch,,,
F72-16P,CancerCare Specialist,321 Regency Park,O'Fallon,IL,62269,,Shiloh,CBW- Crazy Bowls and Wraps (Shiloh),03/13/2025 11:04 AM,03/12/2025 2:12 PM,$710.15 ,$0.00 ,$20.00 ,($109.52),$59.30 ,($59.30),$0.00 ,($23.60),$0.00 ,$0.00 ,-71.02,0,-35.51,490.5,Completed,ach,Marketplace Takeout,,Dispatch,,,
GZK-EGV,Bjc primary care,2630 State Hwy K,O'Fallon,MO,63368,,O'Fallon,CBW- Crazy Bowls and Wraps (O'Fallon),03/13/2025 11:06 AM,03/12/2025 3:46 PM,$232.00 ,$0.00 ,$20.00 ,($37.80),$20.76 ,$0.00 ,$0.00 ,($8.16),$0.00 ,$0.00 ,-30,0,-11.6,185.2,Completed,ach,Marketplace Takeout,,Dispatch,,,
U0Q-CAW,Lemonaid Pharmacy,1701 Macklind Ave Suite 300,St. Louis,MO,63110,,West Oak,CBW- Crazy Bowls and Wraps (West Oak),03/13/2025 11:15 AM,03/02/2025 11:32 PM,$214.10 ,$0.00 ,$25.00 ,($32.11),$19.24 ,$0.00 ,$21.41 ,($7.72),$0.00 ,$0.00 ,0,0,0,239.92,Completed,ach,Meal Program,,,,,
0W9-TKR,FORVIS MAZARS,211 N Broadway SUITE 600,St. Louis,MO,63102,,Lindell/SLU,CBW- Crazy Bowls and Wraps (Lindell/SLU),03/13/2025 5:02 PM,03/12/2025 9:23 AM,$197.00 ,$0.00 ,$20.00 ,($32.55),$25.96 ,$0.00 ,$0.00 ,($7.26),$0.00 ,$0.00 ,-30,0,-9.85,163.3,Completed,ach,Marketplace Takeout,,Dispatch,,,
J2C-367,Family Dermatology,2307 Greene Way Back Door,Louisville,KY,40220,12,Jtown,Wild Eggs #12 (Jtown),03/14/2025 7:45 AM,03/11/2025 11:22 AM,$176.00 ,$0.00 ,$35.00 ,($31.65),$12.66 ,($12.66),$17.60 ,($6.69),$0.00 ,$0.00 ,0,-7.04,0,183.22,Completed,ach,Marketplace Delivery,,Jeff Pottinger ,,,
VA8-8AZ,Med Center Health Hematology and Oncology,350 Park St 106,Bowling Green,KY,42101,14,Bowling Green,Wild Eggs #14 (Bowling Green),03/14/2025 8:00 AM,03/12/2025 10:57 PM,$249.00 ,$0.00 ,$35.00 ,($42.60),$17.04 ,($17.04),$10.00 ,($9.00),$0.00 ,$0.00 ,0,0,0,242.4,Completed,ach,Marketplace Delivery,,Mariah Thomas,,,
87G-ZFE,BJC Medical Group at St. Peters,201 Bjc-Saint Peters Dr building C (3) suite 200,St. Peters,MO,63376,,Lindenwood,CBW- Crazy Bowls and Wraps (Lindenwood),03/14/2025 10:45 AM,03/07/2025 3:09 PM,$519.11 ,$0.00 ,$20.00 ,($80.87),$51.65 ,$0.00 ,$0.00 ,($17.66),$0.00 ,$0.00 ,-51.91,0,-25.96,414.36,Completed,ach,Marketplace Takeout,,Dispatch,,,
9FQ-MTA,BJC OB-GYN,1414 Cross St 240,Shiloh,IL,62269,,Shiloh,CBW- Crazy Bowls and Wraps (Shiloh),03/14/2025 11:04 AM,03/12/2025 8:17 PM,$406.75 ,$0.00 ,$20.00 ,($29.87),$33.96 ,($33.96),$0.00 ,($13.78),$0.00 ,$0.00 ,-40.68,0,0,342.42,Completed,ach,ezOrdering Takeout,,Dispatch,,,
3VV-PYC,Missouri Baptist Medical Center,3015 N Ballas Rd Lean Briefing Room,St. Louis,MO,63131,,West Oak,CBW- Crazy Bowls and Wraps (West Oak),03/14/2025 11:17 AM,03/13/2025 5:23 PM,$360.75 ,$0.00 ,$20.00 ,($57.11),$0.00 ,$0.00 ,$0.00 ,($11.38),$0.00 ,$0.00 ,-36.08,0,-18.04,258.14,Completed,ach,Marketplace Takeout,,Dispatch,,,
228-Z5P,"Rosenblum Goldenhersh, PC",7733 Forsyth Blvd Suite 400,Clayton,MO,63105,,Forsyth/Clayton,CBW- Crazy Bowls and Wraps (Forsyth/Clayton),03/14/2025 11:24 AM,02/27/2025 10:08 AM,$360.00 ,$0.00 ,$20.00 ,($57.00),$36.86 ,$0.00 ,$0.00 ,($12.46),$0.00 ,$0.00 ,-36,0,-18,293.4,Completed,ach,Marketplace Takeout,,Dispatch,,,
0M4-7J8,Silverback Brentwood Studios,1034 S Brentwood Blvd,Richmond Heights,MO,63117,,West Oak,CBW- Crazy Bowls and Wraps (West Oak),03/15/2025 10:00 AM,03/15/2025 8:15 AM,$246.70 ,$0.00 ,$20.00 ,($40.01),$0.00 ,$0.00 ,$0.00 ,($7.97),$0.00 ,$0.00 ,-30,-4.93,-12.34,171.45,Completed,ach,Marketplace Takeout,,Dispatch,,,
91P-5TU,The Crossing Church at Fenton,1800 Bowles Ave,Fenton,MO,63026,,Sunset Hills,CBW- Crazy Bowls and Wraps (Sunset Hills),03/15/2025 10:52 AM,03/14/2025 1:55 PM,$147.00 ,$0.00 ,$20.00 ,($25.05),$0.00 ,$0.00 ,$0.00 ,($4.99),$0.00 ,$0.00 ,-30,-2.94,-7.35,96.67,Completed,ach,Marketplace Takeout,,Dispatch,,,
ZT2-403,Traders Point Christian Church - Production,12648 E 116th St,Fishers,IN,46037,7,Fishers,Wild Eggs #07 (Fishers),03/16/2025 8:00 AM,03/13/2025 11:48 AM,$191.00 ,$0.00 ,$35.00 ,($33.90),$0.00 ,$0.00 ,$28.65 ,($6.76),$0.00 ,$0.00 ,0,-7.64,0,206.35,Completed,ach,Marketplace Delivery,,Carmen Sanchez,,,
3MG-WQR,Racing Louisville FC,801 Edith Rd,Louisville,KY,40206,4,Mercantile,Wild Eggs #4 (Mercantile),03/16/2025 8:00 AM,03/14/2025 10:52 AM,$542.00 ,$0.00 ,$35.00 ,($86.55),$34.62 ,($34.62),$25.00 ,($18.29),$0.00 ,$0.00 ,0,-10.84,0,486.32,Completed,ach,Marketplace Delivery,,Mikey  Thomas ,,,
MY3-GY6,Traders Point Christian Church,2002 Stafford Rd,Plainfield,IN,46168,15,Avon,Wild Eggs #15 (Avon),03/16/2025 8:30 AM,03/12/2025 2:50 PM,$126.00 ,$0.00 ,$35.00 ,($24.15),$0.00 ,$0.00 ,$0.00 ,($4.81),$0.00 ,$0.00 ,0,0,0,132.04,Completed,ach,Marketplace Delivery,,Camara Young,,,
ZGU-0XG,America's Center Convention Complex,701 Convention Plaza,St. Louis,MO,63101,,Lindell/SLU,CBW- Crazy Bowls and Wraps (Lindell/SLU),03/16/2025 10:04 AM,03/10/2025 11:44 AM,$208.03 ,$0.00 ,$20.00 ,($34.20),$27.42 ,$0.00 ,$0.00 ,($7.64),$0.00 ,$0.00 ,-30,0,-10.4,173.21,Completed,ach,Marketplace Takeout,,Dispatch,,,
27H-U5W,World Chess Hall of Fame - Chester,4652 Maryland Ave,St. Louis,MO,63108,,Lindell/SLU,CBW- Crazy Bowls and Wraps (Lindell/SLU),03/16/2025 10:35 AM,03/06/2025 5:51 PM,$361.75 ,$0.00 ,$20.00 ,($57.26),$0.00 ,$0.00 ,$0.00 ,($11.41),$0.00 ,$0.00 ,-36.18,0,-18.09,258.81,Completed,ach,Marketplace Takeout,,Dispatch,,,
7HQ-C44,Insperity,3 Cityplace Dr,Creve Coeur,MO,63141,,West Oak,CBW- Crazy Bowls and Wraps (West Oak),03/17/2025 11:11 AM,03/16/2025 4:54 PM,$167.30 ,$0.00 ,$20.00 ,($28.10),$15.04 ,$0.00 ,$0.00 ,($6.05),$0.00 ,$0.00 ,-30,-3.35,-8.37,126.47,Completed,ach,Marketplace Takeout,,Dispatch,,,
HH3-2P7,BJCMG Cardiology Wentzville - Metro Heart Group,1520 Wentzville Pkwy,Wentzville,MO,63385,,Wentzville,CBW- Crazy Bowls and Wraps (Wentzville),03/17/2025 11:25 AM,03/16/2025 11:50 AM,$362.10 ,$0.00 ,$20.00 ,($57.32),$37.84 ,$0.00 ,$0.00 ,($12.56),$0.00 ,$0.00 ,-36.21,-7.24,0,306.61,Completed,ach,Marketplace Takeout,,Dispatch,,,
YC2-THP,ATI Restoration,13586 NW Industrial Dr,Bridgeton,MO,63044,,Lindenwood,CBW- Crazy Bowls and Wraps (Lindenwood),03/17/2025 11:34 AM,03/14/2025 4:51 PM,$92.70 ,$0.00 ,$20.00 ,($16.91),$9.22 ,$0.00 ,$0.00 ,($3.65),$0.00 ,$0.00 ,-30,-1.85,-4.64,64.87,Completed,ach,Marketplace Takeout,,Dispatch,,,
CMG-VXJ,Dr. Forest Kuhn,3900 Dupont Square N A,Louisville,KY,40207,1,Dupont,Wild Eggs #1 (Dupont),03/18/2025 7:30 AM,03/17/2025 10:31 AM,$160.00 ,$0.00 ,$35.00 ,($29.25),$11.70 ,($11.70),$0.00 ,($6.18),$0.00 ,$0.00 ,0,-6.4,0,153.17,Completed,ach,Marketplace Delivery,,Carmen E,,,
XP1-3Z5,Baptist Health Medical Group,12101 Shelbyville Rd Ste 400,Middletown,KY,40243,3,Landis,Wild Eggs #3 (Landis),03/18/2025 8:15 AM,03/17/2025 8:40 AM,$153.00 ,$0.00 ,$35.00 ,($28.20),$11.28 ,($11.28),$10.00 ,($5.96),$0.00 ,$0.00 ,0,-6.12,0,157.72,Completed,ach,Marketplace Delivery,,Ally Kennedy,,,
77M-WXW,Spectrum/Charter Communications,13736 Riverport Dr 5th floor ; Training Room #1,Maryland Heights,MO,63043,,Lindenwood,CBW- Crazy Bowls and Wraps (Lindenwood),03/18/2025 10:43 AM,03/12/2025 12:44 PM,"$1,421.00 ",$0.00 ,$20.00 ,($216.15),$141.39 ,$0.00 ,$0.00 ,($47.31),$0.00 ,$0.00 ,-142.1,0,-71.05,1105.78,Completed,ach,Marketplace Takeout,,Dispatch,,,
YTA-J4F,Aspire Software,390 S Woods Mill Rd ste 200-2nd floor,Chesterfield,MO,63017,,West Oak,CBW- Crazy Bowls and Wraps (West Oak),03/18/2025 10:45 AM,03/11/2025 9:40 PM,$335.90 ,$0.00 ,$25.00 ,($50.39),$30.19 ,$0.00 ,$67.18 ,($11.69),$0.00 ,$0.00 ,0,0,0,396.19,Completed,ach,Meal Program,,,,,
7E2-49M,Core and Main,1830 Craig Park Ct.,St. Louis,MO,63146,,West Oak,CBW- Crazy Bowls and Wraps (West Oak),03/18/2025 11:17 AM,03/17/2025 1:58 PM,$710.25 ,$0.00 ,$20.00 ,($109.54),$63.84 ,$0.00 ,$0.00 ,($23.74),$0.00 ,$0.00 ,-71.02,-14.21,-35.51,540.07,Completed,ach,Marketplace Takeout,,Dispatch,,,
CHE-18A,Weissman Theatrical,6750 Manchester Ave,St. Louis,MO,63139,18,South City,CBW- Crazy Bowls and Wraps #18 (South City),03/18/2025 11:18 AM,03/13/2025 12:58 PM,$520.20 ,$0.00 ,$20.00 ,($81.03),$68.56 ,$0.00 ,$0.00 ,($18.20),$0.00 ,$0.00 ,-52.02,0,0,457.51,Completed,ach,Marketplace Takeout,,Dispatch,,,
ERK-GVW,SIHF Belleville,311 W Lincoln St Suite 200,Belleville,IL,62220,,Shiloh,CBW- Crazy Bowls and Wraps (Shiloh),03/18/2025 11:25 AM,03/17/2025 3:20 PM,$301.90 ,$0.00 ,$20.00 ,($48.29),$25.21 ,($25.21),$0.00 ,($10.38),$0.00 ,$0.00 ,-30.19,-6.04,-15.1,211.9,Completed,ach,Marketplace Takeout,,Dispatch,,,
3G2-MA8,Hunter Engineering,11250 Hunter Dr Building A,Bridgeton,MO,63044,,Lindenwood,CBW- Crazy Bowls and Wraps (Lindenwood),03/18/2025 11:44 AM,03/17/2025 9:39 AM,$360.00 ,$0.00 ,$20.00 ,($57.00),$35.82 ,$0.00 ,$0.00 ,($12.43),$0.00 ,$0.00 ,-36,-7.2,-18,285.19,Completed,ach,Marketplace Takeout,,Dispatch,,,
YR3-HJE,Chestnut Health Systems,2148 Vadalabene Dr,Maryville,IL,62062,,Edwardsville,CBW- Crazy Bowls and Wraps (Edwardsville),03/18/2025 12:00 PM,03/17/2025 9:55 AM,$329.70 ,$0.00 ,$0.00 ,($49.46),$28.35 ,($28.35),$0.00 ,($10.71),$0.00 ,$0.00 ,0,-6.59,-16.49,246.45,Completed,ach,Marketplace Takeout,,N/A,,,
HVF-MVW,First Urology,101 Hospital Blvd 2nd floor,Jeffersonville,IN,47130,4,Mercantile,Wild Eggs #4 (Mercantile),03/19/2025 8:00 AM,03/13/2025 8:56 AM,"$1,157.00 ",$0.00 ,$35.00 ,($178.80),$71.52 ,($71.52),$115.70 ,($37.78),$0.00 ,$0.00 ,0,0,0,1091.12,Completed,ach,Marketplace Delivery,,Mikey  Thomas ,,,
TMX-HZ1,Baptist Health Medical Group,10216 Taylorsville Rd Suite 400,Jeffersontown,KY,40299,12,Jtown,Wild Eggs #12 (Jtown),03/19/2025 8:00 AM,03/18/2025 1:11 PM,$223.00 ,$0.00 ,$35.00 ,($38.70),$15.48 ,($15.48),$0.00 ,($8.18),$0.00 ,$0.00 ,0,-8.92,0,202.2,Completed,ach,Marketplace Delivery,,Israel Luna,,,
FT6-CJZ,"STACK Construction Technologies, Inc.",9999 Carver Rd Suite 300 300,Cincinnati,OH,45242,8,Oakley,Wild Eggs #8 (Oakley),03/19/2025 11:30 AM,03/14/2025 3:53 PM,"$1,041.00 ",$0.00 ,$35.00 ,($161.40),$0.00 ,$0.00 ,$75.00 ,($32.17),$0.00 ,$0.00 ,0,-41.64,0,915.79,Completed,ach,Marketplace Delivery,,Monica Craig,,,
4UJ-C7C,FM,12645 Olive Blvd Suite 400,Creve Coeur,MO,63141,,West Oak,CBW- Crazy Bowls and Wraps (West Oak),03/19/2025 10:33 AM,03/14/2025 3:36 PM,$465.00 ,$0.00 ,$20.00 ,($72.75),$41.79 ,$0.00 ,$0.00 ,($15.75),$0.00 ,$0.00 ,-46.5,-9.3,-23.25,359.24,Completed,ach,Marketplace Takeout,,Dispatch,,,
PHU-2PU,Rabo Agrifinance,14767 N Outer 40 Rd Ste 400,Chesterfield,MO,63017,,Creve Coeur,CBW- Crazy Bowls and Wraps (Creve Coeur),03/19/2025 11:06 AM,03/18/2025 12:05 PM,$96.45 ,$0.00 ,$20.00 ,($8.15),$8.43 ,$0.00 ,$0.00 ,($3.73),$0.00 ,$0.00 ,-30,0,0,83,Completed,ach,ezOrdering Takeout,,Dispatch,,,
XYX-08X,Forefront Dermatology,130 Richardson Crossing,Arnold,MO,63010,,Tesson,CBW- Crazy Bowls and Wraps (Tesson),03/19/2025 11:06 AM,03/18/2025 6:45 PM,$167.99 ,$0.00 ,$20.00 ,($28.20),$13.00 ,$0.00 ,$0.00 ,($6.01),$0.00 ,$0.00 ,-30,-3.36,-8.4,125.02,Completed,ach,Marketplace Takeout,,Dispatch,,,
4XV-M3Z,Mercy Clinic Oncology and hematology,2227 Vadalabene Dr 200,Maryville,IL,62062,,Edwardsville,CBW- Crazy Bowls and Wraps (Edwardsville),03/19/2025 11:17 AM,03/17/2025 11:03 AM,$323.65 ,$0.00 ,$20.00 ,($51.55),$27.83 ,($27.83),$0.00 ,($11.11),$0.00 ,$0.00 ,-32.36,-6.47,-16.18,225.98,Completed,ach,Marketplace Takeout,,Dispatch,,,
VT3-4KA,Fabick Cat,1 Fabick Dr,Fenton,MO,63026,,Sunset Hills,CBW- Crazy Bowls and Wraps (Sunset Hills),03/19/2025 11:38 AM,03/14/2025 1:43 PM,$129.52 ,$0.00 ,$20.00 ,($22.43),$10.02 ,$0.00 ,$0.00 ,($4.77),$0.00 ,$0.00 ,-30,-2.59,-6.48,93.27,Completed,ach,Marketplace Takeout,,Dispatch,,,
ZK0-2E0,StriveTogether,125 E Ninth St 4th Floor,Cincinnati,OH,45202,9,Queen City Wild Eggs,Wild Eggs #9 (Queen City Wild Eggs),03/20/2025 8:00 AM,03/14/2025 12:59 PM,$293.00 ,$0.00 ,$35.00 ,($49.20),$0.00 ,$0.00 ,$29.30 ,($9.81),$0.00 ,$0.00 ,0,-5.86,0,292.43,Completed,ach,Marketplace Delivery,,Shirelle Bloom,,,
4C2-71Y,Tri Health OB/GYN,3715 Montgomery Rd,Cincinnati,OH,45207,8,Oakley,Wild Eggs #8 (Oakley),03/20/2025 8:45 AM,03/18/2025 3:47 PM,$179.00 ,$0.00 ,$35.00 ,($32.10),$0.00 ,$0.00 ,$15.00 ,($6.40),$0.00 ,$0.00 ,0,-7.16,0,183.34,Completed,ach,Marketplace Delivery,,Spencer Gamble,,,
0EM-TFW,Luminaut,702 N Capitol Ave,Indianapolis,IN,46204,6,Pulliam,Wild Eggs #6 (Pulliam),03/20/2025 9:00 AM,03/18/2025 10:02 PM,$128.00 ,$0.00 ,$35.00 ,($24.45),$14.67 ,($11.41),$19.20 ,($5.31),$0.00 ,$0.00 ,0,-2.56,0,153.14,Completed,ach,Marketplace Delivery,,Skylar Greene,,,
MCU-7TJ,AFB International,3 Research Park Dr,Lake Saint Louis,MO,63367,,O'Fallon,CBW- Crazy Bowls and Wraps (O'Fallon),03/20/2025 10:40 AM,03/06/2025 12:24 PM,$521.90 ,$0.00 ,$20.00 ,($81.29),$46.71 ,$0.00 ,$0.00 ,($17.60),$0.00 ,$0.00 ,-52.19,0,-26.1,411.43,Completed,ach,Marketplace Takeout,,Dispatch,,,
5Q6-UF2,Vodaland,3120 Riverport Tech Center Dr,Maryland Heights,MO,63043,,Lindenwood,CBW- Crazy Bowls and Wraps (Lindenwood),03/20/2025 10:50 AM,03/19/2025 4:48 PM,$226.85 ,$0.00 ,$20.00 ,($37.03),$22.57 ,$0.00 ,$0.00 ,($8.06),$0.00 ,$0.00 ,-30,-4.54,-11.34,178.45,Completed,ach,Marketplace Takeout,,Dispatch,,,
JFY-EYQ,FGM Architects,475 Regency Park Dr. Suite 325,O'Fallon,IL,62269,,Shiloh,CBW- Crazy Bowls and Wraps (Shiloh),03/20/2025 11:12 AM,03/19/2025 11:58 AM,$77.29 ,$0.00 ,$20.00 ,($14.59),$6.45 ,($6.45),$0.00 ,($3.10),$0.00 ,$0.00 ,-30,-1.55,-3.86,44.19,Completed,ach,Marketplace Takeout,,Dispatch,,,
H7Z-1U2,New City Presbyterian Church,4400 Floral Ave,Cincinnati,OH,45212,8,Oakley,Wild Eggs #8 (Oakley),03/21/2025 6:45 AM,03/19/2025 2:13 PM,$277.00 ,$0.00 ,$35.00 ,($46.80),$0.00 ,$0.00 ,$41.55 ,($9.33),$0.00 ,$0.00 ,0,-11.08,0,286.34,Completed,ach,Marketplace Delivery,,Monica Craig,,,
P7A-6QV,Monfort Heights Family Medicine,3310 Mercy Health Blvd Suite 340,Cincinnati,OH,45211,9,Queen City Wild Eggs,Wild Eggs #9 (Queen City Wild Eggs),03/21/2025 8:00 AM,03/20/2025 12:55 PM,$424.00 ,$0.00 ,$35.00 ,($68.85),$0.00 ,$0.00 ,$15.00 ,($13.72),$0.00 ,$0.00 ,0,-8.48,0,382.95,Completed,ach,Marketplace Delivery,,Mariah Imjalli,,,
61U-VXG,St. Louis Trust & Family Office,7701 Forsyth Blvd Suite 1100,Clayton,MO,63105,,Forsyth/Clayton,CBW- Crazy Bowls and Wraps (Forsyth/Clayton),03/21/2025 10:10 AM,03/18/2025 3:53 PM,$363.70 ,$0.00 ,$20.00 ,($26.86),$37.24 ,$0.00 ,$0.00 ,($12.59),$0.00 ,$0.00 ,-36.37,-7.27,-18.19,319.66,Completed,ach,Marketplace Takeout,,Dispatch,,,
6PX-15P,Mercy IM,12680 Olive Blvd Ste 100,St. Louis,MO,63141,,Creve Coeur,CBW- Crazy Bowls and Wraps (Creve Coeur),03/21/2025 11:20 AM,03/20/2025 12:44 PM,$378.00 ,$0.00 ,$20.00 ,($59.70),$33.03 ,$0.00 ,$0.00 ,($12.89),$0.00 ,$0.00 ,-37.8,0,0,320.64,Completed,ach,Marketplace Takeout,,Dispatch,,,
ZUC-3GU,Traders Point Christian Church - Production,12648 E 116th St,Fishers,IN,46037,7,Fishers,Wild Eggs #07 (Fishers),03/23/2025 8:00 AM,03/20/2025 3:51 PM,$191.00 ,$0.00 ,$35.00 ,($33.90),$0.00 ,$0.00 ,$28.65 ,($6.76),$0.00 ,$0.00 ,0,-7.64,0,206.35,Completed,ach,Marketplace Delivery,,Carmen Sanchez,,,
4P3-QYZ,Christ Hospital Physicians,2123 Auburn Ave 624 medical office building,Cincinnati,OH,45219,9,Queen City Wild Eggs,Wild Eggs #9 (Queen City Wild Eggs),03/24/2025 7:15 AM,03/21/2025 4:47 PM,$239.00 ,$0.00 ,$35.00 ,($41.10),$0.00 ,$0.00 ,$20.00 ,($8.19),$0.00 ,$0.00 ,0,-4.78,0,239.93,Completed,ach,Marketplace Delivery,,Shirelle Bloom,,,
VQK-AZM,STLCC & Silverback Brentwood Studios,1034 S Brentwood Blvd,Richmond Heights,MO,63117,,Creve Coeur,CBW- Crazy Bowls and Wraps (Creve Coeur),03/24/2025 9:55 AM,03/13/2025 9:55 PM,$291.45 ,$0.00 ,$20.00 ,($46.72),$0.00 ,$0.00 ,$0.00 ,($9.31),$0.00 ,$0.00 ,-30,0,0,225.42,Completed,ach,Marketplace Takeout,,Dispatch,,,
9J0-QT1,World Wide Technology,108 Gateway Commerce Center Dr N,Edwardsville,IL,62025,,Edwardsville,CBW- Crazy Bowls and Wraps (Edwardsville),03/24/2025 10:59 AM,03/22/2025 5:09 PM,$163.39 ,$0.00 ,$20.00 ,($27.51),$14.05 ,($14.05),$0.00 ,($5.90),$0.00 ,$0.00 ,-30,-3.27,-8.17,108.54,Completed,ach,Marketplace Takeout,,Dispatch,,,
AWZ-J63,Family health care center,4352 Manchester Ave,St. Louis,MO,63110,,Lindell/SLU,CBW- Crazy Bowls and Wraps (Lindell/SLU),03/24/2025 11:24 AM,03/21/2025 2:03 PM,$135.00 ,$0.00 ,$20.00 ,($23.25),$17.79 ,$0.00 ,$0.00 ,($5.17),$0.00 ,$0.00 ,-30,-2.7,-6.75,104.92,Completed,ach,Marketplace Takeout,tryagain20,Dispatch,,,
6GU-HM1,Burns & McDonnell,425 South Woods Mill Rd,Town and Country,MO,63017,,Manchester,CBW- Crazy Bowls and Wraps (Manchester),03/25/2025 10:13 AM,03/19/2025 4:42 PM,$392.20 ,$0.00 ,$20.00 ,($61.83),$34.27 ,$0.00 ,$0.00 ,($13.35),($24.00),$0.00 ,-39.22,-7.84,-19.61,280.62,Completed,ach,Marketplace Takeout,,Dispatch,,,
K0Q-PPV,Cardiac cath lab,1404 Cross St,Shiloh,IL,62269,,Shiloh,CBW- Crazy Bowls and Wraps (Shiloh),03/25/2025 10:36 AM,03/24/2025 7:46 PM,$254.40 ,$0.00 ,$20.00 ,($41.16),$21.24 ,($21.24),$0.00 ,($8.84),$0.00 ,$0.00 ,-30,-5.09,-12.72,176.59,Completed,ach,Marketplace Takeout,,Dispatch,,,
WUU-XWZ,Center For Career Engagement,6475 Forsyth Blvd. Danforth University Center Suite 110,St. Louis,MO,63105,,Forsyth/Clayton,CBW- Crazy Bowls and Wraps (Forsyth/Clayton),03/25/2025 2:25 PM,03/21/2025 4:41 PM,$80.65 ,$0.00 ,$20.00 ,($15.10),$8.26 ,$0.00 ,$0.00 ,($3.26),$0.00 ,$0.00 ,-30,-1.61,-4.03,54.91,Completed,ach,Marketplace Takeout,,Dispatch,,,
7M1-W7Q,JWM Neuro Clearvista,7250 Clearvista Dr 225,Indianapolis,IN,46256,5,Carmel,Wild Eggs #5 (Carmel),03/26/2025 7:30 AM,03/25/2025 1:15 PM,$238.00 ,$0.00 ,$35.00 ,($40.95),$24.57 ,($19.11),$23.80 ,($8.90),$0.00 ,$0.00 ,0,-9.52,0,242.89,Completed,ach,Marketplace Delivery,,Lesley Rodela,,,
0TV-6RG,Bogart's,2621 Vine St,Cincinnati,OH,45219,9,Queen City Wild Eggs,Wild Eggs #9 (Queen City Wild Eggs),03/26/2025 9:00 AM,03/23/2025 1:12 PM,$181.00 ,$0.00 ,$35.00 ,($32.40),$0.00 ,$0.00 ,$18.10 ,($6.46),$0.00 ,$0.00 ,0,-3.62,0,191.62,Completed,ach,Marketplace Delivery,,Mariah Imjalli,,,
PAM-UJU,Aspire Software,390 S Woods Mill Rd ste 200-2nd floor,Chesterfield,MO,63017,,West Oak,CBW- Crazy Bowls and Wraps (West Oak),03/26/2025 10:45 AM,03/16/2025 8:26 PM,$375.14 ,$0.00 ,$25.00 ,($56.27),$33.72 ,$0.00 ,$75.03 ,($12.97),$0.00 ,$0.00 ,0,0,0,439.65,Completed,ach,Meal Program,,,,,
PFK-ZZH,SIHF Healthcare,311 W Lincoln St 200,Belleville,IL,62220,,Shiloh,CBW- Crazy Bowls and Wraps (Shiloh),03/26/2025 10:57 AM,03/25/2025 3:12 PM,$296.82 ,$0.00 ,$20.00 ,($47.52),$24.78 ,($24.78),$0.00 ,($10.21),$0.00 ,$0.00 ,-30,-5.94,-14.84,208.31,Completed,ach,Marketplace Takeout,,Dispatch,,,
2HF-09A,Family Practice Belleville,4600 Memorial Dr Suite 400,Belleville,IL,62226,,Shiloh,CBW- Crazy Bowls and Wraps (Shiloh),03/26/2025 10:58 AM,03/20/2025 11:48 AM,$368.95 ,$0.00 ,$20.00 ,($58.34),$30.81 ,($30.81),$0.00 ,($12.55),$0.00 ,$0.00 ,-36.9,-7.38,-18.45,255.33,Completed,ach,Marketplace Takeout,,Dispatch,,,
YVH-VTU,BJC Edwardsville,2122 Troy Rd,Edwardsville,IL,62025,,Edwardsville,CBW- Crazy Bowls and Wraps (Edwardsville),03/26/2025 10:59 AM,03/24/2025 2:38 PM,$94.99 ,$0.00 ,$20.00 ,($17.25),$8.17 ,($8.17),$0.00 ,($3.68),$0.00 ,$0.00 ,-30,-1.9,-4.75,57.41,Completed,ach,Marketplace Takeout,,Dispatch,,,
CF1-FP4,BJC Wentzville,1520 Wentzville Pkwy,Wentzville,MO,63385,,Wentzville,CBW- Crazy Bowls and Wraps (Wentzville),03/26/2025 11:09 AM,03/25/2025 3:46 PM,$435.00 ,$0.00 ,$20.00 ,($68.25),$45.46 ,$0.00 ,$0.00 ,($14.96),$0.00 ,$0.00 ,-43.5,-8.7,0,365.05,Completed,ach,Marketplace Takeout,,Dispatch,,,
C4M-MXC,Faith Oakville,6101 Telegraph Rd,St. Louis,MO,63129,,Tesson,CBW- Crazy Bowls and Wraps (Tesson),03/26/2025 11:14 AM,03/25/2025 3:47 PM,$203.95 ,$0.00 ,$20.00 ,($33.59),$0.00 ,$0.00 ,$0.00 ,($6.70),$0.00 ,$0.00 ,-30,-4.08,-10.2,139.38,Completed,ach,Marketplace Takeout,,Dispatch,,,
5J5-5M7,Thompson Street Capital Partners,7676 Forsyth Blvd Suite 2700,Clayton,MO,63105,,Forsyth/Clayton,CBW- Crazy Bowls and Wraps (Forsyth/Clayton),03/26/2025 11:27 AM,03/25/2025 1:50 PM,$176.25 ,$0.00 ,$20.00 ,($13.74),$18.04 ,$0.00 ,$0.00 ,($6.41),$0.00 ,$0.00 ,-30,0,0,164.14,Completed,ach,ezOrdering Takeout,,Dispatch,,,
F8W-037,Dr. Vanina,1919 State St 248,New Albany,IN,47150,13,New Albany,Wild Eggs #13 (New Albany),03/27/2025 8:00 AM,03/25/2025 8:40 AM,$216.00 ,$0.00 ,$35.00 ,($37.65),$17.57 ,($17.57),$21.60 ,($8.03),$0.00 ,$0.00 ,0,-8.64,0,218.28,Completed,ach,Marketplace Delivery,,Kayla Elifrits,,,
KKH-19C,Hillvue Heights Church,3219 Nashville Rd,Bowling Green,KY,42101,14,Bowling Green,Wild Eggs #14 (Bowling Green),03/27/2025 8:00 AM,03/21/2025 9:38 AM,$305.00 ,$0.00 ,$35.00 ,($51.00),$20.40 ,($20.40),$0.00 ,($10.78),$0.00 ,$0.00 ,0,0,0,278.22,Completed,ach,Marketplace Delivery,,Caroline Witty,,,
A07-VHQ,Dr Alonso - neurology,3009 N Ballas Rd Suite 102 bldg B,St. Louis,MO,63131,,West Oak,CBW- Crazy Bowls and Wraps (West Oak),03/27/2025 11:02 AM,03/25/2025 8:34 AM,$316.20 ,$0.00 ,$20.00 ,($50.43),$28.42 ,$0.00 ,$0.00 ,($10.90),$0.00 ,$0.00 ,-31.62,-6.32,-15.81,249.54,Completed,ach,Marketplace Takeout,,Dispatch,,,
P03-TK1,Cancer Care Specialists,321 Regency Park,O'Fallon,IL,62269,,Shiloh,CBW- Crazy Bowls and Wraps (Shiloh),03/27/2025 11:05 AM,03/24/2025 12:52 PM,$578.50 ,$0.00 ,$20.00 ,($89.78),$48.30 ,($48.30),$0.00 ,($19.34),($18.00),$0.00 ,-57.85,-11.57,-28.93,373.03,Completed,ach,Marketplace Takeout,,Dispatch,,,
WG8-V5U,scott morrison,310 N 7 Hills Rd,O'Fallon,IL,62269,,Shiloh,CBW- Crazy Bowls and Wraps (Shiloh),03/28/2025 10:31 AM,03/27/2025 4:08 PM,$346.00 ,$0.00 ,$20.00 ,($54.90),$28.89 ,($28.89),$0.00 ,($11.81),$0.00 ,$0.00 ,-34.6,-6.92,-17.3,240.47,Completed,ach,Marketplace Takeout,,Dispatch,,,
89J-5CF,Fabick Cat,1 Fabick Dr,Fenton,MO,63026,,Sunset Hills,CBW- Crazy Bowls and Wraps (Sunset Hills),03/28/2025 10:35 AM,03/19/2025 10:35 AM,$242.85 ,$0.00 ,$20.00 ,($39.43),$18.79 ,$0.00 ,$0.00 ,($8.42),$0.00 ,$0.00 ,-30,-4.86,-12.14,186.79,Completed,ach,Marketplace Takeout,,Dispatch,,,
KA5-26Y,Sensient Colors LLC,2515 North Jefferson Ave,St. Louis,MO,63106,,Lindell/SLU,CBW- Crazy Bowls and Wraps (Lindell/SLU),03/28/2025 11:15 AM,02/28/2025 10:02 AM,$530.00 ,$0.00 ,$20.00 ,($82.50),$69.85 ,$0.00 ,$0.00 ,($18.53),$0.00 ,$0.00 ,-53,0,-26.5,439.32,Completed,ach,Marketplace Takeout,,Dispatch,,,
PGV-K5E,,,St. Louis,MO,,,Forsyth/Clayton,CBW- Crazy Bowls and Wraps (Forsyth/Clayton),03/28/2025 4:15 PM,03/25/2025 1:31 PM,$637.90 ,$0.00 ,$0.00 ,($44.65),$65.31 ,$0.00 ,$95.68 ,($21.03),$0.00 ,$0.00 ,0,0,0,733.21,Completed,ach,ezOrdering Takeout,,N/A,,,
KE9-ZMZ,Xavier Mens Soccer,3725 Victory Pkwy,Cincinnati,OH,45207,8,Oakley,Wild Eggs #8 (Oakley),03/29/2025 7:30 AM,03/25/2025 12:06 PM,$530.00 ,$0.00 ,$35.00 ,($84.75),$0.00 ,$0.00 ,$79.50 ,($16.89),$0.00 ,$0.00 ,0,-21.2,0,521.66,Completed,ach,Marketplace Delivery,,Spencer Gamble,,,
4K0-JVT,Dean Dorton,5975 Castle Creek Parkway Dr North 400,Indianapolis,IN,46250,7,Fishers,Wild Eggs #07 (Fishers),03/29/2025 7:45 AM,03/26/2025 4:10 PM,$314.00 ,$0.00 ,$35.00 ,($52.35),$31.41 ,($24.43),$62.80 ,($11.37),$0.00 ,$0.00 ,0,-12.56,0,342.5,Completed,ach,Marketplace Delivery,,Carmen Sanchez,,,
QV5-V6G,Planet Fitness Kueber Center,2432 S Floyd St,Louisville,KY,40209,4,Mercantile,Wild Eggs #4 (Mercantile),03/29/2025 8:15 AM,03/25/2025 10:01 AM,$713.00 ,$0.00 ,$35.00 ,($112.20),$0.00 ,$0.00 ,$75.00 ,($22.37),$0.00 ,$0.00 ,0,-14.26,0,674.17,Completed,ach,Marketplace Delivery,,Mikey  Thomas ,,,
54E-FPY,Traders Point Christian Church - Production,12648 E 116th St,Fishers,IN,46037,7,Fishers,Wild Eggs #07 (Fishers),03/30/2025 8:00 AM,03/27/2025 7:12 PM,$191.00 ,$0.00 ,$35.00 ,($33.90),$0.00 ,$0.00 ,$28.65 ,($6.76),$0.00 ,$0.00 ,0,-7.64,-5.73,200.62,Completed,ach,Marketplace Delivery,,Carmen Sanchez,,,
K28-H8R,Traders Point Christian Church,2350 E 62nd St,Indianapolis,IN,46220,6,Pulliam,Wild Eggs #6 (Pulliam),03/30/2025 8:30 AM,03/19/2025 2:54 PM,$181.00 ,$0.00 ,$35.00 ,($32.40),$0.00 ,$0.00 ,$18.10 ,($6.46),$0.00 ,$0.00 ,0,-3.62,0,191.62,Completed,ach,Marketplace Delivery,,Skylar Greene,,,
1YG-QQX,LC Rheumatology and Infusion,3897 Charlestown Rd,New Albany,IN,47150,11,Jeffersonville,Wild Eggs #11 (Jeffersonville),03/31/2025 7:30 AM,03/26/2025 4:18 PM,$449.00 ,$0.00 ,$35.00 ,($72.60),$33.88 ,($33.88),$65.00 ,($15.48),$0.00 ,$0.00 ,0,-17.96,0,442.96,Completed,ach,Marketplace Delivery,,Nadia Guzman,,,
VEQ-AKF,Impact Group,12977 N Forty Dr Ste 300,Creve Coeur,MO,63141,,West Oak,CBW- Crazy Bowls and Wraps (West Oak),03/31/2025 11:18 AM,03/27/2025 5:53 PM,$343.95 ,$0.00 ,$20.00 ,($54.59),$30.91 ,$0.00 ,$0.00 ,($11.81),$0.00 ,$0.00 ,-34.4,-6.88,-17.2,269.98,Completed,ach,Marketplace Takeout,,Dispatch,,,
676-EM7,Anheuser-Busch,2800 S 9th St,St. Louis,MO,63118,,Lindell/SLU,CBW- Crazy Bowls and Wraps (Lindell/SLU),03/31/2025 11:18 AM,03/27/2025 1:55 PM,$129.79 ,$0.00 ,$20.00 ,($22.47),$17.11 ,$0.00 ,$0.00 ,($4.99),$0.00 ,$0.00 ,-30,-2.6,-6.49,100.35,Completed,ach,Marketplace Takeout,,Dispatch,,,
ECQ-HM5,WashU School of Medicine: Couch Medical Research Building,"4515 McKinley Ave Dantas Lab: 5th Floor, Room 5313",St. Louis,MO,63110,,Lindell/SLU,CBW- Crazy Bowls and Wraps (Lindell/SLU),03/31/2025 11:36 AM,03/30/2025 1:39 PM,$152.98 ,$0.00 ,$20.00 ,($25.95),$0.00 ,$0.00 ,$0.00 ,($5.17),$0.00 ,$0.00 ,-30,-3.06,-7.65,101.15,Completed,ach,Marketplace Takeout,,Dispatch,,,
Z42-AH4,"Lakeview Farms, LLC",11500 Northlake Dr Suite 200,Cincinnati,OH,45249,8,Oakley,Wild Eggs #8 (Oakley),04/01/2025 7:00 AM,03/26/2025 12:43 PM,$238.00 ,$0.00 ,$35.00 ,($40.95),$0.00 ,$0.00 ,$35.70 ,($8.16),$0.00 ,$0.00 ,0,-9.52,0,250.07,Completed,ach,Marketplace Delivery,,Monica Craig,,,
16C-EWF,Louisville Gas & Electric,6900 Enterprise Dr,Louisville,KY,40214,4,Mercantile,Wild Eggs #4 (Mercantile),04/01/2025 8:00 AM,03/21/2025 11:49 AM,$529.00 ,$0.00 ,$35.00 ,($84.60),$33.84 ,($33.84),$79.35 ,($17.88),$0.00 ,$0.00 ,0,-10.58,0,530.29,Completed,ach,Marketplace Delivery,,Mikey  Thomas ,,,
6FW-HRK,Indiana Mad Ants Basketball,125 S Pennsylvania St,Indianapolis,IN,46204,6,Pulliam,Wild Eggs #6 (Pulliam),04/01/2025 9:30 AM,03/30/2025 9:02 AM,$558.00 ,$0.00 ,$35.00 ,($88.95),$53.37 ,($41.51),$55.80 ,($19.33),$0.00 ,$0.00 ,0,-11.16,-16.74,524.48,Completed,ach,Marketplace Delivery,,Skylar Greene,,,
7W3-YWR,Mercy south wound care center,12700 Southfork Rd 175,St. Louis,MO,63128,,Tesson,CBW- Crazy Bowls and Wraps (Tesson),04/01/2025 10:56 AM,03/28/2025 3:31 PM,$190.45 ,$0.00 ,$20.00 ,($31.57),$14.74 ,$0.00 ,$0.00 ,($6.73),$0.00 ,$0.00 ,-30,-3.81,-9.52,143.56,Completed,ach,Marketplace Takeout,,Dispatch,,,
0K8-R9Q,Dr wade sihf,311 W Lincoln St,Belleville,IL,62220,,Shiloh,CBW- Crazy Bowls and Wraps (Shiloh),04/01/2025 11:13 AM,03/31/2025 1:43 PM,$304.50 ,$0.00 ,$20.00 ,($48.68),$25.43 ,($25.43),$0.00 ,($10.46),$0.00 ,$0.00 ,-30.45,-6.09,-15.23,213.59,Completed,ach,Marketplace Takeout,,Dispatch,,,
3UC-UWG,Perimeter Solutions,8000 Maryland Ave Suite 350,Clayton,MO,63105,,Forsyth/Clayton,CBW- Crazy Bowls and Wraps (Forsyth/Clayton),04/01/2025 11:24 AM,03/31/2025 2:47 PM,$245.82 ,$0.00 ,$20.00 ,($39.87),$25.17 ,$0.00 ,$0.00 ,($8.70),$0.00 ,$0.00 ,-30,-4.92,-12.29,195.21,Completed,ach,Marketplace Takeout,,Dispatch,,,
W75-JEG,,,St. Louis,MO,,,Lindell/SLU,CBW- Crazy Bowls and Wraps (Lindell/SLU),04/01/2025 4:30 PM,03/31/2025 1:57 PM,$478.08 ,$0.00 ,$0.00 ,($71.71),$0.00 ,$0.00 ,$0.00 ,($14.29),$0.00 ,$0.00 ,0,-9.56,-23.9,358.62,Completed,ach,Marketplace Takeout,,N/A,,,
WGT-GMT,The Christ Hospital,4803 Montgomery Rd Ste 114,Norwood,OH,45212,8,Oakley,Wild Eggs #8 (Oakley),04/02/2025 8:15 AM,04/01/2025 11:40 AM,$223.00 ,$0.00 ,$35.00 ,($38.70),$0.00 ,$0.00 ,$15.00 ,($7.71),$0.00 ,$0.00 ,0,-8.92,0,217.67,Completed,ach,Marketplace Delivery,,Spencer Gamble,,,
CTY-TGE,Barnes Jewish,1 Barnes Jewish Hospital Plaza,St. Louis,MO,63110,,Lindell/SLU,CBW- Crazy Bowls and Wraps (Lindell/SLU),04/02/2025 10:49 AM,03/14/2025 3:48 PM,$266.10 ,$0.00 ,$20.00 ,($42.92),$35.07 ,$0.00 ,$0.00 ,($9.60),$0.00 ,$0.00 ,-30,-5.32,-13.31,220.02,Completed,ach,Marketplace Takeout,,Dispatch,,,
2V2-J59,Washington Unviersity,One Brookings Dr Knight Hall intersection of Throop & Snow Way next to Charles F Knight Center,St. Louis,MO,63130,,Forsyth/Clayton,CBW- Crazy Bowls and Wraps (Forsyth/Clayton),04/02/2025 10:53 AM,03/31/2025 3:09 PM,$214.45 ,$0.00 ,$20.00 ,($35.17),$0.00 ,$0.00 ,$0.00 ,($7.01),$0.00 ,$0.00 ,-30,-4.29,-10.72,147.26,Completed,ach,Marketplace Takeout,,Dispatch,,,
23C-Q4M,Center for Advanced Medicine,4921 Parkview Pl,St. Louis,MO,63110,,Lindell/SLU,CBW- Crazy Bowls and Wraps (Lindell/SLU),04/02/2025 11:06 AM,03/14/2025 3:37 PM,$207.10 ,$0.00 ,$20.00 ,($34.07),$27.29 ,$0.00 ,$0.00 ,($7.61),$0.00 ,$0.00 ,-30,-4.14,-10.36,168.21,Completed,ach,Marketplace Takeout,,Dispatch,,,
01F-479,Bowling Green Hot Rods Clubhouse,300 E 8th Ave,Bowling Green,KY,42101,14,Bowling Green,Wild Eggs #14 (Bowling Green),04/03/2025 8:00 AM,04/01/2025 4:58 PM,$846.00 ,$0.00 ,$35.00 ,($132.15),$52.86 ,($52.86),$25.00 ,($27.92),$0.00 ,$0.00 ,0,0,0,745.93,Completed,ach,Marketplace Delivery,,Shamaree Lee,,,
G96-4FR,Sysco Foods,3850 Mueller Rd,Saint Charles,MO,63301,,Lindenwood,CBW- Crazy Bowls and Wraps (Lindenwood),04/03/2025 10:32 AM,04/01/2025 11:45 AM,$309.00 ,$0.00 ,$20.00 ,($23.03),$30.75 ,$0.00 ,$0.00 ,($10.76),$0.00 ,$0.00 ,-30.9,0,0,295.06,Completed,ach,ezOrdering Takeout,,Dispatch,,,
FFA-AQT,Curium,2703 Wagner Pl,Maryland Heights,MO,63043,,West Oak,CBW- Crazy Bowls and Wraps (West Oak),04/03/2025 11:16 AM,04/02/2025 12:49 PM,$216.75 ,$0.00 ,$20.00 ,($35.51),$19.48 ,$0.00 ,$0.00 ,($7.66),$0.00 ,$0.00 ,-30,-4.34,-10.84,167.88,Completed,ach,Marketplace Takeout,,Dispatch,,,
GGW-4JU,ATB Technologies,14567 N Outer 40 Rd suite 525,Chesterfield,MO,63017,,West Oak,CBW- Crazy Bowls and Wraps (West Oak),04/04/2025 11:45 AM,03/20/2025 9:17 AM,$221.13 ,$0.00 ,$25.00 ,($33.17),$19.88 ,$0.00 ,$22.11 ,($7.95),$0.00 ,$0.00 ,0,0,0,247,Completed,ach,Meal Program,,,,,
KJV-5EA,Lynn Family Stadium,1201 Franklin St.,Louisville,KY,40206,4,Mercantile,Wild Eggs #4 (Mercantile),04/06/2025 7:45 AM,04/03/2025 10:26 AM,$379.00 ,$0.00 ,$35.00 ,($62.10),$24.84 ,($24.84),$25.00 ,($13.12),$0.00 ,$0.00 ,0,-7.58,0,356.2,Completed,ach,Marketplace Delivery,,Mikey  Thomas ,,,
KV8-VKC,Fifth Third Bank,38 Fountain Sq Plz,Cincinnati,OH,45202,9,Queen City Wild Eggs,Wild Eggs #9 (Queen City Wild Eggs),04/07/2025 7:45 AM,04/02/2025 3:56 PM,$245.00 ,$0.00 ,$35.00 ,($42.00),$0.00 ,$0.00 ,$49.00 ,($8.37),$0.00 ,$0.00 ,0,-4.9,0,273.73,Completed,ach,Marketplace Delivery,,Shirelle Bloom,,,
T7R-J7H,Distinctive Dermatology,390 Office Ct,Fairview Heights,IL,62208,,Shiloh,CBW- Crazy Bowls and Wraps (Shiloh),04/07/2025 10:32 AM,03/14/2025 7:38 AM,$469.95 ,$0.00 ,$20.00 ,($73.49),$39.24 ,($39.24),$0.00 ,($15.82),$0.00 ,$0.00 ,-47,0,-23.5,330.14,Completed,ach,Marketplace Takeout,march500,Dispatch,,,
79K-PEV,"Cancer center, 2nd floor",10050 Kennerly Rd,Sappington,MO,63128,,Tesson,CBW- Crazy Bowls and Wraps (Tesson),04/07/2025 10:50 AM,03/27/2025 1:51 PM,$537.01 ,$0.00 ,$20.00 ,($83.55),$41.55 ,$0.00 ,$0.00 ,($17.90),$0.00 ,$0.00 ,-53.7,-10.74,-26.85,405.82,Completed,ach,Marketplace Takeout,,Dispatch,,,
81G-06T,University Club Medical,1520 S Brentwood Blvd,Brentwood,MO,63144,,Rock Hill/Glendale,CBW- Crazy Bowls and Wraps (Rock Hill/Glendale),04/07/2025 11:07 AM,04/04/2025 2:31 PM,$260.10 ,$0.00 ,$20.00 ,($42.02),$24.03 ,$0.00 ,$0.00 ,($9.09),$0.00 ,$0.00 ,-30,-5.2,-13.01,204.81,Completed,ach,Marketplace Takeout,,Dispatch,,,
0T4-R9K,Washington University,4939 Children's Place 9th Floor,St. Louis,MO,63110,,Lindell/SLU,CBW- Crazy Bowls and Wraps (Lindell/SLU),04/07/2025 11:18 AM,04/02/2025 11:37 AM,$377.50 ,$0.00 ,$20.00 ,($59.63),$0.00 ,$0.00 ,$0.00 ,($11.89),$0.00 ,$0.00 ,-37.75,-7.55,-18.88,261.8,Completed,ach,Marketplace Takeout,,Dispatch,,,
KF6-20J,METRO EAST DERMATOLOGY,331 Regency Park,O'Fallon,IL,62269,,Shiloh,CBW- Crazy Bowls and Wraps (Shiloh),04/07/2025 11:22 AM,04/04/2025 11:58 AM,$415.70 ,$0.00 ,$20.00 ,($30.50),$34.71 ,($34.71),$0.00 ,($14.07),$0.00 ,$0.00 ,-41.57,0,0,349.56,Completed,ach,ezOrdering Takeout,,Dispatch,,,
Z3X-5XE,KCC R&D Center,715 Innovation Way Suite 101,Simpsonville,KY,40067,12,Jtown,Wild Eggs #12 (Jtown),04/08/2025 6:30 AM,04/02/2025 8:48 AM,$560.00 ,$0.00 ,$35.00 ,($89.25),$35.70 ,($35.70),$56.00 ,($18.86),$0.00 ,$0.00 ,0,-22.4,0,520.49,Completed,ach,Marketplace Delivery,,Israel Luna,,,
7U1-A35,Clayton Police Department,10 S Brentwood Blvd,Clayton,MO,63105,,Forsyth/Clayton,CBW- Crazy Bowls and Wraps (Forsyth/Clayton),04/08/2025 9:50 AM,04/02/2025 10:35 AM,$628.18 ,$0.00 ,$20.00 ,($97.23),$64.31 ,$0.00 ,$0.00 ,($21.30),$0.00 ,$0.00 ,-62.82,-12.56,-31.41,487.17,Completed,ach,Marketplace Takeout,,Dispatch,,,
4AU-8GM,TREX,911 Washington Ave Suite 500,St. Louis,MO,63101,,Lindell/SLU,CBW- Crazy Bowls and Wraps (Lindell/SLU),04/08/2025 10:35 AM,04/04/2025 10:26 AM,$140.20 ,$0.00 ,$20.00 ,($24.03),$18.48 ,$0.00 ,$0.00 ,($5.34),$0.00 ,$0.00 ,-30,-2.8,-7.01,109.5,Completed,ach,Marketplace Takeout,,Dispatch,,,
QYQ-JZY,Associated Couriers,4806 Trade Access Blvd Ste 100 100,Hazelwood,MO,63042,,Lindenwood,CBW- Crazy Bowls and Wraps (Lindenwood),04/08/2025 10:57 AM,04/04/2025 2:38 PM,$514.50 ,$0.00 ,$20.00 ,($80.18),$51.19 ,$0.00 ,$0.00 ,($17.51),$0.00 ,$0.00 ,-51.45,-10.29,-25.73,400.53,Completed,ach,Marketplace Takeout,,Dispatch,,,
F1E-3QT,University of Louisville,530 S Jackson St Cath Lab,Louisville,KY,40202,4,Mercantile,Wild Eggs #4 (Mercantile),04/09/2025 6:45 AM,04/06/2025 7:45 AM,$267.00 ,$0.00 ,$35.00 ,($45.30),$18.12 ,($18.12),$20.00 ,($9.57),$0.00 ,$0.00 ,0,-5.34,0,261.79,Completed,ach,Marketplace Delivery,,Mikey  Thomas ,,,
VUK-7Z4,Courtyard Louisville Downtown,"100 S 2nd St Commonwealth Conference Room, 1st floor",Louisville,KY,40202,4,Mercantile,Wild Eggs #4 (Mercantile),04/09/2025 7:45 AM,04/04/2025 12:24 PM,$487.00 ,$0.00 ,$35.00 ,($78.30),$31.32 ,($31.32),$73.05 ,($16.54),$0.00 ,$0.00 ,0,-9.74,0,490.47,Completed,ach,Marketplace Delivery,,Mikey  Thomas ,,,
7Y7-W2Q,Planet Fitness Kueber Center,2432 S Floyd St,Louisville,KY,40209,4,Mercantile,Wild Eggs #4 (Mercantile),04/09/2025 8:15 AM,04/04/2025 2:26 PM,$527.00 ,$0.00 ,$35.00 ,($84.30),$0.00 ,$0.00 ,$60.00 ,($16.80),$0.00 ,$0.00 ,0,-10.54,0,510.36,Completed,ach,Marketplace Delivery,,Mikey  Thomas ,,,
Y8W-QPQ,,,Manchester,MO,63021,,Manchester,CBW- Crazy Bowls and Wraps (Manchester),04/09/2025 11:30 AM,04/07/2025 1:24 PM,$173.20 ,$0.00 ,$0.00 ,($25.98),$15.13 ,$0.00 ,$0.00 ,($5.63),$0.00 ,$0.00 ,0,-3.46,-8.66,144.6,Completed,ach,Marketplace Takeout,,N/A,,,
ZF7-G4U,Weissman,6750 Manchester Ave,St. Louis,MO,63139,,Rock Hill/Glendale,CBW- Crazy Bowls and Wraps (Rock Hill/Glendale),04/10/2025 8:02 AM,04/04/2025 12:46 PM,$187.50 ,$0.00 ,$20.00 ,($14.53),$17.32 ,$0.00 ,$0.00 ,($6.72),$0.00 ,$0.00 ,-30,0,0,173.57,Completed,ach,ezOrdering Takeout,,Dispatch,,,
322-14E,Aspire Software,390 S Woods Mill Rd ste 200-2nd floor,Chesterfield,MO,63017,,West Oak,CBW- Crazy Bowls and Wraps (West Oak),04/10/2025 10:45 AM,03/26/2025 1:28 PM,$137.39 ,$0.00 ,$25.00 ,($20.61),$12.35 ,$0.00 ,$27.48 ,($5.22),$0.00 ,$0.00 ,0,0,0,176.39,Completed,ach,Meal Program,,,,,
ACQ-ART,Hunter Engineering - c/o Jim Tworek,11250 Hunter Dr,Bridgeton,MO,63044,,West Oak,CBW- Crazy Bowls and Wraps (West Oak),04/10/2025 11:13 AM,04/05/2025 1:41 PM,$308.70 ,$0.00 ,$20.00 ,($49.31),$27.75 ,$0.00 ,$0.00 ,($10.66),$0.00 ,$0.00 ,-30.87,-6.17,-15.44,244,Completed,ach,Marketplace Takeout,,Dispatch,,,
49Q-P0A,Sysco Foods,3850 Mueller Rd,Saint Charles,MO,63301,,Lindenwood,CBW- Crazy Bowls and Wraps (Lindenwood),04/10/2025 11:18 AM,04/09/2025 11:23 AM,$169.50 ,$0.00 ,$20.00 ,($13.27),$16.87 ,$0.00 ,$0.00 ,($6.17),$0.00 ,$0.00 ,-30,-3.39,-8.48,145.06,Completed,ach,Marketplace Takeout,,Dispatch,,,
W3W-X3U,Lynn Family Stadium,1201 Franklin St,Louisville,KY,40206,4,Mercantile,Wild Eggs #4 (Mercantile),04/11/2025 8:45 AM,04/08/2025 4:01 PM,$379.00 ,$0.00 ,$35.00 ,($62.10),$24.84 ,($24.84),$25.00 ,($13.12),$0.00 ,$0.00 ,0,-7.58,0,356.2,Completed,ach,Marketplace Delivery,,Mikey  Thomas ,,,
7H9-4W6,St Elizabeths cath lab and ep lab in hospital,1 St Elizabeth's Blvd Second floor,O'Fallon,IL,62269,,Shiloh,CBW- Crazy Bowls and Wraps (Shiloh),04/11/2025 10:35 AM,04/10/2025 1:46 PM,$577.00 ,$0.00 ,$20.00 ,($89.55),$48.18 ,($48.18),$0.00 ,($19.29),$0.00 ,$0.00 ,-57.7,-11.54,-28.85,390.07,Completed,ach,Marketplace Takeout,,Dispatch,,,
7A9-PWU,UMSL Recreation and Wellness Center,11 Arnold B Grobman Dr,St. Louis,MO,63121,,Forsyth/Clayton,CBW- Crazy Bowls and Wraps (Forsyth/Clayton),04/12/2025 10:17 AM,04/08/2025 9:26 AM,$97.49 ,$0.00 ,$20.00 ,($17.62),$9.98 ,$0.00 ,$0.00 ,($3.81),$0.00 ,$0.00 ,-30,-1.95,-4.87,69.22,Completed,ach,Marketplace Takeout,,Dispatch,,,
09E-Q7A,Korte Stadium,3345 Stadium Dr,Edwardsville,IL,62025,,Edwardsville,CBW- Crazy Bowls and Wraps (Edwardsville),04/12/2025 3:58 PM,04/11/2025 12:25 PM,$855.16 ,$0.00 ,$20.00 ,($131.27),$0.00 ,$0.00 ,$0.00 ,($26.17),$0.00 ,$0.00 ,-85.52,-17.1,-42.76,572.34,Completed,ach,Marketplace Takeout,,Dispatch,,,
8CG-FVZ,Lynn Family Stadium,1201 Franklin St,Louisville,KY,40206,4,Mercantile,Wild Eggs #4 (Mercantile),04/13/2025 8:15 AM,04/11/2025 10:58 AM,$379.00 ,$0.00 ,$35.00 ,($62.10),$24.84 ,($24.84),$25.00 ,($13.12),$0.00 ,$0.00 ,0,-7.58,0,356.2,Completed,ach,Marketplace Delivery,,Mikey Thomas,,,
V8U-UF8,Traders Point Christian Church,2350 E 62nd St,Indianapolis,IN,46220,6,Pulliam,Wild Eggs #6 (Pulliam),04/13/2025 8:30 AM,03/19/2025 2:57 PM,$226.00 ,$0.00 ,$35.00 ,($39.15),$0.00 ,$0.00 ,$22.60 ,($7.80),$0.00 ,$0.00 ,0,-4.52,0,232.13,Completed,ach,Marketplace Delivery,,Skylar Greene,,,
MT5-GJP,OnTarget CPA,101 W Ohio St 800,Indianapolis,IN,46204,6,Pulliam,Wild Eggs #6 (Pulliam),04/13/2025 10:45 AM,04/11/2025 5:23 PM,$323.00 ,$0.00 ,$35.00 ,($53.70),$32.22 ,($25.06),$20.00 ,($11.67),$0.00 ,$0.00 ,0,-6.46,-9.69,303.64,Completed,ach,Marketplace Delivery,,Skylar Greene,,,
KJK-JK6,Urology of STL,112 Piper Hill Dr Suite 12,St. Peters,MO,63376,,Lindenwood,CBW- Crazy Bowls and Wraps (Lindenwood),04/14/2025 11:03 AM,04/13/2025 7:55 PM,$191.25 ,$0.00 ,$20.00 ,($31.69),$19.03 ,$0.00 ,$0.00 ,($6.89),$0.00 ,$0.00 ,-30,-3.83,-9.56,148.31,Completed,ach,Marketplace Takeout,,Dispatch,,,
6CW-9R2,"Urology Specialists, Dr. Berni and Glaser",70 Jungermann Rd,St. Peters,MO,63376,,Lindenwood,CBW- Crazy Bowls and Wraps (Lindenwood),04/14/2025 11:20 AM,04/12/2025 10:54 PM,$152.10 ,$0.00 ,$20.00 ,($25.82),$15.13 ,$0.00 ,$0.00 ,($5.60),$0.00 ,$0.00 ,-30,-3.04,-7.61,115.16,Completed,ach,Marketplace Takeout,,Dispatch,,,
49V-9V0,Woodard & Curran,1520 South 5th St Suite 273,Saint Charles,MO,63303,,Lindenwood,CBW- Crazy Bowls and Wraps (Lindenwood),04/14/2025 11:36 AM,04/11/2025 1:11 PM,$217.50 ,$0.00 ,$20.00 ,($35.63),$21.64 ,$0.00 ,$0.00 ,($7.75),$0.00 ,$0.00 ,-30,-4.35,-10.88,170.53,Completed,ach,Marketplace Takeout,,Dispatch,,,
VJC-656,Louisville Paving and Construction,15415 Shelbyville Rd,Louisville,KY,40245,3,Landis,Wild Eggs #3 (Landis),04/15/2025 7:30 AM,04/14/2025 11:45 AM,$335.00 ,$0.00 ,$35.00 ,($55.50),$22.20 ,($22.20),$33.50 ,($11.73),$0.00 ,$0.00 ,0,-13.4,0,322.87,Completed,ach,Marketplace Delivery,,Ally Kennedy,,,
HW4-VXE,OMS Photo,1636 Chase Ave,Cincinnati,OH,45223,9,Queen City Wild Eggs,Wild Eggs #9 (Queen City Wild Eggs),04/15/2025 7:45 AM,04/11/2025 10:05 AM,$287.00 ,$0.00 ,$35.00 ,($48.30),$0.00 ,$0.00 ,$43.05 ,($9.63),$0.00 ,$0.00 ,0,-5.74,0,301.38,Completed,ach,Marketplace Delivery,,Mariah Imjalli,,,
29W-XCJ,Cincinnati Music Hall,1244 Central Pkwy 2nd Floor Ballroom,Cincinnati,OH,45202,9,Queen City Wild Eggs,Wild Eggs #9 (Queen City Wild Eggs),04/15/2025 8:00 AM,04/09/2025 11:47 AM,$354.00 ,$0.00 ,$35.00 ,($58.35),$2.81 ,($2.81),$70.80 ,($11.72),$0.00 ,$0.00 ,0,-7.08,0,382.65,Completed,ach,Marketplace Delivery,,Shirelle Bloom,,,
JGY-Y0Y,Houchens Insurance Group,1750 Scottsville Rd suite 4 Suite 4,Bowling Green,KY,42104,14,Bowling Green,Wild Eggs #14 (Bowling Green),04/15/2025 8:45 AM,04/14/2025 5:56 AM,$110.00 ,$0.00 ,$35.00 ,($21.75),$8.70 ,($8.70),$16.50 ,($4.60),$0.00 ,$0.00 ,0,0,0,135.15,Completed,ach,Marketplace Delivery,,Mariah Thomas,,,
A7J-9TX,Dr Pai,2810 Frank Scott Parkway West Suite 716,Belleville,IL,62223,,Shiloh,CBW- Crazy Bowls and Wraps (Shiloh),04/15/2025 10:27 AM,04/14/2025 3:44 PM,$382.83 ,$0.00 ,$20.00 ,($60.42),$31.97 ,($31.97),$0.00 ,($13.00),$0.00 ,$0.00 ,-38.28,-7.66,-19.14,264.33,Completed,ach,Marketplace Takeout,,Dispatch,,,
K4X-ZHH,Community South Pulmonary,1550 E County Line Rd suite 325,Indianapolis,IN,46227,16,Greenwood,Wild Eggs #16 (Greenwood),04/15/2025 11:30 AM,04/11/2025 2:06 PM,$184.00 ,$0.00 ,$35.00 ,($32.85),$17.52 ,($15.33),$15.00 ,($7.07),$0.00 ,$0.00 ,0,-3.68,-7.36,185.23,Completed,ach,Marketplace Delivery,,camara young,,,
7ZY-34A,Acera Surgical,1650 Des Peres Rd Suite 120,Des Peres,MO,63131,,West Oak,CBW- Crazy Bowls and Wraps (West Oak),04/15/2025 11:05 AM,04/14/2025 12:13 PM,$125.18 ,$0.00 ,$20.00 ,($21.78),$11.25 ,$0.00 ,$0.00 ,($4.68),$0.00 ,$0.00 ,-30,-2.5,-6.26,91.21,Completed,ach,Marketplace Takeout,,Dispatch,,,
3Q1-9CE,Anheuser-Busch,2800 S 9th St,St. Louis,MO,63118,,Lindell/SLU,CBW- Crazy Bowls and Wraps (Lindell/SLU),04/15/2025 11:10 AM,03/19/2025 11:04 AM,$380.32 ,$0.00 ,$20.00 ,($60.05),$50.12 ,$0.00 ,$0.00 ,($13.47),$0.00 ,$0.00 ,-38.03,-7.61,-19.02,312.26,Completed,ach,Marketplace Takeout,,Dispatch,,,
9WM-1RV,Lemonaid Pharmacy,1701 Macklind Ave Suite 300,St. Louis,MO,63110,,West Oak,CBW- Crazy Bowls and Wraps (West Oak),04/15/2025 11:15 AM,04/03/2025 12:30 PM,$235.29 ,$0.00 ,$25.00 ,($35.29),$21.15 ,$0.00 ,$23.53 ,($8.42),$0.00 ,$0.00 ,0,0,0,261.26,Completed,ach,Meal Program,,,,,
GE9-KG2,ISC,9777 Reavis Rd,Affton,MO,63123,,Tesson,CBW- Crazy Bowls and Wraps (Tesson),04/15/2025 11:19 AM,04/14/2025 12:28 PM,$142.53 ,$0.00 ,$20.00 ,($24.38),$11.03 ,$0.00 ,$0.00 ,($5.19),$0.00 ,$0.00 ,-30,-2.85,-7.13,104.01,Completed,ach,Marketplace Takeout,,Dispatch,,,
YKP-Q2Z,Utah Hockey Club,1401 Clark Ave,St. Louis,MO,63103,,Lindell/SLU,CBW- Crazy Bowls and Wraps (Lindell/SLU),04/15/2025 8:32 PM,04/14/2025 4:13 PM,$504.05 ,$0.00 ,$20.00 ,($78.61),$66.43 ,$0.00 ,$0.00 ,($17.66),$0.00 ,$0.00 ,-50.4,-10.08,-25.2,408.53,Completed,ach,Marketplace Takeout,,Dispatch,,,
XEA-M3V,St Elizabeth  Regional diabetes center,7388 Turfway Rd,Florence,KY,41042,9,Queen City Wild Eggs,Wild Eggs #9 (Queen City Wild Eggs),04/16/2025 7:15 AM,04/14/2025 11:51 AM,$126.00 ,$0.00 ,$35.00 ,($24.15),$0.00 ,$0.00 ,$18.90 ,($4.81),$0.00 ,$0.00 ,0,-2.52,0,148.42,Completed,ach,Marketplace Delivery,,Shirelle Bloom,,,
9FH-RFR,Racing Louisville FC,801 Edith Rd,Louisville,KY,40206,4,Mercantile,Wild Eggs #4 (Mercantile),04/16/2025 7:45 AM,04/14/2025 7:24 PM,$379.00 ,$0.00 ,$35.00 ,($62.10),$24.84 ,($24.84),$25.00 ,($13.12),$0.00 ,$0.00 ,0,-7.58,0,356.2,Completed,ach,Marketplace Delivery,,Mikey  Thomas ,,,
JJV-MX0,Crossroads Church,3500 Madison Rd,Cincinnati,OH,45209,8,Oakley,Wild Eggs #8 (Oakley),04/16/2025 9:00 AM,04/15/2025 11:29 AM,$312.00 ,$0.00 ,$35.00 ,($52.05),$0.00 ,$0.00 ,$31.20 ,($10.38),$0.00 ,$0.00 ,0,-12.48,0,303.29,Completed,ach,Marketplace Delivery,,jane sillett,,,
3ZH-8T7,Visiting Clubhouse - Houston Astros,430 South Seventh St,St. Louis,MO,63102,,Lindell/SLU,CBW- Crazy Bowls and Wraps (Lindell/SLU),04/16/2025 9:27 AM,04/09/2025 12:56 PM,$257.50 ,$0.00 ,$20.00 ,($41.63),$33.94 ,$0.00 ,$0.00 ,($9.31),$0.00 ,$0.00 ,-30,-5.15,-12.88,212.47,Completed,ach,Marketplace Takeout,,Dispatch,,,
GRE-UZ7,Microsoft Cortex,4220 Duncan Ave Suite 501,St. Louis,MO,63110,,Lindell/SLU,CBW- Crazy Bowls and Wraps (Lindell/SLU),04/16/2025 10:39 AM,04/10/2025 10:04 AM,$152.83 ,$0.00 ,$20.00 ,($25.92),$20.14 ,$0.00 ,$0.00 ,($5.77),$0.00 ,$0.00 ,-30,-3.06,-7.64,120.58,Completed,ach,Marketplace Takeout,,Dispatch,,,
PZR-G6E,World Wide Technology,3971 Lakeview Corporate Dr,Hartford,IL,62048,,Edwardsville,CBW- Crazy Bowls and Wraps (Edwardsville),04/16/2025 10:54 AM,04/11/2025 12:42 PM,$507.23 ,$0.00 ,$20.00 ,($79.08),$43.62 ,($43.62),$0.00 ,($17.07),$0.00 ,$0.00 ,-50.72,-10.14,-25.36,344.86,Completed,ach,Marketplace Takeout,,Dispatch,,,
29V-TP2,Arcturis,701 Market St Ste 1300,St. Louis,MO,63101,,Lindell/SLU,CBW- Crazy Bowls and Wraps (Lindell/SLU),04/16/2025 11:00 AM,03/28/2025 11:46 AM,$358.00 ,$0.00 ,$20.00 ,($56.70),$47.18 ,$0.00 ,$0.00 ,($12.71),$0.00 ,$0.00 ,-35.8,-7.16,-17.9,294.91,Completed,ach,Marketplace Takeout,,Dispatch,,,
6EV-9X6,Dr joshua Binek,"621 S New Ballas Rd Suite 507, tower A",St. Louis,MO,63141,,West Oak,CBW- Crazy Bowls and Wraps (West Oak),04/16/2025 11:21 AM,04/15/2025 6:16 PM,$196.50 ,$0.00 ,$20.00 ,($32.48),$17.66 ,$0.00 ,$0.00 ,($7.00),$0.00 ,$0.00 ,-30,-3.93,-9.83,150.92,Completed,ach,Marketplace Takeout,,Dispatch,,,
ZAZ-A46,Baptist Cancer Center,2210 Green Valley Rd,New Albany,IN,47150,13,New Albany,Wild Eggs #13 (New Albany),04/17/2025 7:15 AM,04/14/2025 6:59 PM,$565.00 ,$0.00 ,$35.00 ,($90.00),$42.00 ,($42.00),$84.75 ,($19.20),$0.00 ,$0.00 ,0,-22.6,0,552.95,Completed,ach,Marketplace Delivery,,Kayla Elifrits,,,
CZY-14H,LC Rheumatology and infuaion,3897 Charlestown Rd,New Albany,IN,47150,11,Jeffersonville,Wild Eggs #11 (Jeffersonville),04/17/2025 7:30 AM,04/14/2025 12:07 PM,$449.00 ,$0.00 ,$35.00 ,($72.60),$33.88 ,($33.88),$60.00 ,($15.48),$0.00 ,$0.00 ,0,-17.96,0,437.96,Completed,ach,Marketplace Delivery,,Tom Howard,,,
H4P-TJZ,Washington University Medical Campus - UHSP,2 Pharmacy Pl,St. Louis,MO,63110,,Lindell/SLU,CBW- Crazy Bowls and Wraps (Lindell/SLU),04/17/2025 10:24 AM,04/16/2025 10:32 AM,$97.50 ,$0.00 ,$20.00 ,($17.63),$0.00 ,$0.00 ,$0.00 ,($3.51),$0.00 ,$0.00 ,-30,-1.95,-4.88,59.53,Completed,ach,Marketplace Takeout,,Dispatch,,,
6JM-TPU,University Eye Center,7840 Natural Bridge Rd,St. Louis,MO,63121,,Forsyth/Clayton,CBW- Crazy Bowls and Wraps (Forsyth/Clayton),04/17/2025 11:16 AM,04/16/2025 10:21 AM,$132.30 ,$0.00 ,$20.00 ,($10.66),$13.54 ,$0.00 ,$0.00 ,($4.96),$0.00 ,$0.00 ,-30,-2.65,-6.62,110.95,Completed,ach,Marketplace Takeout,,Dispatch,,,
KVW-F4M,Saint Louis MHB,701 Market St Suite 200,St. Louis,MO,63101,,Lindell/SLU,CBW- Crazy Bowls and Wraps (Lindell/SLU),04/17/2025 3:47 PM,04/11/2025 11:50 AM,$199.45 ,$0.00 ,$20.00 ,($32.92),$0.00 ,$0.00 ,$0.00 ,($6.56),$0.00 ,$0.00 ,-30,-3.99,-9.97,136.01,Completed,ach,Marketplace Takeout,,Dispatch,,,
RZ4-C1A,JWM Neurology Ritter Ave.,1400 N Ritter Ave 220,Indianapolis,IN,46219,6,Pulliam,Wild Eggs #6 (Pulliam),04/18/2025 7:30 AM,04/17/2025 8:18 AM,$216.00 ,$0.00 ,$35.00 ,($37.65),$22.59 ,($17.57),$21.60 ,($8.18),$0.00 ,$0.00 ,0,-4.32,-6.48,220.99,Completed,ach,Marketplace Delivery,,Skylar Greene,,,
CC4-TFJ,Mt Auburn Nephrology,8260 Pine Rd,Cincinnati,OH,45236,8,Oakley,Wild Eggs #8 (Oakley),04/18/2025 8:30 AM,04/10/2025 2:15 PM,$308.00 ,$0.00 ,$35.00 ,($51.45),$0.00 ,$0.00 ,$20.00 ,($10.26),$0.00 ,$0.00 ,0,-12.32,0,288.97,Completed,ach,Marketplace Delivery,,Spencer Gamble,,,
Z5G-2KW,Carmody MacDonald,120 S. Central Ave. 7TH FLOOR,Clayton,MO,63105,,Forsyth/Clayton,CBW- Crazy Bowls and Wraps (Forsyth/Clayton),04/18/2025 8:08 AM,04/15/2025 10:01 AM,$359.90 ,$0.00 ,$20.00 ,($56.99),$36.85 ,$0.00 ,$0.00 ,($12.46),$0.00 ,$0.00 ,-35.99,-7.2,-18,286.11,Completed,ach,Marketplace Takeout,,Dispatch,,,
4AT-WY0,the urology group,3301 Mercy Health Blvd 525,Cincinnati,OH,45211,9,Queen City Wild Eggs,Wild Eggs #9 (Queen City Wild Eggs),04/18/2025 11:15 AM,04/17/2025 11:59 AM,$311.00 ,$0.00 ,$35.00 ,($51.90),$0.00 ,$0.00 ,$31.10 ,($10.35),$0.00 ,$0.00 ,0,-6.22,0,308.63,Completed,ach,Marketplace Delivery,,Mariah Imjalli,,,
EVP-W4W,St Clare Hospital,1015 Bowles Ave front entrance,Fenton,MO,63026,,Sunset Hills,CBW- Crazy Bowls and Wraps (Sunset Hills),04/18/2025 10:31 AM,04/17/2025 6:43 PM,$389.70 ,$0.00 ,$20.00 ,$0.00 ,$30.15 ,$0.00 ,$0.00 ,$0.00 ,$0.00 ,$0.00 ,-38.97,-7.79,-19.49,373.6,Completed,ach,Marketplace Takeout,,Dispatch,,,
M2W-VMM,WashU/Center for Experiential Learning,"Forsyth Blvd Simon Hall, Suite 100",St. Louis,MO,63130,,Forsyth/Clayton,CBW- Crazy Bowls and Wraps (Forsyth/Clayton),04/18/2025 10:57 AM,04/15/2025 10:47 AM,$97.50 ,$0.00 ,$20.00 ,($17.63),$0.00 ,$0.00 ,$0.00 ,($3.51),$0.00 ,$0.00 ,-30,-1.95,-4.88,59.53,Completed,ach,Marketplace Takeout,,Dispatch,,,
R14-Z1T,Crossroads Church,3500 Madison Rd,Cincinnati,OH,45209,8,Oakley,Wild Eggs #8 (Oakley),04/20/2025 7:00 AM,03/18/2025 5:01 PM,"$6,080.00 ",$0.00 ,$35.00 ,($917.25),$0.00 ,$0.00 ,$750.00 ,($182.84),$0.00 ,$0.00 ,0,-243.2,0,5521.71,Completed,ach,Marketplace Delivery,,Kenzie Kolb,,,
TV1-6WU,Crossroads,3500 Madison Rd,Cincinnati,OH,45209,8,Oakley,Wild Eggs #8 (Oakley),04/20/2025 7:00 AM,03/19/2025 1:41 PM,"$4,750.00 ",$0.00 ,$35.00 ,($717.75),$0.00 ,$0.00 ,$712.50 ,($143.07),$0.00 ,$0.00 ,0,-190,0,4446.68,Completed,ach,Marketplace Delivery,,jane sillett,,,
WQU-Y7V,Crossroads Church,3500 Madison Rd,Cincinnati,OH,45209,8,Oakley,Wild Eggs #8 (Oakley),04/20/2025 7:00 AM,03/19/2025 4:06 PM,"$1,450.00 ",$0.00 ,$35.00 ,($222.75),$0.00 ,$0.00 ,$217.50 ,($44.40),$0.00 ,$0.00 ,0,-58,0,1377.35,Completed,ach,Marketplace Delivery,,Spencer Gamble,,,
VJP-VK1,TPCC Fishers - Production,12648 E 116th St,Fishers,IN,46037,7,Fishers,Wild Eggs #07 (Fishers),04/20/2025 8:00 AM,04/17/2025 9:58 PM,$290.00 ,$0.00 ,$35.00 ,($48.75),$0.00 ,$0.00 ,$43.50 ,($9.72),$0.00 ,$0.00 ,0,-11.6,-8.7,289.73,Completed,ach,Marketplace Delivery,,Carmen Sanchez,,,
A23-TX8,Racing Louisville FC,801 Edith Rd,Louisville,KY,40206,4,Mercantile,Wild Eggs #4 (Mercantile),04/20/2025 10:45 AM,04/18/2025 1:54 PM,$308.00 ,$0.00 ,$35.00 ,($51.45),$20.58 ,($20.58),$25.00 ,($10.87),$0.00 ,$0.00 ,0,-6.16,0,299.52,Completed,ach,Marketplace Delivery,,Mikey  Thomas ,,,
ARZ-J5Z,Mercy Clinic Primary Care – Jungermann,1325 Queens Ct,St. Peters,MO,63376,,Lindenwood,CBW- Crazy Bowls and Wraps (Lindenwood),04/21/2025 11:18 AM,04/20/2025 3:38 PM,$165.58 ,$0.00 ,$20.00 ,($27.84),$16.48 ,$0.00 ,$0.00 ,($6.04),$0.00 ,$0.00 ,-30,-3.31,-8.28,126.59,Completed,ach,Marketplace Takeout,ts7n4ftsb6,Dispatch,,,
HYQ-F0Y,Ernst & Young,7676 Forsyth Blvd Suite 2600,Clayton,MO,63105,,Forsyth/Clayton,CBW- Crazy Bowls and Wraps (Forsyth/Clayton),04/21/2025 12:11 PM,04/17/2025 4:04 PM,$177.50 ,$0.00 ,$20.00 ,($29.63),$18.17 ,$0.00 ,$0.00 ,($6.45),$0.00 ,$0.00 ,-30,-3.55,-8.88,137.16,Completed,ach,Marketplace Takeout,,Dispatch,,,
KKR-V8V,Baptist Floyd Orthopedics,2125 State St Suite 5,New Albany,IN,47150,13,New Albany,Wild Eggs #13 (New Albany),04/22/2025 7:30 AM,04/18/2025 11:06 AM,$566.00 ,$0.00 ,$35.00 ,($90.15),$42.07 ,($42.07),$30.00 ,($19.23),$0.00 ,$0.00 ,0,-22.64,0,498.98,Completed,ach,Marketplace Delivery,,Savannah  Gilbert ,,,
C9Y-1QT,Franciscan Oncology,8111 S Emerson Ave Suite 101,Indianapolis,IN,46237,6,Pulliam,Wild Eggs #6 (Pulliam),04/22/2025 8:00 AM,04/21/2025 11:48 AM,"$1,080.00 ",$0.00 ,$35.00 ,($167.25),$100.35 ,($78.05),$20.00 ,($36.34),$0.00 ,$0.00 ,0,-21.6,-32.4,899.71,Completed,ach,Marketplace Delivery,,Skylar Greene,,,
FZ4-QJR,Vituity,1015 Bowles Ave Main Enterence,Fenton,MO,63026,,Sunset Hills,CBW- Crazy Bowls and Wraps (Sunset Hills),04/22/2025 10:47 AM,04/07/2025 10:08 AM,$233.03 ,$0.00 ,$20.00 ,($37.95),$18.03 ,$0.00 ,$0.00 ,($8.10),$0.00 ,$0.00 ,-30,-4.66,-11.65,178.7,Completed,ach,Marketplace Takeout,,Dispatch,,,
912-0M5,Washington University in St. Louis,"1 Brookings Dr Lopata Hall, room 203",St. Louis,MO,63130,,Forsyth/Clayton,CBW- Crazy Bowls and Wraps (Forsyth/Clayton),04/22/2025 10:53 AM,04/18/2025 1:48 PM,$234.25 ,$0.00 ,$20.00 ,($38.14),$0.00 ,$0.00 ,$0.00 ,($7.60),$0.00 ,$0.00 ,-30,-4.69,-11.71,162.11,Completed,ach,Marketplace Takeout,,Dispatch,,,
03G-53M,WashU  School of Medicine Pathology,509 S Euclid Ave,St. Louis,MO,63110,,Forsyth/Clayton,CBW- Crazy Bowls and Wraps (Forsyth/Clayton),04/22/2025 11:01 AM,04/17/2025 4:22 PM,$158.85 ,$0.00 ,$20.00 ,($26.83),$0.00 ,$0.00 ,$0.00 ,($5.35),$0.00 ,$0.00 ,-30,-3.18,-7.94,105.55,Completed,ach,Marketplace Takeout,,Dispatch,,,
Q4X-4YT,HNTB,211 N Broadway 13th floor,St. Louis,MO,63102,,Lindell/SLU,CBW- Crazy Bowls and Wraps (Lindell/SLU),04/22/2025 11:11 AM,04/18/2025 8:18 AM,$243.90 ,$0.00 ,$20.00 ,($39.58),$32.14 ,$0.00 ,$0.00 ,($8.85),$0.00 ,$0.00 ,-30,-4.88,-12.2,200.53,Completed,ach,Marketplace Takeout,,Dispatch,,,
GRY-HV8,Schweiger Derm,4575 Benes St,Glen Carbon,IL,62034,,Edwardsville,CBW- Crazy Bowls and Wraps (Edwardsville),04/22/2025 11:18 AM,04/21/2025 1:14 PM,$368.25 ,$0.00 ,$20.00 ,($58.24),$31.67 ,($31.67),$0.00 ,($12.56),$0.00 ,$0.00 ,-36.82,-7.37,-18.41,254.85,Completed,ach,Marketplace Takeout,,Dispatch,,,
8A6-R5F,Community And Long Term Care Psychiatry (Dr. Graypel office),10004 Kennerly Rd Suite 362 B,St. Louis,MO,63128,,Tesson,CBW- Crazy Bowls and Wraps (Tesson),04/22/2025 11:22 AM,04/21/2025 3:05 PM,$281.39 ,$0.00 ,$20.00 ,($45.21),$21.77 ,$0.00 ,$0.00 ,($9.66),$0.00 ,$0.00 ,-30,-5.63,-14.07,218.59,Completed,ach,Marketplace Takeout,,Dispatch,,,
YKE-4P8,Nestle Purina,800 Chouteau Ave E Building,St. Louis,MO,63102,,Lindell/SLU,CBW- Crazy Bowls and Wraps (Lindell/SLU),04/22/2025 11:23 AM,04/21/2025 8:35 AM,$75.97 ,$0.00 ,$20.00 ,($14.40),$10.01 ,$0.00 ,$0.00 ,($3.17),$0.00 ,$0.00 ,-30,-1.52,-3.8,53.09,Completed,ach,Marketplace Takeout,,Dispatch,,,
EPF-Z88,Louisville Pulmonary,4003 Kresge Way 312,Saint Matthews,KY,40207,1,Dupont,Wild Eggs #1 (Dupont),04/23/2025 7:45 AM,04/18/2025 5:49 PM,$413.00 ,$0.00 ,$35.00 ,($67.20),$26.88 ,($26.88),$10.00 ,($14.20),$0.00 ,$0.00 ,0,-16.52,0,360.08,Completed,ach,Marketplace Delivery,,Carmen E,,,
PW6-MVA,FPN cancer and hematology,8111 S Emerson Ave Suite 101,Indianapolis,IN,46237,16,Greenwood,Wild Eggs #16 (Greenwood),04/23/2025 7:45 AM,04/20/2025 7:53 AM,"$1,966.00 ",$0.00 ,$35.00 ,($300.15),$160.08 ,($140.07),$196.60 ,($64.62),$0.00 ,$0.00 ,0,-39.32,-78.64,1734.88,Completed,ach,Marketplace Delivery,,camara young,,,
8GC-6F3,SafeCare,1925 Shelby St,Indianapolis,IN,46203,6,Pulliam,Wild Eggs #6 (Pulliam),04/23/2025 7:45 AM,04/21/2025 4:04 PM,$374.00 ,$0.00 ,$35.00 ,($61.35),$36.81 ,($28.63),$56.10 ,($13.33),$0.00 ,$0.00 ,0,-7.48,-11.22,379.9,Completed,ach,Marketplace Delivery,,Skylar Greene,,,
ZM2-PKX,Dr Olash,3900 Kresge Way 50,Louisville,KY,40207,1,Dupont,Wild Eggs #1 (Dupont),04/23/2025 8:00 AM,04/22/2025 11:44 AM,$156.00 ,$0.00 ,$35.00 ,($28.65),$11.46 ,($11.46),$0.00 ,($6.05),$0.00 ,$0.00 ,0,-6.24,0,150.06,Completed,ach,Marketplace Delivery,,Carmen E,,,
0J8-CTQ,WashU Advancement,7425 Forsyth Blvd Suite 3100,Clayton,MO,63105,,Rock Hill/Glendale,CBW- Crazy Bowls and Wraps (Rock Hill/Glendale),04/23/2025 7:18 AM,03/25/2025 11:32 AM,$262.50 ,$0.00 ,$20.00 ,($19.78),$0.00 ,$0.00 ,$0.00 ,($8.45),$0.00 ,$0.00 ,-30,0,0,224.27,Completed,ach,ezOrdering Takeout,,Dispatch,,,
J1M-25Z,"radiation oncology, cancer center. medical center",250 Park St cancer center,Bowling Green,KY,42101,14,Bowling Green,Wild Eggs #14 (Bowling Green),04/23/2025 7:30 AM,04/22/2025 7:58 AM,$283.00 ,$0.00 ,$35.00 ,($47.70),$19.08 ,($19.08),$42.45 ,($10.08),$0.00 ,$0.00 ,0,0,0,302.67,Completed,ach,Marketplace Delivery,,Caroline Witty,,,
UMQ-R4C,Enterprise Mobility,2281 Ball Dr,St. Louis,MO,63146,,West Oak,CBW- Crazy Bowls and Wraps (West Oak),04/23/2025 10:36 AM,04/21/2025 11:58 AM,$149.00 ,$0.00 ,$20.00 ,($25.35),$13.39 ,$0.00 ,$0.00 ,($5.45),$0.00 ,$0.00 ,-30,-2.98,-7.45,111.16,Completed,ach,Marketplace Takeout,,Dispatch,,,
7MA-1JQ,Ernst & Young,7676 Forsyth Blvd Suite 2600,Clayton,MO,63105,,Forsyth/Clayton,CBW- Crazy Bowls and Wraps (Forsyth/Clayton),04/23/2025 10:39 AM,04/17/2025 12:01 PM,$493.37 ,$0.00 ,$20.00 ,($77.01),$50.51 ,$0.00 ,$0.00 ,($16.86),$0.00 ,$0.00 ,-49.34,-9.87,-24.67,386.13,Completed,ach,Marketplace Takeout,,Dispatch,,,
9E3-8W3,Aspire Software,390 S Woods Mill Rd ste 200-2nd floor,Chesterfield,MO,63017,,West Oak,CBW- Crazy Bowls and Wraps (West Oak),04/23/2025 10:45 AM,04/08/2025 10:04 AM,$292.15 ,$0.00 ,$25.00 ,($43.82),$26.26 ,$0.00 ,$58.43 ,($10.27),$0.00 ,$0.00 ,0,0,0,347.75,Completed,ach,Meal Program,,,,,
YZ7-R6F,[REMOVED],2314866 Ezcater St,Ezcater,MA,63105,,Forsyth/Clayton,CBW- Crazy Bowls and Wraps (Forsyth/Clayton),04/23/2025 10:58 AM,04/17/2025 12:18 PM,$121.50 ,$0.00 ,$20.00 ,($21.23),$12.44 ,$0.00 ,$0.00 ,($4.60),$0.00 ,$0.00 ,-30,-2.43,-6.08,89.6,Completed,ach,Marketplace Takeout,,Dispatch,,,
59X-JWV,"Washington University, School of Public Health",Brookings Dr Goldfarb Hall,St. Louis,MO,63130,,Forsyth/Clayton,CBW- Crazy Bowls and Wraps (Forsyth/Clayton),04/23/2025 11:06 AM,04/22/2025 10:47 AM,$388.90 ,$0.00 ,$20.00 ,($61.34),$0.00 ,$0.00 ,$0.00 ,($12.23),$0.00 ,$0.00 ,-38.89,-7.78,-19.45,269.21,Completed,ach,Marketplace Takeout,,Dispatch,,,
13R-E9W,FTL Finance,820 S Main St Suite 300,Saint Charles,MO,63301,,Lindenwood,CBW- Crazy Bowls and Wraps (Lindenwood),04/23/2025 11:17 AM,04/02/2025 3:06 PM,$842.25 ,$0.00 ,$20.00 ,($129.34),$83.80 ,$0.00 ,$0.00 ,($28.29),$0.00 ,$0.00 ,-84.22,-16.85,-42.11,645.24,Completed,ach,Marketplace Takeout,,Dispatch,,,
372-HVF,Affinia Healthcare,1717 Biddle St Women's Health Dept.,St. Louis,MO,63106,,Lindell/SLU,CBW- Crazy Bowls and Wraps (Lindell/SLU),04/23/2025 11:36 AM,04/21/2025 12:09 PM,$104.29 ,$0.00 ,$20.00 ,($18.64),$13.74 ,$0.00 ,$0.00 ,($4.13),$0.00 ,$0.00 ,-30,-2.09,-5.21,77.96,Completed,ach,Marketplace Takeout,,Dispatch,,,
FT0-C8F,CIC @ CET,20 S Sarah St 1st Floor,St. Louis,MO,63108,,Lindell/SLU,CBW- Crazy Bowls and Wraps (Lindell/SLU),04/23/2025 4:36 PM,04/22/2025 10:24 AM,$599.40 ,$0.00 ,$20.00 ,($92.91),$78.99 ,$0.00 ,$0.00 ,($20.88),($11.90),$0.00 ,-59.94,-11.99,-29.97,470.8,Completed,ach,Marketplace Takeout,,Dispatch,,,
TMQ-R1J,Meramec Dermatology,3783 Vogel Rd,Arnold,MO,63010,,Tesson,CBW- Crazy Bowls and Wraps (Tesson),04/24/2025 10:28 AM,04/22/2025 3:45 PM,$292.20 ,$0.00 ,$20.00 ,($46.83),$22.61 ,$0.00 ,$0.00 ,($10.01),$0.00 ,$0.00 ,-30,-5.84,-14.61,227.52,Completed,ach,Marketplace Takeout,,Dispatch,,,
7KK-RA8,Dr. Lottes and Houser,1820 Zumbehl Rd 120,Saint Charles,MO,63303,,Lindenwood,CBW- Crazy Bowls and Wraps (Lindenwood),04/24/2025 11:21 AM,04/22/2025 5:52 PM,$310.50 ,$0.00 ,$20.00 ,($49.58),$30.89 ,$0.00 ,$0.00 ,($10.81),$0.00 ,$0.00 ,-31.05,-6.21,-15.53,248.21,Completed,ach,Marketplace Takeout,,Dispatch,,,
ZUZ-MQ7,Boeing Institute of IB at SLU,3674 Lindell Blvd Room 330,St. Louis,MO,63108,,Lindell/SLU,CBW- Crazy Bowls and Wraps (Lindell/SLU),04/24/2025 5:09 PM,04/22/2025 12:41 PM,$325.35 ,$0.00 ,$20.00 ,($51.80),$0.00 ,$0.00 ,$0.00 ,($10.33),$0.00 ,$0.00 ,-32.54,-6.51,-16.27,227.9,Completed,ach,Marketplace Takeout,,Dispatch,,,
YEM-R69,Dermatology Associates,931 E 86th St 104,Indianapolis,IN,46240,5,Carmel,Wild Eggs #5 (Carmel),04/25/2025 7:00 AM,04/24/2025 7:28 PM,$111.00 ,$0.00 ,$35.00 ,($21.90),$13.14 ,($10.22),$0.00 ,($4.76),$0.00 ,$0.00 ,0,-4.44,-3.33,114.49,Completed,ach,Marketplace Delivery,,travis stull,,,
A54-XMJ,Brown U of L Cancer Center,1460 Bluegrass Ave,Louisville,KY,40215,4,Mercantile,Wild Eggs #4 (Mercantile),04/25/2025 7:45 AM,04/23/2025 12:26 PM,$558.00 ,$0.00 ,$35.00 ,($88.95),$35.58 ,($35.58),$40.00 ,($18.79),$0.00 ,$0.00 ,0,-11.16,-27.9,486.2,Completed,ach,Marketplace Delivery,,Mikey  Thomas ,,,
7QP-ETU,Washington University School of Medicine,4990 Children's Pl,St. Louis,MO,63110,,Lindell/SLU,CBW- Crazy Bowls and Wraps (Lindell/SLU),04/25/2025 11:04 AM,04/23/2025 1:36 PM,$232.94 ,$0.00 ,$20.00 ,($37.94),$0.00 ,$0.00 ,$0.00 ,($7.56),$0.00 ,$0.00 ,-30,-4.66,-11.65,161.13,Completed,ach,Marketplace Takeout,,Dispatch,,,
KWF-G8K,Beech Grove High School,5330 Hornet Ave,Beech Grove,IN,46107,16,Greenwood,Wild Eggs #16 (Greenwood),04/26/2025 7:00 AM,04/21/2025 1:19 PM,$589.00 ,$0.00 ,$35.00 ,($93.60),$49.92 ,($43.68),$88.35 ,($20.15),$0.00 ,$0.00 ,0,-11.78,-23.56,569.5,Completed,ach,Marketplace Delivery,,camara young,,,
9VZ-PVR,Beech Grove High School,5330 Hornet Ave,Beech Grove,IN,46107,16,Greenwood,Wild Eggs #16 (Greenwood),04/27/2025 7:00 AM,04/21/2025 1:23 PM,$602.00 ,$0.00 ,$35.00 ,($95.55),$50.96 ,($44.59),$0.00 ,($20.57),$0.00 ,$0.00 ,0,-12.04,-24.08,491.13,Completed,ach,Marketplace Delivery,,camara young,,,
39F-7RV,Traders Point Christian Church - Production,12648 E 116th St,Fishers,IN,46037,7,Fishers,Wild Eggs #07 (Fishers),04/27/2025 8:00 AM,04/24/2025 12:25 PM,$191.00 ,$0.00 ,$35.00 ,($33.90),$0.00 ,$0.00 ,$28.65 ,($6.76),$0.00 ,$0.00 ,0,-7.64,-5.73,200.62,Completed,ach,Marketplace Delivery,,Carmen Sanchez,,,
E44-8C7,Iowa Cubs,401 E Main St,Louisville,KY,40202,4,Mercantile,Wild Eggs #4 (Mercantile),04/27/2025 8:45 AM,04/17/2025 6:21 PM,"$1,574.00 ",$0.00 ,$35.00 ,($112.63),$96.54 ,($96.54),$50.00 ,($51.00),$0.00 ,$0.00 ,0,0,0,1495.37,Completed,ach,ezOrdering Delivery,,Mikey  Thomas ,,,
VJW-0KG,Traders Point Christian Church,2350 E 62nd St,Indianapolis,IN,46220,6,Pulliam,Wild Eggs #6 (Pulliam),04/27/2025 8:45 AM,04/22/2025 10:28 AM,$251.00 ,$0.00 ,$35.00 ,($42.90),$0.00 ,$0.00 ,$25.10 ,($8.55),$0.00 ,$0.00 ,0,-5.02,-7.53,247.1,Completed,ach,Marketplace Delivery,37d525b3,Skylar Greene,,,
XTU-85K,Southeast Christian Church - Crestwood Campus,6201 Crestwood Station,Crestwood,KY,40014,3,Landis,Wild Eggs #3 (Landis),04/27/2025 8:45 AM,04/23/2025 7:14 PM,$193.00 ,$0.00 ,$35.00 ,($34.20),$0.00 ,$0.00 ,$25.00 ,($6.82),$0.00 ,$0.00 ,0,-7.72,-9.65,194.61,Completed,ach,Marketplace Delivery,,Ally Kennedy,,,
G6U-UU6,Bowling Green Hot Rods,300 E 8th Ave Bowling Green Hot Rods Clubhouse,Bowling Green,KY,42101,14,Bowling Green,Wild Eggs #14 (Bowling Green),04/27/2025 8:30 AM,04/25/2025 2:10 PM,"$1,002.00 ",$0.00 ,$35.00 ,($155.55),$62.22 ,($62.22),$20.00 ,($32.87),$0.00 ,$0.00 ,0,0,0,868.58,Completed,ach,Marketplace Delivery,,Mariah Thomas,,,
879-RUJ,The Presley Post,734 W Main St suite 106,Louisville,KY,40202,4,Mercantile,Wild Eggs #4 (Mercantile),04/28/2025 8:00 AM,04/23/2025 11:57 AM,$235.00 ,$0.00 ,$35.00 ,($40.50),$16.20 ,($16.20),$23.50 ,($8.56),$0.00 ,$0.00 ,0,-4.7,-11.75,227.99,Completed,ach,Marketplace Delivery,,Mikey  Thomas ,,,
PMH-WXM,Med Center Health Neurology,350 Park St suite 206-A,Bowling Green,KY,42101,14,Bowling Green,Wild Eggs #14 (Bowling Green),04/28/2025 8:00 AM,04/26/2025 3:22 PM,$420.00 ,$0.00 ,$35.00 ,($68.25),$27.30 ,($27.30),$63.00 ,($14.42),$0.00 ,$0.00 ,0,0,0,435.33,Completed,ach,Marketplace Delivery,,Mariah Thomas,,,
VQ3-RTG,Mercy Clinic Primary Care - Suite 214,300 Winding Woods Dr Suite 214,O'Fallon,MO,63366,,O'Fallon,CBW- Crazy Bowls and Wraps (O'Fallon),04/28/2025 11:08 AM,04/25/2025 8:52 AM,$356.50 ,$0.00 ,$20.00 ,($56.48),$31.91 ,$0.00 ,$0.00 ,($12.21),$0.00 ,$0.00 ,-35.65,-7.13,-17.83,279.11,Completed,ach,Marketplace Takeout,,Dispatch,,,
ZU6-JH8,Washington University - College Office,1 Brookings Dr,St. Louis,MO,63130,,Forsyth/Clayton,CBW- Crazy Bowls and Wraps (Forsyth/Clayton),04/28/2025 11:11 AM,04/25/2025 8:31 PM,$77.75 ,$0.00 ,$20.00 ,($14.66),$0.00 ,$0.00 ,$0.00 ,($2.92),$0.00 ,$0.00 ,-30,-1.56,-3.89,44.72,Completed,ach,Marketplace Takeout,,Dispatch,,,
60X-9J5,SIHF,180 S 3rd St 104,Belleville,IL,62220,,Shiloh,CBW- Crazy Bowls and Wraps (Shiloh),04/28/2025 11:12 AM,04/25/2025 11:56 AM,$249.90 ,$0.00 ,$20.00 ,($40.48),$20.87 ,($20.87),$0.00 ,($8.69),$0.00 ,$0.00 ,-30,-5,-12.5,173.23,Completed,ach,Marketplace Takeout,,Dispatch,,,
QPY-811,Yoon Dermatology,1060 Meyer Rd,Wentzville,MO,63385,,Wentzville,CBW- Crazy Bowls and Wraps (Wentzville),04/28/2025 11:24 AM,04/27/2025 12:45 PM,$239.25 ,$0.00 ,$20.00 ,($38.89),$25.00 ,$0.00 ,$0.00 ,($8.50),$0.00 ,$0.00 ,-30,-4.79,-11.96,190.11,Completed,ach,Marketplace Takeout,,Dispatch,,,
972-QA5,Baptist Neurology,4003 Kresge Way STE 400,Saint Matthews,KY,40207,1,Dupont,Wild Eggs #1 (Dupont),04/29/2025 7:30 AM,04/23/2025 9:27 AM,$386.00 ,$0.00 ,$35.00 ,($63.15),$25.26 ,($25.26),$25.00 ,($13.34),$0.00 ,$0.00 ,0,-15.44,-7.72,346.35,Completed,ach,Marketplace Delivery,,Carmen E,,,
19P-RM1,PPHS SCHWEITZER CENTER AT ENGLEWOOD,3029 E Washington St,Indianapolis,IN,46201,6,Pulliam,Wild Eggs #6 (Pulliam),04/29/2025 8:00 AM,04/18/2025 7:30 PM,"$1,729.00 ",$0.00 ,$35.00 ,($264.60),$158.76 ,($123.48),$259.35 ,($57.49),$0.00 ,$0.00 ,0,-34.58,-51.87,1650.09,Completed,ach,Marketplace Delivery,,Skylar Greene,,,
080-YAW,Forte Hosptial,10767 Illinois St Operating Room,Carmel,IN,46032,5,Carmel,Wild Eggs #5 (Carmel),04/29/2025 8:15 AM,04/28/2025 9:27 AM,$348.00 ,$0.00 ,$35.00 ,($57.45),$34.47 ,($26.81),$20.00 ,($12.48),$0.00 ,$0.00 ,0,-13.92,-10.44,316.37,Completed,ach,Marketplace Delivery,,Lesley Rodela,,,
RM0-TUX,Distinctive Dermatology,390 Office Ct,Fairview Heights,IL,62208,,Shiloh,CBW- Crazy Bowls and Wraps (Shiloh),04/29/2025 10:16 AM,04/28/2025 2:22 PM,$527.50 ,$0.00 ,$20.00 ,($82.13),$44.05 ,($44.05),$0.00 ,($17.69),$0.00 ,$0.00 ,-52.75,-10.55,-26.38,358,Completed,ach,Marketplace Takeout,,Dispatch,,,
Y2Q-1R1,Mackey Mitchell Architects,900 Spruce St. #500,St. Louis,MO,63102,,Lindell/SLU,CBW- Crazy Bowls and Wraps (Lindell/SLU),04/29/2025 11:05 AM,04/28/2025 1:46 PM,$215.73 ,$0.00 ,$20.00 ,($35.36),$28.43 ,$0.00 ,$0.00 ,($7.90),$0.00 ,$0.00 ,-30,-4.31,-10.79,175.8,Completed,ach,Marketplace Takeout,,Dispatch,,,
TE1-PWP,Advantage Solutions,8001 Forsyth Blvd 10th floor - Suite 1025,Clayton,MO,63105,,Forsyth/Clayton,CBW- Crazy Bowls and Wraps (Forsyth/Clayton),04/29/2025 11:12 AM,04/28/2025 11:10 AM,$87.80 ,$0.00 ,$20.00 ,($16.17),$8.99 ,$0.00 ,$0.00 ,($3.49),$0.00 ,$0.00 ,-30,-1.76,-4.39,60.98,Completed,ach,Marketplace Takeout,,Dispatch,,,
R0T-5ME,"Takeout from Wentzville, MO",,Wentzville,MO,,,Wentzville,CBW- Crazy Bowls and Wraps (Wentzville),04/29/2025 11:15 AM,04/28/2025 11:42 AM,$313.80 ,$0.00 ,$0.00 ,($47.07),$32.79 ,$0.00 ,$0.00 ,($10.36),$0.00 ,$0.00 ,0,-6.28,-15.69,267.19,Completed,ach,Marketplace Takeout,,N/A,,,
Z74-4ZM,AdaptHealth / Mercy Clinic Primary Care - Water Tower Place,1237 Water Tower Place,Arnold,MO,63010,,Tesson,CBW- Crazy Bowls and Wraps (Tesson),04/29/2025 11:16 AM,04/25/2025 3:02 PM,$197.60 ,$0.00 ,$20.00 ,($32.64),$15.29 ,$0.00 ,$0.00 ,($6.96),$0.00 ,$0.00 ,-30,-3.95,-9.88,149.46,Completed,ach,Marketplace Takeout,nccv21to2,Dispatch,,,
Q8J-HC6,Corporate Hill - Training Room - DiningRD,1630 Des Peres Rd First Floor Training Room,St. Louis,MO,63131,,Manchester,CBW- Crazy Bowls and Wraps (Manchester),04/29/2025 11:30 AM,04/28/2025 10:40 AM,$886.50 ,$0.00 ,$20.00 ,($135.98),$77.46 ,$0.00 ,$0.00 ,($29.42),$0.00 ,$0.00 ,-88.65,-17.73,-44.33,667.85,Completed,ach,Marketplace Takeout,,Dispatch,,,
CC7-H6E,CEDARHURST SENIOR LIVING,300 Hunter Ave Suite 200,St. Louis,MO,63124,,Forsyth/Clayton,CBW- Crazy Bowls and Wraps (Forsyth/Clayton),04/29/2025 11:36 AM,04/23/2025 3:31 PM,$229.50 ,$0.00 ,$20.00 ,($37.43),$23.50 ,$0.00 ,$0.00 ,($8.16),$0.00 ,$0.00 ,-30,-4.59,-11.48,181.34,Completed,ach,Marketplace Takeout,,Dispatch,,,
THV-AF8,Steffenauer Residence,511 Corley Dr,Chesterfield,MO,63017,,Manchester,CBW- Crazy Bowls and Wraps (Manchester),04/29/2025 4:24 PM,04/27/2025 4:48 PM,$353.98 ,$0.00 ,$20.00 ,($56.10),$30.93 ,$0.00 ,$0.00 ,($12.11),$0.00 ,$0.00 ,-35.4,-7.08,-17.7,276.52,Completed,ach,Marketplace Takeout,,Dispatch,,,
0FC-YRY,Mels Auto Glass,11775 Reading Rd,Sharonville,OH,45241,8,Oakley,Wild Eggs #8 (Oakley),04/30/2025 7:15 AM,04/28/2025 8:58 PM,$505.00 ,$0.00 ,$35.00 ,($81.00),$0.00 ,$0.00 ,$0.00 ,($16.15),$0.00 ,$0.00 ,0,-20.2,-25.25,397.4,Completed,ach,Marketplace Delivery,,Spencer Gamble,,,
R55-HXA,CAI,1060 N Capitol Ave 3-101,Indianapolis,IN,46204,6,Pulliam,Wild Eggs #6 (Pulliam),04/30/2025 7:30 AM,04/23/2025 2:36 PM,$266.00 ,$0.00 ,$35.00 ,($45.15),$27.09 ,($21.07),$53.20 ,($9.81),$0.00 ,$0.00 ,0,-5.32,-7.98,291.96,Completed,ach,Marketplace Delivery,,Skylar Greene,,,
Z0K-RMF,"Takeout from Town and Country, MO",,Town and Country,MO,,,Manchester,CBW- Crazy Bowls and Wraps (Manchester),04/30/2025 10:15 AM,04/24/2025 10:21 AM,$195.05 ,$0.00 ,$0.00 ,($29.26),$17.04 ,$0.00 ,$15.00 ,($6.34),$0.00 ,$0.00 ,0,-3.9,-9.75,177.84,Completed,ach,Marketplace Takeout,,N/A,,,
QRX-2H4,St. Louis Heart and Vascular,3550 McKelvey Rd,Bridgeton,MO,63044,,Lindenwood,CBW- Crazy Bowls and Wraps (Lindenwood),04/30/2025 10:26 AM,04/28/2025 6:14 PM,$710.50 ,$0.00 ,$20.00 ,($109.58),$70.69 ,$0.00 ,$0.00 ,($23.96),$0.00 ,$0.00 ,-71.05,-14.21,-35.53,546.86,Completed,ach,Marketplace Takeout,,Dispatch,,,
3H9-PE0,"The Clayton Engineering Company, Inc.",2268 Welsch Industrial Court,St. Louis,MO,63146,,Lindenwood,CBW- Crazy Bowls and Wraps (Lindenwood),04/30/2025 10:30 AM,04/28/2025 3:28 PM,$92.04 ,$0.00 ,$20.00 ,($16.81),$9.16 ,$0.00 ,$0.00 ,($3.62),$0.00 ,$0.00 ,-30,-1.84,-4.6,64.33,Completed,ach,Marketplace Takeout,,Dispatch,,,
UZG-5M6,Enterprise Mobilit,2281 Ball Dr 4th floor,St. Louis,MO,63146,,West Oak,CBW- Crazy Bowls and Wraps (West Oak),04/30/2025 10:34 AM,04/29/2025 4:15 PM,$155.50 ,$0.00 ,$20.00 ,($26.33),$13.98 ,$0.00 ,$0.00 ,($5.67),$0.00 ,$0.00 ,-30,-3.11,-7.78,116.59,Completed,ach,Marketplace Takeout,,Dispatch,,,
FFV-108,LC Rheumatology,3897 Charlestown Rd,New Albany,IN,47150,13,New Albany,Wild Eggs #13 (New Albany),05/01/2025 8:00 AM,04/28/2025 9:13 AM,$379.00 ,$0.00 ,$35.00 ,($62.10),$28.98 ,($28.98),$37.90 ,($13.25),$0.00 ,$0.00 ,0,-15.16,-7.58,353.81,Completed,ach,Marketplace Delivery,,Kayla Elifrits,,,
G6P-R8P,St. Elizabeth,85 N Grand Ave,Fort Thomas,KY,41075,9,Queen City Wild Eggs,Wild Eggs #9 (Queen City Wild Eggs),05/01/2025 8:00 AM,04/29/2025 10:47 AM,$154.00 ,$0.00 ,$35.00 ,($28.35),$0.00 ,$0.00 ,$23.10 ,($5.65),$0.00 ,$0.00 ,0,-3.08,-7.7,167.32,Completed,ach,Marketplace Delivery,,Shirelle Bloom,,,
TVZ-Z2R,"Ogletree, Deakins, Nash, Smoak & Stewart, P.C.",300 N Meridian St Suite 2700,Indianapolis,IN,46204,6,Pulliam,Wild Eggs #6 (Pulliam),05/01/2025 8:45 AM,04/25/2025 3:32 PM,$362.00 ,$0.00 ,$35.00 ,($59.55),$35.73 ,($27.79),$36.20 ,($12.94),$0.00 ,$0.00 ,0,-7.24,-10.86,350.55,Completed,ach,Marketplace Delivery,,Skylar Greene,,,
CGP-F3R,EyeCare Partners,15933 Clayton Rd 210,Ballwin,MO,63011,,Creve Coeur,CBW- Crazy Bowls and Wraps (Creve Coeur),05/01/2025 7:45 AM,04/30/2025 3:28 PM,$847.75 ,$0.00 ,$20.00 ,($130.16),$74.08 ,$0.00 ,$0.00 ,($28.16),$0.00 ,$0.00 ,-84.78,0,0,698.73,Completed,ach,Marketplace Takeout,,Dispatch,,,
5P8-JWE,Distinctive Dermatology,390 Office Ct,Fairview Heights,IL,62208,,Shiloh,CBW- Crazy Bowls and Wraps (Shiloh),05/01/2025 10:32 AM,04/28/2025 11:51 AM,$469.95 ,$0.00 ,$20.00 ,($73.49),$39.24 ,($39.24),$0.00 ,($15.82),$0.00 ,$0.00 ,-47,-9.4,-23.5,320.74,Completed,ach,Marketplace Takeout,,Dispatch,,,
2M3-MHV,Mercy Hyperbaric and wound care,12700 Southfork Rd 175,St. Louis,MO,63128,,Tesson,CBW- Crazy Bowls and Wraps (Tesson),05/01/2025 10:40 AM,04/30/2025 12:05 PM,$238.45 ,$0.00 ,$20.00 ,($38.77),$20.84 ,$0.00 ,$0.00 ,($8.35),$0.00 ,$0.00 ,-30,-4.77,-11.92,185.48,Completed,ach,Marketplace Takeout,,Dispatch,,,
8F8-58P,Wash-U School of Medicine,"4990 Children's Pl Northwest Tower, 15th Floor",St. Louis,MO,63110,,Rock Hill/Glendale,CBW- Crazy Bowls and Wraps (Rock Hill/Glendale),05/01/2025 10:58 AM,04/29/2025 10:54 AM,$344.88 ,$0.00 ,$20.00 ,($25.54),$0.00 ,$0.00 ,$0.00 ,($10.91),$0.00 ,$0.00 ,-34.49,-6.9,-17.24,269.8,Completed,ach,Marketplace Takeout,,Dispatch,,,
2UC-9F7,Chesterfield Cardiology-Dr. Baig,222 S. Woods Mill Rd. North Medical Building Suite 560 Ste 560,Chesterfield,MO,63017,,Manchester,CBW- Crazy Bowls and Wraps (Manchester),05/01/2025 11:14 AM,04/30/2025 10:49 AM,$253.90 ,$0.00 ,$20.00 ,($41.09),$22.19 ,$0.00 ,$0.00 ,($8.85),$0.00 ,$0.00 ,-30,-5.08,-12.7,198.37,Completed,ach,Marketplace Takeout,,Dispatch,,,
FG1-9GH,Mercy endocrinology,621 S New Ballas Rd Tower a ste 460a,Creve Coeur,MO,63141,,West Oak,CBW- Crazy Bowls and Wraps (West Oak),05/01/2025 11:19 AM,04/28/2025 1:17 PM,$232.50 ,$0.00 ,$20.00 ,($37.88),$20.90 ,$0.00 ,$0.00 ,($8.17),$0.00 ,$0.00 ,-30,-4.65,-11.63,181.07,Completed,ach,Marketplace Takeout,,Dispatch,,,
FZ3-HPF,Alberici,8800 Page Ave,St. Louis,MO,63114,,Forsyth/Clayton,CBW- Crazy Bowls and Wraps (Forsyth/Clayton),05/01/2025 11:20 AM,04/21/2025 2:09 PM,$220.50 ,$0.00 ,$20.00 ,($36.08),$22.57 ,$0.00 ,$0.00 ,($7.87),$0.00 ,$0.00 ,-30,-4.41,-11.03,173.68,Completed,ach,Marketplace Takeout,,Dispatch,,,
KEH-G53,HSHS - Fairview Heights - Family Medicine,5 Ludwig Dr,Fairview Heights,IL,62208,,Shiloh,CBW- Crazy Bowls and Wraps (Shiloh),05/01/2025 11:23 AM,04/29/2025 10:45 AM,$124.35 ,$0.00 ,$20.00 ,($21.65),$10.38 ,($10.38),$0.00 ,($4.63),$0.00 ,$0.00 ,-30,-2.49,-6.22,79.36,Completed,ach,Marketplace Takeout,,Dispatch,,,
974-V8C,Ascension St. Vincent Hospital - Indianapolis,2001 W 86th St Main Entrance,Indianapolis,IN,46260,6,Pulliam,Wild Eggs #6 (Pulliam),05/02/2025 6:45 AM,04/22/2025 8:01 PM,$876.00 ,$0.00 ,$35.00 ,($136.65),$81.99 ,($63.77),$20.00 ,($29.69),$0.00 ,$0.00 ,0,-17.52,-26.28,739.08,Completed,ach,Marketplace Delivery,,Skylar Greene,,,
J1Q-0YY,Brown Cancer Center,2401 Terra Crossing Blvd Suite 206,Louisville,KY,40245,3,Landis,Wild Eggs #3 (Landis),05/02/2025 7:45 AM,04/30/2025 2:00 PM,$807.00 ,$0.00 ,$35.00 ,($126.30),$50.52 ,($50.52),$30.00 ,($26.69),$0.00 ,$0.00 ,0,-32.28,-40.35,646.38,Completed,ach,Marketplace Delivery,,Ally Kennedy,,,
P51-29U,SAINT LOUIS UNIVERSITY,3674 Lindell Blvd Floor 2/Shanahan Atrium,St. Louis,MO,63108,,Lindell/SLU,CBW- Crazy Bowls and Wraps (Lindell/SLU),05/02/2025 10:06 AM,04/25/2025 10:56 AM,$700.20 ,$0.00 ,$20.00 ,($108.03),$0.00 ,$0.00 ,$0.00 ,($21.53),$0.00 ,$0.00 ,-70.02,-14,-35.01,471.61,Completed,ach,Marketplace Takeout,,Dispatch,,,
XUM-EMZ,Sensient Colors,2515 N Jefferson Ave Executive Building/Orange,St. Louis,MO,63106,,Lindell/SLU,CBW- Crazy Bowls and Wraps (Lindell/SLU),05/02/2025 11:34 AM,04/16/2025 9:43 AM,$356.30 ,$0.00 ,$20.00 ,($56.45),$46.96 ,$0.00 ,$0.00 ,($12.66),$0.00 ,$0.00 ,-35.63,-7.13,-17.82,293.57,Completed,ach,Marketplace Takeout,,Dispatch,,,
RQV-607,Contemporary Art Museum St. Louis,3750 Washington Ave St. Louis,St. Louis,MO,63108,,Lindell/SLU,CBW- Crazy Bowls and Wraps (Lindell/SLU),05/02/2025 6:11 PM,04/21/2025 3:19 PM,$187.95 ,$0.00 ,$20.00 ,($14.56),$0.00 ,$0.00 ,$0.00 ,($6.22),$0.00 ,$0.00 ,-30,-3.76,-9.4,144.01,Completed,ach,Marketplace Takeout,,Dispatch,,,
EM5-VC0,Livano Springdale,8220 Dickinson Dr Leasing office,Louisville,KY,40241,2,Westport,Wild Eggs #2 (Westport),05/03/2025 9:00 AM,05/02/2025 1:08 PM,$514.00 ,$0.00 ,$35.00 ,($82.35),$32.94 ,($32.94),$20.00 ,($17.40),$0.00 ,$0.00 ,0,-20.56,0,448.69,Completed,ach,Marketplace Delivery,,Kortney Cole,,,
283-QU3,Touhill Performing Arts Center,1 University Blvd,St. Louis,MO,63121,,Forsyth/Clayton,CBW- Crazy Bowls and Wraps (Forsyth/Clayton),05/03/2025 9:59 AM,04/22/2025 12:26 PM,$176.40 ,$0.00 ,$20.00 ,($29.46),$27.68 ,$0.00 ,$0.00 ,($6.70),$0.00 ,$0.00 ,-30,-3.53,-8.82,145.57,Completed,ach,Marketplace Takeout,,Dispatch,,,
9QQ-GZV,The Residence Inn Downtown St. Louis,525 S Jefferson Ave,St. Louis,MO,63103,,Lindell/SLU,CBW- Crazy Bowls and Wraps (Lindell/SLU),05/03/2025 10:21 AM,05/01/2025 1:22 PM,$291.80 ,$0.00 ,$20.00 ,($46.77),$38.46 ,$0.00 ,$0.00 ,($10.47),$0.00 ,$0.00 ,-30,-5.84,-14.59,242.59,Completed,ach,Marketplace Takeout,,Dispatch,,,
4HY-YRE,The Residence Inn Downtown St. Louis,525 S Jefferson Ave,St. Louis,MO,63103,,Lindell/SLU,CBW- Crazy Bowls and Wraps (Lindell/SLU),05/03/2025 12:20 PM,05/01/2025 1:26 PM,$291.80 ,$0.00 ,$20.00 ,($46.77),$38.46 ,$0.00 ,$0.00 ,($10.47),$0.00 ,$0.00 ,-30,-5.84,-14.59,242.59,Completed,ach,Marketplace Takeout,,Dispatch,,,
4ZV-Z84,Traders Point Christian Church - Production,12648 E 116th St,Fishers,IN,46037,7,Fishers,Wild Eggs #07 (Fishers),05/04/2025 8:00 AM,05/03/2025 10:33 AM,$191.00 ,$0.00 ,$35.00 ,($33.90),$0.00 ,$0.00 ,$28.65 ,($6.76),$0.00 ,$0.00 ,0,-7.64,-5.73,200.62,Completed,ach,Marketplace Delivery,,Carmen Sanchez,,,
CYQ-YC7,Houston Dynamo 2 - Energizer Stadium,2100 Market St,St. Louis,MO,63103,,Lindell/SLU,CBW- Crazy Bowls and Wraps (Lindell/SLU),05/04/2025 5:19 PM,04/18/2025 10:46 AM,$439.50 ,$0.00 ,$20.00 ,($68.93),$57.92 ,$0.00 ,$0.00 ,($15.47),$0.00 ,$0.00 ,-43.95,-8.79,-21.98,358.3,Completed,ach,Marketplace Takeout,,Dispatch,,,
PM9-URJ,Grandin Road,7 Larking Dr,Cincinnati,OH,45242,8,Oakley,Wild Eggs #8 (Oakley),05/05/2025 8:15 AM,05/04/2025 11:40 AM,$145.00 ,$0.00 ,$35.00 ,($27.00),$0.00 ,$0.00 ,$14.50 ,($5.38),$0.00 ,$0.00 ,0,-5.8,-7.25,149.07,Completed,ach,Marketplace Delivery,,Spencer Gamble,,,
C3Z-132,Amdocs,625 Maryville Centre Dr 200,St. Louis,MO,63141,,Creve Coeur,CBW- Crazy Bowls and Wraps (Creve Coeur),05/05/2025 8:32 AM,04/09/2025 1:29 PM,$292.45 ,$0.00 ,$20.00 ,($46.87),$25.55 ,$0.00 ,$0.00 ,($10.11),$0.00 ,$0.00 ,-30,0,0,251.02,Completed,ach,Marketplace Takeout,,Dispatch,,,
PQJ-WKF,Distinctive Dermatology,390 Office Ct,Fairview Heights,IL,62208,,Shiloh,CBW- Crazy Bowls and Wraps (Shiloh),05/05/2025 10:16 AM,04/30/2025 12:33 PM,$535.00 ,$0.00 ,$20.00 ,($83.25),$44.67 ,($44.67),$0.00 ,($17.93),$0.00 ,$0.00 ,-53.5,-10.7,-26.75,362.87,Completed,ach,Marketplace Takeout,,Dispatch,,,
4V8-JZQ,The Crossing at Grant's Trail,2760 Union Rd,St. Louis,MO,63125,,Sunset Hills,CBW- Crazy Bowls and Wraps (Sunset Hills),05/05/2025 4:58 PM,05/03/2025 5:53 PM,$100.70 ,$0.00 ,$20.00 ,($18.11),$0.00 ,$0.00 ,$0.00 ,($3.61),$0.00 ,$0.00 ,-30,-2.01,-5.04,61.93,Completed,ach,Marketplace Takeout,,Dispatch,,,
KGE-5A2,Clark Schaefer Hackett,1 E 4th St Suite 900,Cincinnati,OH,45202,9,Queen City Wild Eggs,Wild Eggs #9 (Queen City Wild Eggs),05/06/2025 7:30 AM,05/01/2025 9:16 AM,$597.00 ,$0.00 ,$35.00 ,($94.80),$0.00 ,$0.00 ,$65.00 ,($18.90),$0.00 ,$0.00 ,0,-11.94,-29.85,541.51,Completed,ach,Marketplace Delivery,,audie hill,,,
VH5-T2G,KMK Law,1 E 4th St Suite 1400,Cincinnati,OH,45202,9,Queen City Wild Eggs,Wild Eggs #9 (Queen City Wild Eggs),05/06/2025 7:30 AM,05/02/2025 3:19 PM,$489.00 ,$0.00 ,$35.00 ,($78.60),$2.81 ,($2.81),$97.80 ,($15.75),$0.00 ,$0.00 ,0,-9.78,-24.45,493.22,Completed,ach,Marketplace Delivery,,Shirelle Bloom,,,
WA3-4AF,Enterprise Rent A Car,9636 Natural Bridge Rd,Berkeley,MO,63134,,Forsyth/Clayton,CBW- Crazy Bowls and Wraps (Forsyth/Clayton),05/06/2025 10:15 AM,05/02/2025 4:28 PM,$186.35 ,$0.00 ,$20.00 ,($30.95),$29.24 ,$0.00 ,$0.00 ,($7.04),$0.00 ,$0.00 ,-30,-3.73,-9.32,154.55,Completed,ach,Marketplace Takeout,,Dispatch,,,
4P9-6JE,Geneoscopy,2220 Welsch Industrial Ct,St. Louis,MO,63146,,West Oak,CBW- Crazy Bowls and Wraps (West Oak),05/06/2025 10:58 AM,04/28/2025 11:33 AM,$990.00 ,$0.00 ,$20.00 ,($151.50),$157.83 ,$0.00 ,$0.00 ,($34.92),$0.00 ,$0.00 ,-99,-19.8,-49.5,813.11,Completed,ach,Marketplace Takeout,,Dispatch,,,
KRG-2RP,Washington University in St. Louis,700 Rosedale Ave,St. Louis,MO,63112,,Forsyth/Clayton,CBW- Crazy Bowls and Wraps (Forsyth/Clayton),05/06/2025 11:23 AM,05/02/2025 10:43 AM,$111.84 ,$0.00 ,$20.00 ,($19.78),$17.55 ,$0.00 ,$0.00 ,($4.47),$0.00 ,$0.00 ,-30,-2.24,-5.59,87.31,Completed,ach,Marketplace Takeout,,Dispatch,,,
5JM-T53,Musick Dermatology,4948 Benchmark Centre Dr,Swansea,IL,62226,,Shiloh,CBW- Crazy Bowls and Wraps (Shiloh),05/06/2025 11:25 AM,05/01/2025 2:18 PM,$136.80 ,$0.00 ,$20.00 ,($23.52),$11.42 ,($11.42),$0.00 ,($5.03),$0.00 ,$0.00 ,-30,-2.74,-6.84,88.67,Completed,ach,Marketplace Takeout,,Dispatch,,,
0E9-QZU,Dr coyne,1502 W Meyer Rd,Wentzville,MO,63385,,Wentzville,CBW- Crazy Bowls and Wraps (Wentzville),05/06/2025 11:26 AM,05/05/2025 2:13 PM,$192.48 ,$0.00 ,$20.00 ,($31.87),$20.11 ,$0.00 ,$0.00 ,($6.95),$0.00 ,$0.00 ,-30,-3.85,-9.62,150.3,Completed,ach,Marketplace Takeout,,Dispatch,,,
GW9-QRU,Pear Tree Inn,711 N Broadway Market Ballroom,St. Louis,MO,63102,,Lindell/SLU,CBW- Crazy Bowls and Wraps (Lindell/SLU),05/06/2025 4:26 PM,04/29/2025 11:08 AM,$432.50 ,$0.00 ,$20.00 ,($67.88),$57.00 ,$0.00 ,$0.00 ,($15.23),$0.00 ,$0.00 ,-43.25,-8.65,-21.63,352.86,Completed,ach,Marketplace Takeout,,Dispatch,,,
UW7-G1G,Adelante Schools,1202 E Troy Ave,Indianapolis,IN,46203,6,Pulliam,Wild Eggs #6 (Pulliam),05/07/2025 6:30 AM,04/28/2025 10:51 AM,"$1,248.00 ",$0.00 ,$35.00 ,($192.45),$0.00 ,$0.00 ,$187.20 ,($38.36),$0.00 ,$0.00 ,0,-24.96,-37.44,1176.99,Completed,ach,Marketplace Delivery,,Skylar Greene,,,
MG6-1RH,HCN1 - Amazon,3521 Point Pleasant Rd,Hebron,KY,41048,9,Queen City Wild Eggs,Wild Eggs #9 (Queen City Wild Eggs),05/07/2025 7:00 AM,05/06/2025 10:37 AM,$278.00 ,$0.00 ,$35.00 ,($46.95),$0.00 ,$0.00 ,$41.70 ,($9.36),$0.00 ,$0.00 ,0,-5.56,-13.9,278.93,Completed,ach,Marketplace Delivery,,Shirelle Bloom,,,
045-X31,LGE BUILDING,2701 Eastpoint Pkwy 3 rd floor,Louisville,KY,40223,3,Landis,Wild Eggs #3 (Landis),05/07/2025 7:30 AM,04/25/2025 2:04 PM,$634.00 ,$0.00 ,$35.00 ,($100.35),$40.14 ,($40.14),$25.00 ,($21.20),$0.00 ,$0.00 ,0,-25.36,-31.7,515.39,Completed,ach,Marketplace Delivery,,Ally Kennedy,,,
X22-GGC,Hendicks Oncology-Danville,100 Hospital Ln Suite 320,Danville,IN,46122,15,Avon,Wild Eggs #15 (Avon),05/07/2025 7:45 AM,05/05/2025 2:50 PM,$519.00 ,$0.00 ,$35.00 ,($83.10),$49.86 ,($38.78),$40.00 ,($18.06),$0.00 ,$0.00 ,0,-25.95,-25.95,452.02,Completed,ach,Marketplace Delivery,,Haley Blanton,,,
5K1-2HJ,Graves Gilbert Gastroenterology,484 Golden Autumn Way Suite 201/second floor,Bowling Green,KY,42103,14,Bowling Green,Wild Eggs #14 (Bowling Green),05/07/2025 7:45 AM,05/05/2025 3:33 PM,$443.00 ,$0.00 ,$35.00 ,($71.70),$28.68 ,($28.68),$30.00 ,($15.15),$0.00 ,$0.00 ,0,0,0,421.15,Completed,ach,Marketplace Delivery,,Caroline Witty,,,
WFP-336,OHC Kenwood,4777 E Galbraith Rd #320 320,Cincinnati,OH,45236,8,Oakley,Wild Eggs #8 (Oakley),05/07/2025 11:00 AM,05/06/2025 11:55 AM,$668.00 ,$0.00 ,$35.00 ,($105.45),$0.00 ,$0.00 ,$20.00 ,($21.02),$0.00 ,$0.00 ,0,-26.72,-33.4,536.41,Completed,ach,Marketplace Delivery,,Monica Craig,,,
2HX-MR4,"Takeout from Shiloh, IL",,Shiloh,IL,,,Shiloh,CBW- Crazy Bowls and Wraps (Shiloh),05/07/2025 10:15 AM,05/05/2025 10:02 AM,$125.50 ,$0.00 ,$0.00 ,($18.83),$10.48 ,($10.48),$0.00 ,($4.07),$0.00 ,$0.00 ,0,-2.51,-6.28,93.81,Completed,ach,Marketplace Takeout,,N/A,,,
HC4-U64,Kennedy Capital Management,10829 Olive Blvd 1st floor receptionist,Creve Coeur,MO,63141,,West Oak,CBW- Crazy Bowls and Wraps (West Oak),05/07/2025 10:39 AM,05/01/2025 2:02 PM,$253.40 ,$0.00 ,$20.00 ,($41.01),$40.40 ,$0.00 ,$0.00 ,($9.38),$0.00 ,$0.00 ,-30,-5.07,-12.67,215.67,Completed,ach,Marketplace Takeout,,Dispatch,,,
E80-AKX,Aspire Software,390 S Woods Mill Rd ste 300 - 3rd floor,Chesterfield,MO,63017,,West Oak,CBW- Crazy Bowls and Wraps (West Oak),05/07/2025 10:45 AM,04/22/2025 9:10 AM,$345.79 ,$0.00 ,$25.00 ,($51.87),$35.40 ,$0.00 ,$69.16 ,($12.15),$0.00 ,$0.00 ,0,0,0,411.33,Completed,ach,Meal Program,,,,,
UA4-ZHA,Cardio-Pulmonary Consultants,222 S Woods Mill Rd 310,Creve Coeur,MO,63141,,Creve Coeur,CBW- Crazy Bowls and Wraps (Creve Coeur),05/07/2025 11:06 AM,05/05/2025 12:16 PM,$256.50 ,$0.00 ,$20.00 ,($41.48),$22.41 ,$0.00 ,$0.00 ,($8.94),$0.00 ,$0.00 ,-30,0,0,218.49,Completed,ach,Marketplace Takeout,,Dispatch,,,
Q4W-J01,Esse Health,1027 Bellevue Ave Suite 107,St. Louis,MO,63117,,Forsyth/Clayton,CBW- Crazy Bowls and Wraps (Forsyth/Clayton),05/07/2025 11:06 AM,05/06/2025 9:19 AM,$363.70 ,$0.00 ,$20.00 ,($57.56),$42.69 ,$0.00 ,$0.00 ,($12.75),$0.00 ,$0.00 ,-36.37,-7.27,-18.19,294.25,Completed,ach,Marketplace Takeout,,Dispatch,,,
9MR-34K,Weissman,6726 Manchester Ave Photo Studio Lounge,St. Louis,MO,63139,18,South City,CBW- Crazy Bowls and Wraps #18 (South City),05/07/2025 11:17 AM,05/06/2025 9:58 AM,$709.50 ,$0.00 ,$20.00 ,($109.43),$93.51 ,$0.00 ,$0.00 ,($24.61),$0.00 ,$0.00 ,-70.95,0,0,618.02,Completed,ach,Marketplace Takeout,,Dispatch,,,
PMC-XK7,CEDARHURST SENIOR LIVING,300 Hunter Ave Suite 200,St. Louis,MO,63124,,Forsyth/Clayton,CBW- Crazy Bowls and Wraps (Forsyth/Clayton),05/07/2025 11:21 AM,05/05/2025 2:56 PM,$232.50 ,$0.00 ,$20.00 ,($37.88),$27.29 ,$0.00 ,$0.00 ,($8.37),$0.00 ,$0.00 ,-30,-4.65,-11.63,187.26,Completed,ach,Marketplace Takeout,,Dispatch,,,
KA2-J49,St. Elizabeth Conference Center,1360 Dolwick Dr Conference Room 2105,Erlanger,KY,41018,9,Queen City Wild Eggs,Wild Eggs #9 (Queen City Wild Eggs),05/08/2025 7:15 AM,05/05/2025 1:52 PM,$309.00 ,$0.00 ,$35.00 ,($51.60),$0.00 ,$0.00 ,$30.00 ,($10.29),$0.00 ,$0.00 ,0,-6.18,-15.45,290.48,Completed,ach,Marketplace Delivery,,megan blank,,,
VEA-Q16,Procter & Gamble,100 June St,Saint Bernard,OH,45217,8,Oakley,Wild Eggs #8 (Oakley),05/08/2025 7:30 AM,05/07/2025 10:59 AM,$175.00 ,$0.00 ,$35.00 ,($31.50),$0.00 ,$0.00 ,$17.50 ,($6.28),$0.00 ,$0.00 ,0,-7,-8.75,173.97,Completed,ach,Marketplace Delivery,,Monica Craig,,,
TC5-ZK8,Graeter's Headquarters,2245 Gilbert Ave. 105,Cincinnati,OH,45206,9,Queen City Wild Eggs,Wild Eggs #9 (Queen City Wild Eggs),05/08/2025 8:00 AM,04/22/2025 11:09 AM,$646.00 ,$0.00 ,$35.00 ,($102.15),$0.00 ,$0.00 ,$129.20 ,($20.36),$0.00 ,$0.00 ,0,-12.92,0,674.77,Completed,ach,Marketplace Delivery,,Shirelle Bloom,,,
ZHM-4W5,Mt Auburn Nephrology,8260 Pine Rd,Cincinnati,OH,45236,8,Oakley,Wild Eggs #8 (Oakley),05/08/2025 8:30 AM,05/05/2025 11:06 AM,$297.00 ,$0.00 ,$35.00 ,($49.80),$0.00 ,$0.00 ,$20.00 ,($9.93),$0.00 ,$0.00 ,0,-11.88,-14.85,265.54,Completed,ach,Marketplace Delivery,,Spencer Gamble,,,
915-WHZ,Tri Health Surgery Center West,3660 Edgewood Dr,Cincinnati,OH,45211,9,Queen City Wild Eggs,Wild Eggs #9 (Queen City Wild Eggs),05/08/2025 8:30 AM,05/06/2025 9:41 AM,$596.00 ,$0.00 ,$35.00 ,($94.65),$2.81 ,($2.81),$30.00 ,($18.95),$0.00 ,$0.00 ,0,-11.92,-29.8,505.68,Completed,ach,Marketplace Delivery,,megan blank,,,
U3G-5A6,Salesforce,1 E Ohio St 1 East Ohio Street,Indianapolis,IN,46204,6,Pulliam,Wild Eggs #6 (Pulliam),05/08/2025 11:00 AM,04/28/2025 12:25 PM,"$1,160.00 ",$0.00 ,$35.00 ,($179.25),$107.55 ,($83.65),$174.00 ,($38.95),$0.00 ,$0.00 ,0,-23.2,-34.8,1116.7,Completed,ach,Marketplace Delivery,,Skylar Greene,,,
Y44-868,Fabick Cat,1 Fabick Dr,Fenton,MO,63026,,Sunset Hills,CBW- Crazy Bowls and Wraps (Sunset Hills),05/08/2025 10:51 AM,04/29/2025 1:38 PM,$210.47 ,$0.00 ,$20.00 ,($34.57),$24.18 ,$0.00 ,$0.00 ,($7.61),($20.00),$0.00 ,-30,-4.21,-10.52,147.74,Completed,ach,Marketplace Takeout,,Dispatch,,,
C6A-UP2,Axiom Administration Services,1 Progress Point Pkwy Ste 101,O'Fallon,MO,63368,,O'Fallon,CBW- Crazy Bowls and Wraps (O'Fallon),05/08/2025 10:59 AM,05/06/2025 3:06 PM,$353.00 ,$0.00 ,$20.00 ,($55.95),$31.59 ,$0.00 ,$0.00 ,($12.10),$0.00 ,$0.00 ,-35.3,-7.06,-17.65,276.53,Completed,ach,Marketplace Takeout,,Dispatch,,,
PY2-GK4,DermCare,"12200 Weber Hill Rd 200, 2nd floor",St. Louis,MO,63127,,Sunset Hills,CBW- Crazy Bowls and Wraps (Sunset Hills),05/08/2025 11:03 AM,05/02/2025 11:56 AM,$434.05 ,$0.00 ,$20.00 ,($68.11),$68.11 ,$0.00 ,$0.00 ,($15.61),$0.00 ,$0.00 ,-43.4,-8.68,-21.7,364.66,Completed,ach,Marketplace Takeout,cincodemayo25,Dispatch,,,
1W0-W6M,Optimist International,4494 Lindell Blvd,St. Louis,MO,63108,,Lindell/SLU,CBW- Crazy Bowls and Wraps (Lindell/SLU),05/08/2025 11:11 AM,05/07/2025 1:55 PM,$108.44 ,$0.00 ,$20.00 ,($19.27),$14.29 ,$0.00 ,$0.00 ,($4.27),$0.00 ,$0.00 ,-30,-2.17,-5.42,81.6,Completed,ach,Marketplace Takeout,ts7n4ftsb6,Dispatch,,,
AFF-9T0,Curium,2703 Wagner Pl,Maryland Heights,MO,63043,,West Oak,CBW- Crazy Bowls and Wraps (West Oak),05/08/2025 11:16 AM,05/07/2025 2:04 PM,$216.75 ,$0.00 ,$20.00 ,($35.51),$22.19 ,$0.00 ,$0.00 ,($7.74),$0.00 ,$0.00 ,-30,-4.34,-10.84,170.51,Completed,ach,Marketplace Takeout,,Dispatch,,,
C4Q-4QK,Southern Illinois Associates,6805 IL-162 2nd Floor,Maryville,IL,62062,,Edwardsville,CBW- Crazy Bowls and Wraps (Edwardsville),05/08/2025 11:28 AM,05/06/2025 11:00 AM,$258.40 ,$0.00 ,$20.00 ,($41.76),$22.22 ,($22.22),$0.00 ,($8.99),$0.00 ,$0.00 ,-30,-5.17,-12.92,179.56,Completed,ach,Marketplace Takeout,,Dispatch,,,
1UG-HV6,"Takeout from O'Fallon, IL",100 Springfield Ct,O'Fallon,IL,62269,,Shiloh,CBW- Crazy Bowls and Wraps (Shiloh),05/08/2025 11:30 AM,05/07/2025 4:13 PM,$138.25 ,$0.00 ,$0.00 ,($20.74),$11.54 ,($11.54),$0.00 ,($4.48),$0.00 ,$0.00 ,0,-2.77,-6.91,103.35,Completed,ach,Marketplace Takeout,,N/A,,,
0A1-54E,Baptist Health Cancer Center New Albany,2210 Green Valley Rd,New Albany,IN,47150,13,New Albany,Wild Eggs #13 (New Albany),05/09/2025 7:15 AM,05/07/2025 10:54 AM,$581.00 ,$0.00 ,$35.00 ,($92.40),$43.12 ,($43.12),$87.15 ,($19.71),$0.00 ,$0.00 ,0,-23.24,-11.62,556.18,Completed,ach,Marketplace Delivery,sms500,Kayla Elifrits,,,
F9Q-7HZ,Baptist Health Hem/Onc,2400 Eastpoint Pkwy 310,Louisville,KY,40223,3,Landis,Wild Eggs #3 (Landis),05/09/2025 8:00 AM,05/06/2025 2:51 PM,$565.00 ,$0.00 ,$35.00 ,($90.00),$36.00 ,($36.00),$25.00 ,($19.02),$0.00 ,$0.00 ,0,-22.6,-28.25,465.13,Completed,ach,Marketplace Delivery,,Ally Kennedy,,,
4AT-RY7,Medical center health Hematology & Oncology,350 Park St 106,Bowling Green,KY,42101,14,Bowling Green,Wild Eggs #14 (Bowling Green),05/09/2025 7:45 AM,05/08/2025 10:17 AM,$463.00 ,$0.00 ,$35.00 ,($74.70),$29.88 ,($29.88),$0.00 ,($15.78),$0.00 ,$0.00 ,0,0,0,407.52,Completed,ach,Marketplace Delivery,nccv23to4,Sam Staples,,,
9KY-U5H,Cincinnati,600 Vine St Suite 1000,Cincinnati,OH,45202,9,Queen City Wild Eggs,Wild Eggs #9 (Queen City Wild Eggs),05/09/2025 9:15 AM,05/05/2025 3:48 PM,$252.00 ,$0.00 ,$35.00 ,($43.05),$2.81 ,($2.81),$50.40 ,($8.67),$0.00 ,$0.00 ,0,-5.04,-12.6,268.04,Completed,ach,Marketplace Delivery,,Shirelle Bloom,,,
CGT-378,New Albany,426 Bank St Suite 300,New Albany,IN,47150,13,New Albany,Wild Eggs #13 (New Albany),05/09/2025 9:15 AM,05/05/2025 4:41 PM,$345.00 ,$0.00 ,$35.00 ,($57.00),$26.60 ,($26.60),$69.00 ,($12.16),$0.00 ,$0.00 ,0,-13.8,-6.9,359.14,Completed,ach,Marketplace Delivery,,Kayla Elifrits,,,
J09-5PR,Midwest Chest,330 1st Capitol Dr 470,Saint Charles,MO,63301,,Lindenwood,CBW- Crazy Bowls and Wraps (Lindenwood),05/09/2025 10:38 AM,05/08/2025 3:39 PM,$349.00 ,$0.00 ,$20.00 ,($55.35),$34.73 ,$0.00 ,$0.00 ,($12.07),$0.00 ,$0.00 ,-34.9,-6.98,-17.45,276.98,Completed,ach,Marketplace Takeout,,Dispatch,,,
1PC-3CM,Sevens Building/Maryville Consulting Group,7777 Bonhomme Ave Suite 2300,Clayton,MO,63105,,Rock Hill/Glendale,CBW- Crazy Bowls and Wraps (Rock Hill/Glendale),05/09/2025 10:59 AM,05/07/2025 1:37 PM,$648.90 ,$0.00 ,$20.00 ,($100.34),$59.95 ,$0.00 ,$0.00 ,($21.79),$0.00 ,$0.00 ,-64.89,-12.98,-32.45,496.4,Completed,ach,Marketplace Takeout,,Dispatch,,,
G0Z-XH8,STLCC & Silverback Brentwood Studios,1034 S Brentwood Blvd,Richmond Heights,MO,63117,,Rock Hill/Glendale,CBW- Crazy Bowls and Wraps (Rock Hill/Glendale),05/09/2025 11:03 AM,05/07/2025 2:00 PM,$239.15 ,$0.00 ,$20.00 ,($38.87),$0.00 ,$0.00 ,$0.00 ,($7.75),$0.00 ,$0.00 ,-30,-4.78,-11.96,165.79,Completed,ach,Marketplace Takeout,,Dispatch,,,
4HM-X7E,Enterprise Rent A Car,9636 Natural Bridge Rd,Berkeley,MO,63134,,Forsyth/Clayton,CBW- Crazy Bowls and Wraps (Forsyth/Clayton),05/09/2025 3:44 PM,05/06/2025 1:39 PM,$171.65 ,$0.00 ,$20.00 ,($28.75),$20.15 ,$0.00 ,$0.00 ,($6.33),$0.00 ,$0.00 ,-30,-3.43,-8.58,134.71,Completed,ach,Marketplace Takeout,,Dispatch,,,
1HQ-V5X,LC Rheumatology and Infusion,3897 Charlestown Rd,New Albany,IN,47150,11,Jeffersonville,Wild Eggs #11 (Jeffersonville),05/12/2025 7:30 AM,05/09/2025 11:04 AM,$480.00 ,$0.00 ,$35.00 ,($77.25),$36.05 ,($36.05),$60.00 ,($16.48),$0.00 ,$0.00 ,0,-19.2,-9.6,452.47,Completed,ach,Marketplace Delivery,,Cynthia Bickett,,,
JQH-Z9Z,Norton Infectious Disease Speciatlists,4950 Norton Healthcare Blvd ste 303 Suite 303,Louisville,KY,40241,2,Westport,Wild Eggs #2 (Westport),05/12/2025 7:45 AM,05/08/2025 8:09 AM,$101.00 ,$0.00 ,$35.00 ,($20.40),$8.16 ,($8.16),$20.20 ,($4.31),$0.00 ,$0.00 ,0,-4.04,0,127.45,Completed,ach,Marketplace Delivery,,Kortney Cole,,,
PPT-CP7,Procter and Gamble,2 Procter and Gamble Plz ELA 108,Cincinnati,OH,45202,9,Queen City Wild Eggs,Wild Eggs #9 (Queen City Wild Eggs),05/12/2025 8:30 AM,05/10/2025 3:51 AM,$812.00 ,$0.00 ,$35.00 ,($127.05),$0.00 ,$0.00 ,$50.00 ,($25.33),$0.00 ,$0.00 ,0,-16.24,-40.6,687.78,Completed,ach,Marketplace Delivery,,Shirelle Bloom,,,
3P8-2G3,TriHealth Queen City Physicians - Hyde Park,2753 Erie Ave,Cincinnati,OH,45208,8,Oakley,Wild Eggs #8 (Oakley),05/12/2025 11:15 AM,05/09/2025 11:27 AM,$291.00 ,$0.00 ,$35.00 ,($48.90),$0.00 ,$0.00 ,$15.00 ,($9.75),$0.00 ,$0.00 ,0,-11.64,-14.55,256.16,Completed,ach,Marketplace Delivery,,Spencer Gamble,,,
9M6-JAU,Easterseals Midwest,11933 Westline Industrial Dr,St. Louis,MO,63146,,West Oak,CBW- Crazy Bowls and Wraps (West Oak),05/12/2025 10:36 AM,04/30/2025 12:36 PM,$283.25 ,$0.00 ,$20.00 ,($45.49),$0.00 ,$0.00 ,$0.00 ,($9.07),$0.00 ,$0.00 ,-30,-5.67,-14.16,198.86,Completed,ach,Marketplace Takeout,,Dispatch,,,
H2U-1UR,St. Louis Children's Hospital,1 Children's Place M.S. 90-49-042,St. Louis,MO,63110,,Lindell/SLU,CBW- Crazy Bowls and Wraps (Lindell/SLU),05/12/2025 10:51 AM,05/05/2025 10:25 AM,$218.90 ,$0.00 ,$20.00 ,($35.84),$0.00 ,$0.00 ,$0.00 ,($7.14),$0.00 ,$0.00 ,-30,-4.38,-10.95,150.59,Completed,ach,Marketplace Takeout,,Dispatch,,,
Y4E-9Z2,"Benefit Finance Partners, LLC",6 Cityplace Dr 4th floor suite 400,Creve Coeur,MO,63141,,Creve Coeur,CBW- Crazy Bowls and Wraps (Creve Coeur),05/12/2025 10:57 AM,05/12/2025 9:20 AM,$595.90 ,$0.00 ,$20.00 ,($92.39),$52.07 ,$0.00 ,$0.00 ,($19.97),$0.00 ,$0.00 ,-59.59,0,0,496.02,Completed,ach,Marketplace Takeout,,Dispatch,,,
XPQ-JWK,Chestnut health,12 N 64th St,Belleville,IL,62223,,Shiloh,CBW- Crazy Bowls and Wraps (Shiloh),05/12/2025 11:13 AM,05/10/2025 5:17 PM,$206.70 ,$0.00 ,$20.00 ,($34.01),$17.26 ,($17.26),$0.00 ,($7.29),$0.00 ,$0.00 ,-30,-4.13,-10.34,140.93,Completed,ach,Marketplace Takeout,,Dispatch,,,
1EZ-XWY,Baotist Cancer Center,4003 Kresge Way 500,Saint Matthews,KY,40207,1,Dupont,Wild Eggs #1 (Dupont),05/13/2025 7:30 AM,05/10/2025 11:44 PM,"$1,198.00 ",$0.00 ,$35.00 ,($184.95),$73.98 ,($73.98),$125.00 ,($39.08),$0.00 ,$0.00 ,0,-47.92,-23.96,1062.09,Completed,ach,Marketplace Delivery,,Carmen E,,,
HKU-V52,First Urology,101 Hospital Blvd 2nd FL - ATC,Jeffersonville,IN,47130,4,Mercantile,Wild Eggs #4 (Mercantile),05/13/2025 10:45 AM,05/07/2025 2:22 PM,$775.00 ,$0.00 ,$35.00 ,($121.50),$48.60 ,($48.60),$20.00 ,($25.67),$0.00 ,$0.00 ,0,-15.5,-38.75,628.58,Completed,ach,Marketplace Delivery,,Mikey  Thomas ,,,
P23-UGM,pink,,Fairview Heights,IL,,,Shiloh,CBW- Crazy Bowls and Wraps (Shiloh),05/13/2025 10:30 AM,05/12/2025 4:54 PM,$612.00 ,$0.00 ,$0.00 ,($91.80),$51.10 ,($51.10),$61.20 ,($19.83),$0.00 ,$0.00 ,0,-12.24,-30.6,518.73,Completed,ach,Marketplace Takeout,,N/A,,,
RGG-YJY,Thompson Coburn LLP,505 N 7th St 35th Floor,St. Louis,MO,63101,,Lindell/SLU,CBW- Crazy Bowls and Wraps (Lindell/SLU),05/13/2025 10:48 AM,05/09/2025 10:22 AM,$217.50 ,$0.00 ,$20.00 ,($35.63),$28.66 ,$0.00 ,$0.00 ,($7.96),$0.00 ,$0.00 ,-30,-4.35,-10.88,177.34,Completed,ach,Marketplace Takeout,,Dispatch,,,
602-7WT,Medical specialists of st. Lukes,222 S Woods Mill Rd 750 North Building,Chesterfield,MO,63017,,Creve Coeur,CBW- Crazy Bowls and Wraps (Creve Coeur),05/13/2025 11:05 AM,05/12/2025 1:04 PM,$379.50 ,$0.00 ,$20.00 ,($59.93),$33.16 ,$0.00 ,$0.00 ,($12.94),$0.00 ,$0.00 ,-37.95,0,0,321.84,Completed,ach,Marketplace Takeout,,Dispatch,,,
U9M-C9E,"Takeout from Town and Country, MO",,Town and Country,MO,,,Manchester,CBW- Crazy Bowls and Wraps (Manchester),05/13/2025 11:15 AM,05/12/2025 9:24 AM,$379.30 ,$0.00 ,$0.00 ,($56.90),$33.14 ,$0.00 ,$25.00 ,($12.33),$0.00 ,$0.00 ,0,-7.59,-18.97,341.65,Completed,ach,Marketplace Takeout,,N/A,,,
RJG-CJ9,,4972 Benchmark Centre Dr,Swansea,IL,62226,,Shiloh,CBW- Crazy Bowls and Wraps (Shiloh),05/13/2025 11:30 AM,05/12/2025 2:51 PM,$191.10 ,$0.00 ,$0.00 ,($28.67),$15.96 ,($15.96),$0.00 ,($6.19),$0.00 ,$0.00 ,0,-3.82,-9.56,142.86,Completed,ach,Marketplace Takeout,,N/A,,,
HX1-QPX,UL Primary Care,5100 Outer Loop,Louisville,KY,40219,4,Mercantile,Wild Eggs #4 (Mercantile),05/14/2025 7:30 AM,05/13/2025 10:21 AM,$185.00 ,$0.00 ,$35.00 ,($33.00),$13.20 ,($13.20),$27.75 ,($6.97),$0.00 ,$0.00 ,0,-3.7,-9.25,194.83,Completed,ach,Marketplace Delivery,,Mikey  Thomas ,,,
5PQ-20J,EW Scripps,312 Walnut St 28th floor,Cincinnati,OH,45202,9,Queen City Wild Eggs,Wild Eggs #9 (Queen City Wild Eggs),05/14/2025 7:45 AM,05/07/2025 2:39 PM,$273.00 ,$0.00 ,$35.00 ,($46.20),$0.00 ,$0.00 ,$25.00 ,($9.21),$0.00 ,$0.00 ,0,-5.46,-13.65,258.48,Completed,ach,Marketplace Delivery,,Shirelle Bloom,,,
CXM-5MU,Formica Corporation,10155 Reading Rd,Cincinnati,OH,45241,8,Oakley,Wild Eggs #8 (Oakley),05/14/2025 8:00 AM,05/07/2025 10:38 AM,$292.00 ,$0.00 ,$35.00 ,($49.05),$2.81 ,($2.81),$15.00 ,($9.86),$0.00 ,$0.00 ,0,-11.68,-14.6,256.81,Completed,ach,Marketplace Delivery,,Spencer Gamble,,,
9CG-U4Y,Womens health specialist,523 Park St 2nd floor conference room,Bowling Green,KY,42101,14,Bowling Green,Wild Eggs #14 (Bowling Green),05/14/2025 8:15 AM,05/13/2025 8:03 AM,$325.00 ,$0.00 ,$35.00 ,($54.00),$21.60 ,($21.60),$5.00 ,($11.41),$0.00 ,$0.00 ,0,0,0,299.59,Completed,ach,Marketplace Delivery,,Jamie Thomas,,,
RC0-ARH,Asheville Tourists,300 East 8th Ave Visiting Team,Bowling Green,KY,42101,14,Bowling Green,Wild Eggs #14 (Bowling Green),05/14/2025 8:45 AM,05/06/2025 7:36 PM,$701.00 ,$0.00 ,$35.00 ,($110.40),$44.16 ,($44.16),$40.00 ,($23.33),$0.00 ,$0.00 ,0,0,0,642.27,Completed,ach,Marketplace Delivery,,Jamie Thomas,,,
5YA-6UE,"STACK Construction Technologies, Inc.",9999 Carver Rd Suite 300 300,Cincinnati,OH,45242,8,Oakley,Wild Eggs #8 (Oakley),05/14/2025 11:30 AM,05/09/2025 2:51 PM,$864.00 ,$0.00 ,$35.00 ,($134.85),$0.00 ,$0.00 ,$86.40 ,($26.88),$0.00 ,$0.00 ,0,-34.56,-43.2,745.91,Completed,ach,Marketplace Delivery,,Monica Craig,,,
QWQ-TQU,The City of St. Charles School District,400 N 6th St,Saint Charles,MO,63301,,Lindenwood,CBW- Crazy Bowls and Wraps (Lindenwood),05/14/2025 10:37 AM,05/11/2025 9:59 PM,$405.65 ,$0.00 ,$20.00 ,($63.85),$40.36 ,$0.00 ,$0.00 ,($13.93),$0.00 ,$0.00 ,-40.56,-8.11,-20.28,319.28,Completed,ach,Marketplace Takeout,ez50125,Dispatch,,,
0FY-XQ5,TechArtista Foundation,4220 Duncan Ave 2nd Floor,St. Louis,MO,63110,,Lindell/SLU,CBW- Crazy Bowls and Wraps (Lindell/SLU),05/14/2025 10:54 AM,05/13/2025 1:15 PM,$206.70 ,$0.00 ,$20.00 ,($34.01),$27.24 ,$0.00 ,$0.00 ,($7.59),$0.00 ,$0.00 ,-30,-4.13,-10.34,167.87,Completed,ach,Marketplace Takeout,,Dispatch,,,
TJF-PKK,JP Morgan Chase,7700 Forsyth Blvd 1200,St. Louis,MO,63105,,Forsyth/Clayton,CBW- Crazy Bowls and Wraps (Forsyth/Clayton),05/14/2025 11:14 AM,05/12/2025 8:15 AM,$91.70 ,$0.00 ,$20.00 ,($16.76),$10.76 ,$0.00 ,$0.00 ,($3.66),$0.00 ,$0.00 ,-30,-1.83,-4.59,65.62,Completed,ach,Marketplace Takeout,,Dispatch,,,
CPY-V9C,Ashley Homstore/DSG,4432 Lemay Ferry Rd Ashley Homestore,St. Louis,MO,63129,,Tesson,CBW- Crazy Bowls and Wraps (Tesson),05/14/2025 11:34 AM,05/12/2025 1:12 PM,$278.18 ,$0.00 ,$20.00 ,($44.73),$24.31 ,$0.00 ,$0.00 ,($9.64),$0.00 ,$0.00 ,-30,-5.56,-13.91,218.65,Completed,ach,Marketplace Takeout,,Dispatch,,,
FV1-J3Y,Ladue School District,1201 Warson Rd,St. Louis,MO,63124,,Rock Hill/Glendale,CBW- Crazy Bowls and Wraps (Rock Hill/Glendale),05/14/2025 4:03 PM,05/13/2025 1:47 PM,$198.10 ,$0.00 ,$20.00 ,($32.72),$0.00 ,$0.00 ,$0.00 ,($6.52),$0.00 ,$0.00 ,-30,-3.96,-9.91,134.99,Completed,ach,Marketplace Takeout,,Dispatch,,,
0UA-ME9,Victory Field (Louisville Bats),501 W Maryland St,Indianapolis,IN,46225,6,Pulliam,Wild Eggs #6 (Pulliam),05/15/2025 8:00 AM,05/01/2025 3:23 PM,$663.00 ,$0.00 ,$35.00 ,($104.70),$62.82 ,($48.86),$50.00 ,($22.75),$0.00 ,$0.00 ,0,-13.26,-19.89,601.36,Completed,ach,Marketplace Delivery,,Skylar Greene,,,
AHM-GRG,Fisher and Paykel Healthcare,3201 S Park Rd,Louisville,KY,40219,1,Dupont,Wild Eggs #1 (Dupont),05/15/2025 9:00 AM,05/13/2025 12:29 PM,$151.00 ,$0.00 ,$35.00 ,($27.90),$11.16 ,($11.16),$15.00 ,($5.90),$0.00 ,$0.00 ,0,-6.04,-3.02,158.14,Completed,ach,Marketplace Delivery,,Carmen E,,,
82K-EMY,Sihf cardiology,180 S 3rd St 3,Belleville,IL,62220,,Shiloh,CBW- Crazy Bowls and Wraps (Shiloh),05/15/2025 10:57 AM,05/14/2025 1:34 PM,$321.90 ,$0.00 ,$20.00 ,($51.29),$26.88 ,($26.88),$0.00 ,($11.03),$0.00 ,$0.00 ,-32.19,-6.44,-16.1,224.85,Completed,ach,Marketplace Takeout,,Dispatch,,,
KKG-HFK,MegaCorp Logistics,200 W 3rd St,Newport,KY,41071,9,Queen City Wild Eggs,Wild Eggs #9 (Queen City Wild Eggs),05/16/2025 7:00 AM,05/06/2025 3:32 PM,$388.00 ,$0.00 ,$35.00 ,($63.45),$5.62 ,($5.62),$58.20 ,($12.82),$0.00 ,$0.00 ,0,-7.76,-19.4,377.77,Completed,ach,Marketplace Delivery,,Shirelle Bloom,,,
QR8-8FW,Greenwood Innovation Center,2441 E Main St Main Entrance,Greenwood,IN,46143,16,Greenwood,Wild Eggs #16 (Greenwood),05/16/2025 7:30 AM,05/13/2025 4:09 PM,$215.00 ,$0.00 ,$35.00 ,($37.50),$20.00 ,($17.50),$21.50 ,($8.07),$0.00 ,$0.00 ,0,-4.3,-10.75,213.38,Completed,ach,Marketplace Delivery,,camara young,,,
TRW-7CT,Lemonaid Pharmacy,1701 Macklind Ave Suite 300,St. Louis,MO,63110,,West Oak,CBW- Crazy Bowls and Wraps (West Oak),05/16/2025 11:15 AM,04/28/2025 4:09 PM,$245.84 ,$0.00 ,$25.00 ,($36.88),$25.17 ,$0.00 ,$24.58 ,($8.85),$0.00 ,$0.00 ,0,0,0,274.86,Completed,ach,Meal Program,,,,,
Y7U-XH4,Physicians pain services,114 Piper Hill Dr Ste 103,St. Peters,MO,63376,,Lindenwood,CBW- Crazy Bowls and Wraps (Lindenwood),05/16/2025 11:17 AM,05/15/2025 5:14 PM,$252.03 ,$0.00 ,$20.00 ,($40.80),$25.08 ,$0.00 ,$0.00 ,($8.88),$0.00 ,$0.00 ,-30,-5.04,-12.6,199.79,Completed,ach,Marketplace Takeout,,Dispatch,,,
929-5VR,SLU Baseball Field,1 S Compton Ave,St. Louis,MO,63103,,Lindell/SLU,CBW- Crazy Bowls and Wraps (Lindell/SLU),05/16/2025 4:35 PM,05/15/2025 10:04 AM,$529.10 ,$0.00 ,$20.00 ,($82.37),$0.00 ,$0.00 ,$0.00 ,($16.42),$0.00 ,$0.00 ,-52.91,-10.58,-26.46,360.36,Completed,ach,Marketplace Takeout,,Dispatch,,,
QTC-M1Z,JWM Neurology,1400 N Ritter Ave Suite 220,Indianapolis,IN,46219,6,Pulliam,Wild Eggs #6 (Pulliam),05/19/2025 7:30 AM,05/18/2025 9:18 AM,$160.00 ,$0.00 ,$35.00 ,($29.25),$17.55 ,($13.65),$20.00 ,($6.36),$0.00 ,$0.00 ,0,-3.2,-4.8,175.29,Completed,ach,Marketplace Delivery,,Skylar Greene,,,
QYY-FJV,LC Rheumatology,3897 Charlestown Rd,New Albany,IN,47150,13,New Albany,Wild Eggs #13 (New Albany),05/19/2025 8:15 AM,05/16/2025 6:52 PM,$379.00 ,$0.00 ,$35.00 ,($62.10),$28.98 ,($28.98),$38.00 ,($13.25),$0.00 ,$0.00 ,0,-15.16,-7.58,353.91,Completed,ach,Marketplace Delivery,,Mercedes Rosado,,,
AK3-30W,Procter and Gamble,2 Procter and Gamble Plz ELA 113,Cincinnati,OH,45202,9,Queen City Wild Eggs,Wild Eggs #9 (Queen City Wild Eggs),05/19/2025 8:15 AM,05/17/2025 7:16 PM,$316.00 ,$0.00 ,$35.00 ,($52.65),$0.00 ,$0.00 ,$31.60 ,($10.49),$0.00 ,$0.00 ,0,-6.32,-15.8,297.34,Completed,ach,Marketplace Delivery,,Shirelle Bloom,,,
FYZ-H5X,"McCarthy Building Companies, Inc.",12851 Manchester Rd McCarthy,Des Peres,MO,63131,,Manchester,CBW- Crazy Bowls and Wraps (Manchester),05/19/2025 10:18 AM,05/14/2025 10:39 AM,$643.80 ,$0.00 ,$20.00 ,($99.57),$56.26 ,$0.00 ,$0.00 ,($21.53),$0.00 ,$0.00 ,-64.38,-12.88,-32.19,489.51,Completed,ach,Marketplace Takeout,,Dispatch,,,
P7Q-AG8,Forefront Dermatology,816 S Kirkwood Rd Suite 210,St. Louis,MO,63122,,Sunset Hills,CBW- Crazy Bowls and Wraps (Sunset Hills),05/19/2025 11:08 AM,05/16/2025 10:15 AM,$254.40 ,$0.00 ,$20.00 ,($41.16),$29.23 ,$0.00 ,$0.00 ,($9.08),$0.00 ,$0.00 ,-30,-5.09,-12.72,205.58,Completed,ach,Marketplace Takeout,,Dispatch,,,
4FM-JCV,Mercy South Gastroenterology,10012 Kennerly Rd Suite 102,St. Louis,MO,63128,,Tesson,CBW- Crazy Bowls and Wraps (Tesson),05/19/2025 11:08 AM,05/18/2025 11:32 AM,$376.08 ,$0.00 ,$20.00 ,($59.41),$32.86 ,$0.00 ,$0.00 ,($12.83),$0.00 ,$0.00 ,-37.61,-7.52,-18.8,292.77,Completed,ach,Marketplace Takeout,,Dispatch,,,
64Q-4YF,Ernst & Young,7676 Forsyth Blvd 2600,Clayton,MO,63105,,Lindell/SLU,CBW- Crazy Bowls and Wraps (Lindell/SLU),05/19/2025 11:14 AM,05/19/2025 9:31 AM,$241.04 ,$0.00 ,$20.00 ,($39.16),$31.77 ,$0.00 ,$0.00 ,($8.76),$0.00 ,$0.00 ,-30,-4.82,-12.05,198.02,Completed,ach,Marketplace Takeout,,Dispatch,,,
3CA-AYC,Chestnut Health Systems,2148 Vadalabene Dr,Maryville,IL,62062,,Edwardsville,CBW- Crazy Bowls and Wraps (Edwardsville),05/19/2025 11:29 AM,05/18/2025 12:17 PM,$405.00 ,$0.00 ,$20.00 ,($63.75),$34.83 ,($34.83),$0.00 ,($13.75),$0.00 ,$0.00 ,-40.5,-8.1,-20.25,278.65,Completed,ach,Marketplace Takeout,,Dispatch,,,
4A1-7F9,Trihealth Ob/Gyn,8240 Northcreek Dr 4th floor conferece room,Cincinnati,OH,45236,8,Oakley,Wild Eggs #8 (Oakley),05/20/2025 7:45 AM,05/15/2025 12:10 PM,"$1,096.00 ",$0.00 ,$35.00 ,($169.65),$0.00 ,$0.00 ,$109.60 ,($33.82),$0.00 ,$0.00 ,0,-43.84,-54.8,938.49,Completed,ach,Marketplace Delivery,,Spencer Gamble,,,
J55-8AQ,MISO,720 City Center Dr,Carmel,IN,46032,5,Carmel,Wild Eggs #5 (Carmel),05/20/2025 7:45 AM,05/15/2025 4:01 PM,$202.00 ,$0.00 ,$35.00 ,($35.55),$21.33 ,($16.59),$20.20 ,($7.72),$0.00 ,$0.00 ,0,-8.08,-6.06,204.53,Completed,ach,Marketplace Delivery,,Lesley Rodela,,,
ERX-URC,University of Louisville,529 S Jackson St 3rd Floor Gyn Onc Office,Louisville,KY,40202,4,Mercantile,Wild Eggs #4 (Mercantile),05/20/2025 8:00 AM,05/19/2025 9:11 AM,$272.00 ,$0.00 ,$35.00 ,($46.05),$18.42 ,($18.42),$27.20 ,($9.73),$0.00 ,$0.00 ,0,-5.44,-13.6,259.38,Completed,ach,Marketplace Delivery,,Mikey  Thomas ,,,
2XU-VW1,Elevance Health,4361 Irwin Simpson Rd,Mason,OH,45040,8,Oakley,Wild Eggs #8 (Oakley),05/20/2025 8:15 AM,05/12/2025 11:15 AM,$362.00 ,$0.00 ,$35.00 ,($59.55),$5.62 ,($5.62),$0.00 ,($12.04),$0.00 ,$0.00 ,0,-14.48,-18.1,292.83,Completed,ach,Marketplace Delivery,,Spencer Gamble,,,
RV2-X68,Gulfstream,"6400 Curtiss-Steinberg Dr Hangar A, 2nd floor",Sauget,IL,62206,,Lindell/SLU,CBW- Crazy Bowls and Wraps (Lindell/SLU),05/20/2025 10:30 AM,05/19/2025 11:32 AM,$220.04 ,$0.00 ,$20.00 ,($36.01),$29.00 ,$0.00 ,$0.00 ,($8.04),$0.00 ,$0.00 ,-30,-4.4,-11,179.59,Completed,ach,Marketplace Takeout,,Dispatch,,,
AVE-M1R,University of Louisville Kosair Clinical and Translational Research Building,505 S Hancock St,Louisville,KY,40202,4,Mercantile,Wild Eggs #4 (Mercantile),05/20/2025 11:45 AM,05/15/2025 12:18 PM,$322.00 ,$0.00 ,$35.00 ,($53.55),$0.00 ,$0.00 ,$64.40 ,($10.67),$0.00 ,$0.00 ,0,-6.44,-16.1,334.64,Completed,ach,Marketplace Delivery,,Mikey  Thomas ,,,
UVF-578,,17300 N Outer 40 Rd,Chesterfield,MO,63005,,Creve Coeur,CBW- Crazy Bowls and Wraps (Creve Coeur),05/20/2025 10:45 AM,05/19/2025 7:44 AM,$274.90 ,$0.00 ,$0.00 ,($41.24),$24.02 ,$0.00 ,$0.00 ,($8.94),$0.00 ,$0.00 ,0,0,0,248.74,Completed,ach,Marketplace Takeout,,N/A,,,
Z56-QV2,WorldWide Technology,108 Gateway Commerce Center Dr N,Edwardsville,IL,62025,,Edwardsville,CBW- Crazy Bowls and Wraps (Edwardsville),05/20/2025 10:58 AM,05/15/2025 11:20 AM,$287.33 ,$0.00 ,$20.00 ,($46.10),$24.71 ,($24.71),$0.00 ,($9.93),$0.00 ,$0.00 ,-30,-5.75,-14.37,201.18,Completed,ach,Marketplace Takeout,,Dispatch,,,
700-EWR,WorldWide Technology,108 Gateway Commerce Center Dr N,Edwardsville,IL,62025,,Edwardsville,CBW- Crazy Bowls and Wraps (Edwardsville),05/20/2025 11:28 AM,05/15/2025 11:37 AM,$281.24 ,$0.00 ,$20.00 ,($45.19),$24.19 ,($24.19),$0.00 ,($9.73),$0.00 ,$0.00 ,-30,-5.62,-14.06,196.64,Completed,ach,Marketplace Takeout,,Dispatch,,,
WFF-7AY,Champions Center/Chaifetz Arena,3330 Laclede Ave,St. Louis,MO,63103,,Lindell/SLU,CBW- Crazy Bowls and Wraps (Lindell/SLU),05/20/2025 11:40 AM,05/19/2025 11:24 AM,$105.85 ,$0.00 ,$20.00 ,($18.88),$0.00 ,$0.00 ,$0.00 ,($3.76),$0.00 ,$0.00 ,-30,-2.12,-5.29,65.8,Completed,ach,Marketplace Takeout,,Dispatch,,,
5HR-QE4,Raymond James & Associates,4969 US-42 Suite 1600,Louisville,KY,40222,2,Westport,Wild Eggs #2 (Westport),05/21/2025 7:45 AM,05/16/2025 12:12 PM,$577.00 ,$0.00 ,$35.00 ,($91.80),$36.72 ,($36.72),$90.00 ,($19.40),$0.00 ,$0.00 ,0,-23.08,0,567.72,Completed,ach,Marketplace Delivery,,Kortney Cole,,,
H24-CZG,Franciscan Oncology and Hematology,8111 S Emerson Ave Suite 101,Indianapolis,IN,46237,16,Greenwood,Wild Eggs #16 (Greenwood),05/21/2025 7:45 AM,05/19/2025 12:11 PM,$996.00 ,$0.00 ,$35.00 ,($154.65),$82.48 ,($72.17),$40.00 ,($33.29),$0.00 ,$0.00 ,0,-19.92,-49.8,823.65,Completed,ach,Marketplace Delivery,,camara young,,,
258-TA3,CRB Group,721 Emerson Rd Suite 600,St. Louis,MO,63141,,West Oak,CBW- Crazy Bowls and Wraps (West Oak),05/21/2025 10:41 AM,05/20/2025 1:11 PM,$128.95 ,$0.00 ,$20.00 ,($22.34),$13.20 ,$0.00 ,$0.00 ,($4.85),$0.00 ,$0.00 ,-30,-2.58,-6.45,95.93,Completed,ach,Marketplace Takeout,,Dispatch,,,
VX9-3RE,Aspire Software,390 S Woods Mill Rd ste 300 - 3rd floor,Chesterfield,MO,63017,,West Oak,CBW- Crazy Bowls and Wraps (West Oak),05/21/2025 10:45 AM,05/05/2025 3:39 PM,$314.59 ,$0.00 ,$25.00 ,($47.19),$32.21 ,$0.00 ,$62.92 ,($11.12),$0.00 ,$0.00 ,0,0,0,376.41,Completed,ach,Meal Program,,,,,
6TZ-EKX,Wiese,1435 Woodson Rd,St. Louis,MO,63132,,West Oak,CBW- Crazy Bowls and Wraps (West Oak),05/21/2025 10:59 AM,05/20/2025 1:32 PM,$326.00 ,$0.00 ,$20.00 ,($51.90),$33.38 ,$0.00 ,$0.00 ,($11.34),$0.00 ,$0.00 ,-32.6,-6.52,-16.3,260.72,Completed,ach,Marketplace Takeout,,Dispatch,,,
TC1-2YY,Cancer Care Specialists of Illinois,321 Regency Park,O'Fallon,IL,62269,,Shiloh,CBW- Crazy Bowls and Wraps (Shiloh),05/21/2025 11:05 AM,05/15/2025 6:05 PM,$544.50 ,$0.00 ,$20.00 ,($84.68),$45.47 ,($45.47),$0.00 ,($18.24),$0.00 ,$0.00 ,-54.45,-10.89,-27.23,369.01,Completed,ach,Marketplace Takeout,,Dispatch,,,
WA7-ZUZ,Nestle Purina PetCare,801 Chouteau Ave Building Administrative 1st Floor Lobby,St. Louis,MO,63102,,Lindell/SLU,CBW- Crazy Bowls and Wraps (Lindell/SLU),05/21/2025 11:05 AM,05/19/2025 4:35 PM,$316.25 ,$0.00 ,$20.00 ,($50.44),$41.68 ,$0.00 ,$0.00 ,($11.30),$0.00 ,$0.00 ,-31.62,-6.33,-15.81,262.43,Completed,ach,Marketplace Takeout,,Dispatch,,,
090-GKR,Washington University Orthopedics,4590 Nash Way,St. Louis,MO,63110,,Lindell/SLU,CBW- Crazy Bowls and Wraps (Lindell/SLU),05/21/2025 3:51 PM,05/19/2025 11:24 AM,$241.00 ,$0.00 ,$20.00 ,($39.15),$0.00 ,$0.00 ,$0.00 ,($7.80),$0.00 ,$0.00 ,-30,-4.82,-12.05,167.18,Completed,ach,Marketplace Takeout,,Dispatch,,,
ZVF-9VE,Allied Automation,1540 Ormsby Station Ct,Louisville,KY,40223,2,Westport,Wild Eggs #2 (Westport),05/22/2025 8:00 AM,05/12/2025 12:06 PM,$119.00 ,$0.00 ,$35.00 ,($23.10),$9.24 ,($9.24),$23.80 ,($4.88),$0.00 ,$0.00 ,0,-4.76,0,145.06,Completed,ach,Marketplace Delivery,,Kortney Cole,,,
8F9-ZVG,U of L Oncology,529 S Jackson St Third Floor Break Room,Louisville,KY,40202,4,Mercantile,Wild Eggs #4 (Mercantile),05/22/2025 8:30 AM,05/21/2025 11:15 AM,$432.00 ,$0.00 ,$35.00 ,($70.05),$28.02 ,($28.02),$40.00 ,($14.80),$0.00 ,$0.00 ,0,-8.64,-21.6,391.91,Completed,ach,Marketplace Delivery,,Mikey  Thomas ,,,
ME6-Q6U,MLB Network Apple TV - St. Louis,700 Clark Ave,St. Louis,MO,63102,,Lindell/SLU,CBW- Crazy Bowls and Wraps (Lindell/SLU),05/22/2025 1:20 PM,05/19/2025 3:03 PM,$315.00 ,$0.00 ,$20.00 ,($50.25),$41.51 ,$0.00 ,$0.00 ,($11.26),$0.00 ,$0.00 ,-31.5,-6.3,-15.75,261.45,Completed,ach,Marketplace Takeout,,Dispatch,,,
G7P-T0C,Alberici,8800 Page Ave,St. Louis,MO,63114,,Forsyth/Clayton,CBW- Crazy Bowls and Wraps (Forsyth/Clayton),05/22/2025 3:03 PM,05/20/2025 3:28 PM,$346.53 ,$0.00 ,$20.00 ,($54.98),$40.68 ,$0.00 ,$0.00 ,($12.18),$0.00 ,$0.00 ,-34.65,-6.93,-17.33,281.14,Completed,ach,Marketplace Takeout,,Dispatch,,,
JKF-Z9X,Enterprise Rent A Car,9636 Natural Bridge Rd,Berkeley,MO,63134,,Forsyth/Clayton,CBW- Crazy Bowls and Wraps (Forsyth/Clayton),05/22/2025 3:29 PM,05/15/2025 1:45 PM,$177.40 ,$0.00 ,$20.00 ,($29.61),$20.82 ,$0.00 ,$0.00 ,($6.52),$0.00 ,$0.00 ,-30,-3.55,-8.87,139.67,Completed,ach,Marketplace Takeout,,Dispatch,,,
H3Q-JYR,Dr Wood MD Endocrine,"10345 Watson Rd If you pull to back of building, enter via back door is the easiest",St. Louis,MO,63127,,Sunset Hills,CBW- Crazy Bowls and Wraps (Sunset Hills),05/23/2025 11:11 AM,05/22/2025 3:01 PM,$200.40 ,$0.00 ,$20.00 ,($33.06),$23.02 ,$0.00 ,$0.00 ,($7.28),$0.00 ,$0.00 ,-30,-4.01,-10.02,159.05,Completed,ach,Marketplace Takeout,may1000,Dispatch,,,
XA2-HWX,Enterprise Rent A Car,9636 Natural Bridge Rd,Berkeley,MO,63134,,Forsyth/Clayton,CBW- Crazy Bowls and Wraps (Forsyth/Clayton),05/23/2025 3:29 PM,05/15/2025 2:15 PM,$158.45 ,$0.00 ,$20.00 ,($26.77),$18.60 ,$0.00 ,$0.00 ,($5.89),$0.00 ,$0.00 ,-30,-3.17,-7.92,123.3,Completed,ach,Marketplace Takeout,,Dispatch,,,
6MP-5ZW,Crossroads Church Oakley,3500 Madison Rd,Cincinnati,OH,45209,8,Oakley,Wild Eggs #8 (Oakley),05/25/2025 7:00 AM,05/12/2025 2:00 PM,$504.00 ,$0.00 ,$35.00 ,($80.85),$0.00 ,$0.00 ,$75.60 ,($16.12),$0.00 ,$0.00 ,0,-20.16,-25.2,472.27,Completed,ach,Marketplace Delivery,,Monica Craig,,,
K6C-4UY,Signature Flight Support,6390 Turner Dr,Indianapolis,IN,46241,15,Avon,Wild Eggs #15 (Avon),05/25/2025 8:30 AM,05/15/2025 5:16 PM,$220.00 ,$0.00 ,$35.00 ,($38.25),$22.95 ,($17.85),$33.00 ,($8.31),$0.00 ,$0.00 ,0,-11,-11,224.54,Completed,ach,Marketplace Delivery,,Cassandra Bauer,,,
Y3A-23P,Distinctive Dermatology,390 Office Ct,Fairview Heights,IL,62208,,Shiloh,CBW- Crazy Bowls and Wraps (Shiloh),05/27/2025 10:16 AM,05/15/2025 6:58 PM,$553.35 ,$0.00 ,$20.00 ,($86.00),$46.20 ,($46.20),$0.00 ,($18.52),$0.00 ,$0.00 ,-55.34,-11.07,-27.67,374.75,Completed,ach,Marketplace Takeout,,Dispatch,,,
1RY-FE4,Mercy Internal Med,12855 N Forty Dr Ste 280,St. Louis,MO,63141,,Manchester,CBW- Crazy Bowls and Wraps (Manchester),05/27/2025 11:00 AM,05/26/2025 11:30 AM,$421.40 ,$0.00 ,$20.00 ,($66.21),$36.82 ,$0.00 ,$0.00 ,($14.30),$0.00 ,$0.00 ,-42.14,-8.43,-21.07,326.07,Completed,ach,Marketplace Takeout,,Dispatch,,,
U7E-PAV,MG+M The Law Firm,1405 N Green Mt Rd 400,O'Fallon,IL,62269,,Shiloh,CBW- Crazy Bowls and Wraps (Shiloh),05/27/2025 11:07 AM,05/20/2025 3:48 PM,$500.70 ,$0.00 ,$20.00 ,($78.11),$41.81 ,($41.81),$0.00 ,($16.82),$0.00 ,$0.00 ,-50.07,-10.01,-25.04,340.65,Completed,ach,Marketplace Takeout,,Dispatch,,,
GAT-E6T,,3417 Anderson Healthcare Dr,Edwardsville,IL,62025,,Edwardsville,CBW- Crazy Bowls and Wraps (Edwardsville),05/27/2025 11:45 AM,05/26/2025 12:10 PM,$132.30 ,$0.00 ,$0.00 ,($19.85),$11.38 ,($11.38),$10.00 ,($4.30),$0.00 ,$0.00 ,0,-2.65,-6.62,108.88,Completed,ach,Marketplace Takeout,,N/A,,,
8QC-UXA,Erin Hogg @ Washington University School of Medicine,517 S Euclid Ave,St. Louis,MO,63110,,Lindell/SLU,CBW- Crazy Bowls and Wraps (Lindell/SLU),05/27/2025 1:37 PM,05/23/2025 11:14 AM,$75.25 ,$0.00 ,$20.00 ,($14.29),$0.00 ,$0.00 ,$0.00 ,($2.85),$0.00 ,$0.00 ,-30,-1.51,-3.76,42.84,Completed,ach,Marketplace Takeout,,Dispatch,,,
K7K-AX3,Med Center Health - Riverside Professional Center,825 E 2nd Ave C3,Bowling Green,KY,42101,14,Bowling Green,Wild Eggs #14 (Bowling Green),05/28/2025 7:30 AM,05/27/2025 9:35 AM,$173.00 ,$0.00 ,$35.00 ,($31.20),$12.48 ,($12.48),$25.95 ,($6.59),$0.00 ,$0.00 ,0,0,0,196.16,Completed,ach,Marketplace Delivery,,Jamie Thomas,,,
3J1-9U9,Meramac Dermatology,3783 Vogel Rd,Arnold,MO,63010,,Tesson,CBW- Crazy Bowls and Wraps (Tesson),05/28/2025 10:25 AM,05/27/2025 11:12 AM,$619.40 ,$0.00 ,$20.00 ,($95.91),$54.12 ,$0.00 ,$0.00 ,($20.74),$0.00 ,$0.00 ,-61.94,-12.39,-30.97,471.57,Completed,ach,Marketplace Takeout,,Dispatch,,,
YWG-1CF,Saint Louis Rheumatology,520 S Elm Ave,Webster Groves,MO,63119,,Rock Hill/Glendale,CBW- Crazy Bowls and Wraps (Rock Hill/Glendale),05/28/2025 11:03 AM,05/23/2025 5:02 PM,$434.95 ,$0.00 ,$20.00 ,($68.24),$40.18 ,$0.00 ,$0.00 ,($14.80),$0.00 ,$0.00 ,-43.5,-8.7,-21.75,338.14,Completed,ach,Marketplace Takeout,,Dispatch,,,
EY9-Y9U,FARNSWORTH GROUP,300 E Main St STE 101,Belleville,IL,62220,,Shiloh,CBW- Crazy Bowls and Wraps (Shiloh),05/28/2025 11:16 AM,05/19/2025 6:24 AM,$72.00 ,$0.00 ,$20.00 ,($13.80),$6.01 ,($6.01),$0.00 ,($2.93),$0.00 ,$0.00 ,-30,-1.44,-3.6,40.23,Completed,ach,Marketplace Takeout,,Dispatch,,,
7VF-R9F,LC Rheumatology,3897 Charlestown Rd,New Albany,IN,47150,13,New Albany,Wild Eggs #13 (New Albany),05/29/2025 8:15 AM,05/27/2025 2:45 PM,$379.00 ,$0.00 ,$35.00 ,($62.10),$28.98 ,($28.98),$0.00 ,($13.25),$0.00 ,$0.00 ,0,-15.16,-7.58,315.91,Completed,ach,Marketplace Delivery,,Mercedes Rosado,,,
G8C-QAE,Brown Cancer Center /(Dr Metzinger),529 S Jackson St 3rd floor -gynecological oncology,Louisville,KY,40202,4,Mercantile,Wild Eggs #4 (Mercantile),05/29/2025 10:45 AM,05/27/2025 5:05 PM,$241.00 ,$0.00 ,$35.00 ,($41.40),$16.56 ,($16.56),$0.00 ,($8.75),$0.00 ,$0.00 ,0,-4.82,-12.05,208.98,Completed,ach,Marketplace Delivery,,Mikey  Thomas ,,,
VM6-M0X,Physicians pain services,114 Piper Hill Dr Ste 103,St. Peters,MO,63376,,Lindenwood,CBW- Crazy Bowls and Wraps (Lindenwood),05/29/2025 11:17 AM,05/28/2025 5:05 PM,$237.03 ,$0.00 ,$20.00 ,($38.55),$23.58 ,$0.00 ,$0.00 ,($8.39),$0.00 ,$0.00 ,-30,-4.74,-11.85,187.08,Completed,ach,Marketplace Takeout,,Dispatch,,,
44Q-QJY,Mercy IBD Center,1001 S Kirkwood Rd Suite 100,Kirkwood,MO,63122,,Sunset Hills,CBW- Crazy Bowls and Wraps (Sunset Hills),05/29/2025 11:23 AM,05/28/2025 10:29 AM,$256.50 ,$0.00 ,$20.00 ,($41.48),$29.47 ,$0.00 ,$0.00 ,($9.15),$0.00 ,$0.00 ,-30,-5.13,-12.83,207.38,Completed,ach,Marketplace Takeout,,Dispatch,,,
44C-CTC,Esse primary care,1078 Wentzville Pkwy,Wentzville,MO,63385,,Wentzville,CBW- Crazy Bowls and Wraps (Wentzville),05/29/2025 11:28 AM,05/28/2025 6:19 PM,$132.00 ,$0.00 ,$20.00 ,($22.80),$13.79 ,$0.00 ,$0.00 ,($4.96),$0.00 ,$0.00 ,-30,-2.64,-6.6,98.79,Completed,ach,Marketplace Takeout,,Dispatch,,,
T3Y-VYV,The Spa at Mid America Plastic Surgery,4955 IL-159,Glen Carbon,IL,62034,,Edwardsville,CBW- Crazy Bowls and Wraps (Edwardsville),05/29/2025 11:30 AM,05/28/2025 11:14 AM,$279.90 ,$0.00 ,$20.00 ,($44.99),$24.07 ,($24.07),$20.00 ,($9.69),$0.00 ,$0.00 ,0,-5.6,-14,245.62,Completed,ach,Marketplace Delivery,,N/A,,,
V8J-98M,Washington University in St. Louis,1 Brookings Dr Jubel Hall,St. Louis,MO,63130,,Forsyth/Clayton,CBW- Crazy Bowls and Wraps (Forsyth/Clayton),05/29/2025 11:45 AM,05/27/2025 2:38 PM,$282.52 ,$0.00 ,$20.00 ,($45.38),$0.00 ,$0.00 ,$56.50 ,($9.05),$0.00 ,$0.00 ,0,-5.65,-14.13,284.81,Completed,ach,Marketplace Delivery,,KIM KNOX,,,
J69-8WY,All In Pediatrics,2305 Green Valley Rd,New Albany,IN,47150,13,New Albany,Wild Eggs #13 (New Albany),05/30/2025 8:00 AM,05/28/2025 1:22 PM,$330.00 ,$0.00 ,$35.00 ,($54.75),$25.55 ,($25.55),$33.00 ,($11.68),$0.00 ,$0.00 ,0,-13.2,-6.6,311.77,Completed,ach,Marketplace Delivery,,Kayla Elifrits,,,
AGY-13F,,626 Dartmouth Dr Upstairs break room,Clarksville,IN,47129,11,Jeffersonville,Wild Eggs #11 (Jeffersonville),05/30/2025 9:00 AM,05/14/2025 5:08 PM,$549.00 ,$0.00 ,$0.00 ,($82.35),$38.43 ,($38.43),$20.00 ,($17.56),$0.00 ,$0.00 ,0,-21.96,-10.98,436.15,Completed,ach,Marketplace Takeout,,N/A,,,
1JU-UPZ,DHL Express (CV3),2360 Airport North Dr,Hebron,KY,41048,9,Queen City Wild Eggs,Wild Eggs #9 (Queen City Wild Eggs),05/30/2025 9:45 AM,05/27/2025 2:56 PM,$307.00 ,$0.00 ,$35.00 ,($51.30),$0.00 ,$0.00 ,$30.70 ,($10.23),$0.00 ,$0.00 ,0,-6.14,-15.35,289.68,Completed,ach,Marketplace Delivery,,Shirelle Bloom,,,
JK6-H47,Racing Louisville FC,801 Edith Rd,Louisville,KY,40206,4,Mercantile,Wild Eggs #4 (Mercantile),05/31/2025 7:45 AM,05/28/2025 10:06 AM,$308.00 ,$0.00 ,$35.00 ,($51.45),$20.58 ,($20.58),$20.00 ,($10.87),$0.00 ,$0.00 ,0,-6.16,-15.4,279.12,Completed,ach,Marketplace Delivery,,Mikey  Thomas ,,,
29A-P31,Franciscan Oncology,8111 S Emerson Ave,Indianapolis,IN,46237,16,Greenwood,Wild Eggs #16 (Greenwood),06/02/2025 8:00 AM,05/30/2025 4:17 PM,$897.00 ,$0.00 ,$35.00 ,($139.80),$74.56 ,($65.24),$89.70 ,($30.10),$0.00 ,$0.00 ,0,-17.94,-44.85,798.33,Completed,ach,Marketplace Delivery,,camara young,,,
JER-56G,ESPN TV @ La Quinta Hotel,401 E Washington St,Indianapolis,IN,46204,6,Pulliam,Wild Eggs #6 (Pulliam),06/02/2025 8:00 AM,05/31/2025 5:03 PM,$425.00 ,$0.00 ,$35.00 ,($69.00),$41.40 ,($32.20),$42.50 ,($14.99),$0.00 ,$0.00 ,0,-8.5,-12.75,406.46,Completed,ach,Marketplace Delivery,,Skylar Greene,,,
CFT-ERJ,Mercy Sindelar Cancer Center,10050 Kennerly Rd Oncology cancer center,Sappington,MO,63128,,Tesson,CBW- Crazy Bowls and Wraps (Tesson),06/02/2025 11:04 AM,05/31/2025 8:46 PM,$653.14 ,$0.00 ,$20.00 ,($100.97),$57.07 ,$0.00 ,$0.00 ,($21.83),$0.00 ,$0.00 ,-65.31,-13.06,-32.66,496.38,Completed,ach,Marketplace Takeout,,Dispatch,,,
EGW-JF2,Nestle Purina Petcare Company,901 Chouteau Ave Main Tower Building - T,St. Louis,MO,63102,,Lindell/SLU,CBW- Crazy Bowls and Wraps (Lindell/SLU),06/02/2025 11:06 AM,05/30/2025 12:52 PM,$116.50 ,$0.00 ,$20.00 ,($20.48),$15.35 ,$0.00 ,$0.00 ,($4.54),$0.00 ,$0.00 ,-30,-2.33,-5.83,88.67,Completed,ach,Marketplace Takeout,,Dispatch,,,
KKM-1CC,Mercy Clinic Pediatrics,1203 Smizer Mill Rd Suite 108,Fenton,MO,63026,,Sunset Hills,CBW- Crazy Bowls and Wraps (Sunset Hills),06/02/2025 11:16 AM,05/30/2025 3:10 PM,$217.50 ,$0.00 ,$20.00 ,($35.63),$24.99 ,$0.00 ,$0.00 ,($7.85),$0.00 ,$0.00 ,-30,-4.35,-10.88,173.78,Completed,ach,Marketplace Takeout,,Dispatch,,,
68U-MUE,SLU,3330 Laclede Ave Dead end of Laclede Ave,St. Louis,MO,63103,,Lindell/SLU,CBW- Crazy Bowls and Wraps (Lindell/SLU),06/02/2025 11:22 AM,06/01/2025 10:50 AM,$255.80 ,$0.00 ,$20.00 ,($41.37),$0.00 ,$0.00 ,$0.00 ,($8.25),$0.00 ,$0.00 ,-30,-5.12,-12.79,178.27,Completed,ach,Marketplace Takeout,,Dispatch,,,
WPF-ZP7,Chestnut health,12 N 64th St,Belleville,IL,62223,,Shiloh,CBW- Crazy Bowls and Wraps (Shiloh),06/02/2025 11:27 AM,05/29/2025 6:33 PM,$232.50 ,$0.00 ,$20.00 ,($37.88),$19.41 ,($19.41),$0.00 ,($8.13),$0.00 ,$0.00 ,-30,-4.65,-11.63,160.21,Completed,ach,Marketplace Takeout,,Dispatch,,,
EY9-13W,Hinkle Fieldhouse,510 W 49th St Gate 1,Indianapolis,IN,46208,6,Pulliam,Wild Eggs #6 (Pulliam),06/03/2025 7:45 AM,06/01/2025 3:34 PM,$364.00 ,$0.00 ,$35.00 ,($59.85),$0.00 ,$0.00 ,$30.00 ,($11.93),$0.00 ,$0.00 ,0,-7.28,-10.92,339.02,Completed,ach,Marketplace Delivery,,Skylar Greene,,,
PAM-J63,New Albany Dermatology,2857 Charlestown Rd 100,New Albany,IN,47150,13,New Albany,Wild Eggs #13 (New Albany),06/03/2025 8:45 AM,06/02/2025 12:34 PM,$470.00 ,$0.00 ,$35.00 ,($75.75),$35.35 ,($35.35),$47.00 ,($16.16),$0.00 ,$0.00 ,0,-18.8,-9.4,431.89,Completed,ach,Marketplace Delivery,nccv22to3,Jose Cruz,,,
T5K-HA4,"Washington University School of Medicine, Mid Campus Center (MCC)",4590 Nash Way 11th floor,St. Louis,MO,63110,,Lindell/SLU,CBW- Crazy Bowls and Wraps (Lindell/SLU),06/03/2025 11:06 AM,06/02/2025 4:30 PM,$269.59 ,$0.00 ,$20.00 ,($43.44),$0.00 ,$0.00 ,$0.00 ,($8.66),$0.00 ,$0.00 ,-30,-5.39,-13.48,188.62,Completed,ach,Marketplace Takeout,,Dispatch,,,
E6F-A86,Mercy Urology,12700 Southfork Rd Suite 260 Suite 260,St. Louis,MO,63128,,Tesson,CBW- Crazy Bowls and Wraps (Tesson),06/03/2025 11:08 AM,06/02/2025 1:32 PM,$484.72 ,$0.00 ,$20.00 ,($75.71),$42.35 ,$0.00 ,$0.00 ,($16.36),($20.37),$0.00 ,-48.47,-9.69,-24.24,352.23,Completed,ach,Marketplace Takeout,,Dispatch,,,
UCE-1CP,PwC,6 Cardinal Wy 11th Floor,St. Louis,MO,63102,,Lindell/SLU,CBW- Crazy Bowls and Wraps (Lindell/SLU),06/03/2025 11:21 AM,06/02/2025 9:43 AM,$96.20 ,$0.00 ,$20.00 ,($17.43),$12.68 ,$0.00 ,$0.00 ,($3.85),$0.00 ,$0.00 ,-30,-1.92,-4.81,70.87,Completed,ach,Marketplace Takeout,,Dispatch,,,
X0J-WVJ,HSHS Medical Group Wound Clinic - O'Fallon,1 St Elizabeth's Blvd #3000,O'Fallon,IL,62269,,Shiloh,CBW- Crazy Bowls and Wraps (Shiloh),06/03/2025 11:23 AM,06/02/2025 3:45 PM,$176.40 ,$0.00 ,$20.00 ,($29.46),$14.73 ,($14.73),$0.00 ,($6.31),$0.00 ,$0.00 ,-30,-3.53,-8.82,118.28,Completed,ach,Marketplace Takeout,,Dispatch,,,
15Z-8PP,Barnes Dennig,150 E 4th St 3rd Floor,Cincinnati,OH,45202,9,Queen City Wild Eggs,Wild Eggs #9 (Queen City Wild Eggs),06/04/2025 7:45 AM,05/29/2025 1:41 PM,$117.00 ,$0.00 ,$35.00 ,($22.80),$0.00 ,$0.00 ,$17.55 ,($4.54),$0.00 ,$0.00 ,0,-2.34,-5.85,134.02,Completed,ach,Marketplace Delivery,,audie hill,,,
6C0-KT6,KMK LAW,32 E Ogden Pl Suite 1400,Cincinnati,OH,45202,9,Queen City Wild Eggs,Wild Eggs #9 (Queen City Wild Eggs),06/04/2025 8:30 AM,06/03/2025 10:01 AM,$196.00 ,$0.00 ,$35.00 ,($34.65),$0.00 ,$0.00 ,$39.20 ,($6.91),$0.00 ,$0.00 ,0,-3.92,-9.8,214.92,Completed,ach,Marketplace Delivery,,audie hill,,,
ZC0-QKA,University of Cincinnati College of Engineering and Applied Sciences,2901 Woodside Dr PO box 210018,Cincinnati,OH,45219,9,Queen City Wild Eggs,Wild Eggs #9 (Queen City Wild Eggs),06/04/2025 8:45 AM,05/19/2025 5:40 PM,$616.00 ,$0.00 ,$35.00 ,($97.65),$0.00 ,$0.00 ,$92.40 ,($19.46),$0.00 ,$0.00 ,0,-12.32,-30.8,583.17,Completed,ach,Marketplace Delivery,,Shirelle Bloom,,,
3AM-0CQ,Mount St Joseph University,5701 Delhi Rd Seton Center (located at the Neeb Road entrance),Cincinnati,OH,45233,9,Queen City Wild Eggs,Wild Eggs #9 (Queen City Wild Eggs),06/04/2025 8:45 AM,05/30/2025 11:31 AM,$538.00 ,$0.00 ,$35.00 ,($85.95),$5.62 ,($5.62),$107.60 ,($17.30),$0.00 ,$0.00 ,0,-10.76,-26.9,539.69,Completed,ach,Marketplace Delivery,,Mariah Imjalli,,,
0AZ-60E,Sound Health Services,1010 Old Des Peres Rd,Des Peres,MO,63131,,Manchester,CBW- Crazy Bowls and Wraps (Manchester),06/04/2025 10:39 AM,06/03/2025 4:08 PM,$85.70 ,$0.00 ,$20.00 ,($15.86),$7.49 ,$0.00 ,$0.00 ,($3.38),$0.00 ,$0.00 ,-30,0,0,63.95,Completed,ach,Marketplace Takeout,,Dispatch,,,
PV4-CZ9,The Retina Institute,226 S Woods Mill Rd 50W,Chesterfield,MO,63017,,Manchester,CBW- Crazy Bowls and Wraps (Manchester),06/04/2025 10:45 AM,05/19/2025 9:07 AM,$246.00 ,$0.00 ,$20.00 ,($39.90),$21.50 ,$0.00 ,$0.00 ,($8.60),$0.00 ,$0.00 ,-30,-4.92,-12.3,191.78,Completed,ach,Marketplace Takeout,,Dispatch,,,
WP4-8YV,Quantum Vision Center-Dr Wigton,3990 N Illinois St,Swansea,IL,62226,,Shiloh,CBW- Crazy Bowls and Wraps (Shiloh),06/04/2025 11:01 AM,06/03/2025 7:43 AM,$550.50 ,$0.00 ,$20.00 ,($85.58),$45.97 ,($45.97),$0.00 ,($18.43),$0.00 ,$0.00 ,-55.05,-11.01,-27.53,372.9,Completed,ach,Marketplace Takeout,,Dispatch,,,
70H-44Z,Colibri Group,399 S Spring Ave # 108,St. Louis,MO,63110,,Lindell/SLU,CBW- Crazy Bowls and Wraps (Lindell/SLU),06/04/2025 11:07 AM,05/28/2025 5:31 PM,$279.70 ,$0.00 ,$20.00 ,($44.96),$36.86 ,$0.00 ,$0.00 ,($10.06),$0.00 ,$0.00 ,-30,-5.59,-13.99,231.96,Completed,ach,Marketplace Takeout,,Dispatch,,,
R0P-U60,Rung for Women,2717 Sidney St,St. Louis,MO,63104,,Lindell/SLU,CBW- Crazy Bowls and Wraps (Lindell/SLU),06/04/2025 4:13 PM,06/03/2025 3:52 PM,$433.80 ,$0.00 ,$20.00 ,($68.07),$0.00 ,$0.00 ,$0.00 ,($13.57),$0.00 ,$0.00 ,-43.38,0,0,328.78,Completed,ach,Marketplace Takeout,,Dispatch,,,
25C-F1C,Local 392 Joint Apprenticeship Training Committee,1300 Century Cir N,Cincinnati,OH,45246,8,Oakley,Wild Eggs #8 (Oakley),06/05/2025 6:30 AM,05/27/2025 12:12 PM,"$1,320.00 ",$0.00 ,$35.00 ,($203.25),$5.62 ,($5.62),$0.00 ,($40.68),$0.00 ,$0.00 ,0,-52.8,-66,992.27,Completed,ach,Marketplace Delivery,,Monica Craig,,,
J9J-5R6,Enterprise Mobility,2281 Ball Dr,St. Louis,MO,63146,,West Oak,CBW- Crazy Bowls and Wraps (West Oak),06/05/2025 10:18 AM,06/03/2025 11:42 AM,$264.60 ,$0.00 ,$20.00 ,($42.69),$27.09 ,$0.00 ,$0.00 ,($9.32),$0.00 ,$0.00 ,-30,0,0,229.68,Completed,ach,Marketplace Takeout,,Dispatch,,,
Z5U-WY6,Tarlton Corporation,5500 W Park Ave,St. Louis,MO,63110,,Rock Hill/Glendale,CBW- Crazy Bowls and Wraps (Rock Hill/Glendale),06/05/2025 10:30 AM,06/04/2025 2:22 PM,$220.50 ,$0.00 ,$20.00 ,($36.08),$20.37 ,$0.00 ,$0.00 ,($7.80),$0.00 ,$0.00 ,-30,0,0,186.99,Completed,ach,Marketplace Takeout,ez40325,Dispatch,,,
7UQ-X62,AFB,3 Research Park Dr,Weldon Spring,MO,63304,,O'Fallon,CBW- Crazy Bowls and Wraps (O'Fallon),06/05/2025 10:41 AM,05/28/2025 2:46 PM,$487.10 ,$0.00 ,$20.00 ,($76.07),$43.60 ,$0.00 ,$0.00 ,($16.47),$0.00 ,$0.00 ,-48.71,-9.74,-24.36,375.35,Completed,ach,Marketplace Takeout,,Dispatch,,,
02H-J0F,Aspire Software,390 S Woods Mill Rd ste 300 - 3rd floor,Chesterfield,MO,63017,,West Oak,CBW- Crazy Bowls and Wraps (West Oak),06/05/2025 10:45 AM,05/20/2025 8:37 AM,$234.14 ,$0.00 ,$25.00 ,($35.12),$23.97 ,$0.00 ,$46.83 ,($8.46),$0.00 ,$0.00 ,0,0,0,286.36,Completed,ach,Meal Program,,,,,
9ZQ-1UY,HSHS St. Elizabeth’s Neurology,3 St Elizabeth's Blvd Suite 5000,O'Fallon,IL,62269,,Shiloh,CBW- Crazy Bowls and Wraps (Shiloh),06/05/2025 10:53 AM,06/04/2025 10:29 AM,$266.15 ,$0.00 ,$20.00 ,($42.92),$22.22 ,($22.22),$0.00 ,($9.22),$0.00 ,$0.00 ,-30,0,0,204.01,Completed,ach,Marketplace Takeout,,Dispatch,,,
ZKG-H95,CEDARHURST SENIOR LIVING,300 Hunter Ave SUITE 200,St. Louis,MO,63124,,Forsyth/Clayton,CBW- Crazy Bowls and Wraps (Forsyth/Clayton),06/05/2025 11:15 AM,06/04/2025 11:44 AM,$88.20 ,$0.00 ,$20.00 ,($16.23),$10.35 ,$0.00 ,$13.23 ,($3.54),$0.00 ,$0.00 ,0,0,0,112.01,Completed,ach,Marketplace Delivery,,N/A,,,
7E8-91J,Hunter Engineering,11250 Hunter Dr A building,Bridgeton,MO,63044,,Lindenwood,CBW- Crazy Bowls and Wraps (Lindenwood),06/05/2025 11:16 AM,06/03/2025 12:00 PM,$73.49 ,$0.00 ,$20.00 ,($14.02),$7.31 ,$0.00 ,$0.00 ,($3.01),$0.00 ,$0.00 ,-30,0,0,53.77,Completed,ach,Marketplace Takeout,,Dispatch,,,
CAA-X7H,World Wide Technology,1 World Wide Way,St. Louis,MO,63146,,West Oak,CBW- Crazy Bowls and Wraps (West Oak),06/05/2025 11:20 AM,05/20/2025 10:23 AM,$159.00 ,$0.00 ,$20.00 ,($26.85),$16.28 ,$0.00 ,$0.00 ,($5.84),$0.00 ,$0.00 ,-30,-3.18,-7.95,121.46,Completed,ach,Marketplace Takeout,,Dispatch,,,
UWG-TZF,Westside Pediatrics,100 Brevco Plaza 101,Lake Saint Louis,MO,63367,,Wentzville,CBW- Crazy Bowls and Wraps (Wentzville),06/05/2025 11:30 AM,06/04/2025 7:35 PM,$226.45 ,$0.00 ,$0.00 ,($33.97),$23.66 ,$0.00 ,$0.00 ,($7.48),$0.00 ,$0.00 ,0,0,0,208.66,Completed,ach,Marketplace Takeout,,N/A,,,
44T-JRZ,,10806 Olive Blvd,Creve Coeur,MO,63141,,West Oak,CBW- Crazy Bowls and Wraps (West Oak),06/05/2025 11:45 AM,06/04/2025 4:49 PM,$253.50 ,$0.00 ,$0.00 ,($38.03),$25.95 ,$0.00 ,$25.00 ,($8.36),$0.00 ,$0.00 ,0,0,0,258.06,Completed,ach,Marketplace Takeout,,N/A,,,
ZK0-2VG,Rung for Women,2717 Sidney St,St. Louis,MO,63104,,Lindell/SLU,CBW- Crazy Bowls and Wraps (Lindell/SLU),06/05/2025 4:11 PM,06/03/2025 4:00 PM,$644.85 ,$0.00 ,$20.00 ,($99.73),$0.00 ,$0.00 ,$0.00 ,($19.88),$0.00 ,$0.00 ,-64.48,0,0,480.76,Completed,ach,Marketplace Takeout,,Dispatch,,,
HY0-5RP,,2000 Fern Valley Rd,Louisville,KY,40213,4,Mercantile,Wild Eggs #4 (Mercantile),06/06/2025 6:30 AM,06/02/2025 8:01 AM,$503.00 ,$0.00 ,$0.00 ,($75.45),$0.00 ,$0.00 ,$20.00 ,($15.04),$0.00 ,$0.00 ,0,-10.06,-25.15,397.3,Completed,ach,Marketplace Takeout,,N/A,,,
ZEM-YZE,Indiana University Southeast c/o School of Education,4201 Grant Line Rd University Central 127,New Albany,IN,47150,13,New Albany,Wild Eggs #13 (New Albany),06/06/2025 7:30 AM,06/04/2025 5:41 PM,$388.00 ,$0.00 ,$35.00 ,($63.45),$0.00 ,$0.00 ,$38.80 ,($12.65),$0.00 ,$0.00 ,0,0,-7.76,377.94,Completed,ach,Marketplace Delivery,,Kayla Elifrits,,,
9MF-YJZ,UL Brown Cancer Center,2401 Terra Crossing Blvd Ste 206,Louisville,KY,40245,3,Landis,Wild Eggs #3 (Landis),06/06/2025 7:45 AM,06/05/2025 11:50 AM,$606.00 ,$0.00 ,$35.00 ,($96.15),$38.46 ,($38.46),$20.00 ,($20.32),$0.00 ,$0.00 ,0,0,0,544.53,Completed,ach,Marketplace Delivery,,Ally Kennedy,,,
H93-7J9,CICC (Central Indiana Cancer Center),6845 Rama Dr,Indianapolis,IN,46219,6,Pulliam,Wild Eggs #6 (Pulliam),06/06/2025 8:30 AM,06/04/2025 5:10 PM,$550.00 ,$0.00 ,$35.00 ,($87.75),$52.65 ,($40.95),$25.00 ,($19.07),$0.00 ,$0.00 ,0,0,0,514.88,Completed,ach,Marketplace Delivery,,Skylar Greene,,,
9JV-QZF,CUSD 187,1700 Jerome Lane,Sauget,IL,62206,,Lindell/SLU,CBW- Crazy Bowls and Wraps (Lindell/SLU),06/06/2025 10:53 AM,06/02/2025 1:25 PM,$276.18 ,$0.00 ,$20.00 ,($44.43),$0.00 ,$0.00 ,$0.00 ,($8.86),$0.00 ,$0.00 ,-30,-5.52,-13.81,193.56,Completed,ach,Marketplace Takeout,nccv21to2,Dispatch,,,
J7M-296,World Wide Technology,108 Gateway Commerce Center Dr N,Edwardsville,IL,62025,,Edwardsville,CBW- Crazy Bowls and Wraps (Edwardsville),06/06/2025 11:14 AM,05/20/2025 10:20 AM,$220.50 ,$0.00 ,$20.00 ,($36.08),$18.96 ,($18.96),$0.00 ,($7.76),$0.00 ,$0.00 ,-30,-4.41,-11.03,151.22,Completed,ach,Marketplace Takeout,,Dispatch,,,
AYF-K95,Musick Dermatology,4948 Benchmark Centre Dr,Swansea,IL,62226,,Shiloh,CBW- Crazy Bowls and Wraps (Shiloh),06/06/2025 11:25 AM,06/04/2025 12:33 PM,$103.05 ,$0.00 ,$20.00 ,($18.46),$8.60 ,($8.60),$0.00 ,($3.94),$0.00 ,$0.00 ,-30,0,0,70.65,Completed,ach,Marketplace Takeout,,Dispatch,,,
MGZ-H0Y,Mayfield Surgical Innovation Center,4020 Smith Rd 200,Cincinnati,OH,45209,8,Oakley,Wild Eggs #8 (Oakley),06/07/2025 7:00 AM,05/28/2025 2:07 PM,"$1,082.00 ",$0.00 ,$35.00 ,($167.55),$2.81 ,($2.81),$216.40 ,($33.48),$0.00 ,$0.00 ,0,-43.28,-54.1,1034.99,Completed,ach,Marketplace Delivery,,Monica Craig,,,
K34-TKT,Chase Park Plaza/Saint Louis Chess Club,212 N Kingshighway Blvd,St. Louis,MO,63108,,Lindell/SLU,CBW- Crazy Bowls and Wraps (Lindell/SLU),06/07/2025 3:38 PM,06/06/2025 11:21 AM,$88.75 ,$0.00 ,$20.00 ,($16.31),$0.00 ,$0.00 ,$0.00 ,($3.25),$0.00 ,$0.00 ,-30,0,0,59.19,Completed,ach,Marketplace Takeout,,Dispatch,,,
Z73-11Y,Traders Point Christian Church,2350 E 62nd St,Indianapolis,IN,46220,6,Pulliam,Wild Eggs #6 (Pulliam),06/08/2025 8:45 AM,06/05/2025 3:24 PM,$251.00 ,$0.00 ,$35.00 ,($42.90),$0.00 ,$0.00 ,$25.10 ,($8.55),$0.00 ,$0.00 ,0,0,0,259.65,Completed,ach,Marketplace Delivery,,Skylar Greene,,,
7E3-UU4,WARE,3401 Bashford Ave Ct,Louisville,KY,40218,4,Mercantile,Wild Eggs #4 (Mercantile),06/09/2025 7:00 AM,05/28/2025 7:25 AM,$394.00 ,$0.00 ,$35.00 ,($64.35),$25.74 ,($25.74),$78.80 ,($13.60),$0.00 ,$0.00 ,0,-7.88,-19.7,402.27,Completed,ach,Marketplace Delivery,,Mikey  Thomas ,,,
QJ7-3GF,Distinctive Dermatology,390 Office Ct,Fairview Heights,IL,62208,,Shiloh,CBW- Crazy Bowls and Wraps (Shiloh),06/09/2025 10:32 AM,06/04/2025 3:57 PM,$469.95 ,$0.00 ,$20.00 ,($73.49),$39.24 ,($39.24),$0.00 ,($15.82),$0.00 ,$0.00 ,-47,0,0,353.64,Completed,ach,Marketplace Takeout,,Dispatch,,,
6K9-CW4,Anderson Med Group - Dr. Dean Schueler,20 Professional Park Dr Suite B,Maryville,IL,62062,,Edwardsville,CBW- Crazy Bowls and Wraps (Edwardsville),06/09/2025 11:03 AM,06/06/2025 9:43 AM,$265.45 ,$0.00 ,$20.00 ,($42.82),$22.83 ,($22.83),$0.00 ,($9.22),$0.00 ,$0.00 ,-30,0,0,203.41,Completed,ach,Marketplace Takeout,,Dispatch,,,
K6H-FA7,Nestle IT,800 Chouteau Ave Building E,St. Louis,MO,63102,,Lindell/SLU,CBW- Crazy Bowls and Wraps (Lindell/SLU),06/09/2025 11:06 AM,06/06/2025 11:55 AM,$151.05 ,$0.00 ,$20.00 ,($25.66),$19.91 ,$0.00 ,$0.00 ,($5.71),$0.00 ,$0.00 ,-30,0,0,129.59,Completed,ach,Marketplace Takeout,,Dispatch,,,
MG0-944,Vodaland,3120 Riverport Tech Center Dr,Maryland Heights,MO,63043,,Lindenwood,CBW- Crazy Bowls and Wraps (Lindenwood),06/10/2025 10:31 AM,06/09/2025 1:32 PM,$386.95 ,$0.00 ,$20.00 ,($61.04),$38.50 ,$0.00 ,$0.00 ,($13.32),$0.00 ,$0.00 ,-38.7,0,0,332.39,Completed,ach,Marketplace Takeout,,Dispatch,,,
32W-68R,"Takeout from Wentzville, MO",,Wentzville,MO,,,Wentzville,CBW- Crazy Bowls and Wraps (Wentzville),06/10/2025 11:00 AM,06/09/2025 3:15 PM,$313.80 ,$0.00 ,$0.00 ,($47.07),$32.79 ,$0.00 ,$0.00 ,($10.36),$0.00 ,$0.00 ,0,0,0,289.16,Completed,ach,Marketplace Takeout,,N/A,,,
3XP-QEA,CPM Urology (3rd floor) suite 330,701 S New Ballas Rd Suite 330 Urology 3rd floor,St. Louis,MO,63141,,West Oak,CBW- Crazy Bowls and Wraps (West Oak),06/10/2025 11:02 AM,06/04/2025 10:40 AM,$327.87 ,$0.00 ,$20.00 ,($52.18),$33.57 ,$0.00 ,$0.00 ,($11.41),$0.00 ,$0.00 ,-32.79,0,0,285.06,Completed,ach,Marketplace Takeout,,Dispatch,,,
5E1-1J9,Counsilman-Hunsaker,12851 Manchester Rd 120,Des Peres,MO,63131,,Manchester,CBW- Crazy Bowls and Wraps (Manchester),06/10/2025 11:06 AM,06/05/2025 12:50 PM,$374.70 ,$0.00 ,$20.00 ,($59.21),$32.74 ,$0.00 ,$0.00 ,($12.78),$0.00 ,$0.00 ,-37.47,0,0,317.98,Completed,ach,Marketplace Takeout,,Dispatch,,,
1EZ-2J4,Washington University - South 40,6614 Shepley Dr,Clayton,MO,63105,,Forsyth/Clayton,CBW- Crazy Bowls and Wraps (Forsyth/Clayton),06/10/2025 11:15 AM,06/06/2025 4:31 PM,$131.50 ,$0.00 ,$20.00 ,($22.73),$0.00 ,$0.00 ,$19.72 ,($4.53),$0.00 ,$0.00 ,0,0,0,143.96,Completed,ach,Marketplace Delivery,,N/A,,,
VGP-K4J,Legal Concierge,7700 Bonhomme Ave Suite 300,Clayton,MO,63105,,Forsyth/Clayton,CBW- Crazy Bowls and Wraps (Forsyth/Clayton),06/10/2025 11:30 AM,06/08/2025 4:33 PM,$383.65 ,$0.00 ,$20.00 ,($60.55),$45.03 ,$0.00 ,$57.55 ,($13.42),$0.00 ,$0.00 ,0,0,0,432.26,Completed,ach,Marketplace Delivery,,N/A,,,
7XX-HVZ,Derm specialist Of NKY,215 Thomas more pkwy suite A building #4,Crestview Hills,KY,41017,9,Queen City Wild Eggs,Wild Eggs #9 (Queen City Wild Eggs),06/11/2025 8:00 AM,06/02/2025 2:51 PM,$375.00 ,$0.00 ,$35.00 ,($61.50),$2.81 ,($2.81),$20.00 ,($12.34),$0.00 ,$0.00 ,0,-7.5,-18.75,329.91,Completed,ach,Marketplace Delivery,,monica craig,,,
127-R5Y,Signature Flight Support,6390 Turner Dr,Indianapolis,IN,46241,15,Avon,Wild Eggs #15 (Avon),06/11/2025 9:00 AM,06/05/2025 5:16 PM,$180.00 ,$0.00 ,$35.00 ,($32.25),$19.35 ,($15.05),$27.00 ,($7.01),$0.00 ,$0.00 ,0,0,-9,198.04,Completed,ach,Marketplace Delivery,,Ambria Buce,,,
YZ2-76Y,O'Fallon Dermatology Specialists,7136 S Outer Rd 364,O'Fallon,MO,63368,,O'Fallon,CBW- Crazy Bowls and Wraps (O'Fallon),06/11/2025 11:03 AM,06/10/2025 11:13 AM,$252.00 ,$0.00 ,$20.00 ,($40.80),$22.55 ,$0.00 ,$0.00 ,($8.81),$0.00 ,$0.00 ,-30,0,0,214.94,Completed,ach,Marketplace Takeout,,Dispatch,,,
X95-V22,World Wide Technology,1 World Wide Wy,St. Louis,MO,63146,,West Oak,CBW- Crazy Bowls and Wraps (West Oak),06/11/2025 11:35 AM,06/06/2025 9:24 AM,$240.75 ,$0.00 ,$20.00 ,($39.11),$24.65 ,$0.00 ,$0.00 ,($8.53),$0.00 ,$0.00 ,-30,0,0,207.76,Completed,ach,Marketplace Takeout,,Dispatch,,,
188-G9Z,Kindeva,1945 Craig Rd,St. Louis,MO,63146,,West Oak,CBW- Crazy Bowls and Wraps (West Oak),06/11/2025 11:37 AM,06/09/2025 10:58 PM,$324.87 ,$0.00 ,$20.00 ,($51.73),$33.26 ,$0.00 ,$0.00 ,($11.31),$0.00 ,$0.00 ,-32.49,0,0,282.6,Completed,ach,Marketplace Takeout,,Dispatch,,,
5FX-C4R,World Wide Technology,108 Gateway Commerce Center Dr N,Edwardsville,IL,62025,,Edwardsville,CBW- Crazy Bowls and Wraps (Edwardsville),06/11/2025 11:56 AM,06/05/2025 2:20 PM,$373.83 ,$0.00 ,$20.00 ,($59.07),$32.15 ,($32.15),$0.00 ,($12.74),$0.00 ,$0.00 ,-37.38,0,0,284.64,Completed,ach,Marketplace Takeout,,Dispatch,,,
0JX-EX7,Graves Gilbert Clinic  Oncology,201 Park St Dr. Seshadri,Bowling Green,KY,42101,14,Bowling Green,Wild Eggs #14 (Bowling Green),06/12/2025 8:30 AM,06/11/2025 12:19 PM,$434.00 ,$0.00 ,$35.00 ,($70.35),$28.14 ,($28.14),$43.40 ,($14.86),$0.00 ,$0.00 ,0,0,0,427.19,Completed,ach,Marketplace Delivery,,Jamie Thomas,,,
U5G-G7Y,Target O'Fallon,2300 State Hwy K,O'Fallon,MO,63368,,O'Fallon,CBW- Crazy Bowls and Wraps (O'Fallon),06/12/2025 9:45 AM,05/29/2025 2:05 PM,"$1,035.50 ",$0.00 ,$20.00 ,($73.89),$92.68 ,$0.00 ,$103.55 ,($34.33),$0.00 ,$0.00 ,0,-20.71,-51.78,1071.02,Completed,ach,Marketplace Delivery,,N/A,,,
U2G-2TA,World Chess Hall of Fame,4652 Maryland Ave,St. Louis,MO,63108,,Forsyth/Clayton,CBW- Crazy Bowls and Wraps (Forsyth/Clayton),06/12/2025 10:32 AM,06/03/2025 11:00 AM,$313.25 ,$0.00 ,$20.00 ,($49.99),$0.00 ,$0.00 ,$0.00 ,($9.96),$0.00 ,$0.00 ,-31.32,0,0,241.98,Completed,ach,Marketplace Takeout,,Dispatch,,,
7PQ-AU0,,,St. Louis,MO,,18,South City,CBW- Crazy Bowls and Wraps #18 (South City),06/12/2025 11:00 AM,06/10/2025 9:06 PM,$103.45 ,$0.00 ,$0.00 ,($15.52),$13.63 ,$0.00 ,$0.00 ,($3.50),$0.00 ,$0.00 ,0,0,0,98.06,Completed,ach,Marketplace Takeout,,N/A,,,
H9J-RT7,Curium,2703 Wagner Pl,Maryland Heights,MO,63043,,West Oak,CBW- Crazy Bowls and Wraps (West Oak),06/12/2025 11:15 AM,06/11/2025 10:21 AM,$241.50 ,$0.00 ,$20.00 ,($39.23),$24.72 ,$0.00 ,$0.00 ,($8.56),($24.00),$0.00 ,-30,0,0,184.43,Completed,ach,Marketplace Takeout,,Dispatch,,,
EKM-ZA5,Gateway Region YMCA,2815 Scott Ave Suite D,St. Louis,MO,63103,,Lindell/SLU,CBW- Crazy Bowls and Wraps (Lindell/SLU),06/12/2025 11:39 AM,06/04/2025 3:52 PM,$104.88 ,$0.00 ,$20.00 ,($18.73),$0.00 ,$0.00 ,$0.00 ,($3.73),$0.00 ,$0.00 ,-30,0,0,72.42,Completed,ach,Marketplace Takeout,,Dispatch,,,
KVA-5EV,,10806 Olive Blvd,Creve Coeur,MO,63141,,West Oak,CBW- Crazy Bowls and Wraps (West Oak),06/12/2025 11:45 AM,06/11/2025 5:11 PM,$253.50 ,$0.00 ,$0.00 ,($38.03),$25.95 ,$0.00 ,$20.00 ,($8.36),$0.00 ,$0.00 ,0,0,0,253.06,Completed,ach,Marketplace Takeout,,N/A,,,
JA3-4J9,Cancer Care Specialists,321 Regency Park,O'Fallon,IL,62269,,Shiloh,CBW- Crazy Bowls and Wraps (Shiloh),06/12/2025 11:53 AM,06/09/2025 4:33 PM,$233.60 ,$0.00 ,$20.00 ,($38.04),$19.51 ,($19.51),$0.00 ,($8.17),$0.00 ,$0.00 ,-30,0,0,177.39,Completed,ach,Marketplace Takeout,bonus15x,Dispatch,,,
Y3Y-AMM,Gainbridge Fieldhouse (EPSN TV Compound),110 South Delaware St,Indianapolis,IN,46204,6,Pulliam,Wild Eggs #6 (Pulliam),06/13/2025 9:00 AM,06/12/2025 1:12 PM,"$1,187.00 ",$0.00 ,$35.00 ,($183.30),$109.98 ,($85.54),$118.70 ,($39.83),$0.00 ,$0.00 ,0,0,0,1142.01,Completed,ach,Marketplace Delivery,,Skylar Greene,,,
K8C-MMG,,,O'Fallon,MO,,,O'Fallon,CBW- Crazy Bowls and Wraps (O'Fallon),06/13/2025 11:00 AM,06/12/2025 11:48 AM,$61.50 ,$0.00 ,$0.00 ,($9.23),$5.50 ,$0.00 ,$0.00 ,($2.00),$0.00 ,$0.00 ,0,0,0,55.77,Completed,ach,Marketplace Takeout,,N/A,,,
AQC-M2J,Ernst & Young,7676 Forsyth Blvd 2600,Clayton,MO,63105,,Forsyth/Clayton,CBW- Crazy Bowls and Wraps (Forsyth/Clayton),06/13/2025 11:30 AM,06/05/2025 3:24 PM,$308.79 ,$0.00 ,$20.00 ,($49.32),$36.25 ,$0.00 ,$30.88 ,($10.91),$0.00 ,$0.00 ,0,0,0,335.69,Completed,ach,Marketplace Delivery,,N/A,,,
XJ3-V72,Contemporary Art Museum St. Louis,3750 Washington Blvd 3750 Washington Boulevard,St. Louis,MO,63108,,Rock Hill/Glendale,CBW- Crazy Bowls and Wraps (Rock Hill/Glendale),06/13/2025 4:08 PM,06/10/2025 7:23 PM,$216.10 ,$0.00 ,$20.00 ,($16.53),$0.00 ,$0.00 ,$0.00 ,($7.06),$0.00 ,$0.00 ,-30,0,0,182.51,Completed,ach,Marketplace Takeout,,Dispatch,,,
5W8-6VA,STLCC & Silverback Brentwood Studios,1034 S Brentwood Blvd,Richmond Heights,MO,63117,,Forsyth/Clayton,CBW- Crazy Bowls and Wraps (Forsyth/Clayton),06/14/2025 10:36 AM,06/03/2025 1:15 PM,$274.85 ,$0.00 ,$20.00 ,($44.23),$0.00 ,$0.00 ,$0.00 ,($8.82),$0.00 ,$0.00 ,-30,0,0,211.8,Completed,ach,Marketplace Takeout,,Dispatch,,,
ZRV-JGZ,Southeast Christian Church - Crestwood Campus,6201 Crestwood Station,Crestwood,KY,40014,3,Landis,Wild Eggs #3 (Landis),06/15/2025 8:45 AM,06/09/2025 3:46 PM,$144.00 ,$0.00 ,$35.00 ,($26.85),$0.00 ,$0.00 ,$21.60 ,($5.35),$0.00 ,$0.00 ,0,0,0,168.4,Completed,ach,Marketplace Delivery,,Ally Kennedy,,,
RKG-8JU,Louisville Pulmonary Care,4003 Kresge Way 312,Louisville,KY,40207,1,Dupont,Wild Eggs #1 (Dupont),06/16/2025 7:45 AM,06/13/2025 10:07 AM,$698.00 ,$0.00 ,$35.00 ,($109.95),$43.98 ,($43.98),$69.80 ,($23.23),$0.00 ,$0.00 ,0,0,0,669.62,Completed,ach,Marketplace Delivery,,Carmen E,,,
3A8-31R,AFB International,3 Research Park Dr,Weldon Spring,MO,63304,,O'Fallon,CBW- Crazy Bowls and Wraps (O'Fallon),06/16/2025 10:41 AM,06/13/2025 2:38 PM,$254.70 ,$0.00 ,$20.00 ,($41.21),$22.80 ,$0.00 ,$0.00 ,($8.90),$0.00 ,$0.00 ,-30,0,0,217.39,Completed,ach,Marketplace Takeout,,Dispatch,,,
05M-A7T,Washington University,4939 Children's Pl 9th Floor,St. Louis,MO,63110,,Lindell/SLU,CBW- Crazy Bowls and Wraps (Lindell/SLU),06/16/2025 11:03 AM,06/12/2025 11:47 AM,$377.50 ,$0.00 ,$20.00 ,($59.63),$0.00 ,$0.00 ,$0.00 ,($11.89),$0.00 ,$0.00 ,-37.75,0,0,288.23,Completed,ach,Marketplace Takeout,,Dispatch,,,
T13-VPR,Faith Oakville,6101 Telegraph Rd 6101 Telegraph Road,St. Louis,MO,63129,,Tesson,CBW- Crazy Bowls and Wraps (Tesson),06/16/2025 4:00 PM,06/15/2025 8:53 AM,$112.30 ,$0.00 ,$20.00 ,($19.85),$0.00 ,$0.00 ,$0.00 ,($3.96),$0.00 ,$0.00 ,-30,0,0,78.49,Completed,ach,Marketplace Takeout,,Dispatch,,,
2MG-ZT3,Tristate arthritis and rheumatology,2616 Legends Way,Crestview Hills,KY,41017,9,Queen City Wild Eggs,Wild Eggs #9 (Queen City Wild Eggs),06/17/2025 7:15 AM,06/12/2025 11:31 AM,$691.00 ,$0.00 ,$35.00 ,($108.90),$2.81 ,($2.81),$75.00 ,($21.79),$0.00 ,$0.00 ,0,0,0,670.31,Completed,ach,Marketplace Delivery,,Shirelle Bloom,,,
8Z4-25V,Louisville Gas & Electric,6900 Enterprise Dr,Louisville,KY,40214,4,Mercantile,Wild Eggs #4 (Mercantile),06/17/2025 7:45 AM,06/10/2025 10:53 AM,$649.00 ,$0.00 ,$35.00 ,($102.60),$41.04 ,($41.04),$97.35 ,($21.68),$0.00 ,$0.00 ,0,0,0,657.07,Completed,ach,Marketplace Delivery,,Mikey  Thomas ,,,
HFZ-C9G,OMS Photo,7281 Brixton Lane,Cincinnati,OH,45255,9,Queen City Wild Eggs,Wild Eggs #9 (Queen City Wild Eggs),06/17/2025 8:00 AM,06/13/2025 11:10 AM,$394.00 ,$0.00 ,$35.00 ,($64.35),$0.00 ,$0.00 ,$39.40 ,($12.83),$0.00 ,$0.00 ,0,0,0,391.22,Completed,ach,Marketplace Delivery,,Shirelle Bloom,,,
EM4-TWA,OnBoard,333 N. Alabama St. Ste. 300 Ste 300,Indianapolis,IN,46204,16,Greenwood,Wild Eggs #16 (Greenwood),06/17/2025 8:15 AM,06/11/2025 3:59 PM,$148.00 ,$0.00 ,$35.00 ,($27.45),$14.64 ,($12.81),$22.20 ,($5.91),$0.00 ,$0.00 ,0,0,0,173.67,Completed,ach,Marketplace Delivery,,camara young,,,
W8Z-8GT,PwC,6 Cardinal Wy Floor 11,St. Louis,MO,63102,,Lindell/SLU,CBW- Crazy Bowls and Wraps (Lindell/SLU),06/17/2025 10:20 AM,06/11/2025 12:13 PM,$76.94 ,$0.00 ,$20.00 ,($14.54),$10.14 ,$0.00 ,$0.00 ,($3.20),$0.00 ,$0.00 ,-30,0,0,59.34,Completed,ach,Marketplace Takeout,,Dispatch,,,
6Y5-12E,University of Cincinnati,231 Albert Sabin Way MSB - Kresge Circle,Cincinnati,OH,45229,9,Queen City Wild Eggs,Wild Eggs #9 (Queen City Wild Eggs),06/17/2025 11:30 AM,05/19/2025 3:40 PM,$360.00 ,$0.00 ,$35.00 ,($59.25),$0.00 ,$0.00 ,$25.00 ,($11.81),$0.00 ,$0.00 ,0,-7.2,-18,323.74,Completed,ach,Marketplace Delivery,,audie hill,,,
416-G5E,St. Louis Trust & Family Office,7701 Forsyth Blvd Suite 1100,Clayton,MO,63105,,Forsyth/Clayton,CBW- Crazy Bowls and Wraps (Forsyth/Clayton),06/17/2025 10:39 AM,06/10/2025 12:44 PM,$514.45 ,$0.00 ,$20.00 ,($37.41),$60.39 ,$0.00 ,$0.00 ,($17.79),$0.00 ,$0.00 ,-51.44,0,0,488.2,Completed,ach,Marketplace Takeout,,Dispatch,,,
3WP-M5C,Advanced Heart Care,5020 N Illinois St,Fairview Heights,IL,62208,,Shiloh,CBW- Crazy Bowls and Wraps (Shiloh),06/17/2025 11:08 AM,06/16/2025 3:57 PM,$125.80 ,$0.00 ,$20.00 ,($21.87),$10.50 ,($10.50),$0.00 ,($4.67),$0.00 ,$0.00 ,-30,0,0,89.26,Completed,ach,Marketplace Takeout,,Dispatch,,,
Z6W-MYG,Subtext,3000 Locust St,St. Louis,MO,63103,,Lindell/SLU,CBW- Crazy Bowls and Wraps (Lindell/SLU),06/17/2025 11:39 AM,06/12/2025 2:29 PM,$174.75 ,$0.00 ,$20.00 ,($29.21),$23.03 ,$0.00 ,$0.00 ,($6.51),$0.00 ,$0.00 ,-30,0,0,152.06,Completed,ach,Marketplace Takeout,,Dispatch,,,
Y21-A4V,Allworth Financial,9987 Carver Rd Suite 100,Blue Ash,OH,45242,8,Oakley,Wild Eggs #8 (Oakley),06/18/2025 8:00 AM,06/11/2025 11:59 AM,$175.00 ,$0.00 ,$35.00 ,($31.50),$0.00 ,$0.00 ,$17.50 ,($6.28),$0.00 ,$0.00 ,0,0,0,189.72,Completed,ach,Marketplace Delivery,,Monica Craig,,,
JPX-KV9,Dr fraser graves gilbert clinic rheumatology,2724 Nashville Rd,Bowling Green,KY,42101,14,Bowling Green,Wild Eggs #14 (Bowling Green),06/18/2025 7:45 AM,06/16/2025 2:55 PM,$273.00 ,$0.00 ,$35.00 ,($46.20),$18.48 ,($18.48),$10.00 ,($9.76),$0.00 ,$0.00 ,0,0,0,262.04,Completed,ach,Marketplace Delivery,,Jamie Thomas,,,
AU4-3XP,Moneta,100 South Brentwood Blvd,St. Louis,MO,63105,18,South City,CBW- Crazy Bowls and Wraps #18 (South City),06/18/2025 10:27 AM,06/16/2025 3:04 PM,$555.30 ,$0.00 ,$20.00 ,($86.30),$73.18 ,$0.00 ,$0.00 ,($19.39),$0.00 ,$0.00 ,-55.53,0,0,487.26,Completed,ach,Marketplace Takeout,,Dispatch,,,
UU0-FXY,Aspire Software,390 S Woods Mill Rd ste 300 - 3rd floor,Chesterfield,MO,63017,,West Oak,CBW- Crazy Bowls and Wraps (West Oak),06/18/2025 10:45 AM,06/02/2025 2:39 PM,$308.04 ,$0.00 ,$25.00 ,($46.21),$31.54 ,$0.00 ,$61.61 ,($10.90),$0.00 ,$0.00 ,0,0,0,369.08,Completed,ach,Meal Program,,,,,
MEA-Y2C,TVS Supply Chain Solutions,201 Logistics Center Dr,Wentzville,MO,63385,,Wentzville,CBW- Crazy Bowls and Wraps (Wentzville),06/18/2025 10:49 AM,06/10/2025 3:44 PM,$151.75 ,$0.00 ,$20.00 ,($25.76),$15.86 ,$0.00 ,$0.00 ,($5.61),$0.00 ,$0.00 ,-30,0,0,126.24,Completed,ach,Marketplace Takeout,,Dispatch,,,
G26-0K3,ARCO Business Services,8300 Eager Rd Ste. 500,Brentwood,MO,63144,,Forsyth/Clayton,CBW- Crazy Bowls and Wraps (Forsyth/Clayton),06/18/2025 10:51 AM,06/17/2025 4:53 PM,$300.78 ,$0.00 ,$20.00 ,($48.12),$35.31 ,$0.00 ,$0.00 ,($10.65),$0.00 ,$0.00 ,-30.08,0,0,267.24,Completed,ach,Marketplace Takeout,,Dispatch,,,
RUE-3VM,Royal Canin,4 Cityplace Dr 1st Floor,St. Louis,MO,63141,,West Oak,CBW- Crazy Bowls and Wraps (West Oak),06/18/2025 11:00 AM,06/06/2025 12:12 PM,$458.75 ,$0.00 ,$20.00 ,($71.81),$46.97 ,$0.00 ,$45.88 ,($15.72),$0.00 ,$0.00 ,0,0,0,484.07,Completed,ach,Marketplace Delivery,,N/A,,,
E4A-WW1,,,Saint Charles,MO,,,Lindenwood,CBW- Crazy Bowls and Wraps (Lindenwood),06/18/2025 11:00 AM,06/16/2025 2:28 PM,$115.45 ,$0.00 ,$0.00 ,($8.08),$11.49 ,$0.00 ,$0.00 ,($3.80),$0.00 ,$0.00 ,0,0,0,115.06,Completed,ach,Marketplace Takeout,,N/A,,,
QC1-MKZ,World Wide Technology,108 Gateway Commerce Center Dr N,Edwardsville,IL,62025,,Edwardsville,CBW- Crazy Bowls and Wraps (Edwardsville),06/18/2025 12:15 PM,06/11/2025 7:22 AM,$386.25 ,$0.00 ,$20.00 ,($60.94),$33.22 ,($33.22),$20.00 ,($13.14),$0.00 ,$0.00 ,0,0,0,352.17,Completed,ach,Marketplace Delivery,,N/A,,,
E2Y-QXQ,Dr. Pretorius,4743 Cornell Rd,Blue Ash,OH,45242,8,Oakley,Wild Eggs #8 (Oakley),06/19/2025 8:30 AM,06/16/2025 11:09 AM,$252.00 ,$0.00 ,$35.00 ,($43.05),$0.00 ,$0.00 ,$20.00 ,($8.58),$0.00 ,$0.00 ,0,0,0,255.37,Completed,ach,Marketplace Delivery,,Emma Burstein,,,
AHT-GVY,Wash-U School of Medicine,"4990 Children's Pl Northwest Tower, 15th Floor",St. Louis,MO,63110,,Lindell/SLU,CBW- Crazy Bowls and Wraps (Lindell/SLU),06/19/2025 11:04 AM,06/18/2025 10:53 AM,$300.90 ,$0.00 ,$20.00 ,($22.46),$0.00 ,$0.00 ,$0.00 ,($9.59),$0.00 ,$0.00 ,-30.09,0,0,258.76,Completed,ach,Marketplace Takeout,,Dispatch,,,
XJ9-7X3,Cardinal Glennon Children's Hospital,1465 S Grand Blvd,St. Louis,MO,63104,,Lindell/SLU,CBW- Crazy Bowls and Wraps (Lindell/SLU),06/20/2025 10:59 AM,06/16/2025 12:21 PM,"$1,005.60 ",$0.00 ,$20.00 ,($153.84),$0.00 ,$0.00 ,$0.00 ,($30.67),$0.00 ,$0.00 ,-100.56,0,0,740.53,Completed,ach,Marketplace Takeout,postonb25,Dispatch,,,
TGF-C6X,Saint Louis Zoo - The Living World,1 Government Dr,St. Louis,MO,63110,18,South City,CBW- Crazy Bowls and Wraps #18 (South City),06/20/2025 4:46 PM,06/11/2025 9:52 AM,$472.70 ,$0.00 ,$20.00 ,($73.91),$62.30 ,$0.00 ,$0.00 ,($16.59),$0.00 ,$0.00 ,-47.27,0,0,417.23,Completed,ach,Marketplace Takeout,,Dispatch,,,
3Y2-K1A,Home,1814 Arlington Ave,Louisville,KY,40206,4,Mercantile,Wild Eggs #4 (Mercantile),06/21/2025 9:00 AM,06/08/2025 7:06 PM,$310.00 ,$0.00 ,$35.00 ,($24.15),$20.70 ,($20.70),$46.50 ,($10.93),$0.00 ,$0.00 ,0,0,0,356.42,Completed,ach,ezOrdering Delivery,,Mikey  Thomas ,,,
7WX-0H8,,,Cincinnati,OH,,9,Queen City Wild Eggs,Wild Eggs #9 (Queen City Wild Eggs),06/21/2025 10:00 AM,06/18/2025 9:23 AM,$81.00 ,$0.00 ,$0.00 ,($12.15),$0.00 ,$0.00 ,$0.00 ,($2.42),$0.00 ,$0.00 ,0,0,0,66.43,Completed,ach,Marketplace Takeout,,N/A,,,
XJ6-QQZ,Traders Point Christian Church,2350 E 62nd St,Indianapolis,IN,46220,6,Pulliam,Wild Eggs #6 (Pulliam),06/22/2025 8:45 AM,06/08/2025 9:56 AM,$251.00 ,$0.00 ,$35.00 ,($42.90),$0.00 ,$0.00 ,$25.10 ,($8.55),$0.00 ,$0.00 ,0,0,0,259.65,Completed,ach,Marketplace Delivery,,Skylar Greene,,,
32J-H89,Busch Stadium - Visiting Clubhouse,700 Clark Ave,St. Louis,MO,63102,,Lindell/SLU,CBW- Crazy Bowls and Wraps (Lindell/SLU),06/22/2025 10:08 AM,06/18/2025 2:56 PM,$133.00 ,$0.00 ,$20.00 ,($22.95),$17.53 ,$0.00 ,$0.00 ,($5.10),($10.00),$0.00 ,-30,0,0,102.48,Completed,ach,Marketplace Takeout,,Dispatch,,,
KW8-Z49,Musillo Unkenholt,302 McFarland St 710,Cincinnati,OH,45202,9,Queen City Wild Eggs,Wild Eggs #9 (Queen City Wild Eggs),06/23/2025 11:30 AM,06/11/2025 1:07 PM,"$2,269.00 ",$0.00 ,$35.00 ,($345.60),$0.00 ,$0.00 ,$453.80 ,($68.89),$0.00 ,$0.00 ,0,0,0,2343.31,Completed,ach,Marketplace Delivery,,Shirelle Bloom,,,
GP0-Y5Z,Specialists in Dermatology,222 S Woods Mill Rd #480n,Chesterfield,MO,63017,,Creve Coeur,CBW- Crazy Bowls and Wraps (Creve Coeur),06/23/2025 11:21 AM,06/20/2025 3:08 PM,$291.50 ,$0.00 ,$20.00 ,($46.73),$25.47 ,$0.00 ,$0.00 ,($10.08),$0.00 ,$0.00 ,-30,0,0,250.16,Completed,ach,Marketplace Takeout,,Dispatch,,,
KQQ-PJE,Salesforce,1 E Ohio St,Indianapolis,IN,46204,6,Pulliam,Wild Eggs #6 (Pulliam),06/24/2025 8:15 AM,06/19/2025 12:42 PM,$174.00 ,$0.00 ,$35.00 ,($31.35),$18.81 ,($14.63),$34.80 ,($6.81),$0.00 ,$0.00 ,0,0,0,209.82,Completed,ach,Marketplace Delivery,,Skylar Greene,,,
Q3E-JVK,Hope Clinic,1602 21st St,Granite City,IL,62040,18,South City,CBW- Crazy Bowls and Wraps #18 (South City),06/24/2025 7:36 AM,06/13/2025 3:41 PM,$164.50 ,$0.00 ,$20.00 ,($27.68),$21.68 ,$0.00 ,$0.00 ,($6.16),$0.00 ,$0.00 ,-30,0,0,142.34,Completed,ach,Marketplace Takeout,,Dispatch,,,
0WK-A8F,DHL Express CV3,2360 Airport North Dr,Hebron,KY,41048,9,Queen City Wild Eggs,Wild Eggs #9 (Queen City Wild Eggs),06/24/2025 9:45 AM,06/23/2025 1:31 PM,$307.00 ,$0.00 ,$35.00 ,($51.30),$0.00 ,$0.00 ,$30.70 ,($10.23),$0.00 ,$0.00 ,0,0,0,311.17,Completed,ach,Marketplace Delivery,,audie hill,,,
Y9E-3G9,Ernst & Young,7676 Forsyth Blvd 2600,Clayton,MO,63105,,Forsyth/Clayton,CBW- Crazy Bowls and Wraps (Forsyth/Clayton),06/24/2025 11:11 AM,06/20/2025 12:18 PM,$314.72 ,$0.00 ,$20.00 ,($50.21),$36.94 ,$0.00 ,$0.00 ,($11.11),$0.00 ,$0.00 ,-31.47,0,0,278.87,Completed,ach,Marketplace Takeout,,Dispatch,,,
0JY-KM5,Cardiac cath lab- first floor,2 Progress Point Pkwy,O'Fallon,MO,63368,,O'Fallon,CBW- Crazy Bowls and Wraps (O'Fallon),06/24/2025 11:14 AM,06/23/2025 9:39 AM,$295.90 ,$0.00 ,$20.00 ,($47.39),$26.48 ,$0.00 ,$0.00 ,($10.24),$0.00 ,$0.00 ,-30,0,0,254.75,Completed,ach,Marketplace Takeout,,Dispatch,,,
K9F-TPH,Midwest Sleep Sinus and Allergy,1179 Fortune Blvd,Shiloh,IL,62269,,Shiloh,CBW- Crazy Bowls and Wraps (Shiloh),06/24/2025 11:25 AM,06/19/2025 4:33 PM,$286.98 ,$0.00 ,$20.00 ,($46.05),$23.96 ,($23.96),$0.00 ,($9.90),$0.00 ,$0.00 ,-30,0,0,221.03,Completed,ach,Marketplace Takeout,,Dispatch,,,
UME-8AR,fit-flavors,14824 Clayton Rd Suite 22,Chesterfield,MO,63017,,Rock Hill/Glendale,CBW- Crazy Bowls and Wraps (Rock Hill/Glendale),06/24/2025 5:47 PM,06/17/2025 11:16 AM,$429.95 ,$0.00 ,$20.00 ,($67.49),$39.72 ,$0.00 ,$0.00 ,($14.64),$0.00 ,$0.00 ,-43,0,0,364.54,Completed,ach,Marketplace Takeout,,Dispatch,,,
ZEU-64V,Milhaus,550 E Washington St,Indianapolis,IN,46204,6,Pulliam,Wild Eggs #6 (Pulliam),06/25/2025 8:00 AM,06/19/2025 9:36 PM,$295.00 ,$0.00 ,$35.00 ,($49.50),$29.70 ,($23.10),$29.50 ,($10.76),$0.00 ,$0.00 ,0,0,0,305.84,Completed,ach,Marketplace Delivery,,Skylar Greene,,,
GKM-G2E,Queen City Physicians University Station Internal Medicine,1775 Lexington Ave #150,Cincinnati,OH,45212,8,Oakley,Wild Eggs #8 (Oakley),06/25/2025 11:15 AM,06/23/2025 7:34 PM,$479.00 ,$0.00 ,$35.00 ,($77.10),$0.00 ,$0.00 ,$25.00 ,($15.37),$0.00 ,$0.00 ,0,0,0,446.53,Completed,ach,Marketplace Delivery,,Monica Craig,,,
2H9-03X,LifeSpring Health Systems-Turning Point,1060 Sharon Dr,Jeffersonville,IN,47130,13,New Albany,Wild Eggs #13 (New Albany),06/25/2025 11:30 AM,06/20/2025 1:52 PM,$704.00 ,$0.00 ,$35.00 ,($110.85),$51.73 ,($51.73),$70.40 ,($23.64),$0.00 ,$0.00 ,0,0,0,674.91,Completed,ach,Marketplace Delivery,,Mercedes Rosado,,,
PJ3-MRY,Distribution Management,5 Research Park Dr,Saint Charles,MO,63304,,O'Fallon,CBW- Crazy Bowls and Wraps (O'Fallon),06/25/2025 11:00 AM,06/20/2025 3:35 PM,$280.90 ,$0.00 ,$20.00 ,($21.06),$25.14 ,$0.00 ,$56.18 ,($9.75),$0.00 ,$0.00 ,0,0,0,351.41,Completed,ach,Marketplace Delivery,,N/A,,,
0MT-RKQ,Lemonaid Pharmacy,1701 Macklind Ave Suite 300,St. Louis,MO,63110,,West Oak,CBW- Crazy Bowls and Wraps (West Oak),06/25/2025 11:15 AM,06/09/2025 3:42 PM,$265.47 ,$0.00 ,$25.00 ,($39.82),$27.18 ,$0.00 ,$26.55 ,($9.50),$0.00 ,$0.00 ,0,0,0,294.88,Completed,ach,Meal Program,,,,,
YCP-75Z,Personal,6256 DeerField Dr,Greenwood,IN,46143,16,Greenwood,Wild Eggs #16 (Greenwood),06/26/2025 7:30 AM,06/24/2025 9:48 AM,$213.00 ,$0.00 ,$35.00 ,($37.20),$19.84 ,($17.36),$0.00 ,($8.01),$0.00 ,$0.00 ,0,0,0,205.27,Completed,ach,Marketplace Delivery,,Yazmin Lopez,,,
Y68-C0M,Community Family Physicians,7910 E Washington St 200,Indianapolis,IN,46219,6,Pulliam,Wild Eggs #6 (Pulliam),06/26/2025 7:45 AM,06/25/2025 11:05 AM,$321.00 ,$0.00 ,$35.00 ,($53.40),$32.04 ,($24.92),$20.00 ,($11.60),$0.00 ,$0.00 ,0,0,0,318.12,Completed,ach,Marketplace Delivery,,Skylar Greene,,,
EZY-WR4,QSR Automations,2700 Buddeke Dr,Louisville,KY,40206,4,Mercantile,Wild Eggs #4 (Mercantile),06/26/2025 8:00 AM,06/17/2025 1:04 PM,$237.00 ,$0.00 ,$35.00 ,($40.80),$16.32 ,($16.32),$23.70 ,($8.62),$0.00 ,$0.00 ,0,0,0,246.28,Completed,ach,Marketplace Delivery,,Mikey  Thomas ,,,
67E-5CA,LC Rheumatology,3897 Charlestown Rd,New Albany,IN,47150,13,New Albany,Wild Eggs #13 (New Albany),06/26/2025 8:15 AM,06/24/2025 11:50 AM,$379.00 ,$0.00 ,$35.00 ,($62.10),$28.98 ,($28.98),$38.00 ,($13.25),$0.00 ,$0.00 ,0,0,0,376.65,Completed,ach,Marketplace Delivery,,Savannah  Gilbert ,,,
9XA-V8H,EY,1 E Ohio St 40th floor,Indianapolis,IN,46204,6,Pulliam,Wild Eggs #6 (Pulliam),06/26/2025 9:30 AM,06/19/2025 8:31 AM,$498.00 ,$0.00 ,$35.00 ,($79.95),$47.97 ,($37.31),$0.00 ,($17.37),$0.00 ,$0.00 ,0,0,0,446.34,Completed,ach,Marketplace Delivery,,Skylar Greene,,,
JGM-TT8,Hinkle Fieldhouse,510 W 49th St Gate 1,Indianapolis,IN,46208,6,Pulliam,Wild Eggs #6 (Pulliam),06/26/2025 10:45 AM,06/23/2025 3:48 PM,$259.00 ,$0.00 ,$35.00 ,($44.10),$0.00 ,$0.00 ,$25.00 ,($8.79),$0.00 ,$0.00 ,0,0,0,266.11,Completed,ach,Marketplace Delivery,,Skylar Greene,,,
2TZ-37K,Nestle Purina,901 Chouteau Ave Tower Lobby Security,St. Louis,MO,63102,,Lindell/SLU,CBW- Crazy Bowls and Wraps (Lindell/SLU),06/26/2025 10:06 AM,06/04/2025 10:06 AM,$175.90 ,$0.00 ,$20.00 ,($29.39),$23.18 ,$0.00 ,$0.00 ,($6.55),$0.00 ,$0.00 ,-30,0,0,153.14,Completed,ach,Marketplace Takeout,,Dispatch,,,
TJQ-8GK,MilliporeSigma _ Broadway,3506 S Broadway,St. Louis,MO,63118,,Lindell/SLU,CBW- Crazy Bowls and Wraps (Lindell/SLU),06/26/2025 11:32 AM,06/18/2025 3:44 PM,$76.00 ,$0.00 ,$20.00 ,($14.40),$10.02 ,$0.00 ,$0.00 ,($3.17),$0.00 ,$0.00 ,-30,0,0,58.45,Completed,ach,Marketplace Takeout,,Dispatch,,,
2M3-46F,MegaCorp Logistics,200 W 3rd St,Newport,KY,41071,9,Queen City Wild Eggs,Wild Eggs #9 (Queen City Wild Eggs),06/27/2025 7:30 AM,06/24/2025 4:20 PM,$127.00 ,$0.00 ,$35.00 ,($24.30),$0.00 ,$0.00 ,$19.05 ,($4.84),$0.00 ,$0.00 ,0,0,0,151.91,Completed,ach,Marketplace Delivery,,Shirelle Bloom,,,
9MP-09W,,,Cincinnati,OH,45207,8,Oakley,Wild Eggs #8 (Oakley),06/27/2025 8:30 AM,06/24/2025 11:35 AM,$280.00 ,$0.00 ,$0.00 ,($42.00),$0.00 ,$0.00 ,$30.00 ,($8.37),$0.00 ,$0.00 ,0,0,0,259.63,Completed,ach,Marketplace Takeout,,N/A,,,
86F-A6M,Med Center Health - Medical Arts Building -  Neurology,350 Park St ste 206,Bowling Green,KY,42101,14,Bowling Green,Wild Eggs #14 (Bowling Green),06/27/2025 7:45 AM,06/25/2025 1:54 PM,$521.00 ,$0.00 ,$35.00 ,($83.40),$33.36 ,($33.36),$78.15 ,($17.62),$0.00 ,$0.00 ,0,0,0,533.13,Completed,ach,Marketplace Delivery,,Jamie Thomas,,,
X6E-QQ0,Indiana Neurology & Pain Ctr,7301 Shadeland Ave 1A,Indianapolis,IN,46250,7,Fishers,Wild Eggs #07 (Fishers),06/27/2025 9:15 AM,06/26/2025 12:20 PM,$156.00 ,$0.00 ,$35.00 ,($28.65),$17.19 ,($13.37),$15.60 ,($6.22),$0.00 ,$0.00 ,0,0,0,175.55,Completed,ach,Marketplace Delivery,,Carmen Sanchez,,,
R7C-2PK,[REMOVED],4277686 Ezcater St,Ezcater,MA,63366,,O'Fallon,CBW- Crazy Bowls and Wraps (O'Fallon),06/27/2025 11:23 AM,06/25/2025 12:27 PM,$341.00 ,$0.00 ,$20.00 ,($54.15),$30.52 ,$0.00 ,$0.00 ,($11.71),$0.00 ,$0.00 ,-34.1,0,0,291.56,Completed,ach,Marketplace Takeout,nccv22to3,Dispatch,,,
53G-Q83,Crossroads Oakley,3500 Madison Rd,Cincinnati,OH,45209,8,Oakley,Wild Eggs #8 (Oakley),06/29/2025 7:00 AM,06/16/2025 12:02 PM,"$1,284.00 ",$0.00 ,$35.00 ,($92.33),$0.00 ,$0.00 ,$256.80 ,($39.44),$0.00 ,$0.00 ,0,0,0,1444.03,Completed,ach,ezOrdering Delivery,,Kenzie Kolb,,,
W7A-93H,"Washington University School of Medicine, Mid Campus Center (MCC)",4590 Nash Way 11th floor,St. Louis,MO,63110,,Lindell/SLU,CBW- Crazy Bowls and Wraps (Lindell/SLU),06/30/2025 11:07 AM,06/28/2025 10:36 AM,$159.24 ,$0.00 ,$20.00 ,($26.89),$0.00 ,$0.00 ,$0.00 ,($5.36),$0.00 ,$0.00 ,-30,0,0,116.99,Completed,ach,Marketplace Takeout,,Dispatch,,,
8R1-CQF,The David K. Karem office building at Waterfront Park,129 River Rd 2nd Floor Boardroom,Louisville,KY,40202,4,Mercantile,Wild Eggs #4 (Mercantile),07/01/2025 7:45 AM,06/27/2025 3:22 PM,$145.00 ,$0.00 ,$35.00 ,($27.00),$10.80 ,($10.80),$0.00 ,($5.70),$0.00 ,$0.00 ,0,0,0,147.3,Completed,ach,Marketplace Delivery,,Mikey  Thomas ,,,
CGX-119,Dr Hill,2090 Vadalabene Dr,Maryville,IL,62062,,Edwardsville,CBW- Crazy Bowls and Wraps (Edwardsville),07/01/2025 10:47 AM,06/30/2025 6:38 PM,$232.00 ,$0.00 ,$20.00 ,($37.80),$19.95 ,($19.95),$0.00 ,($8.13),$0.00 ,$0.00 ,-30,0,0,176.07,Completed,ach,Marketplace Takeout,,Dispatch,,,
1G4-UC2,Washington University,1 Brookings Dr Jubel Hall,St. Louis,MO,63130,,Lindell/SLU,CBW- Crazy Bowls and Wraps (Lindell/SLU),07/01/2025 10:58 AM,06/28/2025 5:13 PM,$621.91 ,$0.00 ,$20.00 ,($96.29),$0.00 ,$0.00 ,$0.00 ,($19.19),$0.00 ,$0.00 ,-62.19,0,0,464.24,Completed,ach,Marketplace Takeout,,Dispatch,,,
G5J-H3U,Stoll Keenon Ogden PLLC,400 W Market St Suite 2700,Louisville,KY,40202,4,Mercantile,Wild Eggs #4 (Mercantile),07/02/2025 8:30 AM,06/30/2025 1:05 PM,$178.00 ,$0.00 ,$35.00 ,($31.95),$12.78 ,($12.78),$35.60 ,($6.75),$0.00 ,$0.00 ,0,0,0,209.9,Completed,ach,Marketplace Delivery,,Mikey  Thomas ,,,
XWM-W60,Ladue Fifth Grade Center,10900 Ladue Rd,Creve Coeur,MO,63141,,West Oak,CBW- Crazy Bowls and Wraps (West Oak),07/02/2025 11:09 AM,06/30/2025 10:54 AM,$83.80 ,$0.00 ,$20.00 ,($15.57),$0.00 ,$0.00 ,$0.00 ,($3.10),$0.00 ,$0.00 ,-30,0,0,55.13,Completed,ach,Marketplace Takeout,,Dispatch,,,
4R3-683,Aspire Software,390 S Woods Mill Rd ste 300 - 3rd floor,Chesterfield,MO,63017,,West Oak,CBW- Crazy Bowls and Wraps (West Oak),07/03/2025 10:45 AM,06/16/2025 3:09 PM,$98.95 ,$0.00 ,$25.00 ,($15.00),$10.13 ,$0.00 ,$20.00 ,($4.04),$0.00 ,$0.00 ,1.05,0,0,136.09,Completed,ach,Meal Program,,,,,
X13-8JA,Racing Louisville FC,801 Edith Rd,Louisville,KY,40206,4,Mercantile,Wild Eggs #4 (Mercantile),07/04/2025 7:45 AM,07/02/2025 12:50 PM,$259.00 ,$0.00 ,$35.00 ,($44.10),$17.64 ,($17.64),$20.00 ,($9.32),$0.00 ,$0.00 ,0,0,0,260.58,Completed,ach,Marketplace Delivery,,Mikey  Thomas ,,,
3QF-362,Hidden Arches,811 Sontag Rd,Ballwin,MO,63021,,Manchester,CBW- Crazy Bowls and Wraps (Manchester),07/05/2025 10:43 AM,07/04/2025 11:48 AM,$139.36 ,$0.00 ,$20.00 ,($23.90),$12.18 ,$0.00 ,$0.00 ,($5.13),$0.00 ,$0.00 ,-30,0,0,112.51,Completed,ach,Marketplace Takeout,,Dispatch,,,
8M9-TEP,Traders Point Christian Church,2350 E 62nd St,Indianapolis,IN,46220,6,Pulliam,Wild Eggs #6 (Pulliam),07/06/2025 8:45 AM,06/30/2025 12:50 PM,$251.00 ,$0.00 ,$35.00 ,($42.90),$0.00 ,$0.00 ,$25.10 ,($8.55),$0.00 ,$0.00 ,0,0,0,259.65,Completed,ach,Marketplace Delivery,,Skylar Greene,,,
V39-AY3,Home,2872 Alpine Terrace,Cincinnati,OH,45208,9,Queen City Wild Eggs,Wild Eggs #9 (Queen City Wild Eggs),07/06/2025 10:15 AM,07/03/2025 8:34 PM,$591.00 ,$0.00 ,$35.00 ,($93.90),$0.00 ,$0.00 ,$35.00 ,($18.72),$0.00 ,$0.00 ,0,0,0,548.38,Completed,ach,Marketplace Delivery,,audie hill,,,
A59-0W7,STLCC & Silverback Brentwood Studios,1034 S Brentwood Blvd,Richmond Heights,MO,63117,,Rock Hill/Glendale,CBW- Crazy Bowls and Wraps (Rock Hill/Glendale),07/06/2025 9:55 AM,05/23/2025 4:48 PM,$257.15 ,$0.00 ,$20.00 ,($41.57),$0.00 ,$0.00 ,$0.00 ,($8.29),$0.00 ,$0.00 ,-30,-5.14,-12.86,179.29,Completed,ach,Marketplace Takeout,,Dispatch,,,
11Z-2KT,Tri Health Endoscopy,10600 Montgomery Rd First floor,Cincinnati,OH,45242,8,Oakley,Wild Eggs #8 (Oakley),07/07/2025 7:00 AM,07/01/2025 11:34 AM,$494.00 ,$0.00 ,$35.00 ,($79.35),$0.00 ,$0.00 ,$30.00 ,($15.82),$0.00 ,$0.00 ,0,0,0,463.83,Completed,ach,Marketplace Delivery,,Spencer Gamble,,,
79Y-6VG,Mercy Health Anderson,8000 Five Mile Rd Suite 105,Cincinnati,OH,45230,8,Oakley,Wild Eggs #8 (Oakley),07/07/2025 7:30 AM,07/03/2025 3:54 PM,$96.00 ,$0.00 ,$35.00 ,($19.65),$0.00 ,$0.00 ,$9.60 ,($3.92),$0.00 ,$0.00 ,0,0,0,117.03,Completed,ach,Marketplace Delivery,,Monica Craig,,,
1F2-PTV,NESTLE PURINA PETCARE,801 Chouteau Ave 1st Floor Lobby,St. Louis,MO,63102,,Lindell/SLU,CBW- Crazy Bowls and Wraps (Lindell/SLU),07/07/2025 10:05 AM,07/03/2025 9:20 AM,$185.02 ,$0.00 ,$20.00 ,($30.75),$24.38 ,$0.00 ,$0.00 ,($6.86),$0.00 ,$0.00 ,-30,0,0,161.79,Completed,ach,Marketplace Takeout,,Dispatch,,,
5VP-ZK7,Nestle Purina Pet Care,801 Chouteau Ave Administration Building/1st Floor Lobby,St. Louis,MO,63102,,Lindell/SLU,CBW- Crazy Bowls and Wraps (Lindell/SLU),07/07/2025 11:07 AM,07/01/2025 3:37 PM,$97.29 ,$0.00 ,$20.00 ,($17.59),$12.82 ,$0.00 ,$0.00 ,($3.89),$0.00 ,$0.00 ,-30,0,0,78.63,Completed,ach,Marketplace Takeout,,Dispatch,,,
YTQ-H3R,Meridian Health Services (Psychiatry Services),5230 E Stop 11 Rd 350,Indianapolis,IN,46237,6,Pulliam,Wild Eggs #6 (Pulliam),07/08/2025 8:15 AM,07/07/2025 9:48 AM,$244.00 ,$0.00 ,$35.00 ,($41.85),$25.11 ,($19.53),$24.40 ,($9.09),$0.00 ,$0.00 ,0,0,0,258.04,Completed,ach,Marketplace Delivery,,Skylar Greene,,,
H8Y-Y68,Alltru CU,1232 Wentzville Parkway 1,Wentzville,MO,63385,,Wentzville,CBW- Crazy Bowls and Wraps (Wentzville),07/08/2025 11:43 AM,07/03/2025 2:50 PM,$105.64 ,$0.00 ,$20.00 ,($18.85),$11.04 ,$0.00 ,$0.00 ,($4.09),$0.00 ,$0.00 ,-30,0,0,83.74,Completed,ach,Marketplace Takeout,,Dispatch,,,
A6U-85Z,,800 Zorn Ave,Louisville,KY,40206,4,Mercantile,Wild Eggs #4 (Mercantile),07/09/2025 6:45 AM,07/08/2025 5:05 AM,$272.00 ,$0.00 ,$0.00 ,($40.80),$16.32 ,($16.32),$27.20 ,($8.62),$0.00 ,$0.00 ,0,0,0,249.78,Completed,ach,Marketplace Takeout,,N/A,,,
H3T-URV,HCN1 - Amazon,3521 Point Pleasant Rd,Hebron,KY,41048,9,Queen City Wild Eggs,Wild Eggs #9 (Queen City Wild Eggs),07/09/2025 7:00 AM,07/05/2025 6:29 AM,$290.00 ,$0.00 ,$35.00 ,($48.75),$0.00 ,$0.00 ,$43.50 ,($9.72),$0.00 ,$0.00 ,0,0,0,310.03,Completed,ach,Marketplace Delivery,,audie hill,,,
1HF-5P1,Stoll Keenon Ogden,400 W Market St Suite 2700,Louisville,KY,40202,4,Mercantile,Wild Eggs #4 (Mercantile),07/09/2025 8:30 AM,07/08/2025 9:57 AM,$178.00 ,$0.00 ,$35.00 ,($31.95),$12.78 ,($12.78),$35.60 ,($6.75),$0.00 ,$0.00 ,0,0,0,209.9,Completed,ach,Marketplace Delivery,nccv3doll1,Mikey  Thomas ,,,
JRZ-UCR,World Wide Technology,107 Gateway Commerce Center Dr N,Edwardsville,IL,62025,,Edwardsville,CBW- Crazy Bowls and Wraps (Edwardsville),07/09/2025 11:00 AM,07/07/2025 12:37 PM,$192.10 ,$0.00 ,$20.00 ,($31.82),$16.52 ,($16.52),$20.00 ,($6.84),$0.00 ,$0.00 ,0,0,0,193.44,Completed,ach,Marketplace Delivery,,N/A,,,
G2P-EH3,Progress Park,4501 Progress Blvd,Louisville,KY,40218,1,Dupont,Wild Eggs #1 (Dupont),07/10/2025 8:00 AM,07/02/2025 10:39 AM,$169.00 ,$0.00 ,$35.00 ,($30.60),$12.24 ,($12.24),$16.90 ,($6.47),$0.00 ,$0.00 ,0,0,0,183.83,Completed,ach,Marketplace Delivery,,Carmen E,,,
R79-JGE,Cardinal Glennon Children's Hospital,1465 S Grand Blvd Main entrance,St. Louis,MO,63104,,Lindell/SLU,CBW- Crazy Bowls and Wraps (Lindell/SLU),07/10/2025 11:04 AM,07/09/2025 9:52 AM,$376.20 ,$0.00 ,$20.00 ,($59.43),$0.00 ,$0.00 ,$0.00 ,($11.85),$0.00 ,$0.00 ,-37.62,0,0,287.3,Completed,ach,Marketplace Takeout,,Dispatch,,,
18M-Z86,"McCarthy Building Companies, Inc.",12851 Manchester Rd McCarthy - floor 2,Des Peres,MO,63131,,Manchester,CBW- Crazy Bowls and Wraps (Manchester),07/10/2025 11:07 AM,07/07/2025 4:07 PM,$254.35 ,$0.00 ,$20.00 ,($41.15),$22.23 ,$0.00 ,$0.00 ,($8.87),$0.00 ,$0.00 ,-30,0,0,216.56,Completed,ach,Marketplace Takeout,summerbonus,Dispatch,,,
KMT-FCG,SIHF Bellivelle Circle II,311 W Lincoln St 200,Belleville,IL,62220,,Shiloh,CBW- Crazy Bowls and Wraps (Shiloh),07/10/2025 11:12 AM,07/09/2025 1:26 PM,$323.40 ,$0.00 ,$20.00 ,($51.51),$27.00 ,($27.00),$0.00 ,($11.07),$0.00 ,$0.00 ,-32.34,0,0,248.48,Completed,ach,Marketplace Takeout,,Dispatch,,,
HQR-1X8,Wash U Urology,"70 Jungermann Circle medical office bulding 2 Building 2, suite 402",St. Peters,MO,63376,,Lindenwood,CBW- Crazy Bowls and Wraps (Lindenwood),07/10/2025 11:15 AM,07/09/2025 1:44 PM,$164.95 ,$0.00 ,$20.00 ,($27.74),$16.41 ,$0.00 ,$10.00 ,($6.02),$0.00 ,$0.00 ,0,0,0,177.6,Completed,ach,Marketplace Delivery,,N/A,,,
94F-VKZ,Dr usry suite 142,5551 Winghaven Blvd Dr usry suite 142,O'Fallon,MO,63368,,O'Fallon,CBW- Crazy Bowls and Wraps (O'Fallon),07/10/2025 11:18 AM,07/09/2025 10:42 AM,$189.69 ,$0.00 ,$20.00 ,($31.45),$16.98 ,$0.00 ,$0.00 ,($6.78),$0.00 ,$0.00 ,-30,0,0,158.44,Completed,ach,Marketplace Takeout,,Dispatch,,,
49Q-5PV,,,Richmond Heights,MO,,,Forsyth/Clayton,CBW- Crazy Bowls and Wraps (Forsyth/Clayton),07/10/2025 11:30 AM,07/09/2025 3:56 PM,$215.35 ,$0.00 ,$0.00 ,($32.30),$25.28 ,$0.00 ,$0.00 ,($7.19),$0.00 ,$0.00 ,0,0,0,201.14,Completed,ach,Marketplace Takeout,,N/A,,,
44R-C6X,Counselors associates LTC,7348 state route 162,Troy,IL,62294,,Edwardsville,CBW- Crazy Bowls and Wraps (Edwardsville),07/10/2025 11:32 AM,07/09/2025 4:26 PM,$245.25 ,$0.00 ,$20.00 ,($39.79),$21.09 ,($21.09),$0.00 ,($8.56),$0.00 ,$0.00 ,-30,0,0,186.9,Completed,ach,Marketplace Takeout,,Dispatch,,,
GA4-HJM,Dowd Bennett Law Firm,7676 Forsyth Blvd 1900,Clayton,MO,63105,,Forsyth/Clayton,CBW- Crazy Bowls and Wraps (Forsyth/Clayton),07/10/2025 4:42 PM,07/09/2025 12:43 PM,$204.67 ,$0.00 ,$20.00 ,($33.70),$24.02 ,$0.00 ,$0.00 ,($7.44),$0.00 ,$0.00 ,-30,0,0,177.55,Completed,ach,Marketplace Takeout,,Dispatch,,,
FH1-8G2,Carmody MacDonald,120 S Central Ave 7TH FLOOR,Clayton,MO,63105,,Forsyth/Clayton,CBW- Crazy Bowls and Wraps (Forsyth/Clayton),07/11/2025 8:07 AM,07/09/2025 3:08 PM,$434.90 ,$0.00 ,$20.00 ,($68.24),$51.05 ,$0.00 ,$0.00 ,($15.13),$0.00 ,$0.00 ,-43.49,0,0,379.09,Completed,ach,Marketplace Takeout,,Dispatch,,,
2E0-0X8,Baptist Health Medical Group Gastroenterology,3950 Kresge Way Suite 207,Louisville,KY,40207,1,Dupont,Wild Eggs #1 (Dupont),07/11/2025 10:30 AM,07/09/2025 3:48 PM,$553.00 ,$0.00 ,$35.00 ,($88.20),$35.28 ,($35.28),$25.00 ,($18.64),$0.00 ,$0.00 ,0,0,0,506.16,Completed,ach,Marketplace Delivery,,Carmen E,,,
5EU-U6U,Racing Louisville FC,801 Edith Rd,Louisville,KY,40206,4,Mercantile,Wild Eggs #4 (Mercantile),07/12/2025 7:45 AM,07/09/2025 1:26 PM,$234.00 ,$0.00 ,$35.00 ,($40.35),$16.14 ,($16.14),$20.00 ,($8.53),$0.00 ,$0.00 ,0,0,0,240.12,Completed,ach,Marketplace Delivery,,Mikey  Thomas ,,,
M5G-WYW,Traders Point Christian Church - Production,12648 E 116th St,Fishers,IN,46037,7,Fishers,Wild Eggs #07 (Fishers),07/13/2025 8:00 AM,07/11/2025 3:16 PM,$146.00 ,$0.00 ,$35.00 ,($27.15),$0.00 ,$0.00 ,$21.90 ,($5.41),$0.00 ,$0.00 ,0,0,0,170.34,Completed,ach,Marketplace Delivery,,Carmen Sanchez,,,
7EA-WKM,JQOL,8440 Allison Pointe Blvd Suite 425,Indianapolis,IN,46250,7,Fishers,Wild Eggs #07 (Fishers),07/14/2025 9:00 AM,07/02/2025 3:30 PM,$278.00 ,$0.00 ,$35.00 ,($46.95),$28.17 ,($21.91),$41.70 ,($10.20),$0.00 ,$0.00 ,0,0,0,303.81,Completed,ach,Marketplace Delivery,,Carmen Sanchez,,,
82E-657,"Takeout from Cincinnati, OH",,Cincinnati,OH,45207,8,Oakley,Wild Eggs #8 (Oakley),07/14/2025 9:15 AM,07/12/2025 10:39 PM,$311.00 ,$0.00 ,$0.00 ,($46.65),$0.00 ,$0.00 ,$30.00 ,($9.30),$0.00 ,$0.00 ,0,0,0,285.05,Completed,ach,Marketplace Takeout,,N/A,,,
56U-J7M,Distinctive Dermatology,390 Office Ct,Fairview Heights,IL,62208,,Shiloh,CBW- Crazy Bowls and Wraps (Shiloh),07/14/2025 10:17 AM,07/13/2025 3:49 PM,$426.70 ,$0.00 ,$20.00 ,($67.01),$35.63 ,($35.63),$0.00 ,($14.42),$0.00 ,$0.00 ,-42.67,0,0,322.6,Completed,ach,Marketplace Takeout,,Dispatch,,,
W3A-AQH,World Wide Technology,108 Gateway Commerce Center Dr N,Edwardsville,IL,62025,,Edwardsville,CBW- Crazy Bowls and Wraps (Edwardsville),07/14/2025 10:26 AM,07/11/2025 8:50 AM,$448.98 ,$0.00 ,$20.00 ,($70.35),$38.61 ,($38.61),$0.00 ,($15.18),$0.00 ,$0.00 ,-44.9,0,0,338.55,Completed,ach,Marketplace Takeout,,Dispatch,,,
JP8-8PC,Worldwide Technology,108 Gateway Commerce Center Dr N,Edwardsville,IL,62025,,Edwardsville,CBW- Crazy Bowls and Wraps (Edwardsville),07/14/2025 10:27 AM,07/11/2025 7:35 AM,$396.25 ,$0.00 ,$20.00 ,($62.44),$34.08 ,($34.08),$0.00 ,($13.46),$0.00 ,$0.00 ,-39.62,0,0,300.73,Completed,ach,Marketplace Takeout,,Dispatch,,,
MY0-GE6,UC College of Engineering,"9555 Plainfield Rd Walters Hall, room 100",Cincinnati,OH,45236,8,Oakley,Wild Eggs #8 (Oakley),07/15/2025 8:45 AM,07/08/2025 10:04 PM,"$1,128.00 ",$0.00 ,$35.00 ,($174.45),$0.00 ,$0.00 ,$112.80 ,($34.77),$0.00 ,$0.00 ,0,0,0,1066.58,Completed,ach,Marketplace Delivery,,Monica Craig,,,
XX2-WVU,FTL Finance,820 S Main St Suite 307,Saint Charles,MO,63301,,Lindenwood,CBW- Crazy Bowls and Wraps (Lindenwood),07/15/2025 11:07 AM,07/11/2025 8:48 PM,$300.70 ,$0.00 ,$20.00 ,($48.11),$29.92 ,$0.00 ,$0.00 ,($10.48),$0.00 ,$0.00 ,-30.07,0,0,261.96,Completed,ach,Marketplace Takeout,,Dispatch,,,
EU2-HC4,SLUCare Physician Group,1034 S Brentwood Blvd Suite 1120,Richmond Heights,MO,63117,,Rock Hill/Glendale,CBW- Crazy Bowls and Wraps (Rock Hill/Glendale),07/15/2025 11:15 AM,07/14/2025 12:32 PM,$563.45 ,$0.00 ,$20.00 ,($87.52),$52.05 ,$0.00 ,$0.00 ,($19.00),$0.00 ,$0.00 ,-56.34,0,0,472.64,Completed,ach,Marketplace Takeout,,Dispatch,,,
JX3-0FA,Hermann Statdium,3330 Laclede Ave Dead end of Laclede Ave,St. Louis,MO,63103,,Lindell/SLU,CBW- Crazy Bowls and Wraps (Lindell/SLU),07/15/2025 11:22 AM,07/13/2025 9:50 PM,$269.80 ,$0.00 ,$20.00 ,($43.47),$0.00 ,$0.00 ,$0.00 ,($8.67),$0.00 ,$0.00 ,-30,0,0,207.66,Completed,ach,Marketplace Takeout,,Dispatch,,,
A8U-YVV,"Takeout from Bowling Green, KY",1818 Wallace Ct,Bowling Green,KY,42103,14,Bowling Green,Wild Eggs #14 (Bowling Green),07/16/2025 7:45 AM,07/15/2025 9:02 AM,$631.00 ,$0.00 ,$0.00 ,($94.65),$37.86 ,($37.86),$20.00 ,($20.00),$0.00 ,$0.00 ,0,0,0,536.35,Completed,ach,Marketplace Takeout,,N/A,,,
5MT-83E,Aspire Software,390 S Woods Mill Rd ste 300 - 3rd floor,Chesterfield,MO,63017,,West Oak,CBW- Crazy Bowls and Wraps (West Oak),07/16/2025 10:45 AM,06/30/2025 12:59 PM,$332.08 ,$0.00 ,$25.00 ,($49.81),$34.00 ,$0.00 ,$66.42 ,($11.69),$0.00 ,$0.00 ,0,0,0,396,Completed,ach,Meal Program,,,,,
4GY-WP5,Tarlton Corporation,5500 W Park Ave,St. Louis,MO,63110,18,South City,CBW- Crazy Bowls and Wraps #18 (South City),07/16/2025 10:45 AM,07/15/2025 4:24 PM,$898.75 ,$0.00 ,$20.00 ,($137.81),$118.45 ,$0.00 ,$0.00 ,($31.01),$0.00 ,$0.00 ,-89.88,0,0,778.5,Completed,ach,Marketplace Takeout,postonb25,Dispatch,,,
3MQ-RM2,Color Art Integrated Interiors,1325 North Warson Rd Front Desk,St. Louis,MO,63132,,West Oak,CBW- Crazy Bowls and Wraps (West Oak),07/16/2025 10:52 AM,07/15/2025 4:29 PM,$104.00 ,$0.00 ,$20.00 ,($18.60),$10.65 ,$0.00 ,$0.00 ,($4.03),$0.00 ,$0.00 ,-30,0,0,82.02,Completed,ach,Marketplace Takeout,,Dispatch,,,
J8F-AMK,Castle Contracting,345 Marshall Ave Suite 302,Webster Groves,MO,63119,,Rock Hill/Glendale,CBW- Crazy Bowls and Wraps (Rock Hill/Glendale),07/16/2025 10:55 AM,07/15/2025 7:29 AM,$88.20 ,$0.00 ,$20.00 ,($16.23),$8.15 ,$0.00 ,$0.00 ,($3.48),$0.00 ,$0.00 ,-30,0,0,66.64,Completed,ach,Marketplace Takeout,,Dispatch,,,
CEP-FMM,Saint Louis Rheumatology,520 S Elm Ave,Webster Groves,MO,63119,,Rock Hill/Glendale,CBW- Crazy Bowls and Wraps (Rock Hill/Glendale),07/16/2025 11:03 AM,07/14/2025 1:29 PM,$444.70 ,$0.00 ,$20.00 ,($69.71),$41.08 ,$0.00 ,$0.00 ,($15.12),$0.00 ,$0.00 ,-44.47,0,0,376.48,Completed,ach,Marketplace Takeout,,Dispatch,,,
XGM-MYW,World Wide Technology,58 Weldon Pkwy Building 58,Maryland Heights,MO,63043,,West Oak,CBW- Crazy Bowls and Wraps (West Oak),07/16/2025 11:16 AM,07/11/2025 8:25 PM,$683.20 ,$0.00 ,$20.00 ,($105.48),$69.95 ,$0.00 ,$0.00 ,($23.12),$0.00 ,$0.00 ,-68.32,0,0,576.23,Completed,ach,Marketplace Takeout,,Dispatch,,,
Y54-3K7,KCI CONSTRUCTION COMPANY,1260 Andes Blvd,St. Louis,MO,63132,,West Oak,CBW- Crazy Bowls and Wraps (West Oak),07/16/2025 11:21 AM,07/14/2025 8:15 AM,$184.50 ,$0.00 ,$20.00 ,($30.68),$18.89 ,$0.00 ,$0.00 ,($6.68),$0.00 ,$0.00 ,-30,0,0,156.03,Completed,ach,Marketplace Takeout,,Dispatch,,,
1G5-PTV,Christner Architects,621 Skinker Blvd Suite 220,St. Louis,MO,63130,,Forsyth/Clayton,CBW- Crazy Bowls and Wraps (Forsyth/Clayton),07/16/2025 11:35 AM,07/14/2025 2:38 PM,$232.50 ,$0.00 ,$20.00 ,($37.88),$27.29 ,$0.00 ,$0.00 ,($8.37),$0.00 ,$0.00 ,-30,0,0,203.54,Completed,ach,Marketplace Takeout,,Dispatch,,,
R34-9W9,Norton Audubon Cath Lab,1 Audubon Plaza Dr,Louisville,KY,40217,4,Mercantile,Wild Eggs #4 (Mercantile),07/17/2025 7:00 AM,07/14/2025 8:19 PM,$471.00 ,$0.00 ,$35.00 ,($75.90),$30.36 ,($30.36),$47.10 ,($16.04),$0.00 ,$0.00 ,0,0,0,461.16,Completed,ach,Marketplace Delivery,,Mikey  Thomas ,,,
JPG-09C,Dr Paradowski,225 Abraham Flexner Way suite 304,Louisville,KY,40202,4,Mercantile,Wild Eggs #4 (Mercantile),07/17/2025 8:15 AM,07/16/2025 9:05 AM,$130.00 ,$0.00 ,$35.00 ,($24.75),$9.90 ,($9.90),$6.00 ,($5.23),$0.00 ,$0.00 ,0,0,0,141.02,Completed,ach,Marketplace Delivery,,Mikey  Thomas ,,,
RCW-CA0,Renaissance Plastic Surgery,145 St Peters Centre Blvd,St. Peters,MO,63376,,Lindenwood,CBW- Crazy Bowls and Wraps (Lindenwood),07/17/2025 11:00 AM,07/11/2025 1:09 PM,$345.50 ,$0.00 ,$20.00 ,($54.83),$34.38 ,$0.00 ,$0.00 ,($11.96),$0.00 ,$0.00 ,-34.55,0,0,298.54,Completed,ach,Marketplace Takeout,,Dispatch,,,
ERJ-RQK,SIEMENS,13690 Riverport Dr,Maryland Heights,MO,63043,,Lindenwood,CBW- Crazy Bowls and Wraps (Lindenwood),07/17/2025 11:15 AM,06/26/2025 9:20 AM,$665.75 ,$0.00 ,$20.00 ,($102.86),$66.24 ,$0.00 ,$0.00 ,($22.48),($131.15),$0.00 ,-66.58,0,0,428.92,Completed,ach,Marketplace Takeout,,Dispatch,,,
U7X-M8R,Mercy endocrinology,621 S New Ballas Rd Tower a ste 460a,Creve Coeur,MO,63141,,West Oak,CBW- Crazy Bowls and Wraps (West Oak),07/17/2025 11:20 AM,07/14/2025 11:59 AM,$226.45 ,$0.00 ,$20.00 ,($36.97),$23.18 ,$0.00 ,$0.00 ,($8.06),$0.00 ,$0.00 ,-30,0,0,194.6,Completed,ach,Marketplace Takeout,,Dispatch,,,
Q9P-FGU,Dowd Bennett Law Firm,7676 Forsyth Blvd 1900,Clayton,MO,63105,,Forsyth/Clayton,CBW- Crazy Bowls and Wraps (Forsyth/Clayton),07/17/2025 5:59 PM,07/15/2025 6:18 PM,$76.10 ,$0.00 ,$20.00 ,($14.42),$8.93 ,$0.00 ,$0.00 ,($3.14),$0.00 ,$0.00 ,-30,0,0,57.47,Completed,ach,Marketplace Takeout,,Dispatch,,,
ZYY-6VK,University of Louisville/Clinical Translational Research Building (CTR),505 S Hancock St 1st Floor Room 124,Louisville,KY,40202,4,Mercantile,Wild Eggs #4 (Mercantile),07/18/2025 7:00 AM,07/16/2025 10:29 AM,$180.00 ,$0.00 ,$35.00 ,($32.25),$0.00 ,$0.00 ,$10.00 ,($6.43),$0.00 ,$0.00 ,0,0,0,186.32,Completed,ach,Marketplace Delivery,,Mikey  Thomas ,,,
EJY-7FP,,200 E Chestnut St,Louisville,KY,40202,4,Mercantile,Wild Eggs #4 (Mercantile),07/19/2025 8:00 AM,07/13/2025 3:45 PM,$497.00 ,$0.00 ,$0.00 ,($74.55),$29.82 ,($29.82),$49.70 ,($15.75),$0.00 ,$0.00 ,0,0,0,456.4,Completed,ach,Marketplace Takeout,,N/A,,,
VYJ-G31,Traders Point Christian Church - Production,12648 E 116th St,Fishers,IN,46037,7,Fishers,Wild Eggs #07 (Fishers),07/20/2025 8:30 AM,07/17/2025 7:50 PM,$146.00 ,$0.00 ,$35.00 ,($27.15),$0.00 ,$0.00 ,$21.90 ,($5.41),$0.00 ,$0.00 ,0,0,0,170.34,Completed,ach,Marketplace Delivery,,Carmen Sanchez,,,
1FR-0QG,Traders Point Christian Church,2350 E 62nd St,Indianapolis,IN,46220,6,Pulliam,Wild Eggs #6 (Pulliam),07/20/2025 8:45 AM,07/10/2025 11:17 AM,$251.00 ,$0.00 ,$35.00 ,($42.90),$0.00 ,$0.00 ,$25.10 ,($8.55),$0.00 ,$0.00 ,0,0,0,259.65,Completed,ach,Marketplace Delivery,,Skylar Greene,,,
E9P-9AF,IU Health Methodist Hospital - Interventional Radiology Lab,1701 N Senate Ave Interventional Radiology Lab - First Floor,Indianapolis,IN,46202,6,Pulliam,Wild Eggs #6 (Pulliam),07/21/2025 6:30 AM,07/16/2025 3:40 PM,$492.00 ,$0.00 ,$35.00 ,($79.05),$47.43 ,($36.89),$0.00 ,($17.18),$0.00 ,$0.00 ,0,0,0,441.31,Completed,ach,Marketplace Delivery,,Skylar Greene,,,
KMC-76J,"Takeout from Cincinnati, OH",,Cincinnati,OH,45207,8,Oakley,Wild Eggs #8 (Oakley),07/21/2025 9:30 AM,07/20/2025 10:21 AM,$311.00 ,$0.00 ,$0.00 ,($46.65),$0.00 ,$0.00 ,$30.00 ,($9.30),$0.00 ,$0.00 ,0,0,0,285.05,Completed,ach,Marketplace Takeout,,N/A,,,
FEU-JX0,,,O'Fallon,IL,,,Shiloh,CBW- Crazy Bowls and Wraps (Shiloh),07/21/2025 10:30 AM,07/20/2025 5:33 PM,$300.05 ,$0.00 ,$0.00 ,($45.01),$25.05 ,($25.05),$0.00 ,($9.72),$0.00 ,$0.00 ,0,0,0,245.32,Completed,ach,Marketplace Takeout,,N/A,,,
50E-RZT,Forefront Dermatology,816 S Kirkwood Rd 210,St. Louis,MO,63122,,Sunset Hills,CBW- Crazy Bowls and Wraps (Sunset Hills),07/21/2025 11:09 AM,07/19/2025 2:08 PM,$260.20 ,$0.00 ,$20.00 ,($42.03),$29.89 ,$0.00 ,$0.00 ,($9.27),$0.00 ,$0.00 ,-30,0,0,228.79,Completed,ach,Marketplace Takeout,,Dispatch,,,
YU8-TRE,Dr. Capps Office,12445 Dorsett Rd,Maryland Heights,MO,63043,,West Oak,CBW- Crazy Bowls and Wraps (West Oak),07/21/2025 11:30 AM,07/20/2025 1:28 PM,$174.90 ,$0.00 ,$0.00 ,($26.24),$17.91 ,$0.00 ,$10.00 ,($5.77),$0.00 ,$0.00 ,0,0,0,170.8,Completed,ach,Marketplace Takeout,,N/A,,,
EV5-UXE,Formica Corporation,10155 Reading Rd Sterling Building,Cincinnati,OH,45241,8,Oakley,Wild Eggs #8 (Oakley),07/22/2025 8:00 AM,07/18/2025 12:12 PM,$256.00 ,$0.00 ,$35.00 ,($43.65),$0.00 ,$0.00 ,$25.60 ,($8.70),$0.00 ,$0.00 ,0,0,0,264.25,Completed,ach,Marketplace Delivery,,Monica Craig,,,
GV5-PGY,"Munson Business Interiors, INC.",2307 River Rd Suite 100,Louisville,KY,40206,4,Mercantile,Wild Eggs #4 (Mercantile),07/22/2025 8:15 AM,07/09/2025 10:33 AM,$358.00 ,$0.00 ,$35.00 ,($58.95),$23.58 ,($23.58),$53.70 ,($12.46),$0.00 ,$0.00 ,0,0,0,375.29,Completed,ach,Marketplace Delivery,,Mikey  Thomas ,,,
K6T-UZ0,VITAS Healthcare,255 E 5th St 1050,Cincinnati,OH,45202,9,Queen City Wild Eggs,Wild Eggs #9 (Queen City Wild Eggs),07/22/2025 8:45 AM,07/20/2025 9:57 PM,$493.00 ,$0.00 ,$35.00 ,($79.20),$0.00 ,$0.00 ,$73.95 ,($15.79),$0.00 ,$0.00 ,0,0,0,506.96,Completed,ach,Marketplace Delivery,,Shirelle Bloom,,,
7GU-M7M,STLCC & Silverback Brentwood Studios,1034 S Brentwood Blvd,Richmond Heights,MO,63117,,Rock Hill/Glendale,CBW- Crazy Bowls and Wraps (Rock Hill/Glendale),07/22/2025 10:04 AM,06/28/2025 1:21 PM,$444.15 ,$0.00 ,$20.00 ,($69.62),$0.00 ,$0.00 ,$0.00 ,($13.88),$0.00 ,$0.00 ,-44.42,0,0,336.23,Completed,ach,Marketplace Takeout,,Dispatch,,,
3W5-XXR,,,O'Fallon,MO,,,O'Fallon,CBW- Crazy Bowls and Wraps (O'Fallon),07/22/2025 11:15 AM,07/21/2025 6:43 PM,$229.40 ,$0.00 ,$0.00 ,($34.41),$20.53 ,$0.00 ,$22.94 ,($7.47),$0.00 ,$0.00 ,0,0,0,230.99,Completed,ach,Marketplace Takeout,,N/A,,,
P0C-HCT,Lift for Life Academy,1709 S Broadway,St. Louis,MO,63104,,Lindell/SLU,CBW- Crazy Bowls and Wraps (Lindell/SLU),07/22/2025 11:20 AM,07/21/2025 4:02 PM,$111.54 ,$0.00 ,$20.00 ,($19.73),$0.00 ,$0.00 ,$0.00 ,($3.93),$0.00 ,$0.00 ,-30,0,0,77.88,Completed,ach,Marketplace Takeout,,Dispatch,,,
TKM-ZUC,Brown Cancer Center,2401 Terra Crossing Blvd 206,Louisville,KY,40245,3,Landis,Wild Eggs #3 (Landis),07/23/2025 7:30 AM,07/21/2025 1:42 PM,$659.00 ,$0.00 ,$35.00 ,($104.10),$41.64 ,($41.64),$35.00 ,($22.00),$0.00 ,$0.00 ,0,0,0,602.9,Completed,ach,Marketplace Delivery,,Ally Kennedy,,,
JCH-6K4,PatientPoint,5901 E Galbraith Rd Suite R1000,Cincinnati,OH,45236,8,Oakley,Wild Eggs #8 (Oakley),07/23/2025 8:00 AM,07/21/2025 6:45 PM,$322.00 ,$0.00 ,$35.00 ,($53.55),$0.00 ,$0.00 ,$48.30 ,($10.67),$0.00 ,$0.00 ,0,0,0,341.08,Completed,ach,Marketplace Delivery,,Monica Craig,,,
R54-EPM,Protiviti,135 N Pennsylvania St 7th Floor,Indianapolis,IN,46204,6,Pulliam,Wild Eggs #6 (Pulliam),07/23/2025 8:45 AM,07/15/2025 11:36 AM,$581.00 ,$0.00 ,$35.00 ,($92.40),$55.44 ,($43.12),$30.00 ,($20.08),$0.00 ,$0.00 ,0,0,0,545.84,Completed,ach,Marketplace Delivery,,Skylar Greene,,,
8JY-J5K,,,O'Fallon,IL,,,Shiloh,CBW- Crazy Bowls and Wraps (Shiloh),07/23/2025 10:15 AM,07/22/2025 4:17 PM,$154.00 ,$0.00 ,$0.00 ,($23.10),$12.86 ,($12.86),$20.00 ,($4.99),$0.00 ,$0.00 ,0,0,0,145.91,Completed,ach,Marketplace Takeout,,N/A,,,
RQE-3KA,Distinctive Dermatology,390 Office Ct,Fairview Heights,IL,62208,,Shiloh,CBW- Crazy Bowls and Wraps (Shiloh),07/23/2025 10:32 AM,07/21/2025 7:37 AM,$469.95 ,$0.00 ,$20.00 ,($73.49),$39.24 ,($39.24),$0.00 ,($15.82),$0.00 ,$0.00 ,-47,0,0,353.64,Completed,ach,Marketplace Takeout,,Dispatch,,,
MWK-Z7H,St Lukes urology suite 24B,111 St Luke's Center Dr 24B,Chesterfield,MO,63017,,Creve Coeur,CBW- Crazy Bowls and Wraps (Creve Coeur),07/23/2025 10:54 AM,07/21/2025 11:14 AM,$184.50 ,$0.00 ,$20.00 ,($30.68),$16.12 ,$0.00 ,$0.00 ,($6.60),$0.00 ,$0.00 ,-30,0,0,153.34,Completed,ach,Marketplace Takeout,,Dispatch,,,
CFM-FYG,Contemporary Art Museum St. Louis,3750 Washington Ave St. Louis,St. Louis,MO,63108,,Lindell/SLU,CBW- Crazy Bowls and Wraps (Lindell/SLU),07/23/2025 11:15 AM,07/17/2025 9:22 AM,$218.81 ,$0.00 ,$20.00 ,($16.72),$0.00 ,$0.00 ,$32.82 ,($7.14),$0.00 ,$0.00 ,0,0,0,247.77,Completed,ach,Marketplace Delivery,,N/A,,,
CGE-92Z,Vista Dermatology,1058 Old Des Peres Rd,St. Louis,MO,63131,,Manchester,CBW- Crazy Bowls and Wraps (Manchester),07/23/2025 11:39 AM,07/22/2025 1:49 PM,$237.75 ,$0.00 ,$20.00 ,($38.66),$20.77 ,$0.00 ,$0.00 ,($8.33),$0.00 ,$0.00 ,-30,0,0,201.53,Completed,ach,Marketplace Takeout,,Dispatch,,,
F32-292,Amazon STL8,4000 Premier Pkwy,St. Peters,MO,63376,,O'Fallon,CBW- Crazy Bowls and Wraps (O'Fallon),07/23/2025 3:08 PM,07/15/2025 11:30 AM,$452.46 ,$0.00 ,$20.00 ,($70.87),$40.50 ,$0.00 ,$0.00 ,($15.34),$0.00 ,$0.00 ,-45.25,0,0,381.5,Completed,ach,Marketplace Takeout,,Dispatch,,,
Z0Z-Q1V,Baptist cancer care,2210 Green Valley Rd,New Albany,IN,47150,13,New Albany,Wild Eggs #13 (New Albany),07/24/2025 7:15 AM,07/23/2025 11:32 AM,$364.00 ,$0.00 ,$35.00 ,($59.85),$27.93 ,($27.93),$20.00 ,($12.77),$0.00 ,$0.00 ,0,0,0,346.38,Completed,ach,Marketplace Delivery,,Mercedes Rosado,,,
8KZ-EEP,U of Louisville - Brown Cancer Center,2401 Terra Crossing Blvd Suite 206,Louisville,KY,40245,3,Landis,Wild Eggs #3 (Landis),07/24/2025 7:30 AM,07/22/2025 1:37 PM,$704.00 ,$0.00 ,$35.00 ,($110.85),$44.34 ,($44.34),$30.00 ,($23.42),$0.00 ,$0.00 ,0,0,0,634.73,Completed,ach,Marketplace Delivery,,Ally Kennedy,,,
M9R-EG9,PatientPoint,5905 E Galbraith Rd Suite R1000,Cincinnati,OH,45236,8,Oakley,Wild Eggs #8 (Oakley),07/24/2025 8:00 AM,07/22/2025 2:21 PM,$364.00 ,$0.00 ,$35.00 ,($59.85),$0.00 ,$0.00 ,$36.40 ,($11.93),$0.00 ,$0.00 ,0,0,0,363.62,Completed,ach,Marketplace Delivery,,Mikaley Karuna,,,
U34-J2C,Indiana Neurology & Pain Ctr,7301 Shadeland Ave 1A,Indianapolis,IN,46250,7,Fishers,Wild Eggs #07 (Fishers),07/24/2025 9:15 AM,07/23/2025 10:53 AM,$111.00 ,$0.00 ,$35.00 ,($21.90),$13.14 ,($10.22),$11.10 ,($4.76),$0.00 ,$0.00 ,0,0,0,133.36,Completed,ach,Marketplace Delivery,,Brandon Martinez,,,
T8C-72M,[REMOVED],4277686 Ezcater St,Ezcater,MA,63368,,O'Fallon,CBW- Crazy Bowls and Wraps (O'Fallon),07/24/2025 11:02 AM,07/23/2025 6:48 PM,$310.00 ,$0.00 ,$20.00 ,($49.50),$27.74 ,$0.00 ,$0.00 ,($10.70),$0.00 ,$0.00 ,-31,0,0,266.54,Completed,ach,Marketplace Takeout,,Dispatch,,,
14V-WW1,Nestle Purina Pet Care,801 Chouteau Ave Administration Building/1st Floor Lobby,St. Louis,MO,63102,,Lindell/SLU,CBW- Crazy Bowls and Wraps (Lindell/SLU),07/24/2025 11:06 AM,07/16/2025 10:02 AM,$190.29 ,$0.00 ,$20.00 ,($31.54),$25.08 ,$0.00 ,$0.00 ,($7.04),$0.00 ,$0.00 ,-30,0,0,166.79,Completed,ach,Marketplace Takeout,,Dispatch,,,
KRJ-14J,Heart Care Institute,1020 N Mason Rd,Creve Coeur,MO,63141,,Creve Coeur,CBW- Crazy Bowls and Wraps (Creve Coeur),07/24/2025 11:09 AM,07/16/2025 8:05 AM,$148.85 ,$0.00 ,$20.00 ,($25.33),$13.01 ,$0.00 ,$0.00 ,($5.44),$0.00 ,$0.00 ,-30,0,0,121.09,Completed,ach,Marketplace Takeout,,Dispatch,,,
U3U-9C7,Forefront Dermatology,1800 Wentzville Pkwy,Wentzville,MO,63385,,Wentzville,CBW- Crazy Bowls and Wraps (Wentzville),07/24/2025 11:16 AM,07/23/2025 11:26 AM,$241.25 ,$0.00 ,$20.00 ,($39.19),$25.21 ,$0.00 ,$0.00 ,($8.57),$0.00 ,$0.00 ,-30,0,0,208.7,Completed,ach,Marketplace Takeout,,Dispatch,,,
C5H-56T,MAYFIELD EDUCATION RESEARCH FOUNDATION,4020 Smith Rd 2ND FL,Cincinnati,OH,45209,8,Oakley,Wild Eggs #8 (Oakley),07/25/2025 7:00 AM,07/11/2025 2:00 PM,$591.00 ,$0.00 ,$35.00 ,($93.90),$0.00 ,$0.00 ,$30.00 ,($18.72),$0.00 ,$0.00 ,0,0,0,543.38,Completed,ach,Marketplace Delivery,,Mikaley Karuna,,,
PHH-YAR,JEMA,2823 Olive St,St. Louis,MO,63103,,Lindell/SLU,CBW- Crazy Bowls and Wraps (Lindell/SLU),07/25/2025 11:39 AM,07/23/2025 1:56 PM,$186.85 ,$0.00 ,$20.00 ,($31.03),$24.62 ,$0.00 ,$0.00 ,($6.92),$0.00 ,$0.00 ,-30,0,0,163.52,Completed,ach,Marketplace Takeout,,Dispatch,,,
989-HEH,Southeast Christian Church - Crestwood Campus,6201 Crestwood Station,Crestwood,KY,40014,3,Landis,Wild Eggs #3 (Landis),07/27/2025 8:45 AM,07/22/2025 6:59 PM,$170.00 ,$0.00 ,$35.00 ,($30.75),$0.00 ,$0.00 ,$25.00 ,($6.13),$0.00 ,$0.00 ,0,0,0,193.12,Completed,ach,Marketplace Delivery,,Ally Kennedy,,,
711-PKE,,6300 Enright Ave,St. Louis,MO,63130,,Forsyth/Clayton,CBW- Crazy Bowls and Wraps (Forsyth/Clayton),07/28/2025 7:55 AM,07/17/2025 11:00 AM,$34.20 ,$0.00 ,$20.00 ,($8.13),$0.00 ,$0.00 ,$0.00 ,($1.62),$0.00 ,$0.00 ,-30,0,0,14.45,Completed,ach,Marketplace Takeout,,Dispatch,,,
3AQ-UUP,Compass Retirement Solutions,10326 Old Olive St Rd,Creve Coeur,MO,63141,,West Oak,CBW- Crazy Bowls and Wraps (West Oak),07/28/2025 11:39 AM,07/22/2025 11:11 AM,$224.05 ,$0.00 ,$20.00 ,($36.61),$22.94 ,$0.00 ,$0.00 ,($7.98),$0.00 ,$0.00 ,-30,0,0,192.4,Completed,ach,Marketplace Takeout,,Dispatch,,,
3UQ-RCZ,CYM Living,10475 Crosspoint Blvd,Indianapolis,IN,46256,7,Fishers,Wild Eggs #07 (Fishers),07/29/2025 9:00 AM,07/28/2025 1:45 PM,$492.00 ,$0.00 ,$35.00 ,($79.05),$47.43 ,($36.89),$49.20 ,($17.18),$0.00 ,$0.00 ,0,0,0,490.51,Completed,ach,Marketplace Delivery,,Carmen Sanchez,,,
1Y1-9RY,,828 E Market St,Louisville,KY,40206,4,Mercantile,Wild Eggs #4 (Mercantile),07/29/2025 9:30 AM,07/17/2025 10:24 AM,$143.00 ,$0.00 ,$0.00 ,($21.45),$8.58 ,($8.58),$0.00 ,($4.53),$0.00 ,$0.00 ,0,0,0,117.02,Completed,ach,Marketplace Takeout,,N/A,,,
1RR-C15,Saint Peters Pharmacy,4885 Mexico Rd,St. Peters,MO,63376,,Lindenwood,CBW- Crazy Bowls and Wraps (Lindenwood),07/29/2025 9:04 AM,07/28/2025 3:23 PM,$115.45 ,$0.00 ,$20.00 ,($20.32),$11.49 ,$0.00 ,$0.00 ,($4.39),$0.00 ,$0.00 ,-30,0,0,92.23,Completed,ach,Marketplace Takeout,,Dispatch,,,
GHY-9E2,KIPP High School,706 N Jefferson Ave 1st floor outside of 143,St. Louis,MO,63103,,Lindell/SLU,CBW- Crazy Bowls and Wraps (Lindell/SLU),07/29/2025 10:15 AM,07/23/2025 11:58 AM,"$1,105.00 ",$0.00 ,$20.00 ,($168.75),$145.63 ,$0.00 ,$0.00 ,($37.99),$0.00 ,$0.00 ,-110.5,0,0,953.39,Completed,ach,Marketplace Takeout,,Dispatch,,,
FKP-Y96,Ernst & Young,7676 Forsyth Blvd 2600,Clayton,MO,63105,,Forsyth/Clayton,CBW- Crazy Bowls and Wraps (Forsyth/Clayton),07/29/2025 10:58 AM,07/28/2025 11:09 AM,$238.29 ,$0.00 ,$20.00 ,($38.74),$27.97 ,$0.00 ,$0.00 ,($8.56),$0.00 ,$0.00 ,-30,0,0,208.96,Completed,ach,Marketplace Takeout,,Dispatch,,,
XCA-31Z,United Rentals,9155 Harrison Park Ct,Indianapolis,IN,46216,6,Pulliam,Wild Eggs #6 (Pulliam),07/30/2025 7:15 AM,07/28/2025 4:20 PM,$346.00 ,$0.00 ,$35.00 ,($57.15),$34.29 ,($26.67),$0.00 ,($12.42),$0.00 ,$0.00 ,0,0,0,319.05,Completed,ach,Marketplace Delivery,,Skylar Greene,,,
AMR-HA3,The Dermatology center,2857 Charlestown Rd 100,New Albany,IN,47150,13,New Albany,Wild Eggs #13 (New Albany),07/30/2025 7:30 AM,07/23/2025 6:06 PM,$756.00 ,$0.00 ,$35.00 ,($118.65),$55.37 ,($55.37),$30.00 ,($25.31),$0.00 ,$0.00 ,0,0,0,677.04,Completed,ach,Marketplace Delivery,,Mercedes Rosado,,,
K7H-0JQ,Endocrine and Diabetes Associates,6400 Dutchmans Pkwy 345,Louisville,KY,40205,1,Dupont,Wild Eggs #1 (Dupont),07/30/2025 7:45 AM,07/28/2025 3:46 PM,$609.00 ,$0.00 ,$35.00 ,($96.60),$38.64 ,($38.64),$60.90 ,($20.41),$0.00 ,$0.00 ,0,0,0,587.89,Completed,ach,Marketplace Delivery,,Carmen E,,,
M6H-AAW,"STACK Construction Technologies, Inc.",9999 Carver Rd Suite 300 300,Cincinnati,OH,45242,8,Oakley,Wild Eggs #8 (Oakley),07/30/2025 11:45 AM,07/25/2025 3:45 PM,$956.00 ,$0.00 ,$35.00 ,($148.65),$0.00 ,$0.00 ,$95.60 ,($29.63),$0.00 ,$0.00 ,0,0,0,908.32,Completed,ach,Marketplace Delivery,,Monica Craig,,,
GRP-VQ0,"Plancorp, LLC",540 Maryville Centre Dr 105,St. Louis,MO,63141,,Rock Hill/Glendale,CBW- Crazy Bowls and Wraps (Rock Hill/Glendale),07/30/2025 10:55 AM,07/16/2025 9:53 AM,$702.70 ,$0.00 ,$20.00 ,($108.41),$64.92 ,$0.00 ,$0.00 ,($23.55),$0.00 ,$0.00 ,-70.27,0,0,585.39,Completed,ach,Marketplace Takeout,,Dispatch,,,
6EF-CPA,Mercy Internal Med,12855 N Forty Dr Ste 280,St. Louis,MO,63141,,Manchester,CBW- Crazy Bowls and Wraps (Manchester),07/30/2025 11:02 AM,07/28/2025 10:43 AM,$443.60 ,$0.00 ,$20.00 ,($69.54),$38.76 ,$0.00 ,$0.00 ,($15.02),$0.00 ,$0.00 ,-44.36,0,0,373.44,Completed,ach,Marketplace Takeout,,Dispatch,,,
3VV-KP3,NESTLE PURINA PETCARE,801 Chouteau Ave Administration Building/1st Floor Lobby,St. Louis,MO,63102,,Lindell/SLU,CBW- Crazy Bowls and Wraps (Lindell/SLU),07/30/2025 11:06 AM,07/25/2025 1:40 PM,$151.55 ,$0.00 ,$20.00 ,($25.73),$19.97 ,$0.00 ,$0.00 ,($5.73),$0.00 ,$0.00 ,-30,0,0,130.06,Completed,ach,Marketplace Takeout,,Dispatch,,,
9K2-93M,Lemonaid Pharmacy,1701 Macklind Ave Suite 300,St. Louis,MO,63110,,West Oak,CBW- Crazy Bowls and Wraps (West Oak),07/30/2025 11:15 AM,07/14/2025 3:36 PM,$242.19 ,$0.00 ,$25.00 ,($36.33),$24.80 ,$0.00 ,$24.22 ,($8.73),$0.00 ,$0.00 ,0,0,0,271.15,Completed,ach,Meal Program,,,,,
44T-T06,"Takeout from St. Peters, MO",,Wentzville,MO,,,Wentzville,CBW- Crazy Bowls and Wraps (Wentzville),07/30/2025 11:30 AM,07/29/2025 4:41 PM,$148.90 ,$0.00 ,$0.00 ,($22.34),$15.56 ,$0.00 ,$14.89 ,($4.92),$0.00 ,$0.00 ,0,0,0,152.09,Completed,ach,Marketplace Takeout,,N/A,,,
X6W-JQ9,Meramec Dermatology,3783 Vogel Rd,Arnold,MO,63010,,Tesson,CBW- Crazy Bowls and Wraps (Tesson),07/31/2025 10:44 AM,07/28/2025 9:38 AM,$290.00 ,$0.00 ,$20.00 ,($46.50),$25.34 ,$0.00 ,$0.00 ,($10.03),$0.00 ,$0.00 ,-30,0,0,248.81,Completed,ach,Marketplace Takeout,,Dispatch,,,
44P-EK6,Rung for Women,2717 Sidney St,St. Louis,MO,63104,,Lindell/SLU,CBW- Crazy Bowls and Wraps (Lindell/SLU),08/01/2025 10:16 AM,07/30/2025 11:27 AM,$312.75 ,$0.00 ,$20.00 ,($49.91),$0.00 ,$0.00 ,$0.00 ,($9.95),$0.00 ,$0.00 ,-31.28,0,0,241.61,Completed,ach,Marketplace Takeout,,Dispatch,,,
MR1-X7J,Rosenblum Goldenhersh PC,7733 Forsyth Blvd Suite 400,Clayton,MO,63105,,Forsyth/Clayton,CBW- Crazy Bowls and Wraps (Forsyth/Clayton),08/01/2025 11:25 AM,07/25/2025 12:22 PM,$360.00 ,$0.00 ,$20.00 ,($57.00),$42.26 ,$0.00 ,$0.00 ,($12.63),$0.00 ,$0.00 ,-36,0,0,316.63,Completed,ach,Marketplace Takeout,,Dispatch,,,
2UT-KX2,Contemporary Art Museum St. Louis,3750 Washington Blvd St. Louis,St. Louis,MO,63108,,Lindell/SLU,CBW- Crazy Bowls and Wraps (Lindell/SLU),08/01/2025 4:40 PM,07/17/2025 1:39 PM,$241.90 ,$0.00 ,$20.00 ,($18.33),$0.00 ,$0.00 ,$0.00 ,($7.83),$0.00 ,$0.00 ,-30,0,0,205.74,Completed,ach,Marketplace Takeout,,Dispatch,,,
WC2-FA1,Racing Louisville FC,801 Edith Rd,Louisville,KY,40206,4,Mercantile,Wild Eggs #4 (Mercantile),08/02/2025 7:45 AM,07/31/2025 9:11 AM,$259.00 ,$0.00 ,$35.00 ,($44.10),$17.64 ,($17.64),$20.00 ,($9.32),$0.00 ,$0.00 ,0,0,0,260.58,Completed,ach,Marketplace Delivery,,Mikey  Thomas ,,,
E1Z-29A,Matthews Home,15654 Gateshead Dr,Westfield,IN,46074,5,Carmel,Wild Eggs #5 (Carmel),08/03/2025 9:00 AM,08/02/2025 4:02 PM,$145.00 ,$0.00 ,$35.00 ,($27.00),$16.20 ,($12.60),$0.00 ,($5.87),$0.00 ,$0.00 ,0,0,0,150.73,Completed,ach,Marketplace Delivery,,travis stull,,,
HYF-1KJ,The Crossing Church,114 N Eatherton Rd,Chesterfield,MO,63005,,Chesterfield Valley,CBW- Crazy Bowls and Wraps (Chesterfield Valley),08/03/2025 10:59 AM,08/02/2025 6:41 PM,$85.50 ,$0.00 ,$20.00 ,($15.83),$0.00 ,$0.00 ,$0.00 ,($3.15),$0.00 ,$0.00 ,-30,0,0,56.52,Completed,ach,Marketplace Takeout,,Dispatch,,,
G97-QZH,KIPP St. Louis High,706 N Jefferson Ave,St. Louis,MO,63103,,Lindell/SLU,CBW- Crazy Bowls and Wraps (Lindell/SLU),08/04/2025 10:45 AM,07/23/2025 12:07 PM,"$4,710.00 ",$0.00 ,$20.00 ,($709.50),$620.73 ,$0.00 ,$0.00 ,($159.99),$0.00 ,$0.00 ,0,0,0,4481.24,Completed,ach,Marketplace Delivery,,N/A,,,
38Y-MW7,"Takeout from Brentwood, MO",,Brentwood,MO,,,Rock Hill/Glendale,CBW- Crazy Bowls and Wraps (Rock Hill/Glendale),08/04/2025 11:15 AM,08/01/2025 11:11 AM,$223.45 ,$0.00 ,$0.00 ,($33.52),$20.64 ,$0.00 ,$22.35 ,($7.30),$0.00 ,$0.00 ,0,0,0,225.62,Completed,ach,Marketplace Takeout,,N/A,,,
GUY-APY,Baram Psychiatry,10420 Old Olive St Rd Suite 205,Creve Coeur,MO,63141,,West Oak,CBW- Crazy Bowls and Wraps (West Oak),08/04/2025 11:24 AM,08/03/2025 12:56 PM,$103.45 ,$0.00 ,$20.00 ,($18.52),$10.59 ,$0.00 ,$0.00 ,($4.01),$0.00 ,$0.00 ,-30,0,0,81.51,Completed,ach,Marketplace Takeout,,Dispatch,,,
Z8W-722,Dr Terkonda,121 St Luke's Center Dr Suite 504,Chesterfield,MO,63017,,Creve Coeur,CBW- Crazy Bowls and Wraps (Creve Coeur),08/04/2025 11:37 AM,07/31/2025 3:34 PM,$263.50 ,$0.00 ,$20.00 ,($42.53),$23.02 ,$0.00 ,$0.00 ,($9.16),$0.00 ,$0.00 ,-30,0,0,224.83,Completed,ach,Marketplace Takeout,,Dispatch,,,
AWR-XKG,"Eureka! Ranch International, Ltd.",3849 Edwards Rd Eureka Ranch,Newtown,OH,45244,8,Oakley,Wild Eggs #8 (Oakley),08/05/2025 7:00 AM,07/29/2025 3:25 PM,$205.00 ,$0.00 ,$35.00 ,($36.00),$0.00 ,$0.00 ,$30.75 ,($7.18),$0.00 ,$0.00 ,0,0,0,227.57,Completed,ach,Marketplace Delivery,,Mikaley Karuna,,,
KW2-WQM,Humana,101 East Main St 5th Floor,Louisville,KY,40202,4,Mercantile,Wild Eggs #4 (Mercantile),08/05/2025 8:15 AM,07/22/2025 8:00 AM,$329.00 ,$0.00 ,$35.00 ,($54.60),$21.84 ,($21.84),$32.90 ,($11.54),$0.00 ,$0.00 ,0,0,0,330.76,Completed,ach,Marketplace Delivery,,Mikey  Thomas ,,,
WV3-GJ9,IHEART MEDIA,428 S 4th St suite 252,Louisville,KY,40202,4,Mercantile,Wild Eggs #4 (Mercantile),08/05/2025 8:15 AM,08/04/2025 7:37 AM,$280.00 ,$0.00 ,$35.00 ,($47.25),$18.90 ,($18.90),$0.00 ,($9.98),$0.00 ,$0.00 ,0,0,0,257.77,Completed,ach,Marketplace Delivery,,Mikey  Thomas ,,,
3A9-HJZ,Aspire Software,390 S Woods Mill Rd ste 300 - 3rd floor,Chesterfield,MO,63017,,West Oak,CBW- Crazy Bowls and Wraps (West Oak),08/05/2025 10:45 AM,07/21/2025 1:39 PM,$284.28 ,$0.00 ,$25.00 ,($42.64),$29.10 ,$0.00 ,$56.86 ,($10.12),$0.00 ,$0.00 ,0,0,0,342.48,Completed,ach,Meal Program,,,,,
6RJ-12G,Fabick Cat,1 Fabick Dr,Fenton,MO,63026,,Sunset Hills,CBW- Crazy Bowls and Wraps (Sunset Hills),08/05/2025 11:05 AM,08/04/2025 3:01 PM,$275.23 ,$0.00 ,$20.00 ,($44.28),$31.62 ,$0.00 ,$0.00 ,($9.77),$0.00 ,$0.00 ,-30,0,0,242.8,Completed,ach,Marketplace Takeout,,Dispatch,,,
R4H-6QE,Innovative Hematology,8326 Naab Rd,Indianapolis,IN,46260,5,Carmel,Wild Eggs #5 (Carmel),08/06/2025 7:30 AM,08/01/2025 10:13 AM,$315.00 ,$0.00 ,$35.00 ,($52.50),$0.00 ,$0.00 ,$47.25 ,($10.47),$0.00 ,$0.00 ,0,0,0,334.28,Completed,ach,Marketplace Delivery,,travis stull,,,
1YG-0ZF,Trivers assoc.,380 N. 18th St Suite 100,St. Louis,MO,63103,,Lindell/SLU,CBW- Crazy Bowls and Wraps (Lindell/SLU),08/06/2025 11:06 AM,08/04/2025 11:59 AM,$319.62 ,$0.00 ,$20.00 ,($50.94),$42.12 ,$0.00 ,$0.00 ,($11.41),$0.00 ,$0.00 ,-31.96,0,0,287.43,Completed,ach,Marketplace Takeout,,Dispatch,,,
4AC-TG5,City of Sunset Hills,3915 S Lindbergh Blvd,St. Louis,MO,63127,,Manchester,CBW- Crazy Bowls and Wraps (Manchester),08/06/2025 11:14 AM,06/05/2025 9:29 AM,$264.00 ,$0.00 ,$20.00 ,($42.60),$0.00 ,$0.00 ,$0.00 ,($8.49),$0.00 ,$0.00 ,-30,0,0,202.91,Completed,ach,Marketplace Takeout,,Dispatch,,,
H1Y-QJ6,Lexicon,600 Kellwood Pkwy Suite 300,Chesterfield,MO,63017,,Creve Coeur,CBW- Crazy Bowls and Wraps (Creve Coeur),08/06/2025 11:20 AM,08/04/2025 9:54 AM,$313.54 ,$0.00 ,$20.00 ,($50.03),$27.40 ,$0.00 ,$0.00 ,($10.79),$0.00 ,$0.00 ,-31.35,0,0,268.77,Completed,ach,Marketplace Takeout,,Dispatch,,,
XXJ-GC5,Winland Foods,611 E Marceau St,St. Louis,MO,63111,,Tesson,CBW- Crazy Bowls and Wraps (Tesson),08/06/2025 11:28 AM,08/05/2025 11:20 AM,$259.53 ,$0.00 ,$20.00 ,($41.93),$22.68 ,$0.00 ,$0.00 ,($9.04),$0.00 ,$0.00 ,-30,0,0,221.24,Completed,ach,Marketplace Takeout,,Dispatch,,,
T28-8CE,"Eureka! Ranch International, Ltd.",3849 Edwards Rd Eureka Ranch,Newtown,OH,45244,8,Oakley,Wild Eggs #8 (Oakley),08/07/2025 7:00 AM,07/29/2025 4:46 PM,$135.00 ,$0.00 ,$35.00 ,($25.50),$0.00 ,$0.00 ,$20.25 ,($5.08),$0.00 ,$0.00 ,0,0,0,159.67,Completed,ach,Marketplace Delivery,,jane sillett,,,
VAZ-XTY,University of Louisville Oncology Department,1460 Bluegrass Ave,Louisville,KY,40215,4,Mercantile,Wild Eggs #4 (Mercantile),08/07/2025 7:30 AM,07/30/2025 5:29 PM,$944.00 ,$0.00 ,$35.00 ,($146.85),$58.74 ,($58.74),$20.00 ,($31.03),$0.00 ,$0.00 ,0,0,0,821.12,Completed,ach,Marketplace Delivery,,Mikey  Thomas ,,,
9F3-9XH,Mercy Pulmonology,3301 Mercy Health Blvd STE 300,Cincinnati,OH,45211,9,Queen City Wild Eggs,Wild Eggs #9 (Queen City Wild Eggs),08/07/2025 7:45 AM,08/05/2025 1:20 PM,$337.00 ,$0.00 ,$35.00 ,($55.80),$0.00 ,$0.00 ,$15.00 ,($11.12),$0.00 ,$0.00 ,0,0,0,320.08,Completed,ach,Marketplace Delivery,,Shirelle Bloom,,,
7TA-667,LC Rheumatology,3897 Charlestown Rd,New Albany,IN,47150,13,New Albany,Wild Eggs #13 (New Albany),08/07/2025 8:00 AM,08/06/2025 11:43 AM,$410.00 ,$0.00 ,$35.00 ,($66.75),$31.15 ,($31.15),$45.00 ,($14.24),$0.00 ,$0.00 ,0,0,0,409.01,Completed,ach,Marketplace Delivery,,Savannah  Gilbert ,,,
4FV-QTY,Truepoint Wealth Counsel,9999 Carver Rd 200,Cincinnati,OH,45242,9,Queen City Wild Eggs,Wild Eggs #9 (Queen City Wild Eggs),08/07/2025 8:15 AM,07/11/2025 11:29 AM,$501.00 ,$0.00 ,$35.00 ,($80.40),$0.00 ,$0.00 ,$75.15 ,($16.03),$0.00 ,$0.00 ,0,0,0,514.72,Completed,ach,Marketplace Delivery,,Shirelle Bloom,,,
ER0-HR6,Salesforce,1 E. Ohio St,Indianapolis,IN,46204,6,Pulliam,Wild Eggs #6 (Pulliam),08/07/2025 8:45 AM,08/03/2025 10:10 PM,$927.00 ,$0.00 ,$35.00 ,($144.30),$86.58 ,($67.34),$139.05 ,($31.35),$0.00 ,$0.00 ,0,0,0,944.64,Completed,ach,Marketplace Delivery,,Skylar Greene,,,
XHV-4EK,Thermo Fisher,4766 La Guardia Dr,Berkeley,MO,63134,,Forsyth/Clayton,CBW- Crazy Bowls and Wraps (Forsyth/Clayton),08/07/2025 10:32 AM,07/30/2025 2:21 PM,$80.64 ,$0.00 ,$20.00 ,($15.10),$9.47 ,$0.00 ,$0.00 ,($3.29),$0.00 ,$0.00 ,-30,0,0,61.72,Completed,ach,Marketplace Takeout,,Dispatch,,,
ZYY-3UG,Advantage Solutions,8001 Forsyth Blvd Suite 1025 Suite 1025 / 10th floor,Clayton,MO,63105,,Rock Hill/Glendale,CBW- Crazy Bowls and Wraps (Rock Hill/Glendale),08/07/2025 11:00 AM,08/06/2025 3:46 PM,$294.55 ,$0.00 ,$20.00 ,($47.18),$27.21 ,$0.00 ,$0.00 ,($10.22),$0.00 ,$0.00 ,-30,0,0,254.36,Completed,ach,Marketplace Takeout,postonb25,Dispatch,,,
EJW-X5Q,"Washington University School of Medicine, Mid Campus Center (MCC)",4590 Nash Way 11th floor,St. Louis,MO,63110,,Lindell/SLU,CBW- Crazy Bowls and Wraps (Lindell/SLU),08/07/2025 11:05 AM,08/05/2025 6:10 PM,$326.75 ,$0.00 ,$20.00 ,($52.01),$0.00 ,$0.00 ,$0.00 ,($10.37),$0.00 ,$0.00 ,-32.68,0,0,251.69,Completed,ach,Marketplace Takeout,,Dispatch,,,
VZ5-A3Z,University of Louisville/Clinical Translational Research Building (CTR),505 S Hancock St 1st Floor Room 124 1,Louisville,KY,40202,4,Mercantile,Wild Eggs #4 (Mercantile),08/08/2025 6:45 AM,08/06/2025 1:06 PM,$155.00 ,$0.00 ,$35.00 ,($28.50),$0.00 ,$0.00 ,$10.00 ,($5.68),$0.00 ,$0.00 ,0,0,0,165.82,Completed,ach,Marketplace Delivery,dbe72a93,Mikey  Thomas ,,,
9ZC-PW0,,100 Brevco Plaza,Lake Saint Louis,MO,63367,,Wentzville,CBW- Crazy Bowls and Wraps (Wentzville),08/08/2025 11:15 AM,08/07/2025 10:25 AM,$220.50 ,$0.00 ,$0.00 ,($33.08),$23.04 ,$0.00 ,$10.00 ,($7.28),$0.00 ,$0.00 ,0,0,0,213.18,Completed,ach,Marketplace Takeout,,N/A,,,
PQK-MWK,Traders Point Christian Church - Production,12648 E 116th St,Fishers,IN,46037,7,Fishers,Wild Eggs #07 (Fishers),08/10/2025 8:30 AM,08/06/2025 4:29 PM,$146.00 ,$0.00 ,$35.00 ,($27.15),$0.00 ,$0.00 ,$21.90 ,($5.41),$0.00 ,$0.00 ,0,0,0,170.34,Completed,ach,Marketplace Delivery,,Carmen Sanchez,,,
YXE-TYM,Traders Point Christian Church,2350 E 62nd St,Indianapolis,IN,46220,6,Pulliam,Wild Eggs #6 (Pulliam),08/10/2025 8:45 AM,08/06/2025 12:09 PM,$251.00 ,$0.00 ,$35.00 ,($42.90),$0.00 ,$0.00 ,$25.10 ,($8.55),$0.00 ,$0.00 ,0,0,0,259.65,Completed,ach,Marketplace Delivery,,Skylar Greene,,,
M8G-V3J,Raymond James,4969 US-42 Suite 1600,Northfield,KY,40222,2,Westport,Wild Eggs #2 (Westport),08/12/2025 8:00 AM,08/06/2025 4:07 PM,$586.00 ,$0.00 ,$35.00 ,($93.15),$37.26 ,($37.26),$100.00 ,($19.68),$0.00 ,$0.00 ,0,0,0,608.17,Completed,ach,Marketplace Delivery,,Kortney Cole,,,
2HE-HZE,Gateway Region YMCA,2815 Scott Ave D,St. Louis,MO,63103,,Lindell/SLU,CBW- Crazy Bowls and Wraps (Lindell/SLU),08/12/2025 10:38 AM,08/11/2025 8:13 AM,$126.35 ,$0.00 ,$20.00 ,($21.95),$0.00 ,$0.00 ,$0.00 ,($4.38),$0.00 ,$0.00 ,-30,0,0,90.02,Completed,ach,Marketplace Takeout,,Dispatch,,,
MR8-RFX,Hunter Engineering,11250 Hunter Dr Building A,Bridgeton,MO,63044,,Lindenwood,CBW- Crazy Bowls and Wraps (Lindenwood),08/12/2025 10:44 AM,08/05/2025 1:34 PM,$287.10 ,$0.00 ,$20.00 ,($46.07),$28.57 ,$0.00 ,$0.00 ,($10.04),$0.00 ,$0.00 ,-30,0,0,249.56,Completed,ach,Marketplace Takeout,,Dispatch,,,
8MP-9K0,Morgan Stanley,800 E 96th St Suite 400,Indianapolis,IN,46240,5,Carmel,Wild Eggs #5 (Carmel),08/13/2025 8:00 AM,08/11/2025 2:27 PM,$553.00 ,$0.00 ,$35.00 ,($88.20),$52.92 ,($41.16),$55.30 ,($19.16),$0.00 ,$0.00 ,0,0,0,547.7,Completed,ach,Marketplace Delivery,,Lesley Rodela,,,
GYM-45Z,"Takeout from Wentzville, MO",,Wentzville,MO,,,Wentzville,CBW- Crazy Bowls and Wraps (Wentzville),08/13/2025 10:00 AM,08/12/2025 7:31 PM,$259.35 ,$0.00 ,$0.00 ,($38.90),$27.10 ,$0.00 ,$25.94 ,($8.56),$0.00 ,$0.00 ,0,0,0,264.93,Completed,ach,Marketplace Takeout,,N/A,,,
EZ6-209,City Academy,4175 Kingshighway Blvd,St. Louis,MO,63115,,Lindell/SLU,CBW- Crazy Bowls and Wraps (Lindell/SLU),08/13/2025 10:43 AM,08/06/2025 12:22 PM,$878.25 ,$0.00 ,$20.00 ,($134.74),$0.00 ,$0.00 ,$0.00 ,($26.86),$0.00 ,$0.00 ,-87.82,0,0,648.83,Completed,ach,Marketplace Takeout,,Dispatch,,,
W6R-TJU,Royal Canin,4 Cityplace Dr 1st Floor,St. Louis,MO,63141,,West Oak,CBW- Crazy Bowls and Wraps (West Oak),08/13/2025 11:12 AM,08/05/2025 4:35 PM,$220.30 ,$0.00 ,$20.00 ,($36.05),$22.55 ,$0.00 ,$0.00 ,($7.86),$0.00 ,$0.00 ,-30,0,0,188.94,Completed,ach,Marketplace Takeout,,Dispatch,,,
89H-2EE,Hunter Engineering - c/o Jim T.,"11250 Hunter Dr Building ""A""",Bridgeton,MO,63044,,West Oak,CBW- Crazy Bowls and Wraps (West Oak),08/13/2025 11:14 AM,08/08/2025 2:27 PM,$238.20 ,$0.00 ,$20.00 ,($38.73),$24.39 ,$0.00 ,$0.00 ,($8.45),$0.00 ,$0.00 ,-30,0,0,205.41,Completed,ach,Marketplace Takeout,,Dispatch,,,
06R-QMW,Drury Hotels Corporate Office,13075 Manchester Rd,Des Peres,MO,63131,,Manchester,CBW- Crazy Bowls and Wraps (Manchester),08/13/2025 11:24 AM,08/12/2025 7:02 PM,$231.32 ,$0.00 ,$20.00 ,($37.70),$20.21 ,$0.00 ,$0.00 ,($8.12),$0.00 ,$0.00 ,-30,0,0,195.71,Completed,ach,Marketplace Takeout,nccv3doll1,Dispatch,,,
F43-150,Child Focus,4629 Aicholtz Rd Corporate Suite,Cincinnati,OH,45244,8,Oakley,Wild Eggs #8 (Oakley),08/14/2025 8:00 AM,08/11/2025 10:22 PM,$325.00 ,$0.00 ,$35.00 ,($54.00),$0.00 ,$0.00 ,$32.50 ,($10.76),$0.00 ,$0.00 ,0,0,0,327.74,Completed,ach,Marketplace Delivery,,Mikaley Karuna,,,
3CW-EYM,Cambridge Air Solutions,760 Long Rd Crossing Dr,Chesterfield,MO,63005,,Chesterfield Valley,CBW- Crazy Bowls and Wraps (Chesterfield Valley),08/14/2025 11:06 AM,08/13/2025 4:25 PM,$254.70 ,$0.00 ,$20.00 ,($41.21),$25.76 ,$0.00 ,$0.00 ,($8.98),$0.00 ,$0.00 ,-30,0,0,220.27,Completed,ach,Marketplace Takeout,,Dispatch,,,
E0T-KQ4,HSHS St. Elizabeth’s Neurology,3 St Elizabeth's Blvd Suite 5000,O'Fallon,IL,62269,,Shiloh,CBW- Crazy Bowls and Wraps (Shiloh),08/14/2025 11:23 AM,08/11/2025 1:29 PM,$266.95 ,$0.00 ,$20.00 ,($43.04),$22.29 ,($22.29),$0.00 ,($9.25),$0.00 ,$0.00 ,-30,0,0,204.66,Completed,ach,Marketplace Takeout,,Dispatch,,,
V97-JPQ,Southampton Healthcare,2340 Hampton Ave,St. Louis,MO,63128,18,South City,CBW- Crazy Bowls and Wraps #18 (South City),08/14/2025 11:27 AM,08/13/2025 4:33 PM,$355.95 ,$0.00 ,$20.00 ,($56.39),$46.91 ,$0.00 ,$0.00 ,($12.64),$0.00 ,$0.00 ,-35.6,0,0,318.23,Completed,ach,Marketplace Takeout,,Dispatch,,,
XGX-F4E,Mt Auburn Nephrology,8260 Pine Rd,Cincinnati,OH,45236,8,Oakley,Wild Eggs #8 (Oakley),08/15/2025 8:30 AM,08/08/2025 2:06 PM,$328.00 ,$0.00 ,$35.00 ,($54.45),$0.00 ,$0.00 ,$20.00 ,($10.85),$0.00 ,$0.00 ,0,0,0,317.7,Completed,ach,Marketplace Delivery,,Mikaley Karuna,,,
AUA-UWG,University Tower/STLCC,1034 S Brentwood Blvd Floor 16,Richmond Heights,MO,63117,,Lindell/SLU,CBW- Crazy Bowls and Wraps (Lindell/SLU),08/15/2025 10:15 AM,08/08/2025 1:00 PM,$406.15 ,$0.00 ,$20.00 ,($63.92),$0.00 ,$0.00 ,$0.00 ,($12.74),$0.00 ,$0.00 ,-40.62,0,0,308.87,Completed,ach,Marketplace Takeout,,Dispatch,,,
9H1-9T0,Mercy Clinic Pediatrics,1203 Smizer Mill Rd Suite 108,Fenton,MO,63026,,Sunset Hills,CBW- Crazy Bowls and Wraps (Sunset Hills),08/15/2025 11:17 AM,08/12/2025 4:49 PM,$217.50 ,$0.00 ,$20.00 ,($35.63),$24.99 ,$0.00 ,$0.00 ,($7.85),$0.00 ,$0.00 ,-30,0,0,189.01,Completed,ach,Marketplace Takeout,,Dispatch,,,
U0M-ZUY,Medical Academic Center,13225 North Meridian St Third floor,Carmel,IN,46032,5,Carmel,Wild Eggs #5 (Carmel),08/16/2025 6:30 AM,07/24/2025 1:20 PM,$834.00 ,$0.00 ,$35.00 ,($130.35),$78.21 ,($60.83),$166.80 ,($28.32),$0.00 ,$0.00 ,0,0,0,894.51,Completed,ach,Marketplace Delivery,,Missy Toney,,,
GTH-UXW,Indianapolis Motor Speedway,4790 W 16th St,Indianapolis,IN,46222,15,Avon,Wild Eggs #15 (Avon),08/16/2025 7:30 AM,08/07/2025 5:58 PM,$614.00 ,$0.00 ,$35.00 ,($97.35),$58.41 ,($45.43),$0.00 ,($21.15),$0.00 ,$0.00 ,0,0,0,543.48,Completed,ach,Marketplace Delivery,,Rachael Pyle,,,
EJW-UY4,"Takeout from Louisville, KY",2001 Newburg Rd,Louisville,KY,40205,4,Mercantile,Wild Eggs #4 (Mercantile),08/16/2025 7:45 AM,08/15/2025 10:56 AM,$189.00 ,$0.00 ,$0.00 ,($28.35),$11.34 ,($11.34),$0.00 ,($5.99),$0.00 ,$0.00 ,0,0,0,154.66,Completed,ach,Marketplace Takeout,,N/A,,,
X25-52K,THE MOTZ GROUP,1 Motz Way,Cincinnati,OH,45244,8,Oakley,Wild Eggs #8 (Oakley),08/18/2025 7:00 AM,08/13/2025 11:21 AM,"$1,071.00 ",$0.00 ,$35.00 ,($77.42),$0.00 ,$0.00 ,$200.00 ,($33.07),$0.00 ,$0.00 ,0,0,0,1195.51,Completed,ach,ezOrdering Delivery,,Monica Craig,,,
V4U-Q1Q,Christ Hospital Physicians,2123 Auburn Ave 624 medical office building,Cincinnati,OH,45219,9,Queen City Wild Eggs,Wild Eggs #9 (Queen City Wild Eggs),08/18/2025 7:30 AM,08/15/2025 2:47 PM,$239.00 ,$0.00 ,$35.00 ,($41.10),$0.00 ,$0.00 ,$0.00 ,($8.19),$0.00 ,$0.00 ,0,0,0,224.71,Completed,ach,Marketplace Delivery,,Shirelle Bloom,,,
UFV-WVF,LC Rheumatology,3897 Charlestown Rd,New Albany,IN,47150,13,New Albany,Wild Eggs #13 (New Albany),08/18/2025 8:00 AM,08/15/2025 3:47 PM,$410.00 ,$0.00 ,$35.00 ,($66.75),$31.15 ,($31.15),$61.50 ,($14.24),$0.00 ,$0.00 ,0,0,0,425.51,Completed,ach,Marketplace Delivery,,Savannah  Gilbert ,,,
RZ3-A31,Distinctive Dermatology,390 Office Ct,Fairview Heights,IL,62208,,Shiloh,CBW- Crazy Bowls and Wraps (Shiloh),08/18/2025 10:32 AM,08/15/2025 10:27 AM,$469.95 ,$0.00 ,$20.00 ,($73.49),$39.24 ,($39.24),$0.00 ,($15.82),$0.00 ,$0.00 ,-47,0,0,353.64,Completed,ach,Marketplace Takeout,,Dispatch,,,
W58-XZV,Spectrum Brands,1 Rider Trl Plz Dr,Earth City,MO,63045,,Lindenwood,CBW- Crazy Bowls and Wraps (Lindenwood),08/18/2025 11:07 AM,08/17/2025 5:17 PM,$117.59 ,$0.00 ,$20.00 ,($20.64),$11.70 ,$0.00 ,$0.00 ,($4.46),$0.00 ,$0.00 ,-30,0,0,94.19,Completed,ach,Marketplace Takeout,,Dispatch,,,
0GA-VRC,Woodard & Curran,1520 South 5th St Suite 273,Saint Charles,MO,63303,,Lindenwood,CBW- Crazy Bowls and Wraps (Lindenwood),08/18/2025 11:21 AM,08/15/2025 12:01 PM,$255.95 ,$0.00 ,$20.00 ,($41.39),$25.47 ,$0.00 ,$0.00 ,($9.01),$0.00 ,$0.00 ,-30,0,0,221.02,Completed,ach,Marketplace Takeout,,Dispatch,,,
5Z0-M3Y,Serenity health,5000 Cedar Plaza Pkwy 350,St. Louis,MO,63128,,Tesson,CBW- Crazy Bowls and Wraps (Tesson),08/18/2025 11:24 AM,08/17/2025 5:44 PM,$236.33 ,$0.00 ,$20.00 ,($38.45),$20.65 ,$0.00 ,$0.00 ,($8.28),$0.00 ,$0.00 ,-30,0,0,200.25,Completed,ach,Marketplace Takeout,,Dispatch,,,
J8Q-Z75,Subtext,3000 Locust St,St. Louis,MO,63103,,Lindell/SLU,CBW- Crazy Bowls and Wraps (Lindell/SLU),08/18/2025 11:25 AM,08/13/2025 4:13 PM,$81.70 ,$0.00 ,$20.00 ,($15.26),$10.77 ,$0.00 ,$0.00 ,($3.36),$0.00 ,$0.00 ,-30,0,0,63.85,Completed,ach,Marketplace Takeout,,Dispatch,,,
2ZZ-2TU,IU School of Medicine,702 Rotary Cir RO 022,Indianapolis,IN,46202,6,Pulliam,Wild Eggs #6 (Pulliam),08/19/2025 8:45 AM,08/11/2025 1:06 PM,$357.00 ,$0.00 ,$35.00 ,($58.80),$0.00 ,$0.00 ,$53.55 ,($11.72),$0.00 ,$0.00 ,0,0,0,375.03,Completed,ach,Marketplace Delivery,,Skylar Greene,,,
YA4-CE0,"Takeout from Cincinnati, OH",,Cincinnati,OH,45207,8,Oakley,Wild Eggs #8 (Oakley),08/19/2025 9:00 AM,08/17/2025 12:59 PM,$311.00 ,$0.00 ,$0.00 ,($46.65),$0.00 ,$0.00 ,$30.00 ,($9.30),$0.00 ,$0.00 ,0,0,0,285.05,Completed,ach,Marketplace Takeout,,N/A,,,
HVZ-JJC,Specialists in Gastroenterology,11525 Olde Cabin Rd,Creve Coeur,MO,63141,,West Oak,CBW- Crazy Bowls and Wraps (West Oak),08/19/2025 11:10 AM,08/18/2025 3:10 PM,$533.10 ,$0.00 ,$20.00 ,($82.97),$54.58 ,$0.00 ,$0.00 ,($18.17),$0.00 ,$0.00 ,-53.31,0,0,453.23,Completed,ach,Marketplace Takeout,,Dispatch,,,
JQV-Q8Z,Equifax,11432 Lackland Rd,St. Louis,MO,63146,,West Oak,CBW- Crazy Bowls and Wraps (West Oak),08/19/2025 11:19 AM,08/14/2025 2:27 PM,$285.85 ,$0.00 ,$20.00 ,($45.88),$29.27 ,$0.00 ,$0.00 ,($10.02),$0.00 ,$0.00 ,-30,0,0,249.22,Completed,ach,Marketplace Takeout,,Dispatch,,,
TG2-KGF,Irsay Family YMCA,430 S Alabama St,Indianapolis,IN,46225,6,Pulliam,Wild Eggs #6 (Pulliam),08/20/2025 8:00 AM,08/13/2025 10:28 AM,"$1,078.00 ",$0.00 ,$35.00 ,($166.95),$100.17 ,($77.91),$20.00 ,($36.27),$0.00 ,$0.00 ,0,0,0,952.04,Completed,ach,Marketplace Delivery,,Skylar Greene,,,
70A-MMZ,DELOITTE,1 E. OHIO St SUITE 4200,Indianapolis,IN,46204,6,Pulliam,Wild Eggs #6 (Pulliam),08/20/2025 8:00 AM,08/19/2025 9:56 AM,$675.00 ,$0.00 ,$35.00 ,($106.50),$63.90 ,($49.70),$67.50 ,($23.14),$0.00 ,$0.00 ,0,0,0,662.06,Completed,ach,Marketplace Delivery,,Skylar Greene,,,
ZKJ-JCY,Talisen Technologies Inc,12655 Olive Blvd 500,St. Louis,MO,63141,,Creve Coeur,CBW- Crazy Bowls and Wraps (Creve Coeur),08/20/2025 7:38 AM,08/18/2025 8:23 AM,$192.80 ,$0.00 ,$20.00 ,($31.92),$16.85 ,$0.00 ,$0.00 ,($6.87),$0.00 ,$0.00 ,-30,0,0,160.86,Completed,ach,Marketplace Takeout,,Dispatch,,,
WWP-8FH,WireCrafters,6208 Strawberry Ln,Louisville,KY,40214,4,Mercantile,Wild Eggs #4 (Mercantile),08/20/2025 9:15 AM,08/19/2025 10:45 AM,$684.00 ,$0.00 ,$35.00 ,($107.85),$43.14 ,($43.14),$102.60 ,($22.79),$0.00 ,$0.00 ,0,0,0,690.96,Completed,ach,Marketplace Delivery,,Mikey Thomas,,,
636-AWR,Aspire Software,390 S Woods Mill Rd ste 300 - 3rd floor,Chesterfield,MO,63017,,West Oak,CBW- Crazy Bowls and Wraps (West Oak),08/20/2025 10:45 AM,08/04/2025 2:38 PM,$184.69 ,$0.00 ,$25.00 ,($27.70),$18.91 ,$0.00 ,$36.94 ,($6.84),$0.00 ,$0.00 ,0,0,0,231,Completed,ach,Meal Program,,,,,
J18-R1Q,Willis Towers Watson (WTW),7733 Forsyth Blvd Suite 1350,St. Louis,MO,63105,,Rock Hill/Glendale,CBW- Crazy Bowls and Wraps (Rock Hill/Glendale),08/20/2025 11:02 AM,08/17/2025 8:50 AM,$224.81 ,$0.00 ,$20.00 ,($36.72),$20.77 ,$0.00 ,$0.00 ,($7.94),$0.00 ,$0.00 ,-30,0,0,190.92,Completed,ach,Marketplace Takeout,,Dispatch,,,
K8Q-TVV,Arnold Eyecare,Water Tower Pl,Arnold,MO,63010,,Tesson,CBW- Crazy Bowls and Wraps (Tesson),08/20/2025 11:17 AM,08/19/2025 6:25 PM,$178.95 ,$0.00 ,$20.00 ,($29.84),$15.64 ,$0.00 ,$0.00 ,($6.42),$0.00 ,$0.00 ,-30,0,0,148.33,Completed,ach,Marketplace Takeout,,Dispatch,,,
440-73G,MilliporeSigma - Dekalb,3500 Dekalb St,St. Louis,MO,63118,,Lindell/SLU,CBW- Crazy Bowls and Wraps (Lindell/SLU),08/20/2025 11:30 AM,08/16/2025 7:24 AM,$133.15 ,$0.00 ,$20.00 ,($22.97),$17.55 ,$0.00 ,$0.00 ,($5.10),$0.00 ,$0.00 ,-30,0,0,112.63,Completed,ach,Marketplace Takeout,,Dispatch,,,
RMY-1K2,Fabick Cat,1 Fabick Dr,Fenton,MO,63026,,Sunset Hills,CBW- Crazy Bowls and Wraps (Sunset Hills),08/20/2025 11:36 AM,08/13/2025 9:12 AM,$210.47 ,$0.00 ,$20.00 ,($34.57),$24.18 ,$0.00 ,$0.00 ,($7.61),$0.00 ,$0.00 ,-30,0,0,182.47,Completed,ach,Marketplace Takeout,,Dispatch,,,
F75-P13,,,O'Fallon,MO,,,O'Fallon,CBW- Crazy Bowls and Wraps (O'Fallon),08/20/2025 12:15 PM,08/19/2025 4:16 PM,$169.20 ,$0.00 ,$0.00 ,($25.38),$15.14 ,$0.00 ,$10.00 ,($5.51),$0.00 ,$0.00 ,0,0,0,163.45,Completed,ach,Marketplace Takeout,,N/A,,,
0HV-7Y2,Hendricks Oncology Danville,100 Hospital Ln Suite 320,Danville,IN,46122,15,Avon,Wild Eggs #15 (Avon),08/21/2025 7:15 AM,08/18/2025 12:57 PM,$345.00 ,$0.00 ,$35.00 ,($57.00),$34.20 ,($26.60),$20.00 ,($12.38),$0.00 ,$0.00 ,0,0,0,338.22,Completed,ach,Marketplace Delivery,,Rachael Pyle,,,
JE3-H9F,Baptist Cancer Care,2210 Green Valley Rd,New Albany,IN,47150,13,New Albany,Wild Eggs #13 (New Albany),08/21/2025 7:15 AM,08/19/2025 9:16 AM,$651.00 ,$0.00 ,$35.00 ,($102.90),$48.02 ,($48.02),$0.00 ,($21.95),$0.00 ,$0.00 ,0,0,0,561.15,Completed,ach,Marketplace Delivery,,Savannah  Gilbert ,,,
CQU-C3C,,,Cincinnati,OH,,8,Oakley,Wild Eggs #8 (Oakley),08/21/2025 7:30 AM,08/13/2025 9:45 AM,$119.00 ,$0.00 ,$0.00 ,($17.85),$0.00 ,$0.00 ,$0.00 ,($3.56),$0.00 ,$0.00 ,0,0,0,97.59,Completed,ach,Marketplace Takeout,,N/A,,,
ATF-025,DHL,236 Wendell H Ford Blvd Building 1,Erlanger,KY,41018,9,Queen City Wild Eggs,Wild Eggs #9 (Queen City Wild Eggs),08/21/2025 7:30 AM,08/20/2025 8:19 AM,$396.00 ,$0.00 ,$35.00 ,($64.65),$0.00 ,$0.00 ,$59.40 ,($12.89),$0.00 ,$0.00 ,0,0,0,412.86,Completed,ach,Marketplace Delivery,,Shirelle Bloom,,,
MG2-X6G,Amazon IND4,710 S Girls School Rd,Indianapolis,IN,46231,15,Avon,Wild Eggs #15 (Avon),08/21/2025 8:15 AM,08/15/2025 9:39 AM,$168.00 ,$0.00 ,$35.00 ,($30.45),$18.27 ,($14.21),$0.00 ,($6.62),$0.00 ,$0.00 ,0,0,0,169.99,Completed,ach,Marketplace Delivery,,Rachael Pyle,,,
0UF-5KP,Med Center Health Neurology,350 Park St Suite 206-A Suite 206-A,Bowling Green,KY,42101,14,Bowling Green,Wild Eggs #14 (Bowling Green),08/21/2025 8:00 AM,08/20/2025 10:10 AM,$634.00 ,$0.00 ,$35.00 ,($100.35),$40.14 ,($40.14),$63.40 ,($21.20),$0.00 ,$0.00 ,0,0,0,610.85,Completed,ach,Marketplace Delivery,,Jamie Thomas,,,
ZJU-R2X,Caduceus Corporation Pulmonary and Sleep Medicine,11200 Tesson Ferry Rd Suite 100,St. Louis,MO,63123,,Tesson,CBW- Crazy Bowls and Wraps (Tesson),08/21/2025 11:05 AM,08/14/2025 9:39 AM,$285.00 ,$0.00 ,$20.00 ,($45.75),$24.90 ,$0.00 ,$0.00 ,($9.86),$0.00 ,$0.00 ,-30,0,0,244.29,Completed,ach,Marketplace Takeout,,Dispatch,,,
JXH-G8U,Curium,2703 Wagner Pl,Maryland Heights,MO,63043,,West Oak,CBW- Crazy Bowls and Wraps (West Oak),08/21/2025 11:17 AM,08/19/2025 12:25 PM,$241.50 ,$0.00 ,$20.00 ,($39.23),$24.72 ,$0.00 ,$0.00 ,($8.56),$0.00 ,$0.00 ,-30,0,0,208.43,Completed,ach,Marketplace Takeout,,Dispatch,,,
QPJ-ERT,Saint Louis University School of Medicine,3545 Vista Ave 1st floor,St. Louis,MO,63104,,Lindell/SLU,CBW- Crazy Bowls and Wraps (Lindell/SLU),08/21/2025 11:20 AM,08/20/2025 11:50 AM,$421.34 ,$0.00 ,$20.00 ,($66.20),$0.00 ,$0.00 ,$0.00 ,($13.20),$0.00 ,$0.00 ,-42.13,0,0,319.81,Completed,ach,Marketplace Takeout,,Dispatch,,,
MH3-E2M,NUTRIFORMANCE,1033 Corporate Square Dr,St. Louis,MO,63132,,West Oak,CBW- Crazy Bowls and Wraps (West Oak),08/21/2025 11:21 AM,08/18/2025 11:59 AM,$397.20 ,$0.00 ,$20.00 ,($62.58),$40.67 ,$0.00 ,$0.00 ,($13.69),$0.00 ,$0.00 ,-39.72,0,0,341.88,Completed,ach,Marketplace Takeout,,Dispatch,,,
0F7-GQH,Saint Louis MHB,701 Market St Suite 200,St. Louis,MO,63101,,Lindell/SLU,CBW- Crazy Bowls and Wraps (Lindell/SLU),08/21/2025 4:02 PM,08/14/2025 2:41 PM,$200.45 ,$0.00 ,$20.00 ,($33.07),$0.00 ,$0.00 ,$0.00 ,($6.59),$0.00 ,$0.00 ,-30,0,0,150.79,Completed,ach,Marketplace Takeout,,Dispatch,,,
61T-0UT,University of Louisville/Clinical Translational Research Building (CTR),505 S Hancock St 1st Floor Room 123 1,Louisville,KY,40202,4,Mercantile,Wild Eggs #4 (Mercantile),08/22/2025 7:00 AM,08/20/2025 9:58 AM,$155.00 ,$0.00 ,$35.00 ,($28.50),$0.00 ,$0.00 ,$10.00 ,($5.68),$0.00 ,$0.00 ,0,0,0,165.82,Completed,ach,Marketplace Delivery,,Jessica Lavoi,,,
4WY-C7P,Norton Neurosciences,3991 Dutchmans Ln Ste 302,Saint Matthews,KY,40207,1,Dupont,Wild Eggs #1 (Dupont),08/22/2025 8:00 AM,08/21/2025 10:46 AM,$747.00 ,$0.00 ,$35.00 ,($117.30),$46.92 ,($46.92),$20.00 ,($24.78),$0.00 ,$0.00 ,0,0,0,659.92,Completed,ach,Marketplace Delivery,,Carmen E,,,
H9P-JX5,STL Zoo Living World,1 Government Dr,St. Louis,MO,63110,18,South City,CBW- Crazy Bowls and Wraps #18 (South City),08/22/2025 4:50 PM,08/19/2025 4:50 PM,$170.20 ,$0.00 ,$20.00 ,($28.53),$22.43 ,$0.00 ,$0.00 ,($6.36),$0.00 ,$0.00 ,-30,0,0,147.74,Completed,ach,Marketplace Takeout,,Dispatch,,,
8G3-Z1Q,Saint Louis University,20 N Grand Blvd,St. Louis,MO,63103,,Lindell/SLU,CBW- Crazy Bowls and Wraps (Lindell/SLU),08/22/2025 6:11 PM,08/21/2025 4:23 PM,$166.64 ,$0.00 ,$20.00 ,($28.00),$0.00 ,$0.00 ,$0.00 ,($5.58),$0.00 ,$0.00 ,-30,0,0,123.06,Completed,ach,Marketplace Takeout,,Dispatch,,,
TUH-0QE,Indianapolis Colts,7001 W 56th St,Indianapolis,IN,46254,15,Avon,Wild Eggs #15 (Avon),08/24/2025 7:30 AM,08/21/2025 11:59 AM,"$1,254.00 ",$0.00 ,$35.00 ,($193.35),$116.01 ,($90.23),$125.40 ,($42.01),$0.00 ,$0.00 ,0,0,0,1204.82,Completed,ach,Marketplace Delivery,,Rachael Pyle,,,
Q00-KUE,Republic Bank Plaza Sunday Snack Coffee,200 S 7th St,Louisville,KY,40202,4,Mercantile,Wild Eggs #4 (Mercantile),08/24/2025 1:15 PM,08/22/2025 1:53 PM,$106.00 ,$0.00 ,$35.00 ,($21.15),$8.46 ,($8.46),$10.60 ,($4.47),$0.00 ,$0.00 ,0,0,0,125.98,Completed,ach,Marketplace Delivery,,Jessica Lavoi,,,
JQ7-JXW,Hermann Statdium,3330 Laclede Ave Dead end of Laclede Ave,St. Louis,MO,63103,,Lindell/SLU,CBW- Crazy Bowls and Wraps (Lindell/SLU),08/24/2025 1:00 PM,08/23/2025 11:43 AM,$428.76 ,$0.00 ,$0.00 ,($64.31),$0.00 ,$0.00 ,$64.31 ,($12.82),($214.38),$0.00 ,0,0,0,201.56,Completed,ach,Marketplace Takeout,,N/A,,,
7PC-TVA,Robert R. Hermann Stadium,1 S Compton Ave,St. Louis,MO,63103,,Lindell/SLU,CBW- Crazy Bowls and Wraps (Lindell/SLU),08/24/2025 6:38 PM,08/22/2025 11:57 AM,$490.15 ,$0.00 ,$20.00 ,($76.52),$0.00 ,$0.00 ,$0.00 ,($15.25),$0.00 ,$0.00 ,-49.02,0,0,369.36,Completed,ach,Marketplace Takeout,,Dispatch,,,
K2C-J59,World Wide Technology,108 Gateway Commerce Center Dr N,Edwardsville,IL,62025,,Edwardsville,CBW- Crazy Bowls and Wraps (Edwardsville),08/25/2025 10:27 AM,08/14/2025 8:40 AM,$320.25 ,$0.00 ,$20.00 ,($51.04),$27.54 ,($27.54),$0.00 ,($11.00),$0.00 ,$0.00 ,-32.02,0,0,246.19,Completed,ach,Marketplace Takeout,,Dispatch,,,
6PY-RRY,,1624 Herald Ave,Cincinnati,OH,45207,8,Oakley,Wild Eggs #8 (Oakley),08/26/2025 9:15 AM,08/23/2025 10:32 PM,$311.00 ,$0.00 ,$35.00 ,($51.90),$0.00 ,$0.00 ,$30.00 ,($10.35),$0.00 ,$0.00 ,0,0,0,313.75,Completed,ach,Marketplace Delivery,,Monica Craig,,,
GWK-X89,Washington University in St. Louis,517 S Euclid Ave Washington University - Anesthesiology Fl 3,St. Louis,MO,63110,,Lindell/SLU,CBW- Crazy Bowls and Wraps (Lindell/SLU),08/26/2025 11:12 AM,08/20/2025 2:47 PM,$207.00 ,$0.00 ,$20.00 ,($34.05),$0.00 ,$0.00 ,$0.00 ,($6.79),$0.00 ,$0.00 ,-30,0,0,156.16,Completed,ach,Marketplace Takeout,,Dispatch,,,
5HG-HXY,Louisville Bats,401 E Main St Louisville,Louisville,KY,40202,4,Mercantile,Wild Eggs #4 (Mercantile),08/27/2025 8:00 AM,08/22/2025 4:54 PM,"$1,034.00 ",$0.00 ,$35.00 ,($160.35),$64.14 ,($64.14),$50.00 ,($33.88),$0.00 ,$0.00 ,0,0,0,924.77,Completed,ach,Marketplace Delivery,,Johnny Snawder,,,
XCR-ZKG,PwC,6 Cardinal Way 11th Floor,St. Louis,MO,63102,,Lindell/SLU,CBW- Crazy Bowls and Wraps (Lindell/SLU),08/27/2025 11:20 AM,08/25/2025 4:54 PM,$155.00 ,$0.00 ,$20.00 ,($26.25),$20.43 ,$0.00 ,$0.00 ,($5.84),$0.00 ,$0.00 ,-30,0,0,133.34,Completed,ach,Marketplace Takeout,,Dispatch,,,
X13-4R6,Meeting Spot on Fifth,337 W 5th St,Cincinnati,OH,45202,9,Queen City Wild Eggs,Wild Eggs #9 (Queen City Wild Eggs),08/28/2025 7:45 AM,08/19/2025 3:13 PM,"$1,066.00 ",$0.00 ,$35.00 ,($165.15),$0.00 ,$0.00 ,$25.00 ,($32.92),$0.00 ,$0.00 ,0,0,0,927.93,Completed,ach,Marketplace Delivery,,Shirelle Bloom,,,
13H-MH9,Becker Library  - WashU Medical School,660 S Euclid Ave,St. Louis,MO,63110,,Lindell/SLU,CBW- Crazy Bowls and Wraps (Lindell/SLU),08/28/2025 11:21 AM,08/27/2025 3:21 PM,$246.90 ,$0.00 ,$20.00 ,($40.04),$0.00 ,$0.00 ,$0.00 ,($7.98),$0.00 ,$0.00 ,-30,0,0,188.88,Completed,ach,Marketplace Takeout,,Dispatch,,,
6TU-67V,Champions Center--Chaifeitz Arena,1 S Compton Ave Go through gate to back entrance,St. Louis,MO,63103,,Lindell/SLU,CBW- Crazy Bowls and Wraps (Lindell/SLU),08/28/2025 5:52 PM,08/27/2025 10:27 AM,$249.65 ,$0.00 ,$20.00 ,($40.45),$0.00 ,$0.00 ,$0.00 ,($8.06),$0.00 ,$0.00 ,-30,0,0,191.14,Completed,ach,Marketplace Takeout,,Dispatch,,,
M31-YTZ,Brown Cancer Centee Terra Crossing Blvd,2401 Terra Crossing Blvd suite 206 Suite 206,Louisville,KY,40245,3,Landis,Wild Eggs #3 (Landis),08/29/2025 7:45 AM,08/28/2025 2:46 PM,$744.00 ,$0.00 ,$35.00 ,($116.85),$46.74 ,($46.74),$0.00 ,($24.69),$0.00 ,$0.00 ,0,0,0,637.46,Completed,ach,Marketplace Delivery,,Ally Kennedy,,,
27K-VUY,UofL Field Hockey,317 University Blvd,Louisville,KY,40208,13,New Albany,Wild Eggs #13 (New Albany),08/29/2025 9:00 AM,08/28/2025 9:53 AM,$555.00 ,$0.00 ,$35.00 ,($88.50),$0.00 ,$0.00 ,$55.50 ,($17.64),$0.00 ,$0.00 ,0,0,0,539.36,Completed,ach,Marketplace Delivery,nccv3ezr1,Kayla Elifrits,,,
HHM-7GP,"Washington University School of Medicine, Mid Campus Center (MCC)",4590 Nash Way 11th floor,St. Louis,MO,63110,,Lindell/SLU,CBW- Crazy Bowls and Wraps (Lindell/SLU),08/29/2025 11:06 AM,08/26/2025 11:54 AM,$264.04 ,$0.00 ,$20.00 ,($42.61),$0.00 ,$0.00 ,$0.00 ,($8.49),$0.00 ,$0.00 ,-30,0,0,202.94,Completed,ach,Marketplace Takeout,,Dispatch,,,
QT4-M5Z,Building B suite 40- urology,111 St Luke's Center Dr,Chesterfield,MO,63017,,Creve Coeur,CBW- Crazy Bowls and Wraps (Creve Coeur),08/29/2025 11:08 AM,08/26/2025 11:25 AM,$246.00 ,$0.00 ,$20.00 ,($39.90),$21.50 ,$0.00 ,$0.00 ,($8.60),$0.00 ,$0.00 ,-30,0,0,209,Completed,ach,Marketplace Takeout,,Dispatch,,,
WTR-84P,Traders Point Christian Church,2350 E 62nd St,Indianapolis,IN,46220,6,Pulliam,Wild Eggs #6 (Pulliam),08/31/2025 8:45 AM,08/25/2025 2:54 PM,$251.00 ,$0.00 ,$35.00 ,($42.90),$0.00 ,$0.00 ,$25.10 ,($8.55),$0.00 ,$0.00 ,0,0,0,259.65,Completed,ach,Marketplace Delivery,,Skylar Greene,,,
15R-F29,UofL Field Hockey,317 University Blvd,Louisville,KY,40208,13,New Albany,Wild Eggs #13 (New Albany),08/31/2025 9:45 AM,08/30/2025 1:17 PM,$516.00 ,$0.00 ,$35.00 ,($82.65),$0.00 ,$0.00 ,$51.60 ,($16.47),$0.00 ,$0.00 ,0,0,0,503.48,Completed,ach,Marketplace Delivery,nccv3ezr2,Kayla Elifrits,,,
Q03-QF1,"Takeout from Cincinnati, OH",1624 Herald Ave,Cincinnati,OH,45207,8,Oakley,Wild Eggs #8 (Oakley),09/02/2025 9:00 AM,09/01/2025 9:52 AM,$298.00 ,$0.00 ,$0.00 ,($44.70),$0.00 ,$0.00 ,$30.00 ,($8.91),$0.00 ,$0.00 ,0,0,0,274.39,Completed,ach,Marketplace Takeout,,N/A,,,
MRA-AAM,Aspire Software,390 S Woods Mill Rd ste 300 - 3rd floor,Chesterfield,MO,63017,,West Oak,CBW- Crazy Bowls and Wraps (West Oak),09/02/2025 10:45 AM,08/19/2025 3:29 PM,$115.34 ,$0.00 ,$25.00 ,($17.30),$11.81 ,$0.00 ,$23.07 ,($4.55),$0.00 ,$0.00 ,0,0,0,153.37,Completed,ach,Meal Program,,,,,
JYM-U8J,"Benefit Finance Partners, LLC",6 Cityplace Dr 4th floor suite 400,Creve Coeur,MO,63141,,West Oak,CBW- Crazy Bowls and Wraps (West Oak),09/02/2025 11:10 AM,08/27/2025 10:30 AM,$459.20 ,$0.00 ,$20.00 ,($71.88),$47.01 ,$0.00 ,$0.00 ,($15.73),$0.00 ,$0.00 ,-45.92,0,0,392.68,Completed,ach,Marketplace Takeout,,Dispatch,,,
QC0-4KP,Sound Health Services,1010 Old Des Peres Rd,Des Peres,MO,63131,,Manchester,CBW- Crazy Bowls and Wraps (Manchester),09/02/2025 4:53 PM,08/27/2025 12:55 PM,$150.65 ,$0.00 ,$20.00 ,($25.60),$13.16 ,$0.00 ,$0.00 ,($5.50),$0.00 ,$0.00 ,-30,0,0,122.71,Completed,ach,Marketplace Takeout,,Dispatch,,,
JK9-R56,Franciscan Health Indianapolis,8111 S Emerson Ave Suite 101,Indianapolis,IN,46237,16,Greenwood,Wild Eggs #16 (Greenwood),09/03/2025 7:30 AM,09/02/2025 2:58 AM,$731.00 ,$0.00 ,$35.00 ,($114.90),$61.28 ,($53.62),$30.00 ,($24.74),$0.00 ,$0.00 ,0,0,0,664.02,Completed,ach,Marketplace Delivery,,Yazmin Lopez,,,
V03-TAQ,Louisville Slugger S,401 E Main St,Louisville,KY,40202,4,Mercantile,Wild Eggs #4 (Mercantile),09/03/2025 7:30 AM,09/02/2025 10:54 AM,$745.00 ,$0.00 ,$35.00 ,($117.00),$46.80 ,($46.80),$0.00 ,($24.72),$0.00 ,$0.00 ,0,0,0,638.28,Completed,ach,Marketplace Delivery,,Bayley Brown,,,
CA2-GXE,Deloitte,1 E Ohio St 42,Indianapolis,IN,46204,6,Pulliam,Wild Eggs #6 (Pulliam),09/03/2025 7:45 AM,09/02/2025 10:32 AM,$556.00 ,$0.00 ,$35.00 ,($88.65),$53.19 ,($41.37),$45.00 ,($19.26),$0.00 ,$0.00 ,0,0,0,539.91,Completed,ach,Marketplace Delivery,,Skylar Greene,,,
U60-WMP,29th Street Property Management,325 W Main St Floor 10,Louisville,KY,40202,4,Mercantile,Wild Eggs #4 (Mercantile),09/03/2025 10:15 AM,08/27/2025 10:10 AM,$366.00 ,$0.00 ,$35.00 ,($60.15),$24.06 ,($24.06),$0.00 ,($12.71),$0.00 ,$0.00 ,0,0,0,328.14,Completed,ach,Marketplace Delivery,,Bayley Brown,,,
JJH-M2A,ArchBridge Family Office,7700 Forsyth Blvd Suite 1100,St. Louis,MO,63105,,Rock Hill/Glendale,CBW- Crazy Bowls and Wraps (Rock Hill/Glendale),09/03/2025 10:14 AM,08/26/2025 2:57 PM,$564.40 ,$0.00 ,$20.00 ,($87.66),$52.14 ,$0.00 ,$0.00 ,($19.03),$0.00 ,$0.00 ,-56.44,0,0,473.41,Completed,ach,Marketplace Takeout,,Dispatch,,,
V2U-200,Ernst & Young,7676 Forsyth Blvd 2600,Clayton,MO,63105,,Rock Hill/Glendale,CBW- Crazy Bowls and Wraps (Rock Hill/Glendale),09/03/2025 10:46 AM,08/28/2025 1:51 PM,$405.50 ,$0.00 ,$20.00 ,($63.83),$37.46 ,$0.00 ,$0.00 ,($13.84),$0.00 ,$0.00 ,-40.55,0,0,344.74,Completed,ach,Marketplace Takeout,,Dispatch,,,
WCR-CAV,Whitebridge Pet Brands,11330 Olive Blvd Suite 300,Creve Coeur,MO,63141,,West Oak,CBW- Crazy Bowls and Wraps (West Oak),09/03/2025 11:23 AM,09/01/2025 9:33 AM,$875.65 ,$0.00 ,$20.00 ,($134.35),$89.65 ,$0.00 ,$0.00 ,($29.46),$0.00 ,$0.00 ,-87.56,0,0,733.93,Completed,ach,Marketplace Takeout,,Dispatch,,,
XJ5-GHJ,Brown Cancer Center,2401 Terra Crossing Blvd,Louisville,KY,40245,3,Landis,Wild Eggs #3 (Landis),09/04/2025 7:30 AM,08/27/2025 10:08 AM,"$1,061.00 ",$0.00 ,$35.00 ,($164.40),$65.76 ,($65.76),$106.10 ,($34.74),$0.00 ,$0.00 ,0,0,0,1002.96,Completed,ach,Marketplace Delivery,,Ally Kennedy,,,
P15-XUR,Med Center Psychiatry,350 Park St 2nd Floor,Bowling Green,KY,42101,14,Bowling Green,Wild Eggs #14 (Bowling Green),09/04/2025 8:30 AM,09/03/2025 11:04 AM,$173.00 ,$0.00 ,$35.00 ,($31.20),$12.48 ,($12.48),$17.30 ,($6.59),$0.00 ,$0.00 ,0,0,0,187.51,Completed,ach,Marketplace Delivery,,Jamie Thomas,,,
PAX-VY2,"Takeout from Shiloh, IL",,Shiloh,IL,,,Shiloh,CBW- Crazy Bowls and Wraps (Shiloh),09/04/2025 10:30 AM,09/03/2025 5:37 PM,$131.10 ,$0.00 ,$0.00 ,($19.67),$10.95 ,($10.95),$0.00 ,($4.25),$0.00 ,$0.00 ,0,0,0,107.18,Completed,ach,Marketplace Takeout,,N/A,,,
PUH-2WC,AFB International,3 Research Park Dr,Weldon Spring,MO,63304,,O'Fallon,CBW- Crazy Bowls and Wraps (O'Fallon),09/04/2025 10:43 AM,08/21/2025 2:36 PM,$464.50 ,$0.00 ,$20.00 ,($72.68),$41.57 ,$0.00 ,$0.00 ,($15.73),$0.00 ,$0.00 ,-46.45,0,0,391.21,Completed,ach,Marketplace Takeout,,Dispatch,,,
HGY-4Q8,Plancorp Wealth Management,540 Maryville Centre Dr Suite 105,St. Louis,MO,63141,,Creve Coeur,CBW- Crazy Bowls and Wraps (Creve Coeur),09/04/2025 11:00 AM,08/21/2025 10:43 AM,$825.00 ,$0.00 ,$20.00 ,($126.75),$72.09 ,$0.00 ,$0.00 ,($27.42),$0.00 ,$0.00 ,-82.5,0,0,680.42,Completed,ach,Marketplace Takeout,,Dispatch,,,
U22-Q8R,Westside Pediatrics,100 Brevco Plaza 101,Lake Saint Louis,MO,63367,,Wentzville,CBW- Crazy Bowls and Wraps (Wentzville),09/04/2025 11:19 AM,09/03/2025 12:19 PM,$191.10 ,$0.00 ,$20.00 ,($31.67),$19.97 ,$0.00 ,$0.00 ,($6.91),$0.00 ,$0.00 ,-30,0,0,162.49,Completed,ach,Marketplace Takeout,,Dispatch,,,
3YA-5XY,Dr. Sills Powell Podiatry,1776 Crosswinds Dr,Wentzville,MO,63385,,Wentzville,CBW- Crazy Bowls and Wraps (Wentzville),09/04/2025 11:21 AM,09/03/2025 8:36 AM,$79.20 ,$0.00 ,$20.00 ,($14.88),$8.28 ,$0.00 ,$0.00 ,($3.21),$0.00 ,$0.00 ,-30,0,0,59.39,Completed,ach,Marketplace Takeout,,Dispatch,,,
0RG-G1Q,Racing Louisville FC,801 Edith Rd,Louisville,KY,40206,4,Mercantile,Wild Eggs #4 (Mercantile),09/07/2025 7:45 AM,09/04/2025 1:56 PM,$234.00 ,$0.00 ,$35.00 ,($40.35),$16.14 ,($16.14),$23.40 ,($8.53),$0.00 ,$0.00 ,0,0,0,243.52,Completed,ach,Marketplace Delivery,,KJ Benkowski,,,
6KQ-X71,Southeast Christian Church Prospect Campus,12650 US HWY 42,Prospect,KY,40059,2,Westport,Wild Eggs #2 (Westport),09/07/2025 8:00 AM,09/03/2025 2:22 PM,$135.00 ,$0.00 ,$35.00 ,($25.50),$0.00 ,$0.00 ,$13.50 ,($5.08),$0.00 ,$0.00 ,0,0,0,152.92,Completed,ach,Marketplace Delivery,,Kortney Cole,,,
GHW-TMP,Veterinary Specialist Partners,11600 Main St,Louisville,KY,40243,3,Landis,Wild Eggs #3 (Landis),09/07/2025 9:00 AM,08/26/2025 10:20 AM,$150.00 ,$0.00 ,$35.00 ,($27.75),$11.10 ,($11.10),$15.00 ,($5.86),$0.00 ,$0.00 ,0,0,0,166.39,Completed,ach,Marketplace Delivery,,Ally Kennedy,,,
MAW-EV6,HUB Huran,8044 Montgomery Rd 640,Cincinnati,OH,45236,8,Oakley,Wild Eggs #8 (Oakley),09/08/2025 8:00 AM,09/03/2025 7:48 AM,$823.00 ,$0.00 ,$35.00 ,($128.70),$5.62 ,($5.62),$123.45 ,($25.82),$0.00 ,$0.00 ,0,0,0,826.93,Completed,ach,Marketplace Delivery,25off,Monica Craig,,,
W8P-FM7,Distinctive Dermatology,390 Office Ct,Fairview Heights,IL,62208,,Shiloh,CBW- Crazy Bowls and Wraps (Shiloh),09/08/2025 10:32 AM,09/04/2025 12:27 PM,$469.95 ,$0.00 ,$20.00 ,($73.49),$39.24 ,($39.24),$0.00 ,($15.82),$0.00 ,$0.00 ,-47,0,0,353.64,Completed,ach,Marketplace Takeout,,Dispatch,,,
ZXV-U13,Walker Mechanical,4500 Robards Lane,Louisville,KY,40218,1,Dupont,Wild Eggs #1 (Dupont),09/09/2025 7:45 AM,08/12/2025 12:38 PM,$326.00 ,$0.00 ,$35.00 ,($54.15),$21.66 ,($21.66),$35.00 ,($11.44),$0.00 ,$0.00 ,0,0,0,330.41,Completed,ach,Marketplace Delivery,,Carmen E,,,
QX6-3GX,Louisville Water Company,550 S 3rd St,Louisville,KY,40202,13,New Albany,Wild Eggs #13 (New Albany),09/09/2025 8:15 AM,08/05/2025 6:47 PM,"$1,075.00 ",$0.00 ,$35.00 ,($166.50),$77.70 ,($77.70),$161.25 ,($35.51),$0.00 ,$0.00 ,0,0,0,1069.24,Completed,ach,Marketplace Delivery,,Mercedes Rosado,,,
KGV-0E5,CapyBio,4340 Duncan Ave 290,St. Louis,MO,63110,,Lindell/SLU,CBW- Crazy Bowls and Wraps (Lindell/SLU),09/09/2025 10:24 AM,09/08/2025 9:05 AM,$164.82 ,$0.00 ,$20.00 ,($27.72),$21.72 ,$0.00 ,$0.00 ,($6.18),$0.00 ,$0.00 ,-30,0,0,142.64,Completed,ach,Marketplace Takeout,,Dispatch,,,
58G-ZKR,Derm Care,12200 Weber Hill Rd 200,St. Louis,MO,63127,,Tesson,CBW- Crazy Bowls and Wraps (Tesson),09/09/2025 11:20 AM,09/08/2025 11:06 AM,$457.50 ,$0.00 ,$20.00 ,($71.63),$35.40 ,$0.00 ,$0.00 ,($15.34),($45.00),$0.00 ,-45.75,0,0,335.18,Completed,ach,Marketplace Takeout,,Dispatch,,,
V1F-H08,Vericast / Harland Clarke,1910 Campus Pl,Louisville,KY,40299,12,Jtown,Wild Eggs #12 (Jtown),09/10/2025 8:00 AM,08/28/2025 3:39 PM,$253.00 ,$0.00 ,$35.00 ,($43.20),$17.28 ,($17.28),$50.60 ,($9.13),$0.00 ,$0.00 ,0,0,0,286.27,Completed,ach,Marketplace Delivery,,Sheena Carnell,,,
YRJ-M9H,Clark Schaefer,10856 Reed Hartman Hwy Suite 225,Cincinnati,OH,45242,8,Oakley,Wild Eggs #8 (Oakley),09/10/2025 8:00 AM,09/04/2025 9:25 AM,$662.00 ,$0.00 ,$35.00 ,($104.55),$2.81 ,($2.81),$115.00 ,($20.92),$0.00 ,$0.00 ,0,0,0,686.53,Completed,ach,Marketplace Delivery,,Kenzie Kolb,,,
P9P-9QZ,Christina White Salon,1520 S 5th st. 105,Saint Charles,MO,63303,,Creve Coeur,CBW- Crazy Bowls and Wraps (Creve Coeur),09/10/2025 7:20 AM,09/04/2025 4:20 PM,$142.50 ,$0.00 ,$20.00 ,($24.38),$12.45 ,$0.00 ,$0.00 ,($5.23),$0.00 ,$0.00 ,-30,0,0,115.34,Completed,ach,Marketplace Takeout,,Dispatch,,,
ZHF-2MT,E.W. Scripps,312 Walnut St,Cincinnati,OH,45202,9,Queen City Wild Eggs,Wild Eggs #9 (Queen City Wild Eggs),09/10/2025 8:30 AM,09/08/2025 11:57 AM,$294.00 ,$0.00 ,$35.00 ,($49.35),$2.81 ,($2.81),$44.10 ,($9.92),$0.00 ,$0.00 ,0,0,0,313.83,Completed,ach,Marketplace Delivery,,Shirelle Bloom,,,
HVK-H2U,Nestle Purina Pet Care,800 Chouteau Ave,St. Louis,MO,63102,,Lindell/SLU,CBW- Crazy Bowls and Wraps (Lindell/SLU),09/10/2025 10:37 AM,09/05/2025 11:25 AM,$117.90 ,$0.00 ,$20.00 ,($20.69),$15.54 ,$0.00 ,$0.00 ,($4.59),$0.00 ,$0.00 ,-30,0,0,98.16,Completed,ach,Marketplace Takeout,,Dispatch,,,
8U5-ZYR,Gateway Region YMCA,2815 Scott Ave D,St. Louis,MO,63103,,Lindell/SLU,CBW- Crazy Bowls and Wraps (Lindell/SLU),09/10/2025 10:53 AM,09/08/2025 8:39 AM,$126.45 ,$0.00 ,$20.00 ,($21.97),$0.00 ,$0.00 ,$0.00 ,($4.38),$0.00 ,$0.00 ,-30,0,0,90.1,Completed,ach,Marketplace Takeout,,Dispatch,,,
AJ7-YFJ,WashU Medicine-Anesthesiology,517 S Euclid Ave Anesthesiology Suite/3rd FL,St. Louis,MO,63110,,Lindell/SLU,CBW- Crazy Bowls and Wraps (Lindell/SLU),09/10/2025 11:20 AM,09/03/2025 11:36 AM,$463.95 ,$0.00 ,$20.00 ,($72.59),$0.00 ,$0.00 ,$0.00 ,($14.47),($23.19),$0.00 ,-46.4,0,0,327.3,Completed,ach,Marketplace Takeout,,Dispatch,,,
XMP-UKY,Regional Eyecare,2681 State Hwy K,O'Fallon,MO,63368,,O'Fallon,CBW- Crazy Bowls and Wraps (O'Fallon),09/10/2025 12:00 PM,09/09/2025 11:42 AM,$206.70 ,$0.00 ,$0.00 ,($14.47),$18.50 ,$0.00 ,$20.67 ,($6.73),$0.00 ,$0.00 ,0,0,0,224.67,Completed,ach,Marketplace Takeout,,N/A,,,
C91-CU7,Eureka Ranch/Brain Brew Distillery,3849 Edwards Rd,Newtown,OH,45244,8,Oakley,Wild Eggs #8 (Oakley),09/11/2025 7:00 AM,09/02/2025 8:29 AM,$640.00 ,$0.00 ,$35.00 ,($101.25),$0.00 ,$0.00 ,$128.00 ,($20.18),$0.00 ,$0.00 ,0,0,0,681.57,Completed,ach,Marketplace Delivery,,Emma Burstein,,,
Y26-YZ9,Procter & Gamble,100 June St,Saint Bernard,OH,45217,8,Oakley,Wild Eggs #8 (Oakley),09/11/2025 7:15 AM,08/29/2025 9:12 AM,$224.00 ,$0.00 ,$35.00 ,($38.85),$0.00 ,$0.00 ,$22.40 ,($7.74),$0.00 ,$0.00 ,0,0,0,234.81,Completed,ach,Marketplace Delivery,,Monica Craig,,,
GAG-C32,Graves Gilbert Oncology,201 Park St 3rd floor,Bowling Green,KY,42101,14,Bowling Green,Wild Eggs #14 (Bowling Green),09/11/2025 8:00 AM,09/08/2025 8:03 PM,$471.00 ,$0.00 ,$35.00 ,($75.90),$30.36 ,($30.36),$35.00 ,($16.04),$0.00 ,$0.00 ,0,0,0,449.06,Completed,ach,Marketplace Delivery,,Jamie Thomas,,,
PFX-TJ1,Core & Main,1830 Craig Park Ct,St. Louis,MO,63146,,West Oak,CBW- Crazy Bowls and Wraps (West Oak),09/11/2025 10:47 AM,09/09/2025 4:57 PM,"$1,076.50 ",$0.00 ,$20.00 ,($164.48),$96.76 ,$0.00 ,$0.00 ,($35.68),$0.00 ,$0.00 ,-107.65,0,0,885.45,Completed,ach,Marketplace Takeout,,Dispatch,,,
9UW-VG1,Cardinal Glennon Children's Hospital,1465 South Grand Blvd Main entrance,St. Louis,MO,63104,,Lindell/SLU,CBW- Crazy Bowls and Wraps (Lindell/SLU),09/11/2025 11:20 AM,09/04/2025 2:49 PM,$376.20 ,$0.00 ,$20.00 ,($59.43),$0.00 ,$0.00 ,$0.00 ,($11.85),$0.00 ,$0.00 ,-37.62,0,0,287.3,Completed,ach,Marketplace Takeout,,Dispatch,,,
EPF-FTX,University of Louisville School of Dentistry,501 S Preston St Room 312,Louisville,KY,40202,4,Mercantile,Wild Eggs #4 (Mercantile),09/12/2025 7:00 AM,09/11/2025 1:10 AM,$669.00 ,$0.00 ,$35.00 ,($105.60),$0.00 ,$0.00 ,$66.90 ,($21.05),$0.00 ,$0.00 ,0,0,0,644.25,Completed,ach,Marketplace Delivery,,Johnny Snawder,,,
JWU-V8A,"Lindner College of Business, UC",2906 Woodside Dr,Cincinnati,OH,45221,9,Queen City Wild Eggs,Wild Eggs #9 (Queen City Wild Eggs),09/12/2025 7:45 AM,09/02/2025 1:47 PM,$820.00 ,$0.00 ,$35.00 ,($128.25),$0.00 ,$0.00 ,$123.00 ,($25.56),$0.00 ,$0.00 ,0,0,0,824.19,Completed,ach,Marketplace Delivery,,Shirelle Bloom,,,
X3H-UQ8,1st Urology,1919 State St Ste 205,New Albany,IN,47150,13,New Albany,Wild Eggs #13 (New Albany),09/12/2025 7:45 AM,09/11/2025 5:37 AM,$207.00 ,$0.00 ,$35.00 ,($36.30),$16.94 ,($16.94),$20.70 ,($7.74),$0.00 ,$0.00 ,0,0,0,218.66,Completed,ach,Marketplace Delivery,,Kayla Elifrits,,,
4VJ-V3T,Urology of st louis-Maryville,6812 IL-162 200,Maryville,IL,62062,,Edwardsville,CBW- Crazy Bowls and Wraps (Edwardsville),09/12/2025 11:17 AM,09/10/2025 6:25 PM,$307.50 ,$0.00 ,$20.00 ,($49.13),$23.37 ,($23.37),$0.00 ,($10.49),$0.00 ,$0.00 ,-30.75,0,0,237.13,Completed,ach,Marketplace Takeout,,Dispatch,,,
M6Z-U2Q,Weber Chevrolet,12015 Olive Blvd,Creve Coeur,MO,63141,,West Oak,CBW- Crazy Bowls and Wraps (West Oak),09/13/2025 10:39 AM,09/12/2025 12:32 PM,$327.50 ,$0.00 ,$20.00 ,($52.13),$29.44 ,$0.00 ,$0.00 ,($11.27),$0.00 ,$0.00 ,-32.75,0,0,280.79,Completed,ach,Marketplace Takeout,,Dispatch,,,
E24-A78,Southeast Christian Church,6201 Crestwood Station,Crestwood,KY,40014,3,Landis,Wild Eggs #3 (Landis),09/14/2025 8:45 AM,08/28/2025 1:13 PM,$167.00 ,$0.00 ,$35.00 ,($30.30),$0.00 ,$0.00 ,$16.70 ,($6.04),$0.00 ,$0.00 ,0,0,0,182.36,Completed,ach,Marketplace Delivery,,Ally Kennedy,,,
4FM-E0A,Traders Point Christian Church,2350 E 62nd St,Indianapolis,IN,46220,6,Pulliam,Wild Eggs #6 (Pulliam),09/14/2025 8:45 AM,09/03/2025 1:27 PM,$251.00 ,$0.00 ,$35.00 ,($42.90),$0.00 ,$0.00 ,$25.10 ,($8.55),$0.00 ,$0.00 ,0,0,0,259.65,Completed,ach,Marketplace Delivery,nccv3doll2,Skylar Greene,,,
MGX-X58,UofL Field Hockey,317 University Blvd,Louisville,KY,40208,13,New Albany,Wild Eggs #13 (New Albany),09/14/2025 10:00 AM,09/11/2025 4:57 PM,$599.00 ,$0.00 ,$35.00 ,($95.10),$0.00 ,$0.00 ,$59.90 ,($18.96),$0.00 ,$0.00 ,0,0,0,579.84,Completed,ach,Marketplace Delivery,,Kayla Elifrits,,,
MQQ-XH6,Redeemer Presbyterian Church Indianapolis,1505 N Delaware St,Indianapolis,IN,46202,6,Pulliam,Wild Eggs #6 (Pulliam),09/14/2025 12:00 PM,09/10/2025 11:16 AM,$184.00 ,$0.00 ,$35.00 ,($32.85),$19.71 ,($15.33),$36.80 ,($7.14),$0.00 ,$0.00 ,0,0,0,220.19,Completed,ach,Marketplace Delivery,5gzjklfzrj,Skylar Greene,,,
ZTJ-Z57,Franciscan Education Center,421 N. Emerson Ave.,Greenwood,IN,46143,6,Pulliam,Wild Eggs #6 (Pulliam),09/15/2025 7:00 AM,09/10/2025 3:57 PM,$268.00 ,$0.00 ,$35.00 ,($45.45),$27.27 ,($21.21),$53.60 ,($9.88),$0.00 ,$0.00 ,0,0,0,307.33,Completed,ach,Marketplace Delivery,,Skylar Greene,,,
CWX-8PT,Monfort Heights Family Practice,3301 Mercy Health Blvd 340,Cincinnati,OH,45211,9,Queen City Wild Eggs,Wild Eggs #9 (Queen City Wild Eggs),09/15/2025 8:30 AM,09/12/2025 3:14 PM,$334.00 ,$0.00 ,$35.00 ,($55.35),$0.00 ,$0.00 ,$15.00 ,($11.03),$0.00 ,$0.00 ,0,0,0,317.62,Completed,ach,Marketplace Delivery,,Shirelle Bloom,,,
CJ7-RGH,Mercy Clinic Primary Care - Des Peres - Dr. Hilgeman,1000 Des Peres Rd Suite 310,Des Peres,MO,63131,,Manchester,CBW- Crazy Bowls and Wraps (Manchester),09/15/2025 11:06 AM,09/12/2025 8:52 AM,$341.00 ,$0.00 ,$20.00 ,($54.15),$29.80 ,$0.00 ,$0.00 ,($11.68),$0.00 ,$0.00 ,-34.1,0,0,290.87,Completed,ach,Marketplace Takeout,,Dispatch,,,
HK9-TZP,,,Creve Coeur,MO,,,West Oak,CBW- Crazy Bowls and Wraps (West Oak),09/15/2025 11:30 AM,09/14/2025 4:35 PM,$253.50 ,$0.00 ,$0.00 ,($38.03),$22.78 ,$0.00 ,$0.00 ,($8.26),$0.00 ,$0.00 ,0,0,0,229.99,Completed,ach,Marketplace Takeout,,N/A,,,
M43-ZYE,Ashley Homstore/DSG,3700 Green Mt Crossing Dr,Shiloh,IL,62269,,Shiloh,CBW- Crazy Bowls and Wraps (Shiloh),09/15/2025 11:42 AM,09/12/2025 1:14 PM,$212.59 ,$0.00 ,$20.00 ,($34.89),$17.75 ,($17.75),$0.00 ,($7.49),$0.00 ,$0.00 ,-30,0,0,160.21,Completed,ach,Marketplace Takeout,,Dispatch,,,
T2J-ZVA,Renewal by Andersen,801 Congressional Blvd 500,Carmel,IN,46032,5,Carmel,Wild Eggs #5 (Carmel),09/16/2025 8:00 AM,09/08/2025 5:19 PM,$372.00 ,$0.00 ,$35.00 ,($61.05),$36.63 ,($28.49),$25.00 ,($13.26),$0.00 ,$0.00 ,0,0,0,365.83,Completed,ach,Marketplace Delivery,,Lesley Rodela,,,
Z68-R86,Dr Olash,3900 Kresge Way 50,Louisville,KY,40207,1,Dupont,Wild Eggs #1 (Dupont),09/16/2025 8:00 AM,09/15/2025 12:52 PM,$125.00 ,$0.00 ,$35.00 ,($24.00),$9.60 ,($9.60),$10.00 ,($5.07),$0.00 ,$0.00 ,0,0,0,140.93,Completed,ach,Marketplace Delivery,,Carmen E,,,
M16-E0Y,,,St. Peters,MO,,,O'Fallon,CBW- Crazy Bowls and Wraps (O'Fallon),09/16/2025 11:00 AM,09/15/2025 5:31 PM,$56.04 ,$0.00 ,$0.00 ,($8.41),$5.02 ,$0.00 ,$5.60 ,($1.83),$0.00 ,$0.00 ,0,0,0,56.42,Completed,ach,Marketplace Takeout,,N/A,,,
2EP-CR7,St Louis Music,1400 Ferguson Ave,St. Louis,MO,63133,,Lindell/SLU,CBW- Crazy Bowls and Wraps (Lindell/SLU),09/16/2025 11:14 AM,09/12/2025 3:26 PM,$312.76 ,$0.00 ,$20.00 ,($49.91),$41.22 ,$0.00 ,$0.00 ,($11.18),$0.00 ,$0.00 ,-31.28,0,0,281.61,Completed,ach,Marketplace Takeout,,Dispatch,,,
E4E-V7F,Louisville Gas & Electric,6900 Enterprise Dr,Louisville,KY,40214,4,Mercantile,Wild Eggs #4 (Mercantile),09/17/2025 7:45 AM,09/11/2025 10:28 AM,$309.00 ,$0.00 ,$35.00 ,($51.60),$20.64 ,($20.64),$46.35 ,($10.90),$0.00 ,$0.00 ,0,0,0,327.85,Completed,ach,Marketplace Delivery,,Johnny Snawder,,,
EH2-P2W,Riverhills Neurology,320 Thomas More Parkway Building 7,Crestview Hills,KY,41017,9,Queen City Wild Eggs,Wild Eggs #9 (Queen City Wild Eggs),09/17/2025 7:45 AM,09/16/2025 10:32 AM,$274.00 ,$0.00 ,$35.00 ,($46.35),$0.00 ,$0.00 ,$27.40 ,($9.24),$0.00 ,$0.00 ,0,0,0,280.81,Completed,ach,Marketplace Delivery,,Arissa Robinson,,,
9VG-VPE,"Takeout from Cincinnati, OH",1624 Herald Ave,Cincinnati,OH,45207,8,Oakley,Wild Eggs #8 (Oakley),09/17/2025 7:45 AM,09/16/2025 11:17 AM,$337.00 ,$0.00 ,$0.00 ,($50.55),$0.00 ,$0.00 ,$30.00 ,($10.08),$0.00 ,$0.00 ,0,0,0,306.37,Completed,ach,Marketplace Takeout,,N/A,,,
P88-ZAQ,Marathon Health,10 W Market St Suite 2900,Indianapolis,IN,46204,6,Pulliam,Wild Eggs #6 (Pulliam),09/17/2025 8:00 AM,09/11/2025 4:36 PM,$716.00 ,$0.00 ,$35.00 ,($112.65),$67.59 ,($52.57),$107.40 ,($24.48),$0.00 ,$0.00 ,0,0,0,736.29,Completed,ach,Marketplace Delivery,,Skylar Greene,,,
EKG-X98,Gulfstream,"6400 Curtiss-Steinberg Dr Hangar A, 2nd floor - Matt Trull",Sauget,IL,62206,,Lindell/SLU,CBW- Crazy Bowls and Wraps (Lindell/SLU),09/17/2025 10:31 AM,09/15/2025 11:23 AM,$166.18 ,$0.00 ,$20.00 ,($27.93),$21.90 ,$0.00 ,$0.00 ,($6.22),$0.00 ,$0.00 ,-30,0,0,143.93,Completed,ach,Marketplace Takeout,,Dispatch,,,
6YQ-0KE,Tarlton Corportation,5500 W Park Ave,St. Louis,MO,63110,18,South City,CBW- Crazy Bowls and Wraps #18 (South City),09/17/2025 11:01 AM,09/16/2025 8:17 AM,"$1,049.75 ",$0.00 ,$20.00 ,($160.46),$138.35 ,$0.00 ,$0.00 ,($36.12),$0.00 ,$0.00 ,-104.98,0,0,906.54,Completed,ach,Marketplace Takeout,,Dispatch,,,
CYF-K6K,St Louis Music,1400 Ferguson Ave,St. Louis,MO,63133,,Lindell/SLU,CBW- Crazy Bowls and Wraps (Lindell/SLU),09/17/2025 11:13 AM,09/12/2025 3:31 PM,$309.87 ,$0.00 ,$20.00 ,($49.48),$40.84 ,$0.00 ,$0.00 ,($11.08),$0.00 ,$0.00 ,-30.99,0,0,279.16,Completed,ach,Marketplace Takeout,,Dispatch,,,
M8V-77J,16-Bit Bar + Arcade,110 E New York St,Indianapolis,IN,46204,6,Pulliam,Wild Eggs #6 (Pulliam),09/17/2025 12:30 PM,09/15/2025 1:50 PM,$162.00 ,$0.00 ,$35.00 ,($29.55),$17.73 ,($13.79),$32.40 ,($6.42),$0.00 ,$0.00 ,0,0,0,197.37,Completed,ach,Marketplace Delivery,,Skylar Greene,,,
5P3-355,MegaCorp Logistics,200 W 3rd St Lobby,Newport,KY,41071,9,Queen City Wild Eggs,Wild Eggs #9 (Queen City Wild Eggs),09/18/2025 7:30 AM,09/08/2025 12:13 PM,$238.00 ,$0.00 ,$35.00 ,($40.95),$2.81 ,($2.81),$35.70 ,($8.25),$0.00 ,$0.00 ,0,0,0,259.5,Completed,ach,Marketplace Delivery,,Shirelle Bloom,,,
QTQ-E1V,Sol Center,708 East Michigan St,Indianapolis,IN,46202,6,Pulliam,Wild Eggs #6 (Pulliam),09/18/2025 8:00 AM,09/16/2025 10:44 AM,$240.00 ,$0.00 ,$35.00 ,($19.25),$24.75 ,($19.25),$36.00 ,($8.96),$0.00 ,$0.00 ,0,0,0,288.29,Completed,ach,ezOrdering Delivery,,Skylar Greene,,,
2XP-6VA,HOI breast center,8550 Naab Rd suite 205,Indianapolis,IN,46260,5,Carmel,Wild Eggs #5 (Carmel),09/18/2025 8:15 AM,09/17/2025 1:30 PM,$185.00 ,$0.00 ,$35.00 ,($33.00),$19.80 ,($15.40),$18.50 ,($7.17),$0.00 ,$0.00 ,0,0,0,202.73,Completed,ach,Marketplace Delivery,,Missy Toney,,,
1J7-VZZ,Interact for Health,8230 Montgomery Rd suite 300 suite 300,Cincinnati,OH,45236,8,Oakley,Wild Eggs #8 (Oakley),09/18/2025 8:30 AM,09/15/2025 10:30 AM,$300.00 ,$0.00 ,$35.00 ,($50.25),$0.00 ,$0.00 ,$10.00 ,($10.02),($25.00),$0.00 ,0,0,0,259.73,Completed,ach,Marketplace Delivery,,Emma Burstein,,,
VGJ-71Q,Core & Main,1830 Craig Park Ct,St. Louis,MO,63146,,West Oak,CBW- Crazy Bowls and Wraps (West Oak),09/18/2025 10:38 AM,09/16/2025 8:56 AM,$335.00 ,$0.00 ,$20.00 ,($53.25),$30.11 ,$0.00 ,$0.00 ,($11.51),$0.00 ,$0.00 ,-33.5,0,0,286.85,Completed,ach,Marketplace Takeout,,Dispatch,,,
EKU-W1H,Aspire Software,390 S Woods Mill Rd ste 300 - 3rd floor,Chesterfield,MO,63017,,West Oak,CBW- Crazy Bowls and Wraps (West Oak),09/18/2025 10:45 AM,09/02/2025 2:49 PM,$57.05 ,$0.00 ,$25.00 ,($12.69),$5.13 ,$0.00 ,$16.92 ,($3.43),$0.00 ,$0.00 ,27.53,0,0,115.51,Completed,ach,Meal Program,,,,,
8HC-1H7,"Takeout from Wentzville, MO",,Wentzville,MO,,,Wentzville,CBW- Crazy Bowls and Wraps (Wentzville),09/18/2025 10:45 AM,09/16/2025 7:36 PM,$335.90 ,$0.00 ,$0.00 ,($50.39),$35.10 ,$0.00 ,$0.00 ,($11.09),$0.00 ,$0.00 ,0,0,0,309.52,Completed,ach,Marketplace Takeout,,N/A,,,
U8G-6AQ,St. Lous Gastroenterology Associates,3555 Sunset Office Dr Suite 107,St. Louis,MO,63127,,Sunset Hills,CBW- Crazy Bowls and Wraps (Sunset Hills),09/18/2025 11:07 AM,09/16/2025 11:50 AM,$560.87 ,$0.00 ,$20.00 ,($87.13),$43.40 ,$0.00 ,$0.00 ,($18.67),$0.00 ,$0.00 ,-56.09,0,0,462.38,Completed,ach,Marketplace Takeout,,Dispatch,,,
98P-XM8,World Chess Hall of Fame & Galleries,4652 Maryland Ave,St. Louis,MO,63108,,Lindell/SLU,CBW- Crazy Bowls and Wraps (Lindell/SLU),09/18/2025 11:08 AM,09/12/2025 2:58 PM,$248.00 ,$0.00 ,$20.00 ,($40.20),$0.00 ,$0.00 ,$0.00 ,($8.01),$0.00 ,$0.00 ,-30,0,0,189.79,Completed,ach,Marketplace Takeout,,Dispatch,,,
JMG-GA5,Carrier,7310 W Morris St Technical Training Center,Indianapolis,IN,46231,15,Avon,Wild Eggs #15 (Avon),09/19/2025 7:15 AM,09/12/2025 4:03 PM,$301.00 ,$0.00 ,$35.00 ,($50.40),$30.24 ,($23.52),$30.10 ,($10.95),$0.00 ,$0.00 ,0,0,0,311.47,Completed,ach,Marketplace Delivery,,Rachael Pyle,,,
XCF-96F,University of Louisville School of Dentistry,501 S Preston St,Louisville,KY,40202,4,Mercantile,Wild Eggs #4 (Mercantile),09/19/2025 7:45 AM,09/18/2025 6:31 AM,$385.00 ,$0.00 ,$35.00 ,($63.00),$0.00 ,$0.00 ,$38.50 ,($12.56),$0.00 ,$0.00 ,0,0,0,382.94,Completed,ach,Marketplace Delivery,,Johnny Snawder,,,
ZTP-X4X,Indianapolis Motor Speedway,4790 W 16th St,Indianapolis,IN,46222,6,Pulliam,Wild Eggs #6 (Pulliam),09/19/2025 9:00 AM,08/27/2025 6:31 PM,$569.00 ,$0.00 ,$35.00 ,($90.60),$54.36 ,($42.28),$56.90 ,($19.68),$0.00 ,$0.00 ,0,0,0,562.7,Completed,ach,Marketplace Delivery,,Skylar Greene,,,
7X5-1E2,Carmody MacDonald,120 S Central Ave 7TH FLOOR,Clayton,MO,63105,,Forsyth/Clayton,CBW- Crazy Bowls and Wraps (Forsyth/Clayton),09/19/2025 8:07 AM,09/17/2025 10:44 AM,$434.90 ,$0.00 ,$20.00 ,($68.24),$44.53 ,$0.00 ,$0.00 ,($14.93),$0.00 ,$0.00 ,-43.49,0,0,372.77,Completed,ach,Marketplace Takeout,,Dispatch,,,
RM6-VEQ,"Takeout from Fairview Heights, IL",,Fairview Heights,IL,,,Shiloh,CBW- Crazy Bowls and Wraps (Shiloh),09/19/2025 10:30 AM,09/18/2025 7:35 PM,$295.40 ,$0.00 ,$0.00 ,($20.68),$24.67 ,($24.67),$29.54 ,($9.57),$0.00 ,$0.00 ,0,0,0,294.69,Completed,ach,Marketplace Takeout,,N/A,,,
9CT-780,Lemonaid Pharmacy,1701 Macklind Ave Suite 300,St. Louis,MO,63110,,West Oak,CBW- Crazy Bowls and Wraps (West Oak),09/19/2025 11:15 AM,09/02/2025 2:46 PM,$195.45 ,$0.00 ,$25.00 ,($30.00),$17.57 ,$0.00 ,$20.00 ,($7.25),$0.00 ,$0.00 ,4.55,0,0,225.32,Completed,ach,Meal Program,,,,,
1F4-77V,KIPP St. Louis High,706 N Jefferson Ave,St. Louis,MO,63103,,Lindell/SLU,CBW- Crazy Bowls and Wraps (Lindell/SLU),09/19/2025 11:15 AM,09/12/2025 1:56 PM,"$4,357.50 ",$0.00 ,$20.00 ,($656.63),$574.27 ,$0.00 ,$0.00 ,($148.06),$0.00 ,$0.00 ,-435.75,0,0,3711.33,Completed,ach,Marketplace Takeout,,Dispatch,,,
36M-EJ8,Gateway Region YMCA,2815 Scott Ave Suite D,St. Louis,MO,63103,18,South City,CBW- Crazy Bowls and Wraps #18 (South City),09/19/2025 11:18 AM,09/18/2025 9:38 AM,$173.49 ,$0.00 ,$20.00 ,($29.02),$0.00 ,$0.00 ,$0.00 ,($5.79),($34.69),$0.00 ,-30,0,0,93.99,Completed,ach,Marketplace Takeout,,Dispatch,,,
HQ8-4FX,Hilton St. Louis at the Ballpark,1 S Broadway,St. Louis,MO,63102,,Lindell/SLU,CBW- Crazy Bowls and Wraps (Lindell/SLU),09/19/2025 3:33 PM,09/17/2025 12:27 PM,$246.55 ,$0.00 ,$20.00 ,($39.98),$0.00 ,$0.00 ,$0.00 ,($7.97),$0.00 ,$0.00 ,-30,0,0,188.6,Completed,ach,Marketplace Takeout,,Dispatch,,,
1GT-809,Northview Church,12900 Hazel Dell Pkwy,Carmel,IN,46033,7,Fishers,Wild Eggs #07 (Fishers),09/21/2025 7:00 AM,09/17/2025 3:33 PM,$168.00 ,$0.00 ,$0.00 ,($25.20),$15.12 ,($11.76),$16.80 ,($5.48),$0.00 ,$0.00 ,0,0,0,157.48,Completed,ach,Marketplace Takeout,,N/A,,,
JYP-PQ2,Louisville Bats,401 E Main St,Louisville,KY,40202,4,Mercantile,Wild Eggs #4 (Mercantile),09/21/2025 8:45 AM,09/18/2025 11:59 AM,$837.00 ,$0.00 ,$35.00 ,($130.80),$52.32 ,($52.32),$50.00 ,($27.64),$0.00 ,$0.00 ,0,0,0,763.56,Completed,ach,Marketplace Delivery,,Johnny Snawder,,,
QKX-4JX,UC Heath,9275 Montgomery Rd ste 400,Cincinnati,OH,45242,8,Oakley,Wild Eggs #8 (Oakley),09/22/2025 7:45 AM,09/20/2025 10:35 AM,$173.00 ,$0.00 ,$35.00 ,($14.56),$0.00 ,$0.00 ,$10.00 ,($6.22),$0.00 ,$0.00 ,0,0,0,197.22,Completed,ach,ezOrdering Delivery,,Mikaley Karuna,,,
JFX-HJF,Dr Eberwine,1159 W Jefferson St 102,Franklin,IN,46131,16,Greenwood,Wild Eggs #16 (Greenwood),09/22/2025 8:30 AM,09/19/2025 3:41 PM,$257.00 ,$0.00 ,$35.00 ,($43.80),$26.28 ,($20.44),$20.00 ,($9.52),$0.00 ,$0.00 ,0,0,0,264.52,Completed,ach,Marketplace Delivery,,Kali Warren,,,
A2Z-J64,Graves Gilbert,484 Golden Autumn Way Floor 2 (Gatroenterology),Bowling Green,KY,42103,14,Bowling Green,Wild Eggs #14 (Bowling Green),09/22/2025 7:45 AM,09/19/2025 4:11 AM,$474.00 ,$0.00 ,$35.00 ,($76.35),$30.54 ,($30.54),$20.00 ,($16.13),$0.00 ,$0.00 ,0,0,0,436.52,Completed,ach,Marketplace Delivery,,Jamie Thomas,,,
W4K-7WQ,4565 McKinley Ave,Saint Louis 1st Floor,St. Louis,MO,63110,,Lindell/SLU,CBW- Crazy Bowls and Wraps (Lindell/SLU),09/22/2025 11:03 AM,09/18/2025 2:42 PM,$602.80 ,$0.00 ,$20.00 ,($93.42),$0.00 ,$0.00 ,$0.00 ,($18.62),$0.00 ,$0.00 ,-60.28,0,0,450.48,Completed,ach,Marketplace Takeout,,Dispatch,,,
YG7-F40,SIHF Belleville,311 W Lincoln St Suite 200,Belleville,IL,62220,,Shiloh,CBW- Crazy Bowls and Wraps (Shiloh),09/22/2025 11:13 AM,09/21/2025 1:44 PM,$286.40 ,$0.00 ,$20.00 ,($45.96),$23.91 ,($23.91),$0.00 ,($9.88),$0.00 ,$0.00 ,-30,0,0,220.56,Completed,ach,Marketplace Takeout,,Dispatch,,,
KQ3-PR6,Family Eye Care of OFallon,735 Insight Ave,O'Fallon,IL,62269,,Shiloh,CBW- Crazy Bowls and Wraps (Shiloh),09/22/2025 11:23 AM,09/21/2025 7:19 PM,$343.53 ,$0.00 ,$20.00 ,($54.53),$28.68 ,($28.68),$0.00 ,($11.73),$0.00 ,$0.00 ,-34.35,0,0,262.92,Completed,ach,Marketplace Takeout,,Dispatch,,,
U5M-E39,Unger Eye Wellness,449 S State Route 157 Ste 2020,Edwardsville,IL,62025,,Edwardsville,CBW- Crazy Bowls and Wraps (Edwardsville),09/22/2025 11:38 AM,09/19/2025 5:05 PM,$304.25 ,$0.00 ,$20.00 ,($48.64),$23.12 ,($23.12),$0.00 ,($10.39),$0.00 ,$0.00 ,-30.42,0,0,234.8,Completed,ach,Marketplace Takeout,,Dispatch,,,
TVR-RAY,Washington University (WashU),1 Brookings Dr,St. Louis,MO,63130,,Forsyth/Clayton,CBW- Crazy Bowls and Wraps (Forsyth/Clayton),09/22/2025 12:25 PM,09/19/2025 4:51 PM,$118.20 ,$0.00 ,$20.00 ,($20.73),$0.00 ,$0.00 ,$0.00 ,($4.13),$0.00 ,$0.00 ,-30,0,0,83.34,Completed,ach,Marketplace Takeout,,Dispatch,,,
57T-236,JWM Neurology Ritter Ave.,1400 N Ritter Ave 220,Indianapolis,IN,46219,6,Pulliam,Wild Eggs #6 (Pulliam),09/23/2025 7:45 AM,09/22/2025 11:58 AM,$216.00 ,$0.00 ,$35.00 ,($37.65),$22.59 ,($17.57),$21.60 ,($8.18),$0.00 ,$0.00 ,0,0,0,231.79,Completed,ach,Marketplace Delivery,,Skylar Greene,,,
HRY-W14,Gulfstream,6400 Curtiss-Steinberg Dr Alicia Beals -Hangar A,Sauget,IL,62206,,Lindell/SLU,CBW- Crazy Bowls and Wraps (Lindell/SLU),09/23/2025 10:30 AM,09/22/2025 9:57 AM,$219.98 ,$0.00 ,$20.00 ,($36.00),$28.99 ,$0.00 ,$0.00 ,($8.04),$0.00 ,$0.00 ,-30,0,0,194.93,Completed,ach,Marketplace Takeout,,Dispatch,,,
CHA-118,,Tolman Wy,St. Louis,MO,63105,,Forsyth/Clayton,CBW- Crazy Bowls and Wraps (Forsyth/Clayton),09/23/2025 11:45 AM,09/22/2025 12:13 PM,$110.99 ,$0.00 ,$0.00 ,($16.65),$0.00 ,$0.00 ,$0.00 ,($3.32),$0.00 ,$0.00 ,0,0,0,91.02,Completed,ach,Marketplace Takeout,,N/A,,,
VZR-780,Enterprise Rent A Car,9636 Natural Bridge Rd,Berkeley,MO,63134,,Forsyth/Clayton,CBW- Crazy Bowls and Wraps (Forsyth/Clayton),09/23/2025 3:44 PM,09/17/2025 4:33 PM,$181.40 ,$0.00 ,$20.00 ,($30.21),$18.57 ,$0.00 ,$0.00 ,($6.58),$0.00 ,$0.00 ,-30,0,0,153.18,Completed,ach,Marketplace Takeout,,Dispatch,,,
0CX-RPJ,HTE TECHNOLOGIES,2021 Congressional Dr,St. Louis,MO,63146,,West Oak,CBW- Crazy Bowls and Wraps (West Oak),09/23/2025 4:36 PM,09/17/2025 8:37 AM,$263.00 ,$0.00 ,$20.00 ,($42.45),$23.64 ,$0.00 ,$0.00 ,($9.17),$0.00 ,$0.00 ,-30,0,0,225.02,Completed,ach,Marketplace Takeout,,Dispatch,,,
FT0-2C8,IU Methodist Hospital,1701 N Senate Ave Main Entrance,Indianapolis,IN,46202,6,Pulliam,Wild Eggs #6 (Pulliam),09/24/2025 6:30 AM,09/22/2025 3:11 PM,$555.00 ,$0.00 ,$35.00 ,($88.50),$53.10 ,($41.30),$55.50 ,($19.23),$0.00 ,$0.00 ,0,0,0,549.57,Completed,ach,Marketplace Delivery,,Skylar Greene,,,
9U0-M84,St Elizabeths Pulmonary,651 Centre View Blvd,Crestview Hills,KY,41017,9,Queen City Wild Eggs,Wild Eggs #9 (Queen City Wild Eggs),09/24/2025 7:00 AM,09/22/2025 10:12 AM,$363.00 ,$0.00 ,$35.00 ,($59.70),$0.00 ,$0.00 ,$54.45 ,($11.90),$0.00 ,$0.00 ,0,0,0,380.85,Completed,ach,Marketplace Delivery,,Shirelle Bloom,,,
0CG-HCX,Indianapolis Gastroenterology and hepatology,8051 S Emerson Ave 200,Indianapolis,IN,46237,16,Greenwood,Wild Eggs #16 (Greenwood),09/24/2025 7:15 AM,09/22/2025 10:33 AM,$507.00 ,$0.00 ,$35.00 ,($81.30),$48.78 ,($37.94),$50.70 ,($17.66),$0.00 ,$0.00 ,0,0,0,504.58,Completed,ach,Marketplace Delivery,,Laura Diaz,,,
EV8-X5Y,LM Indianapolis Office,350 E 96th St,Indianapolis,IN,46240,5,Carmel,Wild Eggs #5 (Carmel),09/24/2025 8:00 AM,09/19/2025 11:34 AM,$993.00 ,$0.00 ,$35.00 ,($154.20),$92.52 ,($71.96),$99.30 ,($33.50),$0.00 ,$0.00 ,0,0,0,960.16,Completed,ach,Marketplace Delivery,,Lesley Rodela,,,
HZ9-68U,Spencer Fane LLP,1 North Brentwood Blvd Suite 1200,Clayton,MO,63105,,Rock Hill/Glendale,CBW- Crazy Bowls and Wraps (Rock Hill/Glendale),09/24/2025 7:47 AM,09/22/2025 11:53 AM,$300.00 ,$0.00 ,$20.00 ,($48.00),$27.71 ,$0.00 ,$0.00 ,($10.40),$0.00 ,$0.00 ,-30,0,0,259.31,Completed,ach,Marketplace Takeout,,Dispatch,,,
4XZ-FP1,WireCrafters,6210 Strawberry Ln,Louisville,KY,40214,4,Mercantile,Wild Eggs #4 (Mercantile),09/24/2025 9:00 AM,09/19/2025 12:09 PM,$276.00 ,$0.00 ,$35.00 ,($46.65),$18.66 ,($18.66),$41.40 ,($9.86),$0.00 ,$0.00 ,0,0,0,295.89,Completed,ach,Marketplace Delivery,,Bayley Brown,,,
CRX-2UW,Azimuth Renewables,7800 Forsyth Blvd Suite 300B,Clayton,MO,63105,,Forsyth/Clayton,CBW- Crazy Bowls and Wraps (Forsyth/Clayton),09/24/2025 11:24 AM,09/22/2025 2:03 PM,$419.25 ,$0.00 ,$20.00 ,($65.89),$42.92 ,$0.00 ,$0.00 ,($14.42),$0.00 ,$0.00 ,-41.92,0,0,359.94,Completed,ach,Marketplace Takeout,,Dispatch,,,
74E-TQ0,UofL Brown Cancer Center,2401 Terra Crossing Blvd Suite206,Louisville,KY,40245,3,Landis,Wild Eggs #3 (Landis),09/25/2025 7:30 AM,09/23/2025 9:45 PM,$795.00 ,$0.00 ,$35.00 ,($124.50),$49.80 ,($49.80),$35.00 ,($26.31),$0.00 ,$0.00 ,0,0,0,714.19,Completed,ach,Marketplace Delivery,,Ally Kennedy,,,
U08-7ZR,Baptist health Neurology,4003 Kresge Way 400,Louisville,KY,40207,1,Dupont,Wild Eggs #1 (Dupont),09/25/2025 7:45 AM,09/24/2025 11:48 AM,$578.00 ,$0.00 ,$35.00 ,($91.95),$36.78 ,($36.78),$25.00 ,($19.43),$0.00 ,$0.00 ,0,0,0,526.62,Completed,ach,Marketplace Delivery,,Linda T,,,
V6Q-45T,Trane,12700 Plantside Dr,Louisville,KY,40299,3,Landis,Wild Eggs #3 (Landis),09/25/2025 8:00 AM,09/23/2025 9:39 AM,$397.00 ,$0.00 ,$35.00 ,($64.80),$25.92 ,($25.92),$59.55 ,($13.69),$0.00 ,$0.00 ,0,0,0,413.06,Completed,ach,Marketplace Delivery,,Ally Kennedy,,,
6V4-0HR,Dr. Vanina,1919 State St 248,New Albany,IN,47150,13,New Albany,Wild Eggs #13 (New Albany),09/25/2025 8:00 AM,09/24/2025 10:41 AM,$126.00 ,$0.00 ,$35.00 ,($24.15),$11.27 ,($11.27),$12.60 ,($5.15),$11.00 ,$0.00 ,0,0,0,155.3,Completed,ach,Marketplace Delivery,,Savannah Gilbert,,,
KXG-2ZV,Fabick Cat,1 Fabick Dr,Fenton,MO,63026,,Sunset Hills,CBW- Crazy Bowls and Wraps (Sunset Hills),09/25/2025 10:51 AM,09/10/2025 10:19 AM,$275.23 ,$0.00 ,$20.00 ,($44.28),$21.30 ,$0.00 ,$0.00 ,($9.46),$0.00 ,$0.00 ,-30,0,0,232.79,Completed,ach,Marketplace Takeout,,Dispatch,,,
MC6-AC8,Stifel,501 N Broadway,St. Louis,MO,63102,,Lindell/SLU,CBW- Crazy Bowls and Wraps (Lindell/SLU),09/25/2025 11:00 AM,09/18/2025 11:19 AM,$630.10 ,$0.00 ,$20.00 ,($97.52),$83.04 ,$0.00 ,$0.00 ,($21.92),$0.00 ,$0.00 ,-63.01,0,0,550.69,Completed,ach,Marketplace Takeout,,Dispatch,,,
Q03-C1E,"Takeout from O'Fallon, IL",,O'Fallon,IL,,,Shiloh,CBW- Crazy Bowls and Wraps (Shiloh),09/25/2025 11:00 AM,09/24/2025 1:41 PM,$317.20 ,$0.00 ,$0.00 ,($47.58),$26.49 ,($26.49),$10.00 ,($10.28),$0.00 ,$0.00 ,0,0,0,269.34,Completed,ach,Marketplace Takeout,,N/A,,,
3YT-5M2,Grace Design Studios,2464 West Port Plaza Dr Suite 200,St. Louis,MO,63146,,West Oak,CBW- Crazy Bowls and Wraps (West Oak),09/25/2025 11:07 AM,09/22/2025 8:27 AM,$308.70 ,$0.00 ,$20.00 ,($49.31),$27.75 ,$0.00 ,$0.00 ,($10.66),$0.00 ,$0.00 ,-30.87,0,0,265.61,Completed,ach,Marketplace Takeout,,Dispatch,,,
H7E-AZM,University of Louisville/Brown Cancer Center,529 S Jackson St 4th Floor,Louisville,KY,40202,4,Mercantile,Wild Eggs #4 (Mercantile),09/26/2025 7:00 AM,09/24/2025 3:13 PM,$193.00 ,$0.00 ,$35.00 ,($34.20),$0.00 ,$0.00 ,$10.00 ,($6.82),$0.00 ,$0.00 ,0,0,0,196.98,Completed,ach,Marketplace Delivery,,KJ Benkowski,,,
2VX-KCH,JWM Neurology,8402 Harcourt Rd Suite 615,Indianapolis,IN,46260,5,Carmel,Wild Eggs #5 (Carmel),09/26/2025 7:30 AM,09/24/2025 1:36 PM,$225.00 ,$0.00 ,$35.00 ,($39.00),$23.40 ,($18.20),$20.00 ,($8.47),$0.00 ,$0.00 ,0,0,0,237.73,Completed,ach,Marketplace Delivery,,travis stull,,,
8WH-06Z,Enterprise Rent A Car,9636 Natural Bridge Rd,Berkeley,MO,63134,,Forsyth/Clayton,CBW- Crazy Bowls and Wraps (Forsyth/Clayton),09/26/2025 11:15 AM,09/17/2025 4:35 PM,$226.50 ,$0.00 ,$20.00 ,($36.98),$23.19 ,$0.00 ,$0.00 ,($8.06),$0.00 ,$0.00 ,-30,0,0,194.65,Completed,ach,Marketplace Takeout,,Dispatch,,,
97T-E48,Traders Point Christian Church,2350 E 62nd St,Indianapolis,IN,46220,6,Pulliam,Wild Eggs #6 (Pulliam),09/28/2025 8:30 AM,09/24/2025 9:12 AM,$288.00 ,$0.00 ,$35.00 ,($48.45),$0.00 ,$0.00 ,$28.80 ,($9.66),$0.00 ,$0.00 ,0,0,0,293.69,Completed,ach,Marketplace Delivery,,Skylar Greene,,,
3Q6-P19,Fabick Cat,1 Fabick Dr,Fenton,MO,63026,,Sunset Hills,CBW- Crazy Bowls and Wraps (Sunset Hills),09/29/2025 10:51 AM,09/26/2025 2:17 PM,$129.52 ,$0.00 ,$20.00 ,($22.43),$10.02 ,$0.00 ,$0.00 ,($4.77),$0.00 ,$0.00 ,-30,0,0,102.34,Completed,ach,Marketplace Takeout,,Dispatch,,,
T56-FWQ,ICL,8201 Idaho Ave,St. Louis,MO,63111,,Tesson,CBW- Crazy Bowls and Wraps (Tesson),09/29/2025 12:52 PM,09/29/2025 10:36 AM,$398.60 ,$0.00 ,$20.00 ,($62.79),$30.84 ,$0.00 ,$0.00 ,($13.44),$0.00 ,$0.00 ,-39.86,0,0,333.35,Completed,ach,Marketplace Takeout,,Dispatch,,,
KX9-CP2,entrance which is to the LEFT of the FEDEX office is the entrance to the condo,315 W Market St,Louisville,KY,40202,13,New Albany,Wild Eggs #13 (New Albany),09/30/2025 7:45 AM,09/25/2025 5:54 PM,$648.00 ,$0.00 ,$35.00 ,($102.45),$47.81 ,($47.81),$64.80 ,($21.85),$0.00 ,$0.00 ,0,0,0,623.5,Completed,ach,Marketplace Delivery,,Savannah Gilbert,,,
3HV-H9T,"Takeout from Cincinnati, OH",1624 Herald Ave,Cincinnati,OH,45207,8,Oakley,Wild Eggs #8 (Oakley),09/30/2025 7:45 AM,09/29/2025 9:23 AM,$298.00 ,$0.00 ,$0.00 ,($44.70),$0.00 ,$0.00 ,$30.00 ,($8.91),$0.00 ,$0.00 ,0,0,0,274.39,Completed,ach,Marketplace Takeout,,N/A,,,
J02-90V,Kueber Center,2432 S Floyd St,Louisville,KY,40209,4,Mercantile,Wild Eggs #4 (Mercantile),09/30/2025 9:30 AM,09/24/2025 4:12 PM,$419.00 ,$0.00 ,$35.00 ,($68.10),$0.00 ,$0.00 ,$62.85 ,($13.57),$0.00 ,$0.00 ,0,0,0,435.18,Completed,ach,Marketplace Delivery,,Bayley Brown,,,
UGT-YF7,,,Creve Coeur,MO,63141,,West Oak,CBW- Crazy Bowls and Wraps (West Oak),09/30/2025 11:00 AM,09/29/2025 10:03 AM,$252.25 ,$0.00 ,$0.00 ,($37.84),$22.67 ,$0.00 ,$8.00 ,($8.22),$0.00 ,$0.00 ,0,0,0,236.86,Completed,ach,Marketplace Takeout,,N/A,,,
J1E-RKJ,HSHS St. Elizabeth’s Neurology,3 St Elizabeth's Blvd Suite 5000,O'Fallon,IL,62269,,Shiloh,CBW- Crazy Bowls and Wraps (Shiloh),09/30/2025 11:23 AM,09/29/2025 11:34 AM,$297.25 ,$0.00 ,$20.00 ,($47.59),$24.82 ,($24.82),$0.00 ,($10.23),$0.00 ,$0.00 ,-30,0,0,229.43,Completed,ach,Marketplace Takeout,,Dispatch,,,
FHR-EUP,Baptist Health Floyd Cancer Center,2210 Green Valley Rd #1,New Albany,IN,47150,13,New Albany,Wild Eggs #13 (New Albany),10/01/2025 7:30 AM,09/30/2025 9:37 AM,$493.00 ,$0.00 ,$35.00 ,($79.20),$36.96 ,($36.96),$20.00 ,($16.89),$0.00 ,$0.00 ,0,0,0,451.91,Completed,ach,Marketplace Delivery,nccv3ezr2,Kayla Elifrits,,,
AZ2-KJG,UL Advanced Heart Failure Clinic,201 Abraham Flexner Way 1001,Louisville,KY,40202,4,Mercantile,Wild Eggs #4 (Mercantile),10/01/2025 8:15 AM,09/29/2025 2:16 PM,$499.00 ,$0.00 ,$35.00 ,($80.10),$32.04 ,($32.04),$0.00 ,($16.92),$0.00 ,$0.00 ,0,0,0,436.98,Completed,ach,Marketplace Delivery,,Bayley Brown,,,
2TY-QE9,Graves Gilbert Urology Department,201 Park St,Bowling Green,KY,42101,14,Bowling Green,Wild Eggs #14 (Bowling Green),10/01/2025 7:30 AM,09/29/2025 10:31 AM,$436.00 ,$0.00 ,$35.00 ,($70.65),$28.26 ,($28.26),$65.40 ,($14.93),$0.00 ,$0.00 ,0,0,0,450.82,Completed,ach,Marketplace Delivery,,Jamie Thomas,,,
134-0ZQ,WireCrafters,6210 R Strawberry Ln,Louisville,KY,40214,4,Mercantile,Wild Eggs #4 (Mercantile),10/01/2025 9:15 AM,09/30/2025 1:34 PM,$622.00 ,$0.00 ,$35.00 ,($98.55),$39.42 ,($39.42),$93.30 ,($20.82),$0.00 ,$0.00 ,0,0,0,630.93,Completed,ach,Marketplace Delivery,,Bayley Brown,,,
HHC-0Z6,Procter and Gamble Mfg,169 E Grand Ave New Collaboration Center,St. Louis,MO,63147,,Lindell/SLU,CBW- Crazy Bowls and Wraps (Lindell/SLU),10/01/2025 10:14 AM,09/30/2025 9:50 AM,$92.15 ,$0.00 ,$20.00 ,($16.82),$12.14 ,$0.00 ,$0.00 ,($3.72),$0.00 ,$0.00 ,-30,0,0,73.75,Completed,ach,Marketplace Takeout,,Dispatch,,,
7U6-W74,NESTLE PURINA PETCARE CO.,801 CHOUTEAU AVE. A BLDG.,St. Louis,MO,63102,,Lindell/SLU,CBW- Crazy Bowls and Wraps (Lindell/SLU),10/01/2025 10:49 AM,09/29/2025 2:07 PM,$259.40 ,$0.00 ,$20.00 ,($41.91),$34.19 ,$0.00 ,$0.00 ,($9.38),$0.00 ,$0.00 ,-30,0,0,232.3,Completed,ach,Marketplace Takeout,,Dispatch,,,
9JT-PVU,Impact Group,12977 N 40 Dr Ste 300,St. Louis,MO,63141,,West Oak,CBW- Crazy Bowls and Wraps (West Oak),10/01/2025 11:04 AM,09/05/2025 11:48 AM,$246.00 ,$0.00 ,$20.00 ,($39.90),$22.11 ,$0.00 ,$0.00 ,($8.61),$0.00 ,$0.00 ,-30,0,0,209.6,Completed,ach,Marketplace Takeout,,Dispatch,,,
EHV-YTG,Missouri Baptist Hospital,3015 N Ballas Rd,St. Louis,MO,63131,,West Oak,CBW- Crazy Bowls and Wraps (West Oak),10/01/2025 11:04 AM,09/24/2025 10:43 AM,$278.75 ,$0.00 ,$20.00 ,($44.81),$25.05 ,$0.00 ,$0.00 ,($9.68),$0.00 ,$0.00 ,-30,0,0,239.31,Completed,ach,Marketplace Takeout,,Dispatch,,,
VQ6-AH8,Core & Main,1830 Craig Park Ct,St. Louis,MO,63146,,West Oak,CBW- Crazy Bowls and Wraps (West Oak),10/01/2025 11:05 AM,09/22/2025 2:27 PM,$702.25 ,$0.00 ,$20.00 ,($108.34),$63.12 ,$0.00 ,$0.00 ,($23.48),$0.00 ,$0.00 ,-70.22,0,0,583.33,Completed,ach,Marketplace Takeout,,Dispatch,,,
P3R-2TX,GETIXCO,"6475 Forsyth Blvd Level 2, Room 234",St. Louis,MO,63105,,Forsyth/Clayton,CBW- Crazy Bowls and Wraps (Forsyth/Clayton),10/01/2025 11:24 AM,09/26/2025 12:00 PM,$412.50 ,$0.00 ,$20.00 ,($64.88),$0.00 ,$0.00 ,$0.00 ,($12.93),$0.00 ,$0.00 ,-41.25,0,0,313.44,Completed,ach,Marketplace Takeout,,Dispatch,,,
21J-12H,University Tower & Silverback Studios,1034 S Brentwood Blvd Floor 16,Richmond Heights,MO,63117,,Lindell/SLU,CBW- Crazy Bowls and Wraps (Lindell/SLU),10/01/2025 11:32 AM,09/11/2025 2:18 PM,$221.80 ,$0.00 ,$20.00 ,($36.27),$0.00 ,$0.00 ,$0.00 ,($7.23),$0.00 ,$0.00 ,-30,0,0,168.3,Completed,ach,Marketplace Takeout,,Dispatch,,,
UG3-X96,Telix Pharmaceuticals,11700 Exit 5 Pkwy Suite 200,Fishers,IN,46037,7,Fishers,Wild Eggs #07 (Fishers),10/02/2025 7:30 AM,09/29/2025 3:09 PM,$267.00 ,$0.00 ,$35.00 ,($45.30),$27.18 ,($21.14),$53.40 ,($9.84),$0.00 ,$0.00 ,0,0,0,306.3,Completed,ach,Marketplace Delivery,,Carmen Sanchez,,,
8FW-7HA,Kolar Design,807 Broadway Floor 5,Cincinnati,OH,45202,9,Queen City Wild Eggs,Wild Eggs #9 (Queen City Wild Eggs),10/02/2025 8:15 AM,09/26/2025 2:44 PM,$342.00 ,$0.00 ,$35.00 ,($56.55),$0.00 ,$0.00 ,$10.00 ,($11.27),$0.00 ,$0.00 ,0,0,0,319.18,Completed,ach,Marketplace Delivery,,Shirelle Bloom,,,
UJ2-P03,Lifespring,404 Spring St,Jeffersonville,IN,47130,4,Mercantile,Wild Eggs #4 (Mercantile),10/02/2025 8:15 AM,09/29/2025 4:45 PM,$514.00 ,$0.00 ,$35.00 ,($82.35),$32.94 ,($32.94),$51.40 ,($17.40),$0.00 ,$0.00 ,0,0,0,500.65,Completed,ach,Marketplace Delivery,,Rachel Abel,,,
CM3-Q9Z,Wiegmann Associates,650 Fountain Lakes Blvd,Saint Charles,MO,63301,,Lindenwood,CBW- Crazy Bowls and Wraps (Lindenwood),10/02/2025 11:05 AM,10/01/2025 10:53 AM,$83.85 ,$0.00 ,$20.00 ,($15.58),$8.34 ,$0.00 ,$0.00 ,($3.35),$0.00 ,$0.00 ,-30,0,0,63.26,Completed,ach,Marketplace Takeout,,Dispatch,,,
3CX-KZP,,,New Albany,IN,47150,13,New Albany,Wild Eggs #13 (New Albany),10/03/2025 7:15 AM,10/02/2025 11:33 AM,$273.00 ,$0.00 ,$0.00 ,($40.95),$19.11 ,($19.11),$25.00 ,($8.73),$0.00 ,$0.00 ,0,0,0,248.32,Completed,ach,Marketplace Takeout,,N/A,,,
WGQ-E4X,The Christ Hospital,4803 Montgomery Rd Ste 114,Norwood,OH,45212,8,Oakley,Wild Eggs #8 (Oakley),10/03/2025 7:45 AM,09/29/2025 11:25 AM,$210.00 ,$0.00 ,$35.00 ,($36.75),$0.00 ,$0.00 ,$10.00 ,($7.33),$0.00 ,$0.00 ,0,0,0,210.92,Completed,ach,Marketplace Delivery,,Mikaley Karuna,,,
GWW-FVH,Chaifetz Arena,3330 Laclede Ave,St. Louis,MO,63103,,Lindell/SLU,CBW- Crazy Bowls and Wraps (Lindell/SLU),10/04/2025 10:21 AM,10/03/2025 11:04 AM,$398.30 ,$0.00 ,$20.00 ,($62.75),$0.00 ,$0.00 ,$0.00 ,($12.51),$0.00 ,$0.00 ,-39.83,0,0,303.21,Completed,ach,Marketplace Takeout,,Dispatch,,,
PM7-RF6,Traders Point Christian Church,2350 E 62nd St,Indianapolis,IN,46220,6,Pulliam,Wild Eggs #6 (Pulliam),10/05/2025 8:45 AM,09/28/2025 10:26 AM,$251.00 ,$0.00 ,$35.00 ,($42.90),$0.00 ,$0.00 ,$25.10 ,($8.55),$0.00 ,$0.00 ,0,0,0,259.65,Completed,ach,Marketplace Delivery,,Skylar Greene,,,
V0U-7CF,Arch Cancer Center,12855 N Forty Dr Ground Level,Creve Coeur,MO,63141,,Manchester,CBW- Crazy Bowls and Wraps (Manchester),10/06/2025 11:04 AM,10/03/2025 1:33 PM,$290.33 ,$0.00 ,$20.00 ,($46.55),$25.37 ,$0.00 ,$0.00 ,($10.04),$0.00 ,$0.00 ,-30,0,0,249.11,Completed,ach,Marketplace Takeout,,Dispatch,,,
5AP-YFV,North Kirkwood Middle School,11287 Manchester Rd Main Office,Kirkwood,MO,63122,,Sunset Hills,CBW- Crazy Bowls and Wraps (Sunset Hills),10/06/2025 5:33 PM,10/05/2025 11:18 AM,$113.70 ,$0.00 ,$20.00 ,($20.05),$0.00 ,$0.00 ,$0.00 ,($4.00),$0.00 ,$0.00 ,-30,0,0,79.65,Completed,ach,Marketplace Takeout,,Dispatch,,,
EM9-J3W,Raymond James,4969 US-42 1600,Northfield,KY,40222,2,Westport,Wild Eggs #2 (Westport),10/07/2025 8:00 AM,09/26/2025 10:22 AM,$472.00 ,$0.00 ,$35.00 ,($76.05),$30.42 ,($30.42),$70.80 ,($16.07),$0.00 ,$0.00 ,0,0,0,485.68,Completed,ach,Marketplace Delivery,,Kortney Cole,,,
2CY-KR4,Spring Grove Funeral Home,4389 Spring Grove Ave,Cincinnati,OH,45232,9,Queen City Wild Eggs,Wild Eggs #9 (Queen City Wild Eggs),10/07/2025 8:30 AM,10/04/2025 11:51 AM,$465.00 ,$0.00 ,$35.00 ,($75.00),$0.00 ,$0.00 ,$0.00 ,($14.95),$0.00 ,$0.00 ,0,0,0,410.05,Completed,ach,Marketplace Delivery,,Shirelle Bloom,,,
6K0-T8H,B&G Foods,Allivet 9894 E 121st St,Fishers,IN,46037,7,Fishers,Wild Eggs #07 (Fishers),10/07/2025 8:30 AM,10/05/2025 9:44 PM,$264.00 ,$0.00 ,$35.00 ,($44.85),$26.91 ,($20.93),$39.60 ,($9.74),$0.00 ,$0.00 ,0,0,0,289.99,Completed,ach,Marketplace Delivery,,Carmen Sanchez,,,
RVV-66A,Amdocs,625 Maryville Centre Dr Suite 200 Suite 200 Suite 200 Suite 200 Suite 200 Suite 200,St. Louis,MO,63141,,Creve Coeur,CBW- Crazy Bowls and Wraps (Creve Coeur),10/07/2025 8:33 AM,09/08/2025 9:59 AM,$217.45 ,$0.00 ,$20.00 ,($35.62),$19.00 ,$0.00 ,$0.00 ,($7.67),$0.00 ,$0.00 ,-30,0,0,183.16,Completed,ach,Marketplace Takeout,,Dispatch,,,
WKV-6F5,Aspire Software,390 S Woods Mill Rd ste 300 - 3rd floor,Chesterfield,MO,63017,,West Oak,CBW- Crazy Bowls and Wraps (West Oak),10/07/2025 10:45 AM,09/22/2025 2:46 PM,$157.70 ,$0.00 ,$25.00 ,($23.65),$14.17 ,$0.00 ,$31.54 ,($5.89),$0.00 ,$0.00 ,0,0,0,198.87,Completed,ach,Meal Program,,,,,
FFC-3Y7,Octarine,6880 Washington Ave,St. Louis,MO,63130,,Forsyth/Clayton,CBW- Crazy Bowls and Wraps (Forsyth/Clayton),10/07/2025 1:23 PM,10/06/2025 4:38 PM,$361.50 ,$0.00 ,$20.00 ,($57.23),$37.91 ,$0.00 ,$0.00 ,($12.54),$0.00 ,$0.00 ,-36.15,0,0,313.49,Completed,ach,Marketplace Takeout,,Dispatch,,,
YWV-CRR,Drummond hall,3691 Rutger St,St. Louis,MO,63110,,Lindell/SLU,CBW- Crazy Bowls and Wraps (Lindell/SLU),10/07/2025 4:22 PM,10/06/2025 3:35 PM,$343.33 ,$0.00 ,$20.00 ,($54.50),$45.25 ,$0.00 ,$0.00 ,($12.22),($13.58),$0.00 ,-34.33,0,0,293.95,Completed,ach,Marketplace Takeout,,Dispatch,,,
W32-JW2,Business Furniture + Co.,8421 Bearing Dr #200,Indianapolis,IN,46268,5,Carmel,Wild Eggs #5 (Carmel),10/08/2025 8:45 AM,10/06/2025 3:40 PM,$260.00 ,$0.00 ,$35.00 ,($44.25),$26.55 ,($20.65),$52.00 ,($9.61),$0.00 ,$0.00 ,0,0,0,299.04,Completed,ach,Marketplace Delivery,,Lesley Rodela,,,
TVM-35Y,Tri Health Surgery Center West,3660 Edgewood Dr,Cincinnati,OH,45211,9,Queen City Wild Eggs,Wild Eggs #9 (Queen City Wild Eggs),10/08/2025 9:45 AM,10/03/2025 12:37 PM,$683.00 ,$0.00 ,$35.00 ,($107.70),$0.00 ,$0.00 ,$30.00 ,($21.47),$0.00 ,$0.00 ,0,0,0,618.83,Completed,ach,Marketplace Delivery,,Shirelle Bloom,,,
TC7-UQ3,ArchBridge Family Office,7700 Forsyth Blvd Suite 1100,St. Louis,MO,63105,,Forsyth/Clayton,CBW- Crazy Bowls and Wraps (Forsyth/Clayton),10/08/2025 10:26 AM,10/01/2025 12:42 PM,$238.45 ,$0.00 ,$20.00 ,($38.77),$25.01 ,$0.00 ,$0.00 ,($8.48),$0.00 ,$0.00 ,-30,0,0,206.21,Completed,ach,Marketplace Takeout,,Dispatch,,,
92U-T13,chesnut health systems,12 N 64th St,Belleville,IL,62223,,Shiloh,CBW- Crazy Bowls and Wraps (Shiloh),10/08/2025 11:13 AM,10/02/2025 12:41 PM,$253.49 ,$0.00 ,$20.00 ,($41.02),$21.17 ,($21.17),$0.00 ,($8.81),$0.00 ,$0.00 ,-30,0,0,193.66,Completed,ach,Marketplace Takeout,,Dispatch,,,
350-ZKT,World Wide Technology Office,701 Fee Fee Rd,Maryland Heights,MO,63043,,West Oak,CBW- Crazy Bowls and Wraps (West Oak),10/08/2025 11:17 AM,09/30/2025 11:26 AM,$833.50 ,$0.00 ,$20.00 ,($128.03),$74.91 ,$0.00 ,$0.00 ,($27.76),$0.00 ,$0.00 ,-83.35,0,0,689.27,Completed,ach,Marketplace Takeout,,Dispatch,,,
64T-JXG,"Cantor Injury Law, LLC",12283 Olive Blvd,Creve Coeur,MO,63141,,West Oak,CBW- Crazy Bowls and Wraps (West Oak),10/08/2025 11:24 AM,10/07/2025 2:34 PM,$340.00 ,$0.00 ,$20.00 ,($54.00),$30.56 ,$0.00 ,$0.00 ,($11.68),$0.00 ,$0.00 ,-34,0,0,290.88,Completed,ach,Marketplace Takeout,,Dispatch,,,
XFE-JV8,WashU Oncology,4590 Nash Wy 11th floor,St. Louis,MO,63110,,Lindell/SLU,CBW- Crazy Bowls and Wraps (Lindell/SLU),10/09/2025 11:05 AM,09/25/2025 3:16 PM,$481.31 ,$0.00 ,$20.00 ,($75.20),$0.00 ,$0.00 ,$0.00 ,($14.99),$0.00 ,$0.00 ,-48.13,0,0,362.99,Completed,ach,Marketplace Takeout,,Dispatch,,,
879-J3J,Introba,6 S Old Orchard Ave,Webster Groves,MO,63119,,Rock Hill/Glendale,CBW- Crazy Bowls and Wraps (Rock Hill/Glendale),10/09/2025 11:05 AM,10/08/2025 12:25 PM,$104.13 ,$0.00 ,$20.00 ,($18.62),$9.62 ,$0.00 ,$0.00 ,($4.00),$0.00 ,$0.00 ,-30,0,0,81.13,Completed,ach,Marketplace Takeout,,Dispatch,,,
424-7VJ,St Elizabeths Pulmonary,651 Centre View Blvd,Crestview Hills,KY,41017,9,Queen City Wild Eggs,Wild Eggs #9 (Queen City Wild Eggs),10/10/2025 7:00 AM,10/08/2025 8:55 AM,$269.00 ,$0.00 ,$35.00 ,($45.60),$0.00 ,$0.00 ,$53.80 ,($9.09),$0.00 ,$0.00 ,0,0,0,303.11,Completed,ach,Marketplace Delivery,,Shirelle Bloom,,,
EX9-XMF,Saint Louis University,20 N Grand Blvd BSC 319,St. Louis,MO,63103,,Lindell/SLU,CBW- Crazy Bowls and Wraps (Lindell/SLU),10/10/2025 11:26 AM,10/09/2025 7:53 PM,$82.50 ,$0.00 ,$20.00 ,($15.38),$0.00 ,$0.00 ,$0.00 ,($3.06),$0.00 ,$0.00 ,-30,0,0,54.06,Completed,ach,Marketplace Takeout,,Dispatch,,,
PV7-EH0,America's Center Convention Complex Loading Dock,701 Convention Plaza,St. Louis,MO,63101,,Lindell/SLU,CBW- Crazy Bowls and Wraps (Lindell/SLU),10/11/2025 1:31 PM,10/10/2025 6:39 PM,$312.00 ,$0.00 ,$20.00 ,($49.80),$41.12 ,$0.00 ,$0.00 ,($11.16),$0.00 ,$0.00 ,-31.2,0,0,280.96,Completed,ach,Marketplace Takeout,,Dispatch,,,
QAC-H09,America's Center Convention Complex Loading Dock,701 Convention Plaza,St. Louis,MO,63101,,Lindell/SLU,CBW- Crazy Bowls and Wraps (Lindell/SLU),10/12/2025 10:57 AM,10/11/2025 7:57 PM,"$1,187.00 ",$0.00 ,$20.00 ,($181.05),$156.43 ,$0.00 ,$0.00 ,($40.77),$0.00 ,$0.00 ,-118.7,0,0,1022.91,Completed,ach,Marketplace Takeout,,Dispatch,,,
9UH-RJU,Franciscan Health Infusion Center - Cancer Center,8111 S Emerson Ave Suite 101,Indianapolis,IN,46237,16,Greenwood,Wild Eggs #16 (Greenwood),10/13/2025 7:30 AM,10/07/2025 9:47 AM,$666.00 ,$0.00 ,$35.00 ,($105.15),$63.09 ,($49.07),$0.00 ,($22.85),$0.00 ,$0.00 ,0,0,0,587.02,Completed,ach,Marketplace Delivery,,Kali Warren,,,
7EG-WH5,Hunter Engineering - c/o Jim T,11250 Hunter Dr,Bridgeton,MO,63044,,West Oak,CBW- Crazy Bowls and Wraps (West Oak),10/13/2025 11:14 AM,10/12/2025 9:23 AM,$178.40 ,$0.00 ,$20.00 ,($29.76),$16.03 ,$0.00 ,$0.00 ,($6.41),$0.00 ,$0.00 ,-30,0,0,148.26,Completed,ach,Marketplace Takeout,,Dispatch,,,
UEZ-AVE,Yoon Dermatology,1060 Meyer Rd,Wentzville,MO,63385,,Wentzville,CBW- Crazy Bowls and Wraps (Wentzville),10/13/2025 11:24 AM,10/10/2025 1:14 PM,$418.20 ,$0.00 ,$20.00 ,($65.73),$43.70 ,$0.00 ,$0.00 ,($14.41),$0.00 ,$0.00 ,-41.82,0,0,359.94,Completed,ach,Marketplace Takeout,bossday,Dispatch,,,
3QT-JFG,The Sheldon,3648 Washington Ave,St. Louis,MO,63108,,Lindell/SLU,CBW- Crazy Bowls and Wraps (Lindell/SLU),10/13/2025 4:26 PM,10/09/2025 3:07 PM,$310.00 ,$0.00 ,$20.00 ,($23.10),$0.00 ,$0.00 ,$0.00 ,($9.87),$0.00 ,$0.00 ,-31,0,0,266.03,Completed,ach,Marketplace Takeout,,Dispatch,,,
UZ6-CXW,Morgan Stanley,563 Hub Blvd 301,Bowling Green,KY,42103,14,Bowling Green,Wild Eggs #14 (Bowling Green),10/14/2025 8:15 AM,10/10/2025 8:28 AM,$134.00 ,$0.00 ,$35.00 ,($25.35),$10.14 ,($10.14),$0.00 ,($5.36),$0.00 ,$0.00 ,0,0,0,138.29,Completed,ach,Marketplace Delivery,,Jamie Thomas,,,
5K2-FV7,Endocrinology 2nd floor - Dr Chaudhari,201 Park St 2nd floor,Bowling Green,KY,42101,14,Bowling Green,Wild Eggs #14 (Bowling Green),10/14/2025 8:15 AM,10/13/2025 11:19 AM,$165.00 ,$0.00 ,$35.00 ,($30.00),$12.00 ,($12.00),$15.00 ,($6.34),$0.00 ,$0.00 ,0,0,0,178.66,Completed,ach,Marketplace Delivery,,Jamie Thomas,,,
5G6-RU3,Equity Medical Dermatology,1802 Rockingham Ave,Bowling Green,KY,42104,14,Bowling Green,Wild Eggs #14 (Bowling Green),10/14/2025 9:30 AM,10/13/2025 11:52 AM,$173.00 ,$0.00 ,$35.00 ,($31.20),$12.48 ,($12.48),$10.00 ,($6.59),$0.00 ,$0.00 ,0,0,0,180.21,Completed,ach,Marketplace Delivery,,Jamie Thomas,,,
E8R-JAA,Hartwig,10617 Trenton Ave,St. Louis,MO,63132,,West Oak,CBW- Crazy Bowls and Wraps (West Oak),10/14/2025 10:58 AM,10/10/2025 10:54 AM,$314.95 ,$0.00 ,$20.00 ,($50.24),$28.31 ,$0.00 ,$0.00 ,($10.86),$0.00 ,$0.00 ,-31.5,0,0,270.66,Completed,ach,Marketplace Takeout,,Dispatch,,,
WW4-3F0,Wash U Urology,70 Jungermann Cir 402,St. Peters,MO,63376,,Lindenwood,CBW- Crazy Bowls and Wraps (Lindenwood),10/14/2025 11:04 AM,10/13/2025 1:58 PM,$283.54 ,$0.00 ,$20.00 ,($45.53),$28.21 ,$0.00 ,$0.00 ,($9.92),$0.00 ,$0.00 ,-30,0,0,246.3,Completed,ach,Marketplace Takeout,,Dispatch,,,
QC7-XH3,Dr usry suite 142,5551 Winghaven Blvd Dr usry suite 142,O'Fallon,MO,63368,,O'Fallon,CBW- Crazy Bowls and Wraps (O'Fallon),10/14/2025 11:16 AM,10/13/2025 12:47 PM,$338.45 ,$0.00 ,$20.00 ,($53.77),$30.29 ,$0.00 ,$0.00 ,($11.62),$0.00 ,$0.00 ,-33.84,0,0,289.51,Completed,ach,Marketplace Takeout,,Dispatch,,,
960-T47,MU Extension Center on the UMSL Campus (Regional Center for Education and Work),8225 Florissant Rd,St. Louis,MO,63121,,Forsyth/Clayton,CBW- Crazy Bowls and Wraps (Forsyth/Clayton),10/14/2025 4:40 PM,09/18/2025 11:18 PM,$394.05 ,$0.00 ,$20.00 ,($62.11),$0.00 ,$0.00 ,$0.00 ,($12.38),$0.00 ,$0.00 ,-39.4,0,0,300.16,Completed,ach,Marketplace Takeout,,Dispatch,,,
A85-AZC,Baptist Health Cancer Center,2210 Green Valley Rd Basement,New Albany,IN,47150,13,New Albany,Wild Eggs #13 (New Albany),10/15/2025 7:30 AM,10/13/2025 1:10 PM,$554.00 ,$0.00 ,$35.00 ,($88.35),$41.23 ,($41.23),$0.00 ,($18.84),$0.00 ,$0.00 ,0,0,0,481.81,Completed,ach,Marketplace Delivery,,Kayla Elifrits,,,
GUV-GAJ,"Takeout from Cincinnati, OH",1624 Herald Ave,Cincinnati,OH,45207,8,Oakley,Wild Eggs #8 (Oakley),10/15/2025 7:45 AM,10/13/2025 9:31 PM,$298.00 ,$0.00 ,$0.00 ,($44.70),$0.00 ,$0.00 ,$30.00 ,($8.91),$0.00 ,$0.00 ,0,0,0,274.39,Completed,ach,Marketplace Takeout,bossday,N/A,,,
T18-2XG,Louisville Pulmonary Care,4003 Kresge Way Suite 312,Louisville,KY,40207,1,Dupont,Wild Eggs #1 (Dupont),10/15/2025 8:00 AM,10/13/2025 4:39 PM,$541.00 ,$0.00 ,$35.00 ,($86.40),$34.56 ,($34.56),$108.20 ,($18.26),$0.00 ,$0.00 ,0,0,0,579.54,Completed,ach,Marketplace Delivery,,Carmen E,,,
8GU-MXY,Indianapolis Motor Speedway,4790 W 16th St,Indianapolis,IN,46222,15,Avon,Wild Eggs #15 (Avon),10/15/2025 8:30 AM,10/06/2025 5:59 PM,$175.00 ,$0.00 ,$35.00 ,($31.50),$18.90 ,($14.70),$20.00 ,($6.84),$0.00 ,$0.00 ,0,0,0,195.86,Completed,ach,Marketplace Delivery,,Rachael Pyle,,,
6W9-XG3,Pepsico,9280 Montgomery Rd Suite 100,Montgomery,OH,45242,8,Oakley,Wild Eggs #8 (Oakley),10/15/2025 8:45 AM,10/10/2025 9:35 AM,$353.00 ,$0.00 ,$35.00 ,($58.20),$0.00 ,$0.00 ,$0.00 ,($11.60),$0.00 ,$0.00 ,0,0,0,318.2,Completed,ach,Marketplace Delivery,,Kenzie Kolb,,,
1TP-6AK,Med Center Health Neurology,350 Park St Suite 206-A Suite 206-A,Bowling Green,KY,42101,14,Bowling Green,Wild Eggs #14 (Bowling Green),10/15/2025 8:15 AM,10/13/2025 4:37 PM,$391.00 ,$0.00 ,$35.00 ,($63.90),$25.56 ,($25.56),$58.65 ,($13.50),$0.00 ,$0.00 ,0,0,0,407.25,Completed,ach,Marketplace Delivery,,Jamie Thomas,,,
2KE-6KX,WireCrafters,6210 Strawberry Ln,Louisville,KY,40214,4,Mercantile,Wild Eggs #4 (Mercantile),10/15/2025 9:15 AM,10/14/2025 1:33 PM,$336.00 ,$0.00 ,$35.00 ,($55.65),$22.26 ,($22.26),$50.40 ,($11.76),$0.00 ,$0.00 ,0,0,0,353.99,Completed,ach,Marketplace Delivery,,Bayley Brown,,,
036-YRU,"Takeout from Wentzville, MO",,Wentzville,MO,,,Wentzville,CBW- Crazy Bowls and Wraps (Wentzville),10/15/2025 9:00 AM,10/13/2025 11:06 AM,$119.15 ,$0.00 ,$0.00 ,($17.87),$12.45 ,$0.00 ,$0.00 ,($3.93),$0.00 ,$0.00 ,0,0,0,109.8,Completed,ach,Marketplace Takeout,,N/A,,,
WVM-9ZQ,Worldwide Technology,108 Gateway Commerce Center Dr N,Edwardsville,IL,62025,,Edwardsville,CBW- Crazy Bowls and Wraps (Edwardsville),10/15/2025 10:29 AM,10/13/2025 3:54 PM,$216.47 ,$0.00 ,$20.00 ,($35.47),$16.45 ,($16.45),$0.00 ,($7.56),$0.00 ,$0.00 ,-30,0,0,163.44,Completed,ach,Marketplace Takeout,,Dispatch,,,
H28-UJE,Alberici Constructors,2150 Kienlen Ave Building 2,St. Louis,MO,63121,,Forsyth/Clayton,CBW- Crazy Bowls and Wraps (Forsyth/Clayton),10/15/2025 10:48 AM,10/14/2025 1:51 PM,$75.85 ,$0.00 ,$20.00 ,($14.38),$7.96 ,$0.00 ,$0.00 ,($3.10),$0.00 ,$0.00 ,-30,0,0,56.33,Completed,ach,Marketplace Takeout,,Dispatch,,,
CY5-H97,Core & Main,1830 Craig Park Ct,St. Louis,MO,63146,,West Oak,CBW- Crazy Bowls and Wraps (West Oak),10/15/2025 11:06 AM,10/06/2025 12:40 PM,$567.75 ,$0.00 ,$20.00 ,($88.16),$51.03 ,$0.00 ,$0.00 ,($19.10),$0.00 ,$0.00 ,-56.78,0,0,474.74,Completed,ach,Marketplace Takeout,,Dispatch,,,
UX9-3XC,,4512 Otis Dr,St. Louis,MO,63134,,Lindenwood,CBW- Crazy Bowls and Wraps (Lindenwood),10/15/2025 12:00 PM,10/14/2025 6:01 PM,$124.00 ,$0.00 ,$0.00 ,($18.60),$12.34 ,$0.00 ,$0.00 ,($4.08),$0.00 ,$0.00 ,0,0,0,113.66,Completed,ach,Marketplace Takeout,,N/A,,,
43J-RP8,,,Edwardsville,IL,,,Edwardsville,CBW- Crazy Bowls and Wraps (Edwardsville),10/15/2025 12:30 PM,10/13/2025 11:56 AM,$355.40 ,$0.00 ,$0.00 ,($53.31),$0.00 ,$0.00 ,$0.00 ,($10.63),$0.00 ,$0.00 ,0,0,0,291.46,Completed,ach,Marketplace Takeout,,N/A,,,
XJK-TTR,,200 W 3rd St Lobby,Newport,KY,41071,9,Queen City Wild Eggs,Wild Eggs #9 (Queen City Wild Eggs),10/16/2025 7:15 AM,10/09/2025 11:21 AM,$181.00 ,$0.00 ,$0.00 ,($27.15),$0.00 ,$0.00 ,$27.15 ,($5.41),$0.00 ,$0.00 ,0,0,0,175.59,Completed,ach,Marketplace Takeout,,N/A,,,
G6X-0X6,Dr Nolan,4119 Browns Ln Suite 1,Louisville,KY,40220,1,Dupont,Wild Eggs #1 (Dupont),10/16/2025 8:00 AM,10/15/2025 12:05 PM,$130.00 ,$0.00 ,$35.00 ,($24.75),$9.90 ,($9.90),$6.00 ,($5.23),$0.00 ,$0.00 ,0,0,0,141.02,Completed,ach,Marketplace Delivery,,Linda T,,,
5HM-PT0,Mona Dermatology,7730 Montgomery Rd,Cincinnati,OH,45236,8,Oakley,Wild Eggs #8 (Oakley),10/16/2025 8:15 AM,10/14/2025 10:45 AM,$455.00 ,$0.00 ,$35.00 ,($73.50),$0.00 ,$0.00 ,$91.00 ,($14.65),$0.00 ,$0.00 ,0,0,0,492.85,Completed,ach,Marketplace Delivery,,Monica Craig,,,
WH6-KXH,Graves Gilbert Derm,1065 Ashley St Ste 200 second floor,Bowling Green,KY,42103,14,Bowling Green,Wild Eggs #14 (Bowling Green),10/16/2025 7:45 AM,10/10/2025 11:44 AM,$464.00 ,$0.00 ,$35.00 ,($74.85),$29.94 ,($29.94),$15.00 ,($15.82),$0.00 ,$0.00 ,0,0,0,423.33,Completed,ach,Marketplace Delivery,,Jamie Thomas,,,
56Y-103,HDR INC,9999 Carver Rd Suite 210,Cincinnati,OH,45242,8,Oakley,Wild Eggs #8 (Oakley),10/16/2025 9:00 AM,10/08/2025 10:37 AM,$645.00 ,$0.00 ,$35.00 ,($102.00),$0.00 ,$0.00 ,$30.00 ,($20.33),$0.00 ,$0.00 ,0,0,0,587.67,Completed,ach,Marketplace Delivery,,Monica Craig,,,
MFK-4Y3,Indianopolis Motor Speedway,4790 W 16th St,Indianapolis,IN,46222,15,Avon,Wild Eggs #15 (Avon),10/16/2025 9:30 AM,10/06/2025 6:27 PM,$130.00 ,$0.00 ,$35.00 ,($24.75),$14.85 ,($11.55),$19.50 ,($5.38),$0.00 ,$0.00 ,0,0,0,157.67,Completed,ach,Marketplace Delivery,,Rachael Pyle,,,
V68-80F,Alberici - St. Louis,8800 Page Ave,St. Louis,MO,63114,,West Oak,CBW- Crazy Bowls and Wraps (West Oak),10/16/2025 10:45 AM,10/10/2025 8:56 AM,$292.50 ,$0.00 ,$20.00 ,($46.88),$26.29 ,$0.00 ,$0.00 ,($10.13),$0.00 ,$0.00 ,-30,0,0,251.78,Completed,ach,Marketplace Takeout,bossday,Dispatch,,,
3J1-1GQ,"Takeout from Edwardsville, IL",,Edwardsville,IL,,,Edwardsville,CBW- Crazy Bowls and Wraps (Edwardsville),10/16/2025 11:15 AM,10/15/2025 11:51 AM,$256.50 ,$0.00 ,$0.00 ,($38.48),$19.49 ,($19.49),$20.00 ,($8.25),$0.00 ,$0.00 ,0,0,0,229.77,Completed,ach,Marketplace Takeout,,N/A,,,
QE2-UZ7,Missouri Baptist medical center,3015 N Ballas Rd Auditorium 3,St. Louis,MO,63131,,West Oak,CBW- Crazy Bowls and Wraps (West Oak),10/16/2025 11:18 AM,10/15/2025 8:51 AM,$373.35 ,$0.00 ,$20.00 ,($59.00),$33.56 ,$0.00 ,$0.00 ,($12.76),$0.00 ,$0.00 ,-37.34,0,0,317.81,Completed,ach,Marketplace Takeout,,Dispatch,,,
RRC-C8Q,Swansea Internal Medicine,4 Park Place,Swansea,IL,62226,,Shiloh,CBW- Crazy Bowls and Wraps (Shiloh),10/16/2025 11:19 AM,10/13/2025 11:35 AM,$344.85 ,$0.00 ,$20.00 ,($54.73),$28.79 ,($28.79),$0.00 ,($11.77),$0.00 ,$0.00 ,-34.48,0,0,263.87,Completed,ach,Marketplace Takeout,,Dispatch,,,
TY5-QK9,Becker Library,660 S Euclid Ave,St. Louis,MO,63110,,Lindell/SLU,CBW- Crazy Bowls and Wraps (Lindell/SLU),10/16/2025 11:35 AM,10/14/2025 2:22 PM,$205.80 ,$0.00 ,$20.00 ,($33.87),$0.00 ,$0.00 ,$0.00 ,($6.75),$0.00 ,$0.00 ,-30,0,0,155.18,Completed,ach,Marketplace Takeout,,Dispatch,,,
FTZ-0HZ,Saint Louis MHB,701 Market St Suite 200,St. Louis,MO,63101,,Lindell/SLU,CBW- Crazy Bowls and Wraps (Lindell/SLU),10/16/2025 4:01 PM,10/13/2025 8:57 AM,$200.45 ,$0.00 ,$20.00 ,($33.07),$0.00 ,$0.00 ,$0.00 ,($6.59),$0.00 ,$0.00 ,-30,0,0,150.79,Completed,ach,Marketplace Takeout,,Dispatch,,,
ERZ-U24,Racing Louisville FC,801 Edith Rd,Louisville,KY,40206,4,Mercantile,Wild Eggs #4 (Mercantile),10/18/2025 7:15 AM,10/16/2025 11:05 PM,$259.00 ,$0.00 ,$35.00 ,($44.10),$17.64 ,($17.64),$20.00 ,($9.32),$0.00 ,$0.00 ,0,0,0,260.58,Completed,ach,Marketplace Delivery,,Bayley Brown,,,
34C-MR4,Southeast Christian Church Prospect Campus,12650 W U.S. Hwy 42,Prospect,KY,40059,2,Westport,Wild Eggs #2 (Westport),10/19/2025 8:00 AM,10/14/2025 3:45 PM,$180.00 ,$0.00 ,$35.00 ,($32.25),$0.00 ,$0.00 ,$27.00 ,($6.43),$0.00 ,$0.00 ,0,0,0,203.32,Completed,ach,Marketplace Delivery,,Kortney Cole,,,
CYJ-EQ0,Southeast Christian Church,6201 Crestwood Station,Crestwood,KY,40014,3,Landis,Wild Eggs #3 (Landis),10/19/2025 8:45 AM,10/07/2025 2:51 PM,$182.00 ,$0.00 ,$35.00 ,($32.55),$0.00 ,$0.00 ,$18.20 ,($6.49),$0.00 ,$0.00 ,0,0,0,196.16,Completed,ach,Marketplace Delivery,,Ally Kennedy,,,
49Y-UQJ,Trask - Saint Louis Chess Club,4663 Maryland Ave,St. Louis,MO,63108,,Rock Hill/Glendale,CBW- Crazy Bowls and Wraps (Rock Hill/Glendale),10/19/2025 10:26 AM,10/16/2025 3:44 PM,$420.05 ,$0.00 ,$20.00 ,($66.01),$0.00 ,$0.00 ,$0.00 ,($13.16),$0.00 ,$0.00 ,-42,0,0,318.88,Completed,ach,Marketplace Takeout,,Dispatch,,,
67A-HQ1,TriHealth Pharmacy Solutions,4623 Wesley Ave,Cincinnati,OH,45212,8,Oakley,Wild Eggs #8 (Oakley),10/20/2025 7:45 AM,10/16/2025 3:03 PM,$716.00 ,$0.00 ,$35.00 ,($112.65),$0.00 ,$0.00 ,$25.00 ,($22.45),$0.00 ,$0.00 ,0,0,0,640.9,Completed,ach,Marketplace Delivery,,Amanda shannon,,,
51X-TR0,SSM SLUCare Academic Pavilion,"1008 S Spring Ave 1st Floor, conference room 1001",St. Louis,MO,63110,18,South City,CBW- Crazy Bowls and Wraps #18 (South City),10/20/2025 7:07 AM,10/01/2025 1:38 PM,$130.00 ,$0.00 ,$20.00 ,($22.50),$17.13 ,$0.00 ,$0.00 ,($5.00),$0.00 ,$0.00 ,-30,0,0,109.63,Completed,ach,Marketplace Takeout,,Dispatch,,,
JY7-PVH,Vision source,335 New Towne Dr,Bowling Green,KY,42103,14,Bowling Green,Wild Eggs #14 (Bowling Green),10/20/2025 7:45 AM,10/18/2025 8:11 PM,$357.00 ,$0.00 ,$35.00 ,($58.80),$23.52 ,($23.52),$20.00 ,($12.42),$0.00 ,$0.00 ,0,0,0,340.78,Completed,ach,Marketplace Delivery,,N/A,,,
7GK-Q09,Cummins DHL,5635 Graham Rd,Whiteland,IN,46184,16,Greenwood,Wild Eggs #16 (Greenwood),10/20/2025 11:15 AM,10/14/2025 11:22 AM,$380.00 ,$0.00 ,$35.00 ,($62.25),$37.35 ,($29.05),$10.00 ,($13.53),$0.00 ,$0.00 ,0,0,0,357.52,Completed,ach,Marketplace Delivery,,Kali Warren,,,
77X-HME,Distinctive Dermatology,390 Office Ct,Fairview Heights,IL,62208,,Shiloh,CBW- Crazy Bowls and Wraps (Shiloh),10/20/2025 10:32 AM,10/16/2025 8:13 AM,$469.95 ,$0.00 ,$20.00 ,($73.49),$39.24 ,($39.24),$0.00 ,($15.82),$0.00 ,$0.00 ,-47,0,0,353.64,Completed,ach,Marketplace Takeout,,Dispatch,,,
H3U-1TG,Lemonaid Pharmacy,1701 Macklind Ave Suite 300,St. Louis,MO,63110,,West Oak,CBW- Crazy Bowls and Wraps (West Oak),10/20/2025 11:15 AM,10/07/2025 10:11 AM,$249.30 ,$0.00 ,$25.00 ,($37.40),$22.41 ,$0.00 ,$24.93 ,($8.87),$0.00 ,$0.00 ,0,0,0,275.37,Completed,ach,Meal Program,,,,,
QQX-Q3R,Sensient Colors,2515 N Jefferson Ave Executive Building,St. Louis,MO,63106,,Lindell/SLU,CBW- Crazy Bowls and Wraps (Lindell/SLU),10/20/2025 11:21 AM,10/13/2025 4:15 PM,$189.60 ,$0.00 ,$20.00 ,($31.44),$24.99 ,$0.00 ,$0.00 ,($7.01),$0.00 ,$0.00 ,-30,0,0,166.14,Completed,ach,Marketplace Takeout,,Dispatch,,,
QTR-2J3,ICL Specialty Products,8201 Idaho Ave NA,St. Louis,MO,63111,,Tesson,CBW- Crazy Bowls and Wraps (Tesson),10/20/2025 11:29 AM,10/17/2025 2:27 PM,$184.48 ,$0.00 ,$20.00 ,($30.67),$14.28 ,$0.00 ,$0.00 ,($6.54),$0.00 ,$0.00 ,-30,0,0,151.55,Completed,ach,Marketplace Takeout,,Dispatch,,,
ECJ-Z4G,Private residence,225 Surrey Hill Rd,Noblesville,IN,46062,7,Fishers,Wild Eggs #07 (Fishers),10/21/2025 7:45 AM,10/15/2025 8:58 PM,$228.00 ,$0.00 ,$35.00 ,($39.45),$23.67 ,($18.41),$45.60 ,($8.57),$0.00 ,$0.00 ,0,0,0,265.84,Completed,ach,Marketplace Delivery,,Carmen Sanchez,,,
RCF-0XZ,Dr fraser graves gilbert clinic rheumatology,2724 Nashville Rd,Bowling Green,KY,42101,14,Bowling Green,Wild Eggs #14 (Bowling Green),10/21/2025 8:00 AM,10/16/2025 1:11 PM,$206.00 ,$0.00 ,$35.00 ,($36.15),$14.46 ,($14.46),$30.90 ,($7.64),$0.00 ,$0.00 ,0,0,0,228.11,Completed,ach,Marketplace Delivery,,Jamie Thomas,,,
7M3-QJC,HSHS St. Elizabeth’s Neurology,3 St Elizabeth's Blvd Suite 5000,O'Fallon,IL,62269,,Shiloh,CBW- Crazy Bowls and Wraps (Shiloh),10/21/2025 11:10 AM,10/20/2025 11:39 AM,$350.45 ,$0.00 ,$20.00 ,($55.57),$29.26 ,($29.26),$0.00 ,($11.95),$0.00 ,$0.00 ,-35.04,0,0,267.89,Completed,ach,Marketplace Takeout,,Dispatch,,,
G18-Z4U,,12634 Olive Blvd,St. Louis,MO,63141,,Creve Coeur,CBW- Crazy Bowls and Wraps (Creve Coeur),10/21/2025 11:30 AM,10/19/2025 11:36 AM,$120.50 ,$0.00 ,$0.00 ,($18.08),$10.53 ,$0.00 ,$10.00 ,($3.92),$0.00 ,$0.00 ,0,0,0,119.03,Completed,ach,Marketplace Takeout,,N/A,,,
PX7-59E,,,Louisville,KY,,3,Landis,Wild Eggs #3 (Landis),10/22/2025 7:30 AM,10/20/2025 12:42 PM,$58.00 ,$0.00 ,$0.00 ,($8.70),$3.48 ,($3.48),$8.70 ,($1.84),$0.00 ,$0.00 ,0,0,0,56.16,Completed,ach,Marketplace Takeout,,N/A,,,
6CZ-75A,Nicki Powell,7980 Clayton Rd,Richmond Heights,MO,63117,,Forsyth/Clayton,CBW- Crazy Bowls and Wraps (Forsyth/Clayton),10/22/2025 10:36 AM,10/21/2025 10:38 AM,$357.50 ,$0.00 ,$20.00 ,($56.63),$0.00 ,$0.00 ,$0.00 ,($11.29),$0.00 ,$0.00 ,-35.75,0,0,273.83,Completed,ach,Marketplace Takeout,,Dispatch,,,
6A8-980,Hunter Engineering - c/o Jim T,"11250 Hunter Dr Building ""A""",Bridgeton,MO,63044,,West Oak,CBW- Crazy Bowls and Wraps (West Oak),10/22/2025 10:58 AM,10/16/2025 8:15 PM,$411.60 ,$0.00 ,$20.00 ,($64.74),$36.99 ,$0.00 ,$0.00 ,($14.01),$0.00 ,$0.00 ,-41.16,0,0,348.68,Completed,ach,Marketplace Takeout,,Dispatch,,,
8CE-GUU,Core & Main,1830 Craig Park Ct,St. Louis,MO,63146,,West Oak,CBW- Crazy Bowls and Wraps (West Oak),10/22/2025 11:05 AM,10/13/2025 6:41 PM,$672.20 ,$0.00 ,$20.00 ,($103.83),$60.42 ,$0.00 ,$0.00 ,($22.50),$0.00 ,$0.00 ,-67.22,0,0,559.07,Completed,ach,Marketplace Takeout,,Dispatch,,,
EKC-JT4,"Washington University School of Medicine, Mid Campus Center (MCC)",4590 Nash Wy 11th floor,St. Louis,MO,63110,,Lindell/SLU,CBW- Crazy Bowls and Wraps (Lindell/SLU),10/22/2025 11:06 AM,10/21/2025 11:55 AM,$321.18 ,$0.00 ,$20.00 ,($51.18),$0.00 ,$0.00 ,$0.00 ,($10.20),$0.00 ,$0.00 ,-32.12,0,0,247.68,Completed,ach,Marketplace Takeout,,Dispatch,,,
EUQ-2FH,PwC,6 Cardinal Way 11th Floor 11th Floor,St. Louis,MO,63102,,Lindell/SLU,CBW- Crazy Bowls and Wraps (Lindell/SLU),10/22/2025 11:20 AM,10/21/2025 10:55 AM,$156.00 ,$0.00 ,$20.00 ,($26.40),$20.56 ,$0.00 ,$0.00 ,($5.88),$0.00 ,$0.00 ,-30,0,0,134.28,Completed,ach,Marketplace Takeout,,Dispatch,,,
MC7-YUQ,United Way Building Downtown St. Louis,910 N 11th St The Gateway Room,St. Louis,MO,63101,,Lindell/SLU,CBW- Crazy Bowls and Wraps (Lindell/SLU),10/22/2025 11:32 AM,10/15/2025 1:21 PM,$243.35 ,$0.00 ,$20.00 ,($39.50),$0.00 ,$0.00 ,$0.00 ,($7.87),$0.00 ,$0.00 ,-30,0,0,185.98,Completed,ach,Marketplace Takeout,,Dispatch,,,
15J-G7F,Ssm st marys,6420 Clayton Rd Respiratory therapy,Richmond Heights,MO,63117,,Forsyth/Clayton,CBW- Crazy Bowls and Wraps (Forsyth/Clayton),10/22/2025 11:38 AM,10/20/2025 9:13 AM,$129.80 ,$0.00 ,$20.00 ,($22.47),$13.61 ,$0.00 ,$0.00 ,($4.89),$0.00 ,$0.00 ,-30,0,0,106.05,Completed,ach,Marketplace Takeout,,Dispatch,,,
8G6-PPV,,,Creve Coeur,MO,63141,,Creve Coeur,CBW- Crazy Bowls and Wraps (Creve Coeur),10/22/2025 11:45 AM,10/21/2025 4:02 PM,$92.65 ,$0.00 ,$0.00 ,($13.90),$8.10 ,$0.00 ,$5.00 ,($3.01),$0.00 ,$0.00 ,0,0,0,88.84,Completed,ach,Marketplace Takeout,,N/A,,,
VA7-YY9,Marathon Health,10 W Market St 2nd floor,Indianapolis,IN,46204,6,Pulliam,Wild Eggs #6 (Pulliam),10/23/2025 7:00 AM,09/24/2025 2:57 PM,$499.00 ,$0.00 ,$35.00 ,($80.10),$48.06 ,($37.38),$99.80 ,($17.40),$0.00 ,$0.00 ,0,0,0,546.98,Completed,ach,Marketplace Delivery,,Skylar Greene,,,
555-ZK0,Eureka Ranch/Dexter Distillery,3849 Edwards Rd,Newtown,OH,45244,8,Oakley,Wild Eggs #8 (Oakley),10/23/2025 7:00 AM,10/15/2025 10:05 AM,$300.00 ,$0.00 ,$35.00 ,($50.25),$0.00 ,$0.00 ,$60.00 ,($10.02),$0.00 ,$0.00 ,0,0,0,334.73,Completed,ach,Marketplace Delivery,,jane sillett,,,
HXK-155,"Takeout from New Albany, IN",,New Albany,IN,47150,13,New Albany,Wild Eggs #13 (New Albany),10/23/2025 7:15 AM,10/22/2025 12:08 PM,$239.00 ,$0.00 ,$0.00 ,($35.85),$16.73 ,($16.73),$25.00 ,($7.65),$0.00 ,$0.00 ,0,0,0,220.5,Completed,ach,Marketplace Takeout,,N/A,,,
TUC-AKQ,Metro Unite Way,Metro United Way Inc 334 E Broadway,Louisville,KY,40202,4,Mercantile,Wild Eggs #4 (Mercantile),10/23/2025 8:00 AM,10/18/2025 11:49 AM,$638.00 ,$0.00 ,$35.00 ,($100.95),$40.38 ,($40.38),$30.00 ,($21.33),$0.00 ,$0.00 ,0,0,0,580.72,Completed,ach,Marketplace Delivery,,Jessica Lavoi,,,
UYA-ZUH,Indiana Donor Network,3750 Guion Rd 4th Floor,Indianapolis,IN,46222,6,Pulliam,Wild Eggs #6 (Pulliam),10/23/2025 8:15 AM,10/14/2025 11:06 AM,$329.00 ,$0.00 ,$35.00 ,($54.60),$32.76 ,($25.48),$49.35 ,($11.86),$0.00 ,$0.00 ,0,0,0,354.17,Completed,ach,Marketplace Delivery,,Skylar Greene,,,
M40-4KU,United Way Building Downtown St. Louis,910 N 11th St The Gateway Room,St. Louis,MO,63101,18,South City,CBW- Crazy Bowls and Wraps #18 (South City),10/23/2025 7:17 AM,10/15/2025 1:39 PM,$112.50 ,$0.00 ,$20.00 ,($19.88),$0.00 ,$0.00 ,$0.00 ,($3.96),$0.00 ,$0.00 ,-30,0,0,78.66,Completed,ach,Marketplace Takeout,,Dispatch,,,
VCY-PZ8,Kresge Circle,231 Albert Sabin Way,Cincinnati,OH,45267,9,Queen City Wild Eggs,Wild Eggs #9 (Queen City Wild Eggs),10/23/2025 8:45 AM,10/20/2025 5:28 PM,$270.00 ,$0.00 ,$35.00 ,($45.75),$0.00 ,$0.00 ,$27.00 ,($9.12),$0.00 ,$0.00 ,0,0,0,277.13,Completed,ach,Marketplace Delivery,,Shirelle Bloom,,,
HC5-7MG,Aspire Software,390 S Woods Mill Rd ste 300 - 3rd floor,Chesterfield,MO,63017,,West Oak,CBW- Crazy Bowls and Wraps (West Oak),10/23/2025 10:45 AM,10/07/2025 10:12 AM,$143.58 ,$0.00 ,$25.00 ,($21.54),$12.90 ,$0.00 ,$28.72 ,($5.43),$0.00 ,$0.00 ,0,0,0,183.23,Completed,ach,Meal Program,,,,,
7FM-EU3,Spark Coworking - St. Louis,6 Cardinal Wy Suite 905,St. Louis,MO,63102,,Lindell/SLU,CBW- Crazy Bowls and Wraps (Lindell/SLU),10/23/2025 11:17 AM,10/22/2025 2:34 AM,$695.85 ,$0.00 ,$20.00 ,($107.38),$91.71 ,$0.00 ,$0.00 ,($24.15),$0.00 ,$0.00 ,-69.58,0,0,606.45,Completed,ach,Marketplace Takeout,,Dispatch,,,
F87-JP6,Mercy South,10004 Kennerly Rd 374B,St. Louis,MO,63128,,Tesson,CBW- Crazy Bowls and Wraps (Tesson),10/23/2025 11:26 AM,10/22/2025 1:58 PM,$117.60 ,$0.00 ,$20.00 ,($20.64),$9.10 ,$0.00 ,$0.00 ,($4.39),$0.00 ,$0.00 ,-30,0,0,91.67,Completed,ach,Marketplace Takeout,,Dispatch,,,
J06-X3U,University of Louisville/Clinical Translational Research Building (CTR),505 S Hancock St 1st Floor Room 124 1,Louisville,KY,40202,4,Mercantile,Wild Eggs #4 (Mercantile),10/24/2025 7:00 AM,10/23/2025 11:43 AM,$155.00 ,$0.00 ,$35.00 ,($28.50),$0.00 ,$0.00 ,$10.00 ,($5.68),$0.00 ,$0.00 ,0,0,0,165.82,Completed,ach,Marketplace Delivery,,Bayley Brown,,,
JJG-9JE,Procter Gamble,5289 Vine St Lobby,Cincinnati,OH,45217,8,Oakley,Wild Eggs #8 (Oakley),10/24/2025 7:45 AM,10/20/2025 1:21 PM,$476.00 ,$0.00 ,$35.00 ,($35.77),$0.00 ,$0.00 ,$20.00 ,($15.28),$0.00 ,$0.00 ,0,0,0,479.95,Completed,ach,ezOrdering Delivery,,Kenzie Kolb,,,
F4H-T5U,"Takeout from Cincinnati, OH",1624 Herald Ave,Cincinnati,OH,45207,8,Oakley,Wild Eggs #8 (Oakley),10/24/2025 8:00 AM,10/19/2025 9:34 AM,$298.00 ,$0.00 ,$0.00 ,($44.70),$0.00 ,$0.00 ,$30.00 ,($8.91),($26.00),$0.00 ,0,0,0,248.39,Completed,ach,Marketplace Takeout,,N/A,,,
Q5R-52Z,Cincinnati Children's Hospital Medical Center,3333 Burnet Ave Location B drive up,Cincinnati,OH,45229,8,Oakley,Wild Eggs #8 (Oakley),10/24/2025 8:00 AM,10/22/2025 12:06 PM,$278.00 ,$0.00 ,$35.00 ,($46.95),$0.00 ,$0.00 ,$40.00 ,($9.36),$0.00 ,$0.00 ,0,0,0,296.69,Completed,ach,Marketplace Delivery,,Kenzie Kolb,,,
JFK-ZWP,Mitek,1250 Interstate Dr,Wentzville,MO,63385,,Wentzville,CBW- Crazy Bowls and Wraps (Wentzville),10/24/2025 10:34 AM,10/23/2025 3:43 PM,$379.80 ,$0.00 ,$20.00 ,($59.97),$39.69 ,$0.00 ,$0.00 ,($13.14),$0.00 ,$0.00 ,-37.98,0,0,328.4,Completed,ach,Marketplace Takeout,,Dispatch,,,
KH7-0RC,Tanoli,224 S Woods Mill Rd 500,Chesterfield,MO,63017,,Creve Coeur,CBW- Crazy Bowls and Wraps (Creve Coeur),10/24/2025 10:36 AM,10/20/2025 11:02 AM,$336.45 ,$0.00 ,$20.00 ,($53.47),$29.40 ,$0.00 ,$0.00 ,($11.54),$0.00 ,$0.00 ,-33.64,0,0,287.2,Completed,ach,Marketplace Takeout,,Dispatch,,,
5CA-9V0,12303 DePaul Drive,12303 De Paul Dr May Center,Bridgeton,MO,63044,,Lindenwood,CBW- Crazy Bowls and Wraps (Lindenwood),10/24/2025 11:02 AM,10/20/2025 12:23 PM,$270.00 ,$0.00 ,$20.00 ,($43.50),$26.86 ,$0.00 ,$0.00 ,($9.47),($12.00),$0.00 ,-30,0,0,221.89,Completed,ach,Marketplace Takeout,,Dispatch,,,
2YQ-Y7R,Delmar Divine,5535 Delmar Blvd Building #2 & Conference Room 9,St. Louis,MO,63112,,Lindell/SLU,CBW- Crazy Bowls and Wraps (Lindell/SLU),10/24/2025 11:34 AM,10/13/2025 4:28 PM,$204.15 ,$0.00 ,$20.00 ,($33.62),$0.00 ,$0.00 ,$0.00 ,($6.70),$0.00 ,$0.00 ,-30,0,0,153.83,Completed,ach,Marketplace Takeout,,Dispatch,,,
X0G-3EV,Residence Inn Old Henry,2510 Terra Crossing Blvd Conference Room,Louisville,KY,40245,3,Landis,Wild Eggs #3 (Landis),10/26/2025 8:30 AM,10/17/2025 1:46 PM,$660.00 ,$0.00 ,$35.00 ,($48.65),$41.70 ,($41.70),$132.00 ,($22.03),$0.00 ,$0.00 ,0,0,0,756.32,Completed,ach,ezOrdering Delivery,,N/A,,,
VVU-FCQ,Traders Point Christian Church,2350 E 62nd St Apt# 2307,Indianapolis,IN,46220,6,Pulliam,Wild Eggs #6 (Pulliam),10/26/2025 8:30 AM,10/22/2025 1:38 PM,$251.00 ,$0.00 ,$35.00 ,($42.90),$0.00 ,$0.00 ,$25.10 ,($8.55),$0.00 ,$0.00 ,0,0,0,259.65,Completed,ach,Marketplace Delivery,,Skylar Greene,,,
MWK-8VH,Racing Louisville FC,801 Edith Rd,Louisville,KY,40206,4,Mercantile,Wild Eggs #4 (Mercantile),10/26/2025 8:30 AM,10/23/2025 10:58 AM,$235.00 ,$0.00 ,$35.00 ,($40.50),$16.20 ,($16.20),$25.00 ,($8.56),$0.00 ,$0.00 ,0,0,0,245.94,Completed,ach,Marketplace Delivery,,Bayley Brown,,,
4CJ-CUX,Holiday Inn Express & Suites Cincinnati Riverfront,200 Crescent Ave,Covington,KY,41011,9,Queen City Wild Eggs,Wild Eggs #9 (Queen City Wild Eggs),10/26/2025 9:00 AM,10/17/2025 1:40 PM,$176.00 ,$0.00 ,$35.00 ,($31.65),$0.00 ,$0.00 ,$35.20 ,($6.31),$0.00 ,$0.00 ,0,0,0,208.24,Completed,ach,Marketplace Delivery,,Shirelle Bloom,,,
CTA-4K6,Brown cancer center radiation oncology,529 S Jackson St Basement radiation department radiation oncology,Louisville,KY,40202,4,Mercantile,Wild Eggs #4 (Mercantile),10/27/2025 8:15 AM,10/25/2025 9:53 PM,$525.00 ,$0.00 ,$35.00 ,($84.00),$33.60 ,($33.60),$20.00 ,($17.75),$0.00 ,$0.00 ,0,0,0,478.25,Completed,ach,Marketplace Delivery,,Bayley Brown,,,
0Z5-2M4,UC Endo,9275 Montgomery Rd ste 400,Cincinnati,OH,45242,8,Oakley,Wild Eggs #8 (Oakley),10/27/2025 8:30 AM,10/23/2025 1:25 PM,$173.00 ,$0.00 ,$35.00 ,($31.20),$0.00 ,$0.00 ,$15.00 ,($6.22),$0.00 ,$0.00 ,0,0,0,185.58,Completed,ach,Marketplace Delivery,,Mikaley Karuna,,,
4A1-ZVZ,University Tower / Silverback Studios,1034 S Brentwood Blvd Floor 16,Richmond Heights,MO,63117,,Lindell/SLU,CBW- Crazy Bowls and Wraps (Lindell/SLU),10/27/2025 10:31 AM,10/22/2025 1:09 PM,$247.95 ,$0.00 ,$20.00 ,($40.19),$0.00 ,$0.00 ,$0.00 ,($8.01),$0.00 ,$0.00 ,-30,0,0,189.75,Completed,ach,Marketplace Takeout,,Dispatch,,,
ETQ-EF4,Anderson Medical Group- Gastroenterology,6812 IL-162 Suite 204,Maryville,IL,62062,,Edwardsville,CBW- Crazy Bowls and Wraps (Edwardsville),10/27/2025 11:16 AM,10/24/2025 7:08 PM,$314.20 ,$0.00 ,$20.00 ,($50.13),$23.88 ,($23.88),$0.00 ,($10.71),$0.00 ,$0.00 ,-31.42,0,0,241.94,Completed,ach,Marketplace Takeout,,Dispatch,,,
FP1-WHU,"Hotel Covington, OMS Photo",638 Madison Ave,Covington,KY,41011,9,Queen City Wild Eggs,Wild Eggs #9 (Queen City Wild Eggs),10/28/2025 8:15 AM,10/23/2025 3:53 PM,$148.00 ,$0.00 ,$35.00 ,($27.45),$0.00 ,$0.00 ,$22.20 ,($5.47),$0.00 ,$0.00 ,0,0,0,172.28,Completed,ach,Marketplace Delivery,,Shirelle Bloom,,,
TWX-X37,Cincinnati GI Anderson,7661 Beechmont Ave,Cincinnati,OH,45255,9,Queen City Wild Eggs,Wild Eggs #9 (Queen City Wild Eggs),10/28/2025 8:15 AM,10/27/2025 10:05 AM,$484.00 ,$0.00 ,$35.00 ,($77.85),$0.00 ,$0.00 ,$72.60 ,($15.52),$0.00 ,$0.00 ,0,0,0,498.23,Completed,ach,Marketplace Delivery,,Arissa Robinson,,,
35P-80K,Melvin S Gale & Associates,4229 Malsbary Rd 102,Blue Ash,OH,45242,8,Oakley,Wild Eggs #8 (Oakley),10/28/2025 8:45 AM,10/27/2025 8:07 AM,$140.00 ,$0.00 ,$35.00 ,($26.25),$0.00 ,$0.00 ,$14.00 ,($5.23),$0.00 ,$0.00 ,0,0,0,157.52,Completed,ach,Marketplace Delivery,,Sara Gaskill,,,
HC8-HMP,Graves Gilbert,1065 Ashley St 2nd flr,Bowling Green,KY,42103,14,Bowling Green,Wild Eggs #14 (Bowling Green),10/28/2025 7:45 AM,10/27/2025 11:36 AM,$678.00 ,$0.00 ,$35.00 ,($106.95),$42.78 ,($42.78),$80.00 ,($22.60),$0.00 ,$0.00 ,0,0,0,663.45,Completed,ach,Marketplace Delivery,,Jamie Thomas,,,
9Y8-5ZR,Graves gilbert oncology,201 Park St 301,Bowling Green,KY,42101,14,Bowling Green,Wild Eggs #14 (Bowling Green),10/28/2025 8:15 AM,10/27/2025 11:48 AM,$472.00 ,$0.00 ,$35.00 ,($76.05),$30.42 ,($30.42),$70.80 ,($16.07),$0.00 ,$0.00 ,0,0,0,485.68,Completed,ach,Marketplace Delivery,,Jamie Thomas,,,
77W-6JA,Plancorp LLC,540 Maryville Centre Dr Suite 105,St. Louis,MO,63141,,Creve Coeur,CBW- Crazy Bowls and Wraps (Creve Coeur),10/28/2025 10:59 AM,10/15/2025 2:07 PM,$825.00 ,$0.00 ,$20.00 ,($126.75),$72.09 ,$0.00 ,$0.00 ,($27.42),$0.00 ,$0.00 ,-82.5,0,0,680.42,Completed,ach,Marketplace Takeout,,Dispatch,,,
H05-21E,Jacobs,1001 Highlands Plaza Dr Suite 400,St. Louis,MO,63110,,Lindell/SLU,CBW- Crazy Bowls and Wraps (Lindell/SLU),10/28/2025 11:05 AM,10/27/2025 6:48 PM,$189.60 ,$0.00 ,$20.00 ,($31.44),$24.99 ,$0.00 ,$0.00 ,($7.01),$0.00 ,$0.00 ,-30,0,0,166.14,Completed,ach,Marketplace Takeout,,Dispatch,,,
VXT-1VY,Ernst & Young,7676 Forsyth Blvd 2600 2600,Clayton,MO,63105,,Forsyth/Clayton,CBW- Crazy Bowls and Wraps (Forsyth/Clayton),10/29/2025 10:27 AM,10/27/2025 4:54 PM,$146.95 ,$0.00 ,$20.00 ,($25.04),$15.41 ,$0.00 ,$0.00 ,($5.45),$0.00 ,$0.00 ,-30,0,0,121.87,Completed,ach,Marketplace Takeout,,Dispatch,,,
0ZJ-60R,Weil Hall (Sam Fox School at WashU),1 Wrighton Wy Weil 105,St. Louis,MO,63105,,Lindell/SLU,CBW- Crazy Bowls and Wraps (Lindell/SLU),10/29/2025 11:01 AM,10/22/2025 3:17 PM,$528.50 ,$0.00 ,$20.00 ,($82.28),$0.00 ,$0.00 ,$0.00 ,($16.40),$0.00 ,$0.00 ,-52.85,0,0,396.97,Completed,ach,Marketplace Takeout,,Dispatch,,,
H6T-4G6,Ladue Horton Watkins High School,1201 Warson Rd,St. Louis,MO,63124,,Lindell/SLU,CBW- Crazy Bowls and Wraps (Lindell/SLU),10/29/2025 3:53 PM,10/28/2025 2:14 PM,$265.40 ,$0.00 ,$20.00 ,($42.81),$0.00 ,$0.00 ,$0.00 ,($8.53),$0.00 ,$0.00 ,-30,0,0,204.06,Completed,ach,Marketplace Takeout,,Dispatch,,,
HKX-581,Mercer,400 West Market St Suite 500,Louisville,KY,40202,4,Mercantile,Wild Eggs #4 (Mercantile),10/30/2025 7:15 AM,10/24/2025 1:59 PM,$595.00 ,$0.00 ,$35.00 ,($94.50),$37.80 ,($37.80),$119.00 ,($19.97),$0.00 ,$0.00 ,0,0,0,634.53,Completed,ach,Marketplace Delivery,,Johnny Snawder,,,
QUX-FYT,Tri Health,10600 Montgomery Rd 300,Cincinnati,OH,45242,8,Oakley,Wild Eggs #8 (Oakley),10/30/2025 7:30 AM,10/28/2025 6:48 PM,$459.00 ,$0.00 ,$35.00 ,($74.10),$0.00 ,$0.00 ,$35.00 ,($14.77),$0.00 ,$0.00 ,0,0,0,440.13,Completed,ach,Marketplace Delivery,,Emma Burstein,,,
JVU-QJW,Curium,2703 Wagner Pl,Maryland Heights,MO,63043,,West Oak,CBW- Crazy Bowls and Wraps (West Oak),10/30/2025 11:16 AM,10/28/2025 12:43 PM,$241.50 ,$0.00 ,$20.00 ,($39.23),$21.71 ,$0.00 ,$0.00 ,($8.47),$0.00 ,$0.00 ,-30,0,0,205.51,Completed,ach,Marketplace Takeout,,Dispatch,,,
EYK-72J,"Community and Long Term Care Psychiatry, LLC",10004 Kennerly Rd 362B,St. Louis,MO,63128,,Tesson,CBW- Crazy Bowls and Wraps (Tesson),10/30/2025 11:27 AM,10/29/2025 1:14 PM,$231.25 ,$0.00 ,$20.00 ,($37.69),$17.89 ,$0.00 ,$0.00 ,($8.05),$0.00 ,$0.00 ,-30,0,0,193.4,Completed,ach,Marketplace Takeout,,Dispatch,,,
VQQ-77Q,WashU/Center for Experiential Learning,"Forsyth Blvd Simon Hall, Suite 100",St. Louis,MO,63130,,Forsyth/Clayton,CBW- Crazy Bowls and Wraps (Forsyth/Clayton),10/30/2025 4:25 PM,10/27/2025 11:02 AM,$151.50 ,$0.00 ,$20.00 ,($25.73),$0.00 ,$0.00 ,$0.00 ,($5.13),$0.00 ,$0.00 ,-30,0,0,110.64,Completed,ach,Marketplace Takeout,,Dispatch,,,
9Q4-4ZT,,,St. Louis,MO,63139,18,South City,CBW- Crazy Bowls and Wraps #18 (South City),10/30/2025 5:45 PM,10/29/2025 2:56 PM,$232.50 ,$0.00 ,$0.00 ,($34.88),$0.00 ,$0.00 ,$23.25 ,($6.95),$0.00 ,$0.00 ,0,0,0,213.92,Completed,ach,Marketplace Takeout,,N/A,,,
1P1-VPU,University of Louisville Dental School,501 S Preston St lobby 1st floor,Louisville,KY,40202,4,Mercantile,Wild Eggs #4 (Mercantile),10/31/2025 7:00 AM,10/20/2025 4:38 PM,$589.00 ,$0.00 ,$35.00 ,($93.60),$0.00 ,$0.00 ,$58.90 ,($18.66),$0.00 ,$0.00 ,0,0,0,570.64,Completed,ach,Marketplace Delivery,,Johnny Snawder,,,
GPY-C67,Norton Pulmonary Associates,100 West Market St,Louisville,KY,40202,4,Mercantile,Wild Eggs #4 (Mercantile),10/31/2025 8:00 AM,10/30/2025 11:27 AM,$333.00 ,$0.00 ,$35.00 ,($55.20),$22.08 ,($22.08),$0.00 ,($11.66),$0.00 ,$0.00 ,0,0,0,301.14,Completed,ach,Marketplace Delivery,,Johnny Snawder,,,
FYH-XEK,Hilton Garden Inn Louisville Downtown,350 West Chestnut St,Louisville,KY,40202,4,Mercantile,Wild Eggs #4 (Mercantile),11/01/2025 8:30 AM,10/29/2025 2:51 PM,$384.00 ,$0.00 ,$35.00 ,($29.33),$25.14 ,($25.14),$0.00 ,($13.28),$0.00 ,$0.00 ,0,0,0,376.39,Completed,ach,ezOrdering Delivery,,Bayley Brown,,,
JMQ-G41,UofL Field Hockey,317 University Blvd,Louisville,KY,40208,4,Mercantile,Wild Eggs #4 (Mercantile),11/01/2025 9:00 AM,10/29/2025 11:21 AM,$455.00 ,$0.00 ,$35.00 ,($73.50),$0.00 ,$0.00 ,$68.25 ,($14.65),$0.00 ,$0.00 ,0,0,0,470.1,Completed,ach,Marketplace Delivery,,Bayley Brown,,,
UZE-7EF,Lochmueller Group,3502 Woodview Trace Suite 150,Indianapolis,IN,46268,5,Carmel,Wild Eggs #5 (Carmel),11/03/2025 8:00 AM,10/28/2025 9:59 AM,$448.00 ,$0.00 ,$35.00 ,($72.45),$43.47 ,($33.81),$89.60 ,($15.74),$0.00 ,$0.00 ,0,0,0,494.07,Completed,ach,Marketplace Delivery,,Lesley Rodela,,,
7A1-9TF,Hilton Garden Inn Louisville Downtown,350 West Chestnut St,Louisville,KY,40202,4,Mercantile,Wild Eggs #4 (Mercantile),11/03/2025 8:30 AM,10/29/2025 2:58 PM,$384.00 ,$0.00 ,$35.00 ,($62.85),$25.14 ,($25.14),$20.00 ,($13.28),$0.00 ,$0.00 ,0,0,0,362.87,Completed,ach,Marketplace Delivery,,Bayley Brown,,,
3QF-GUV,SSM St. Joseph Hospital,300 1st Capitol Dr Interventional Radiology,Saint Charles,MO,63301,,Lindenwood,CBW- Crazy Bowls and Wraps (Lindenwood),11/03/2025 10:25 AM,10/31/2025 6:41 PM,$253.50 ,$0.00 ,$20.00 ,($41.03),$25.22 ,$0.00 ,$0.00 ,($8.93),$0.00 ,$0.00 ,-30,0,0,218.76,Completed,ach,Marketplace Takeout,,Dispatch,,,
XPR-1U3,St Lukes Urology,111 St Luke's Center Dr Suite 24B,Chesterfield,MO,63017,,Rock Hill/Glendale,CBW- Crazy Bowls and Wraps (Rock Hill/Glendale),11/03/2025 10:57 AM,10/31/2025 1:11 PM,$327.83 ,$0.00 ,$20.00 ,($52.17),$30.28 ,$0.00 ,$0.00 ,($11.31),$0.00 ,$0.00 ,-32.78,0,0,281.85,Completed,ach,Marketplace Takeout,,Dispatch,,,
YQR-64K,Benefit Finance Partners,6 Cityplace Dr 4th floor suite 400,Creve Coeur,MO,63141,,West Oak,CBW- Crazy Bowls and Wraps (West Oak),11/03/2025 11:09 AM,10/30/2025 9:42 AM,$449.20 ,$0.00 ,$20.00 ,($70.38),$40.37 ,$0.00 ,$0.00 ,($15.24),$0.00 ,$0.00 ,-44.92,0,0,379.03,Completed,ach,Marketplace Takeout,,Dispatch,,,
556-H1Y,Commerce Connect,56 N Euclid Ave Suite 200,St. Louis,MO,63108,,Lindell/SLU,CBW- Crazy Bowls and Wraps (Lindell/SLU),11/03/2025 11:42 AM,10/30/2025 11:28 AM,$175.00 ,$0.00 ,$20.00 ,($29.25),$0.00 ,$0.00 ,$0.00 ,($5.83),($106.25),$0.00 ,-30,0,0,23.67,Completed,ach,Marketplace Takeout,,Dispatch,,,
9ER-XU9,OneCause,11711 North Meridian St. Suite 310 310,Carmel,IN,46032,5,Carmel,Wild Eggs #5 (Carmel),11/04/2025 7:45 AM,10/31/2025 10:27 AM,"$1,091.00 ",$0.00 ,$35.00 ,($168.90),$101.34 ,($78.82),$109.10 ,($36.70),$0.00 ,$0.00 ,0,0,0,1052.02,Completed,ach,Marketplace Delivery,,Lesley Rodela,,,
4WG-TAE,Hilton Garden Inn Louisville Downtown,350 W Chestnut St,Louisville,KY,40202,4,Mercantile,Wild Eggs #4 (Mercantile),11/04/2025 8:30 AM,11/03/2025 11:21 AM,$319.00 ,$0.00 ,$35.00 ,($53.10),$21.24 ,($21.24),$20.00 ,($11.22),$0.00 ,$0.00 ,0,0,0,309.68,Completed,ach,Marketplace Delivery,,Bayley Brown,,,
R1J-ZCT,Priority Physicians,8333 Naab Rd Suite 360,Indianapolis,IN,46260,5,Carmel,Wild Eggs #5 (Carmel),11/04/2025 11:15 AM,11/03/2025 10:37 AM,$150.00 ,$0.00 ,$35.00 ,($27.75),$16.65 ,($12.95),$22.50 ,($6.03),$0.00 ,$0.00 ,0,0,0,177.42,Completed,ach,Marketplace Delivery,,Lesley Rodela,,,
QW2-QJ8,Keg1 Missouri,3201 Rider Trail S,Earth City,MO,63045,,Lindenwood,CBW- Crazy Bowls and Wraps (Lindenwood),11/04/2025 10:35 AM,11/03/2025 2:56 PM,$220.50 ,$0.00 ,$20.00 ,($36.08),$21.94 ,$0.00 ,$0.00 ,($7.85),($2.12),$0.00 ,-30,0,0,186.39,Completed,ach,Marketplace Takeout,,Dispatch,,,
QFJ-63Z,Political Science Department at WashU,1 Brookings Dr Seigle Hall 230,St. Louis,MO,63130,,Forsyth/Clayton,CBW- Crazy Bowls and Wraps (Forsyth/Clayton),11/04/2025 11:09 AM,10/29/2025 12:34 PM,$102.40 ,$0.00 ,$20.00 ,($18.36),$0.00 ,$0.00 ,$0.00 ,($3.66),$0.00 ,$0.00 ,-30,0,0,70.38,Completed,ach,Marketplace Takeout,,Dispatch,,,
2X5-2XW,BAE Systems,163 Rochester Dr Building 48,Louisville,KY,40214,4,Mercantile,Wild Eggs #4 (Mercantile),11/05/2025 7:45 AM,10/27/2025 4:48 PM,$244.00 ,$0.00 ,$35.00 ,($41.85),$16.74 ,($16.74),$25.00 ,($8.84),$0.00 ,$0.00 ,0,0,0,253.31,Completed,ach,Marketplace Delivery,,Bayley Brown,,,
PH6-WM9,CoBank,2000 High Wickham Pl Ste 101 - first floor,Louisville,KY,40245,3,Landis,Wild Eggs #3 (Landis),11/05/2025 7:45 AM,10/29/2025 2:22 PM,$298.00 ,$0.00 ,$35.00 ,($49.95),$19.98 ,($19.98),$59.60 ,($10.55),$0.00 ,$0.00 ,0,0,0,332.1,Completed,ach,Marketplace Delivery,,Carolina Conteras,,,
C5M-VVM,SEI,11500 Northlake Dr 450 450 450,Cincinnati,OH,45249,8,Oakley,Wild Eggs #8 (Oakley),11/05/2025 7:45 AM,11/01/2025 1:27 PM,$637.00 ,$0.00 ,$35.00 ,($100.80),$0.00 ,$0.00 ,$95.55 ,($20.09),$0.00 ,$0.00 ,0,0,0,646.66,Completed,ach,Marketplace Delivery,,Kenzie Kolb,,,
8UZ-630,Brown Cancer Center,2401 Terra Crossing Blvd Suite 206,Louisville,KY,40245,3,Landis,Wild Eggs #3 (Landis),11/05/2025 7:45 AM,11/04/2025 9:00 AM,$361.00 ,$0.00 ,$35.00 ,($59.40),$23.76 ,($23.76),$54.15 ,($12.55),$0.00 ,$0.00 ,0,0,0,378.2,Completed,ach,Marketplace Delivery,,N/A,,,
YUM-V23,Clark Schaefer Hackett,1 E 4th St Suite 900,Cincinnati,OH,45202,9,Queen City Wild Eggs,Wild Eggs #9 (Queen City Wild Eggs),11/05/2025 8:15 AM,10/28/2025 12:22 PM,$499.00 ,$0.00 ,$35.00 ,($80.10),$2.81 ,($2.81),$99.80 ,($16.05),$0.00 ,$0.00 ,0,0,0,537.65,Completed,ach,Marketplace Delivery,,Shirelle Bloom,,,
V8M-7PR,KSM,800 E 96th St First Floor,Indianapolis,IN,46240,5,Carmel,Wild Eggs #5 (Carmel),11/05/2025 8:15 AM,11/01/2025 12:50 PM,$496.00 ,$0.00 ,$35.00 ,($79.65),$47.79 ,($37.17),$99.20 ,($17.31),$0.00 ,$0.00 ,0,0,0,543.86,Completed,ach,Marketplace Delivery,,Lesley Rodela,,,
C6U-MMT,Dr Sinicrope,4955 Norton Healthcare Blvd suite 300,Louisville,KY,40241,2,Westport,Wild Eggs #2 (Westport),11/05/2025 9:00 AM,10/20/2025 11:01 AM,$168.00 ,$0.00 ,$35.00 ,($30.45),$12.18 ,($12.18),$16.80 ,($6.43),$0.00 ,$0.00 ,0,0,0,182.92,Completed,ach,Marketplace Delivery,,Kortney Cole,,,
KRA-T1R,Apg,916 Talon Dr,O'Fallon,IL,62269,,Shiloh,CBW- Crazy Bowls and Wraps (Shiloh),11/05/2025 11:06 AM,11/04/2025 1:12 PM,$401.40 ,$0.00 ,$20.00 ,($63.21),$33.52 ,($33.52),$0.00 ,($13.60),$0.00 ,$0.00 ,-40.14,0,0,304.45,Completed,ach,Marketplace Takeout,,Dispatch,,,
KYW-4WU,Hilton at the Ballpark,1 S Broadway,St. Louis,MO,63102,,Lindell/SLU,CBW- Crazy Bowls and Wraps (Lindell/SLU),11/05/2025 12:47 PM,11/04/2025 2:18 PM,$350.05 ,$0.00 ,$20.00 ,($55.51),$46.13 ,$0.00 ,$0.00 ,($12.44),$0.00 ,$0.00 ,-35,0,0,313.23,Completed,ach,Marketplace Takeout,,Dispatch,,,
WWA-VK8,courtyard marriot st louis,2340 Market St,St. Louis,MO,63103,,Lindell/SLU,CBW- Crazy Bowls and Wraps (Lindell/SLU),11/05/2025 2:51 PM,11/04/2025 1:48 PM,$381.04 ,$0.00 ,$20.00 ,($60.16),$50.22 ,$0.00 ,$0.00 ,($13.49),$0.00 ,$0.00 ,-38.1,0,0,339.51,Completed,ach,Marketplace Takeout,,Dispatch,,,
HTW-CJ6,Procter & Gamble,100 June St,Saint Bernard,OH,45217,8,Oakley,Wild Eggs #8 (Oakley),11/06/2025 6:45 AM,10/30/2025 8:11 AM,$175.00 ,$0.00 ,$35.00 ,($31.50),$0.00 ,$0.00 ,$26.25 ,($6.28),$0.00 ,$0.00 ,0,0,0,198.47,Completed,ach,Marketplace Delivery,,Monica Craig,,,
JGK-M2Y,LC rheumatology,3897 Charlestown Rd,New Albany,IN,47150,11,Jeffersonville,Wild Eggs #11 (Jeffersonville),11/06/2025 8:00 AM,11/05/2025 8:33 AM,$292.00 ,$0.00 ,$35.00 ,($49.05),$22.89 ,($22.89),$29.20 ,($10.46),$0.00 ,$0.00 ,0,0,0,296.69,Completed,ach,Marketplace Delivery,,Christal Vanarsdale,,,
FJ8-ECM,ICL-Group,8201 Idaho Ave,St. Louis,MO,63111,,Tesson,CBW- Crazy Bowls and Wraps (Tesson),11/06/2025 10:28 AM,11/03/2025 2:55 PM,$242.83 ,$0.00 ,$20.00 ,($39.42),$18.79 ,$0.00 ,$0.00 ,($8.42),$0.00 ,$0.00 ,-30,0,0,203.78,Completed,ach,Marketplace Takeout,,Dispatch,,,
VXF-ERY,WashU PM&R,4455 Duncan Ave,St. Louis,MO,63110,,Lindell/SLU,CBW- Crazy Bowls and Wraps (Lindell/SLU),11/06/2025 5:23 PM,11/04/2025 7:54 AM,$75.00 ,$0.00 ,$20.00 ,($14.25),$0.00 ,$0.00 ,$0.00 ,($2.84),$0.00 ,$0.00 ,-30,0,0,47.91,Completed,ach,Marketplace Takeout,,Dispatch,,,
J9H-4X0,GE Aerospace - Erlanger Warehouse,1800 Donaldson Highway,Erlanger,KY,41018,9,Queen City Wild Eggs,Wild Eggs #9 (Queen City Wild Eggs),11/07/2025 7:00 AM,11/01/2025 2:29 PM,$190.00 ,$0.00 ,$35.00 ,($33.75),$2.81 ,($2.81),$0.00 ,($6.81),$0.00 ,$0.00 ,0,0,0,184.44,Completed,ach,Marketplace Delivery,,Shirelle Bloom,,,
KE6-RG4,Mt Auburn Nephrology,8260 Pine Rd,Cincinnati,OH,45236,8,Oakley,Wild Eggs #8 (Oakley),11/07/2025 8:30 AM,10/31/2025 12:31 PM,$279.00 ,$0.00 ,$35.00 ,($47.10),$0.00 ,$0.00 ,$20.00 ,($9.39),$0.00 ,$0.00 ,0,0,0,277.51,Completed,ach,Marketplace Delivery,,Brooklynn Eaton,,,
CV1-P9J,The Rehabilitation Institute of Southern Illinois,2351 Frank Scott Pkwy E,O'Fallon,IL,62269,,Shiloh,CBW- Crazy Bowls and Wraps (Shiloh),11/07/2025 11:23 AM,11/05/2025 12:48 PM,$243.70 ,$0.00 ,$20.00 ,($39.56),$20.35 ,($20.35),$0.00 ,($8.49),$0.00 ,$0.00 ,-30,0,0,185.65,Completed,ach,Marketplace Takeout,,Dispatch,,,
9X8-373,Americas Center,701 Convention Plaza,St. Louis,MO,63101,,Lindell/SLU,CBW- Crazy Bowls and Wraps (Lindell/SLU),11/07/2025 11:30 AM,11/06/2025 1:36 PM,$344.75 ,$0.00 ,$20.00 ,($54.71),$45.43 ,$0.00 ,$0.00 ,($12.26),$0.00 ,$0.00 ,-34.48,0,0,308.73,Completed,ach,Marketplace Takeout,,Dispatch,,,
VUP-UK1,"Takeout from Chesterfield, MO",17249 Chesterfield Airport Rd,Chesterfield,MO,63005,,Chesterfield Valley,CBW- Crazy Bowls and Wraps (Chesterfield Valley),11/07/2025 12:30 PM,11/05/2025 9:57 AM,$159.00 ,$0.00 ,$0.00 ,($23.85),$16.08 ,$0.00 ,$10.00 ,($5.23),$0.00 ,$0.00 ,0,0,0,156,Completed,ach,Marketplace Takeout,,N/A,,,
2R5-8UW,Contemporary Art Museum St. Louis,3750 Washington Blvd St. Louis,St. Louis,MO,63108,,Lindell/SLU,CBW- Crazy Bowls and Wraps (Lindell/SLU),11/07/2025 4:40 PM,10/31/2025 12:43 PM,$241.90 ,$0.00 ,$20.00 ,($18.33),$0.00 ,$0.00 ,$0.00 ,($7.83),$0.00 ,$0.00 ,-30,0,0,205.74,Completed,ach,Marketplace Takeout,,Dispatch,,,
62R-6R1,"Takeout from Cincinnati, OH",1624 Herald Ave,Cincinnati,OH,45207,8,Oakley,Wild Eggs #8 (Oakley),11/08/2025 8:15 AM,11/05/2025 11:05 AM,$298.00 ,$0.00 ,$0.00 ,($44.70),$0.00 ,$0.00 ,$30.00 ,($8.91),$0.00 ,$0.00 ,0,0,0,274.39,Completed,ach,Marketplace Takeout,,N/A,,,
J59-EQH,Southeast Christian church - Crestwood Campus,6201 Crestwood Station,Crestwood,KY,40014,3,Landis,Wild Eggs #3 (Landis),11/09/2025 8:45 AM,11/03/2025 8:45 AM,$158.00 ,$0.00 ,$35.00 ,($28.95),$0.00 ,$0.00 ,$23.70 ,($5.77),$0.00 ,$0.00 ,0,0,0,181.98,Completed,ach,Marketplace Delivery,,N/A,,,
8EA-YMA,LC Rheumatology,3897 Charlestown Rd,New Albany,IN,47150,13,New Albany,Wild Eggs #13 (New Albany),11/10/2025 8:00 AM,11/06/2025 5:08 PM,$421.00 ,$0.00 ,$35.00 ,($68.40),$31.92 ,($31.92),$42.00 ,($14.59),$0.00 ,$0.00 ,0,0,0,415.01,Completed,ach,Marketplace Delivery,,Savannah Gilbert,,,
23P-QCE,ArchBridge Family Office,7700 Forsyth Blvd Suite 1100,St. Louis,MO,63105,,Rock Hill/Glendale,CBW- Crazy Bowls and Wraps (Rock Hill/Glendale),11/10/2025 10:14 AM,11/05/2025 1:11 PM,$564.40 ,$0.00 ,$20.00 ,($87.66),$52.14 ,$0.00 ,$0.00 ,($19.03),$0.00 ,$0.00 ,-56.44,0,0,473.41,Completed,ach,Marketplace Takeout,,Dispatch,,,
VJT-MG7,ICL,8201 Idaho Ave,St. Louis,MO,63111,,Tesson,CBW- Crazy Bowls and Wraps (Tesson),11/10/2025 10:29 AM,11/06/2025 12:02 PM,$80.15 ,$0.00 ,$20.00 ,($15.02),$6.20 ,$0.00 ,$0.00 ,($3.18),$0.00 ,$0.00 ,-30,0,0,58.15,Completed,ach,Marketplace Takeout,,Dispatch,,,
RPU-1ZX,Mid America Transplant-Avis Causey,1110 Highlands Plaza Dr East Suite 100,St. Louis,MO,63110,18,South City,CBW- Crazy Bowls and Wraps #18 (South City),11/10/2025 11:07 AM,11/07/2025 3:14 PM,$271.55 ,$0.00 ,$20.00 ,($43.73),$0.00 ,$0.00 ,$0.00 ,($8.72),$0.00 ,$0.00 ,-30,0,0,209.1,Completed,ach,Marketplace Takeout,,Dispatch,,,
UVE-FVP,"Takeout from Creve Coeur, MO",,Creve Coeur,MO,,,West Oak,CBW- Crazy Bowls and Wraps (West Oak),11/10/2025 11:30 AM,11/09/2025 11:28 AM,$217.50 ,$0.00 ,$0.00 ,($32.63),$19.55 ,$0.00 ,$0.00 ,($7.09),$0.00 ,$0.00 ,0,0,0,197.33,Completed,ach,Marketplace Takeout,,N/A,,,
VEF-CY1,,,Wentzville,MO,,,Wentzville,CBW- Crazy Bowls and Wraps (Wentzville),11/10/2025 12:30 PM,11/07/2025 10:48 AM,$233.25 ,$0.00 ,$0.00 ,($34.99),$24.37 ,$0.00 ,$10.00 ,($7.70),$0.00 ,$0.00 ,0,0,0,224.93,Completed,ach,Marketplace Takeout,,N/A,,,
W2K-8KG,Staffmark,191 Rosa Parks St 10th Floor,Cincinnati,OH,45202,9,Queen City Wild Eggs,Wild Eggs #9 (Queen City Wild Eggs),11/11/2025 8:30 AM,10/15/2025 3:12 PM,$661.00 ,$0.00 ,$35.00 ,($104.40),$0.00 ,$0.00 ,$99.15 ,($20.81),$0.00 ,$0.00 ,0,0,0,669.94,Completed,ach,Marketplace Delivery,,Shirelle Bloom,,,
CQ5-5M5,Oswald Companies,221 E 4th St Suite 2650 (26th Floor) Suite 2650/26th Floor,Cincinnati,OH,45202,9,Queen City Wild Eggs,Wild Eggs #9 (Queen City Wild Eggs),11/11/2025 8:30 AM,11/07/2025 4:38 PM,$288.00 ,$0.00 ,$35.00 ,($48.45),$0.00 ,$0.00 ,$0.00 ,($9.66),$0.00 ,$0.00 ,0,0,0,264.89,Completed,ach,Marketplace Delivery,,Shirelle Bloom,,,
KQK-AY0,Redeemer Presbyterian Church Indianapolis,1505 N Delaware St,Indianapolis,IN,46202,6,Pulliam,Wild Eggs #6 (Pulliam),11/11/2025 11:30 AM,11/10/2025 4:34 PM,$289.00 ,$0.00 ,$35.00 ,($48.60),$29.16 ,($22.68),$57.80 ,($10.56),$0.00 ,$0.00 ,0,0,0,329.12,Completed,ach,Marketplace Delivery,,Skylar Greene,,,
4VM-C8W,#1365 McCauley Animal Clinic,4646 Mid Rivers Mall Dr,St. Peters,MO,63376,,O'Fallon,CBW- Crazy Bowls and Wraps (O'Fallon),11/11/2025 11:15 AM,11/07/2025 2:22 PM,$365.00 ,$0.00 ,$20.00 ,($57.75),$32.67 ,$0.00 ,$0.00 ,($12.49),$0.00 ,$0.00 ,-36.5,0,0,310.93,Completed,ach,Marketplace Takeout,,Dispatch,,,
87K-0RZ,WashU,6475 Forsyth Blvd,St. Louis,MO,63105,,Forsyth/Clayton,CBW- Crazy Bowls and Wraps (Forsyth/Clayton),11/11/2025 11:26 AM,11/10/2025 2:01 PM,$147.77 ,$0.00 ,$20.00 ,($25.17),$15.50 ,$0.00 ,$0.00 ,($5.48),$0.00 ,$0.00 ,-30,0,0,122.62,Completed,ach,Marketplace Takeout,,Dispatch,,,
5UA-PXP,Washington University School of Medicine,520 S Euclid Ave,St. Louis,MO,63110,18,South City,CBW- Crazy Bowls and Wraps #18 (South City),11/11/2025 12:04 PM,11/07/2025 3:35 PM,$214.20 ,$0.00 ,$20.00 ,($35.13),$0.00 ,$0.00 ,$0.00 ,($7.00),$0.00 ,$0.00 ,-30,0,0,162.07,Completed,ach,Marketplace Takeout,,Dispatch,,,
VM7-1XE,Johnson & Johnson Ethicon,4545 Creek Rd,Blue Ash,OH,45242,8,Oakley,Wild Eggs #8 (Oakley),11/12/2025 7:15 AM,11/07/2025 10:41 AM,$274.00 ,$0.00 ,$35.00 ,($46.35),$0.00 ,$0.00 ,$54.80 ,($9.24),$0.00 ,$0.00 ,0,0,0,308.21,Completed,ach,Marketplace Delivery,,Kenzie Kolb,,,
Y1W-URY,Marathon Health,10 W Market St Suite 2900,Indianapolis,IN,46204,6,Pulliam,Wild Eggs #6 (Pulliam),11/12/2025 7:30 AM,10/30/2025 3:17 PM,$219.00 ,$0.00 ,$35.00 ,($38.10),$22.86 ,($17.78),$0.00 ,($8.28),$0.00 ,$0.00 ,0,0,0,212.7,Completed,ach,Marketplace Delivery,,Skylar Greene,,,
6Q9-0H8,P&G,120 E Grand Ave,St. Louis,MO,63147,,Lindell/SLU,CBW- Crazy Bowls and Wraps (Lindell/SLU),11/12/2025 11:13 AM,11/10/2025 4:32 PM,$487.40 ,$0.00 ,$20.00 ,($76.11),$64.23 ,$0.00 ,$0.00 ,($17.09),$0.00 ,$0.00 ,-48.74,0,0,429.69,Completed,ach,Marketplace Takeout,,Dispatch,,,
ZEJ-UTU,[REMOVED],4620381 Ezcater St,Ezcater,MA,63045,,Lindenwood,CBW- Crazy Bowls and Wraps (Lindenwood),11/12/2025 11:20 AM,11/11/2025 3:09 PM,$104.95 ,$0.00 ,$20.00 ,($18.74),$10.44 ,$0.00 ,$0.00 ,($4.05),$0.00 ,$0.00 ,-30,0,0,82.6,Completed,ach,Marketplace Takeout,,Dispatch,,,
41T-YY8,United Access,500 NW Plaza Dr STE 900,Saint Ann,MO,63074,,West Oak,CBW- Crazy Bowls and Wraps (West Oak),11/12/2025 11:31 AM,11/10/2025 4:51 PM,$92.75 ,$0.00 ,$20.00 ,($16.91),$8.34 ,$0.00 ,$0.00 ,($3.62),($5.95),$0.00 ,-30,0,0,64.61,Completed,ach,Marketplace Takeout,,Dispatch,,,
V07-FM3,Dedicated Senior Medical Center,3721 S Grand Blvd,St. Louis,MO,63118,,Lindell/SLU,CBW- Crazy Bowls and Wraps (Lindell/SLU),11/12/2025 11:44 AM,11/11/2025 2:01 PM,$319.00 ,$0.00 ,$20.00 ,($50.85),$42.04 ,$0.00 ,$0.00 ,($11.39),$0.00 ,$0.00 ,-31.9,0,0,286.9,Completed,ach,Marketplace Takeout,,Dispatch,,,
Z80-5R1,Ford Motor Company,2000 Fern Valley Rd Flag Pole,Louisville,KY,40213,4,Mercantile,Wild Eggs #4 (Mercantile),11/13/2025 7:00 AM,11/05/2025 9:47 AM,$738.00 ,$0.00 ,$35.00 ,($115.95),$46.38 ,($46.38),$110.70 ,($24.50),$0.00 ,$0.00 ,0,0,0,743.25,Completed,ach,Marketplace Delivery,,Johnny Snawder,,,
X4H-7PC,Bethesda North Hospital,10500 Montgomery Rd,Cincinnati,OH,45242,8,Oakley,Wild Eggs #8 (Oakley),11/13/2025 7:00 AM,11/10/2025 5:58 PM,$559.00 ,$0.00 ,$35.00 ,($89.10),$0.00 ,$0.00 ,$15.00 ,($17.76),$0.00 ,$0.00 ,0,0,0,502.14,Completed,ach,Marketplace Delivery,,Brooklynn Eaton,,,
KA2-PM7,First Urology,101 Hospital Blvd Attention Dana,Jeffersonville,IN,47130,4,Mercantile,Wild Eggs #4 (Mercantile),11/13/2025 8:15 AM,11/12/2025 12:07 PM,$352.00 ,$0.00 ,$35.00 ,($58.05),$23.22 ,($23.22),$35.20 ,($12.27),$0.00 ,$0.00 ,0,0,0,351.88,Completed,ach,Marketplace Delivery,,Bayley Brown,,,
RTU-PTF,Aetna Better Health of Kentucky,9900 Corporate Campus Dr,Louisville,KY,40223,2,Westport,Wild Eggs #2 (Westport),11/13/2025 8:30 AM,11/08/2025 12:54 PM,$131.00 ,$0.00 ,$35.00 ,($24.90),$9.96 ,($9.96),$13.10 ,($5.26),$0.00 ,$0.00 ,0,0,0,148.94,Completed,ach,Marketplace Delivery,,Kortney Cole,,,
30H-32A,Nortons Neuroscience Institute,3991 Dutchmans Ln Suite 310,Louisville,KY,40207,1,Dupont,Wild Eggs #1 (Dupont),11/13/2025 8:30 AM,11/11/2025 9:19 AM,"$1,448.00 ",$0.00 ,$35.00 ,($222.45),$88.98 ,($88.98),$25.00 ,($47.00),$0.00 ,$0.00 ,0,0,0,1238.55,Completed,ach,Marketplace Delivery,,Linda T,,,
99W-X9U,Charter Senior Living at Hobbs Station,2749 Pearson Pkwy,Plainfield,IN,46168,15,Avon,Wild Eggs #15 (Avon),11/13/2025 8:30 AM,11/11/2025 1:05 PM,$268.00 ,$0.00 ,$35.00 ,($45.45),$27.27 ,($21.21),$26.80 ,($9.88),$0.00 ,$0.00 ,0,0,0,280.53,Completed,ach,Marketplace Delivery,,Cassandra Bauer,,,
ZTZ-2Z5,ThermoFisher,4766 La Guardia Dr,Berkeley,MO,63134,,Forsyth/Clayton,CBW- Crazy Bowls and Wraps (Forsyth/Clayton),11/13/2025 8:18 AM,11/12/2025 4:06 PM,$136.00 ,$0.00 ,$20.00 ,($23.40),$14.26 ,$0.00 ,$0.00 ,($5.09),$0.00 ,$0.00 ,-30,0,0,111.77,Completed,ach,Marketplace Takeout,,Dispatch,,,
4P8-6G3,Ernst & Young,7676 Forsyth Blvd 2600,Clayton,MO,63105,,Forsyth/Clayton,CBW- Crazy Bowls and Wraps (Forsyth/Clayton),11/13/2025 10:56 AM,11/12/2025 9:51 AM,$240.13 ,$0.00 ,$20.00 ,($39.02),$25.18 ,$0.00 ,$0.00 ,($8.53),$0.00 ,$0.00 ,-30,0,0,207.76,Completed,ach,Marketplace Takeout,,Dispatch,,,
FA2-ZR7,Optimist International,4494 Lindell Blvd,St. Louis,MO,63108,,Lindell/SLU,CBW- Crazy Bowls and Wraps (Lindell/SLU),11/13/2025 11:26 AM,11/12/2025 3:23 PM,$119.52 ,$0.00 ,$20.00 ,($20.93),$15.75 ,$0.00 ,$0.00 ,($4.64),$0.00 ,$0.00 ,-30,0,0,99.7,Completed,ach,Marketplace Takeout,,Dispatch,,,
YF2-Z22,"Takeout from Edwardsville, IL",,Edwardsville,IL,,,Edwardsville,CBW- Crazy Bowls and Wraps (Edwardsville),11/13/2025 11:30 AM,11/12/2025 3:14 PM,$217.50 ,$0.00 ,$0.00 ,($32.63),$16.53 ,($16.53),$25.00 ,($7.00),$0.00 ,$0.00 ,0,0,0,202.87,Completed,ach,Marketplace Takeout,,N/A,,,
YKG-7AV,ashley homestore,3700 Green Mt Crossing Dr,Shiloh,IL,62269,,Shiloh,CBW- Crazy Bowls and Wraps (Shiloh),11/13/2025 11:42 AM,11/10/2025 2:14 PM,$117.60 ,$0.00 ,$20.00 ,($20.64),$9.82 ,($9.82),$0.00 ,($4.41),$0.00 ,$0.00 ,-30,0,0,82.55,Completed,ach,Marketplace Takeout,,Dispatch,,,
G9M-RRV,Dr. Salama,8790 Watson Rd Ste 100,St. Louis,MO,63123,,Rock Hill/Glendale,CBW- Crazy Bowls and Wraps (Rock Hill/Glendale),11/14/2025 11:19 AM,11/13/2025 2:05 PM,$102.90 ,$0.00 ,$20.00 ,($18.44),$9.51 ,$0.00 ,$0.00 ,($3.96),$0.00 ,$0.00 ,-30,0,0,80.01,Completed,ach,Marketplace Takeout,,Dispatch,,,
9FV-AH6,The Annex Group,8680 Edison Plz Dr,Fishers,IN,46038,7,Fishers,Wild Eggs #07 (Fishers),11/15/2025 7:45 AM,10/23/2025 10:16 AM,"$2,012.00 ",$0.00 ,$35.00 ,($307.05),$184.23 ,($143.29),$0.00 ,($66.71),$0.00 ,$0.00 ,0,0,0,1714.18,Completed,ach,Marketplace Delivery,,Carmen Sanchez,,,
XKC-ARW,St. Louis City Training Center,2227 Clark Ave,St. Louis,MO,63103,,Lindell/SLU,CBW- Crazy Bowls and Wraps (Lindell/SLU),11/15/2025 11:36 AM,11/11/2025 1:42 PM,$251.40 ,$0.00 ,$20.00 ,($40.71),$33.13 ,$0.00 ,$0.00 ,($9.11),$0.00 ,$0.00 ,-30,0,0,224.71,Completed,ach,Marketplace Takeout,,Dispatch,,,
E3Q-X5K,St. Louis City Training Center,2227 Clark Ave,St. Louis,MO,63103,,Lindell/SLU,CBW- Crazy Bowls and Wraps (Lindell/SLU),11/15/2025 1:21 PM,11/11/2025 1:46 PM,$251.90 ,$0.00 ,$20.00 ,($40.79),$33.20 ,$0.00 ,$0.00 ,($9.12),$0.00 ,$0.00 ,-30,0,0,225.19,Completed,ach,Marketplace Takeout,,Dispatch,,,
QGQ-798,St. Louis City Training Center,2227 Clark Ave,St. Louis,MO,63103,,Lindell/SLU,CBW- Crazy Bowls and Wraps (Lindell/SLU),11/15/2025 3:51 PM,11/11/2025 1:53 PM,$298.95 ,$0.00 ,$20.00 ,($47.84),$39.40 ,$0.00 ,$0.00 ,($10.71),$0.00 ,$0.00 ,-30,0,0,269.8,Completed,ach,Marketplace Takeout,,Dispatch,,,
A1E-TM0,Union Station,2 S 20th St,St. Louis,MO,63103,18,South City,CBW- Crazy Bowls and Wraps #18 (South City),11/15/2025 6:27 PM,11/10/2025 2:02 PM,$427.50 ,$0.00 ,$20.00 ,($67.13),$56.34 ,$0.00 ,$0.00 ,($15.06),$0.00 ,$0.00 ,-42.75,0,0,378.9,Completed,ach,Marketplace Takeout,,Dispatch,,,
VZU-233,Traders Point Christian Church,2350 E 62nd St,Indianapolis,IN,46220,6,Pulliam,Wild Eggs #6 (Pulliam),11/16/2025 8:30 AM,11/11/2025 9:37 AM,$251.00 ,$0.00 ,$35.00 ,($42.90),$0.00 ,$0.00 ,$25.10 ,($8.55),$0.00 ,$0.00 ,0,0,0,259.65,Completed,ach,Marketplace Delivery,,Skylar Greene,,,
YJ6-36H,Springhilll Hill Suites Louisville Airport,820 Phillips Lane,Louisville,KY,40209,4,Mercantile,Wild Eggs #4 (Mercantile),11/16/2025 9:45 AM,11/13/2025 10:33 AM,$761.00 ,$0.00 ,$35.00 ,($119.40),$0.00 ,$0.00 ,$0.00 ,($23.80),$0.00 ,$0.00 ,0,0,0,652.8,Completed,ach,Marketplace Delivery,,Bayley Brown,,,
60W-M7C,,,Cincinnati,OH,,9,Queen City Wild Eggs,Wild Eggs #9 (Queen City Wild Eggs),11/16/2025 10:15 AM,11/13/2025 1:36 PM,$558.00 ,$0.00 ,$0.00 ,($39.06),$0.00 ,$0.00 ,$0.00 ,($16.68),$0.00 ,$0.00 ,0,0,0,502.26,Completed,ach,ezOrdering Takeout,,N/A,,,
KPK-JCZ,Franciscan Alliance,8111 S Emerson Ave 105,Indianapolis,IN,46237,16,Greenwood,Wild Eggs #16 (Greenwood),11/17/2025 7:45 AM,11/14/2025 4:59 PM,"$1,671.00 ",$0.00 ,$35.00 ,($255.90),$153.54 ,($119.42),$167.10 ,($55.60),$0.00 ,$0.00 ,0,0,0,1595.72,Completed,ach,Marketplace Delivery,,Kali Warren,,,
695-8AV,EY,400 W Market St 1200,Louisville,KY,40202,4,Mercantile,Wild Eggs #4 (Mercantile),11/17/2025 8:00 AM,10/17/2025 9:53 AM,$195.00 ,$0.00 ,$35.00 ,($34.50),$13.80 ,($13.80),$19.50 ,($7.29),$0.00 ,$0.00 ,0,0,0,207.71,Completed,ach,Marketplace Delivery,,Bayley Brown,,,
X43-606,Waystar,9901 Linn Station Rd 3rd floor 3rd,Louisville,KY,40223,12,Jtown,Wild Eggs #12 (Jtown),11/17/2025 11:30 AM,11/11/2025 4:34 PM,"$1,420.00 ",$0.00 ,$35.00 ,($218.25),$87.30 ,($87.30),$100.00 ,($46.11),$0.00 ,$0.00 ,0,0,0,1290.64,Completed,ach,Marketplace Delivery,,Sheena Carnell,,,
VYE-JEM,Distinctive Dermatology,390 Office Ct,Fairview Heights,IL,62208,,Shiloh,CBW- Crazy Bowls and Wraps (Shiloh),11/17/2025 10:32 AM,11/08/2025 3:03 PM,$494.95 ,$0.00 ,$20.00 ,($77.24),$41.33 ,($41.33),$0.00 ,($16.63),$0.00 ,$0.00 ,-49.5,0,0,371.58,Completed,ach,Marketplace Takeout,,Dispatch,,,
ZYP-EU2,Wiese - CAT Meeting,1435 Woodson Rd,St. Louis,MO,63132,,Forsyth/Clayton,CBW- Crazy Bowls and Wraps (Forsyth/Clayton),11/17/2025 11:06 AM,10/27/2025 3:51 PM,$254.13 ,$0.00 ,$20.00 ,($41.12),$26.65 ,$0.00 ,$0.00 ,($8.99),$0.00 ,$0.00 ,-30,0,0,220.67,Completed,ach,Marketplace Takeout,,Dispatch,,,
Q57-6CE,Boys & Girls Clubs of Greater St. Louis,9200 W Florissant Ave Attn: St. Louis Internship Program,St. Louis,MO,63136,,Forsyth/Clayton,CBW- Crazy Bowls and Wraps (Forsyth/Clayton),11/17/2025 11:26 AM,11/15/2025 10:33 AM,$85.56 ,$0.00 ,$20.00 ,($15.83),$0.00 ,$0.00 ,$0.00 ,($3.16),$0.00 ,$0.00 ,-30,0,0,56.57,Completed,ach,Marketplace Takeout,,Dispatch,,,
1CV-4U0,eureka ranch/dexter brain brew distillery,3849 Edwards Rd,Newtown,OH,45244,8,Oakley,Wild Eggs #8 (Oakley),11/18/2025 7:00 AM,11/12/2025 5:34 PM,$356.00 ,$0.00 ,$35.00 ,($58.65),$0.00 ,$0.00 ,$75.00 ,($11.69),$0.00 ,$0.00 ,0,0,0,395.66,Completed,ach,Marketplace Delivery,,Monica Craig,,,
XAY-F6R,PNC Center,201 E 5th St First floor conference area,Cincinnati,OH,45202,9,Queen City Wild Eggs,Wild Eggs #9 (Queen City Wild Eggs),11/18/2025 7:30 AM,11/05/2025 9:20 AM,$955.00 ,$0.00 ,$35.00 ,($148.50),$5.62 ,($5.62),$143.25 ,($29.77),$0.00 ,$0.00 ,0,0,0,954.98,Completed,ach,Marketplace Delivery,5gzjklfzrj,Shirelle Bloom,,,
CH3-RXT,PepsiCo,9280 Montgomery Rd 100,Montgomery,OH,45242,8,Oakley,Wild Eggs #8 (Oakley),11/18/2025 7:45 AM,11/06/2025 12:55 PM,$885.00 ,$0.00 ,$35.00 ,($138.00),$0.00 ,$0.00 ,$132.75 ,($27.51),$0.00 ,$0.00 ,0,0,0,887.24,Completed,ach,Marketplace Delivery,nccv3doll1,Monica Craig,,,
8W7-RAK,University of Louisville,2216 South Floyd St,Louisville,KY,40208,4,Mercantile,Wild Eggs #4 (Mercantile),11/18/2025 8:15 AM,11/10/2025 12:04 PM,"$1,200.00 ",$0.00 ,$35.00 ,($185.25),$0.00 ,$0.00 ,$120.00 ,($36.93),$0.00 ,$0.00 ,0,0,0,1132.82,Completed,ach,Marketplace Delivery,,Bayley Brown,,,
ERM-VX8,St Elizabeth Behavioral Health,334 Thomas More Pkwy 1st floor,Crestview Hills,KY,41017,9,Queen City Wild Eggs,Wild Eggs #9 (Queen City Wild Eggs),11/18/2025 8:15 AM,11/14/2025 3:45 PM,$489.00 ,$0.00 ,$35.00 ,($78.60),$0.00 ,$0.00 ,$15.00 ,($15.67),$0.00 ,$0.00 ,0,0,0,444.73,Completed,ach,Marketplace Delivery,,Arissa Robinson,,,
TFC-FFV,Taft Law,1 Indiana Sq # 3500 Suite 3500,Indianapolis,IN,46204,6,Pulliam,Wild Eggs #6 (Pulliam),11/18/2025 8:30 AM,10/30/2025 5:50 PM,"$2,104.00 ",$0.00 ,$35.00 ,($320.85),$192.51 ,($149.73),$420.80 ,($69.71),$0.00 ,$0.00 ,0,0,0,2212.02,Completed,ach,Marketplace Delivery,,Skylar Greene,,,
0HG-T8E,Louisville Lung Care,1015 Dupont Rd,Louisville,KY,40207,1,Dupont,Wild Eggs #1 (Dupont),11/18/2025 8:30 AM,11/17/2025 11:42 AM,$138.00 ,$0.00 ,$35.00 ,($25.95),$10.38 ,($10.38),$27.60 ,($5.48),$0.00 ,$0.00 ,0,0,0,169.17,Completed,ach,Marketplace Delivery,,Carmen E,,,
Q08-3QY,Dr fraser graves gilbert clinic rheumatology,2724 Nashville Rd,Bowling Green,KY,42101,14,Bowling Green,Wild Eggs #14 (Bowling Green),11/18/2025 8:00 AM,11/16/2025 2:29 PM,$206.00 ,$0.00 ,$35.00 ,($36.15),$14.46 ,($14.46),$10.00 ,($7.64),$0.00 ,$0.00 ,0,0,0,207.21,Completed,ach,Marketplace Delivery,,Jamie Thomas,,,
CM2-CJG,Cerro Flow Products,3000 Mississippi Ave Human Resourses,East St. Louis,IL,62206,,Lindell/SLU,CBW- Crazy Bowls and Wraps (Lindell/SLU),11/18/2025 8:36 AM,11/17/2025 12:57 PM,$93.87 ,$0.00 ,$20.00 ,($17.08),$12.37 ,$0.00 ,$0.00 ,($3.77),$0.00 ,$0.00 ,-30,0,0,75.39,Completed,ach,Marketplace Takeout,,Dispatch,,,
0AE-PK2,Fedex,155 Flex Park Ln,Bowling Green,KY,42101,14,Bowling Green,Wild Eggs #14 (Bowling Green),11/18/2025 9:00 AM,11/17/2025 11:07 AM,$504.00 ,$0.00 ,$35.00 ,($80.85),$32.34 ,($32.34),$75.60 ,($17.08),$0.00 ,$0.00 ,0,0,0,516.67,Completed,ach,Marketplace Delivery,,Jamie Thomas,,,
A66-HYC,Centene,7700 Forsyth Blvd Bldg B,St. Louis,MO,63105,,Forsyth/Clayton,CBW- Crazy Bowls and Wraps (Forsyth/Clayton),11/18/2025 11:00 AM,11/17/2025 4:37 PM,$147.69 ,$0.00 ,$0.00 ,($22.15),$15.49 ,$0.00 ,$0.00 ,($4.88),$0.00 ,$0.00 ,0,0,0,136.15,Completed,ach,Marketplace Takeout,,N/A,,,
VCJ-Q4U,Rosemann & Associates,168 N Meramec Ave,St. Louis,MO,63105,,Forsyth/Clayton,CBW- Crazy Bowls and Wraps (Forsyth/Clayton),11/18/2025 11:11 AM,11/17/2025 10:55 AM,$126.65 ,$0.00 ,$20.00 ,($22.00),$13.28 ,$0.00 ,$0.00 ,($4.78),$0.00 ,$0.00 ,-30,0,0,103.15,Completed,ach,Marketplace Takeout,,Dispatch,,,
ZR5-Z1W,Cannon Design,1100 Clark Ave,St. Louis,MO,63102,,Lindell/SLU,CBW- Crazy Bowls and Wraps (Lindell/SLU),11/18/2025 11:23 AM,11/17/2025 7:48 PM,$132.30 ,$0.00 ,$20.00 ,($22.85),$17.44 ,$0.00 ,$0.00 ,($5.08),$0.00 ,$0.00 ,-30,0,0,111.81,Completed,ach,Marketplace Takeout,,Dispatch,,,
KHG-R4G,Mercy Cancer Center Radiation Oncology,10050 Kennerly Rd 1st floor,Sappington,MO,63128,,Tesson,CBW- Crazy Bowls and Wraps (Tesson),11/18/2025 11:24 AM,11/17/2025 12:31 PM,$258.20 ,$0.00 ,$20.00 ,($41.73),$19.98 ,$0.00 ,$0.00 ,($8.92),$0.00 ,$0.00 ,-30,0,0,217.53,Completed,ach,Marketplace Takeout,,Dispatch,,,
Z2K-22V,Norton Healthcare Sleep Center,4950 Norton Healthcare Blvd 210,Louisville,KY,40241,2,Westport,Wild Eggs #2 (Westport),11/19/2025 7:45 AM,11/17/2025 10:31 AM,$150.00 ,$0.00 ,$35.00 ,($27.75),$11.10 ,($11.10),$15.00 ,($5.86),$0.00 ,$0.00 ,0,0,0,166.39,Completed,ach,Marketplace Delivery,,Kortney Cole,,,
K20-Q37,OMS Photo,1636 Chase Ave,Cincinnati,OH,45223,9,Queen City Wild Eggs,Wild Eggs #9 (Queen City Wild Eggs),11/19/2025 8:45 AM,11/17/2025 9:30 AM,$110.00 ,$0.00 ,$35.00 ,($21.75),$0.00 ,$0.00 ,$16.50 ,($4.34),$0.00 ,$0.00 ,0,0,0,135.41,Completed,ach,Marketplace Delivery,,Shirelle Bloom,,,
HZ4-0TQ,Churchill Downs Incoprorated,600 N Hurstbourne Pkwy 1st Floor,Louisville,KY,40222,2,Westport,Wild Eggs #2 (Westport),11/19/2025 9:00 AM,11/18/2025 12:10 PM,$720.00 ,$0.00 ,$35.00 ,($113.25),$45.30 ,($45.30),$70.00 ,($23.93),$0.00 ,$0.00 ,0,0,0,687.82,Completed,ach,Marketplace Delivery,,Kortney Cole,,,
4J3-XVQ,Waystar,9901 Linn Station Rd 3rd floor 3rd,Louisville,KY,40223,12,Jtown,Wild Eggs #12 (Jtown),11/19/2025 11:30 AM,11/11/2025 4:46 PM,"$2,301.00 ",$0.00 ,$35.00 ,($350.40),$140.16 ,($140.16),$100.00 ,($74.04),$0.00 ,$0.00 ,0,0,0,2011.56,Completed,ach,Marketplace Delivery,,Sheena Carnell,,,
UVJ-UVX,Waystar,9901 Linn Station Rd 4th floor 4th,Louisville,KY,40223,12,Jtown,Wild Eggs #12 (Jtown),11/19/2025 11:30 AM,11/11/2025 4:50 PM,"$2,301.00 ",$0.00 ,$35.00 ,($350.40),$140.16 ,($140.16),$100.00 ,($74.04),$0.00 ,$0.00 ,0,0,0,2011.56,Completed,ach,Marketplace Delivery,,Sheena Carnell,,,
57Y-T0F,Waystar,9901 Linn Station Rd 5th floor 5th,Louisville,KY,40223,12,Jtown,Wild Eggs #12 (Jtown),11/19/2025 11:30 AM,11/11/2025 5:13 PM,"$1,184.00 ",$0.00 ,$35.00 ,($182.85),$73.14 ,($73.14),$100.00 ,($38.63),$0.00 ,$0.00 ,0,0,0,1097.52,Completed,ach,Marketplace Delivery,,Sheena Carnell,,,
KF0-XHG,Mercy Clinic Internal Medicine - Dr. Yang,12700 Southfork Rd Suite 200,St. Louis,MO,63128,,Tesson,CBW- Crazy Bowls and Wraps (Tesson),11/19/2025 11:25 AM,11/14/2025 8:21 AM,$232.50 ,$0.00 ,$20.00 ,($37.88),$17.99 ,$0.00 ,$0.00 ,($8.09),$0.00 ,$0.00 ,-30,0,0,194.52,Completed,ach,Marketplace Takeout,,Dispatch,,,
J0K-R7A,Dr Olash,3900 Kresge Way 50,Louisville,KY,40207,1,Dupont,Wild Eggs #1 (Dupont),11/20/2025 8:00 AM,11/19/2025 12:32 PM,$130.00 ,$0.00 ,$35.00 ,($24.75),$9.90 ,($9.90),$6.00 ,($5.23),$0.00 ,$0.00 ,0,0,0,141.02,Completed,ach,Marketplace Delivery,,Linda T,,,
923-JZG,StriveTogether,125 E 9th St Fourth Floor,Cincinnati,OH,45202,9,Queen City Wild Eggs,Wild Eggs #9 (Queen City Wild Eggs),11/20/2025 8:15 AM,11/17/2025 11:44 AM,$172.00 ,$0.00 ,$35.00 ,($31.05),$0.00 ,$0.00 ,$17.20 ,($6.19),$0.00 ,$0.00 ,0,0,0,186.96,Completed,ach,Marketplace Delivery,,Shirelle Bloom,,,
XCA-9FC,Tony Meoli Studio / RepHeads,3325 Washington Ave,St. Louis,MO,63103,,Lindell/SLU,CBW- Crazy Bowls and Wraps (Lindell/SLU),11/20/2025 8:12 AM,11/12/2025 9:28 AM,$142.45 ,$0.00 ,$20.00 ,($24.37),$18.77 ,$0.00 ,$0.00 ,($5.42),$0.00 ,$0.00 ,-30,0,0,121.43,Completed,ach,Marketplace Takeout,,Dispatch,,,
TVP-R2E,Wiegmann Associates,650 Fountain Lakes Blvd,Saint Charles,MO,63301,,Lindenwood,CBW- Crazy Bowls and Wraps (Lindenwood),11/20/2025 10:48 AM,11/18/2025 3:51 PM,$102.24 ,$0.00 ,$20.00 ,($18.34),$10.17 ,$0.00 ,$0.00 ,($3.96),$0.00 ,$0.00 ,-30,0,0,80.11,Completed,ach,Marketplace Takeout,,Dispatch,,,
KCA-06T,,207 Creekside Office Dr,Wentzville,MO,63385,,Wentzville,CBW- Crazy Bowls and Wraps (Wentzville),11/20/2025 12:15 PM,11/19/2025 3:38 PM,$109.14 ,$0.00 ,$0.00 ,($16.37),$11.41 ,$0.00 ,$10.91 ,($3.60),$0.00 ,$0.00 ,0,0,0,111.49,Completed,ach,Marketplace Takeout,,N/A,,,
6P7-F4H,Garda World,68 North Gale St,Indianapolis,IN,46201,6,Pulliam,Wild Eggs #6 (Pulliam),11/21/2025 7:00 AM,11/20/2025 11:21 AM,$237.00 ,$0.00 ,$35.00 ,($40.80),$24.48 ,($19.04),$15.00 ,($8.86),$0.00 ,$0.00 ,0,0,0,242.78,Completed,ach,Marketplace Delivery,,Skylar Greene,,,
73C-XMF,The Dermatology ctr,2857 Charlestown Rd,New Albany,IN,47150,13,New Albany,Wild Eggs #13 (New Albany),11/21/2025 7:45 AM,11/20/2025 10:02 AM,$280.00 ,$0.00 ,$35.00 ,($47.25),$22.05 ,($22.05),$35.00 ,($10.08),$0.00 ,$0.00 ,0,0,0,292.67,Completed,ach,Marketplace Delivery,,Savannah Gilbert,,,
XKF-EAC,Plancorp LLC,540 Maryville Centre Dr Suite 105,St. Louis,MO,63141,,Creve Coeur,CBW- Crazy Bowls and Wraps (Creve Coeur),11/21/2025 11:05 AM,10/22/2025 3:32 PM,$518.20 ,$0.00 ,$20.00 ,($80.73),$45.28 ,$0.00 ,$0.00 ,($17.45),$0.00 ,$0.00 ,-51.82,0,0,433.48,Completed,ach,Marketplace Takeout,,Dispatch,,,
CYX-MZA,JEMA,2823 Olive St,St. Louis,MO,63103,,Lindell/SLU,CBW- Crazy Bowls and Wraps (Lindell/SLU),11/21/2025 11:24 AM,11/19/2025 3:11 PM,$176.90 ,$0.00 ,$20.00 ,($29.54),$23.31 ,$0.00 ,$0.00 ,($6.58),$0.00 ,$0.00 ,-30,0,0,154.09,Completed,ach,Marketplace Takeout,,Dispatch,,,
405-GRJ,,2751 O'Varsity Way,Cincinnati,OH,45221,9,Queen City Wild Eggs,Wild Eggs #9 (Queen City Wild Eggs),11/22/2025 10:15 AM,11/18/2025 3:54 PM,$298.00 ,$0.00 ,$0.00 ,($44.70),$0.00 ,$0.00 ,$10.00 ,($8.91),$0.00 ,$0.00 ,0,0,0,254.39,Completed,ach,Marketplace Takeout,,N/A,,,
W6E-XMV,Traders Point Christian Church,2350 E 62nd St,Indianapolis,IN,46220,6,Pulliam,Wild Eggs #6 (Pulliam),11/23/2025 8:30 AM,11/20/2025 10:50 AM,$251.00 ,$0.00 ,$35.00 ,($42.90),$0.00 ,$0.00 ,$25.10 ,($8.55),$0.00 ,$0.00 ,0,0,0,259.65,Completed,ach,Marketplace Delivery,,Skylar Greene,,,
X84-TF7,"Takeout from Cincinnati, OH",9275 Montgomery Rd,Cincinnati,OH,45242,8,Oakley,Wild Eggs #8 (Oakley),11/24/2025 7:00 AM,11/21/2025 12:03 PM,$202.00 ,$0.00 ,$0.00 ,($30.30),$0.00 ,$0.00 ,$0.00 ,($6.04),$0.00 ,$0.00 ,0,0,0,165.66,Completed,ach,Marketplace Takeout,,N/A,,,
UV5-3FM,Baptist Health Cancer Center,2210 Green Valley Rd,New Albany,IN,47150,13,New Albany,Wild Eggs #13 (New Albany),11/25/2025 7:30 AM,11/24/2025 9:07 AM,$321.00 ,$0.00 ,$35.00 ,($53.40),$24.92 ,($24.92),$25.00 ,($11.39),$0.00 ,$0.00 ,0,0,0,316.21,Completed,ach,Marketplace Delivery,,Savannah Gilbert,,,
5XX-T3V,Equity Medical Dermatology,1802 Rockingham Ave,Bowling Green,KY,42104,14,Bowling Green,Wild Eggs #14 (Bowling Green),11/25/2025 9:15 AM,11/24/2025 2:09 PM,$135.00 ,$0.00 ,$0.00 ,($20.25),$8.10 ,($8.10),$15.00 ,($4.28),$0.00 ,$0.00 ,0,0,0,125.47,Completed,ach,Marketplace Takeout,,N/A,,,
AFM-8FA,Meramec dermatology,3783 Vogel Rd,Arnold,MO,63010,,Tesson,CBW- Crazy Bowls and Wraps (Tesson),11/25/2025 10:28 AM,11/24/2025 4:57 PM,$349.90 ,$0.00 ,$20.00 ,($55.49),$27.08 ,$0.00 ,$0.00 ,($11.87),$0.00 ,$0.00 ,-34.99,0,0,294.63,Completed,ach,Marketplace Takeout,,Dispatch,,,
M0W-GKU,UofL Field Hockey,317 University Blvd,Louisville,KY,40208,4,Mercantile,Wild Eggs #4 (Mercantile),11/25/2025 12:00 PM,11/19/2025 10:31 AM,$539.00 ,$0.00 ,$35.00 ,($86.10),$0.00 ,$0.00 ,$0.00 ,($17.16),$0.00 ,$0.00 ,0,0,0,470.74,Completed,ach,Marketplace Delivery,,Bayley Brown,,,
ETP-P6T,Lemonaid Pharmacy,1701 Macklind Ave Suite 300,St. Louis,MO,63110,,West Oak,CBW- Crazy Bowls and Wraps (West Oak),11/25/2025 11:30 AM,11/10/2025 2:40 PM,$232.89 ,$0.00 ,$25.00 ,($34.93),$20.93 ,$0.00 ,$23.29 ,($8.34),$0.00 ,$0.00 ,0,0,0,258.84,Completed,ach,Meal Program,,,,,
032-PH5,Brown Cancer Center,2401 Terra Crossing Blvd Suite 206,Louisville,KY,40245,3,Landis,Wild Eggs #3 (Landis),11/26/2025 7:45 AM,11/19/2025 10:02 PM,$634.00 ,$0.00 ,$35.00 ,($100.35),$40.14 ,($40.14),$30.00 ,($21.20),$0.00 ,$0.00 ,0,0,0,577.45,Completed,ach,Marketplace Delivery,thankful25,Kelley compton,,,
3V7-AU8,"The Phia Group, LLC",10200 Forest Green Blvd Suite 400,Louisville,KY,40223,2,Westport,Wild Eggs #2 (Westport),11/26/2025 10:45 AM,11/25/2025 12:44 PM,$219.00 ,$0.00 ,$35.00 ,($17.78),$15.24 ,($15.24),$15.00 ,($8.05),$0.00 ,$0.00 ,0,0,0,243.17,Completed,ach,ezOrdering Delivery,,Abby Pillow,,,
FWY-5JV,Aspire Software,390 S Woods Mill Rd ste 300 - 3rd floor,Chesterfield,MO,63017,,West Oak,CBW- Crazy Bowls and Wraps (West Oak),11/26/2025 11:00 AM,11/10/2025 2:43 PM,$106.43 ,$0.00 ,$25.00 ,($15.96),$9.57 ,$0.00 ,$21.29 ,($4.22),$0.00 ,$0.00 ,0,0,0,142.11,Completed,ach,Meal Program,,,,,
9CY-ZYE,"Washington University School of Medicine, Mid Campus Center (MCC)",4590 Children's Pl/Nash Wy 11th floor,St. Louis,MO,63110,,Lindell/SLU,CBW- Crazy Bowls and Wraps (Lindell/SLU),11/26/2025 11:07 AM,11/24/2025 10:04 AM,$196.40 ,$0.00 ,$20.00 ,($32.46),$0.00 ,$0.00 ,$0.00 ,($6.47),$0.00 ,$0.00 ,-30,0,0,147.47,Completed,ach,Marketplace Takeout,,Dispatch,,,
KTX-JMZ,Bellarmine University - Knights Hall,2001 Norris Pl,Louisville,KY,40205,1,Dupont,Wild Eggs #1 (Dupont),11/28/2025 8:45 AM,11/27/2025 12:27 PM,$239.00 ,$0.00 ,$35.00 ,($41.10),$16.44 ,($16.44),$0.00 ,($8.68),$0.00 ,$0.00 ,0,0,0,224.22,Completed,ach,Marketplace Delivery,nccv3doll1,Carmen E,,,
P16-RXU,Fedex,155 Flex Park Ln,Bowling Green,KY,42101,14,Bowling Green,Wild Eggs #14 (Bowling Green),11/28/2025 9:00 AM,11/20/2025 11:17 AM,$486.00 ,$0.00 ,$35.00 ,($78.15),$31.26 ,($31.26),$72.90 ,($16.51),$0.00 ,$0.00 ,0,0,0,499.24,Completed,ach,Marketplace Delivery,,Jamie Thomas,,,
WZ0-GFV,,,Cincinnati,OH,,9,Queen City Wild Eggs,Wild Eggs #9 (Queen City Wild Eggs),11/29/2025 9:15 AM,11/25/2025 3:29 PM,$272.00 ,$0.00 ,$0.00 ,($40.80),$0.00 ,$0.00 ,$10.00 ,($8.13),$0.00 ,$0.00 ,0,0,0,233.07,Completed,ach,Marketplace Takeout,,N/A,,,
R26-P77,UKG,101 W Washington St Suite 900,Indianapolis,IN,46204,6,Pulliam,Wild Eggs #6 (Pulliam),12/01/2025 8:15 AM,11/25/2025 12:37 PM,$213.00 ,$0.00 ,$35.00 ,($37.20),$22.32 ,($17.36),$42.60 ,($8.08),$0.00 ,$0.00 ,0,0,0,250.28,Completed,ach,Marketplace Delivery,,Skylar Greene,,,
AH5-T6F,University of Louisville Radiation Oncology clinic,529 S Jackson St Lower level,Louisville,KY,40202,4,Mercantile,Wild Eggs #4 (Mercantile),12/01/2025 8:30 AM,11/21/2025 1:50 PM,$705.00 ,$0.00 ,$35.00 ,($111.00),$44.40 ,($44.40),$20.00 ,($23.45),$0.00 ,$0.00 ,0,0,0,625.55,Completed,ach,Marketplace Delivery,,Bayley Brown,,,
K1G-4J9,Amdocs,625 Maryville Centre Dr Suite 200,St. Louis,MO,63141,,Creve Coeur,CBW- Crazy Bowls and Wraps (Creve Coeur),12/01/2025 8:35 AM,11/20/2025 9:56 AM,$109.70 ,$0.00 ,$20.00 ,($19.46),$9.59 ,$0.00 ,$0.00 ,($4.16),$0.00 ,$0.00 ,-30,0,0,85.67,Completed,ach,Marketplace Takeout,,Dispatch,,,
CM3-9Y3,Morgan Stanley,800 E 96th St 400,Indianapolis,IN,46240,5,Carmel,Wild Eggs #5 (Carmel),12/02/2025 8:45 AM,12/01/2025 4:31 PM,$165.00 ,$0.00 ,$35.00 ,($30.00),$18.00 ,($14.00),$15.00 ,($6.52),$0.00 ,$0.00 ,0,0,0,182.48,Completed,ach,Marketplace Delivery,,Lesley Rodela,,,
8K0-TR0,Ernst & Young,7676 Forsyth Blvd Suite 2600,Clayton,MO,63105,,Forsyth/Clayton,CBW- Crazy Bowls and Wraps (Forsyth/Clayton),12/02/2025 10:40 AM,11/26/2025 1:57 PM,$484.58 ,$0.00 ,$20.00 ,($75.69),$50.82 ,$0.00 ,$0.00 ,($16.61),$0.00 ,$0.00 ,-48.46,0,0,414.64,Completed,ach,Marketplace Takeout,,Dispatch,,,
1G5-XVF,Nestle Purina Pet Care,901 Chouteau Ave 5T,St. Louis,MO,63102,,Lindell/SLU,CBW- Crazy Bowls and Wraps (Lindell/SLU),12/02/2025 11:21 AM,12/01/2025 11:06 AM,$80.35 ,$0.00 ,$20.00 ,($15.05),$10.59 ,$0.00 ,$0.00 ,($3.32),$0.00 ,$0.00 ,-30,0,0,62.57,Completed,ach,Marketplace Takeout,,Dispatch,,,
U7X-Z56,TRIMEDX,5451 Lakeview Pkwy Dr S,Indianapolis,IN,46268,5,Carmel,Wild Eggs #5 (Carmel),12/03/2025 7:30 AM,11/25/2025 4:52 PM,$148.00 ,$0.00 ,$35.00 ,($27.45),$16.47 ,($12.81),$29.60 ,($5.96),$0.00 ,$0.00 ,0,0,0,182.85,Completed,ach,Marketplace Delivery,,Lesley Rodela,,,
J0R-WZU,Luxeve Media,6360 La Pas Trail,Indianapolis,IN,46268,6,Pulliam,Wild Eggs #6 (Pulliam),12/03/2025 8:45 AM,12/02/2025 10:12 AM,$171.00 ,$0.00 ,$35.00 ,($30.90),$18.54 ,($14.42),$17.10 ,($6.71),$0.00 ,$0.00 ,0,0,0,189.61,Completed,ach,Marketplace Delivery,,Skylar Greene,,,
3QY-9T0,Equifax,7676 Forsyth Blvd,Clayton,MO,63105,,Forsyth/Clayton,CBW- Crazy Bowls and Wraps (Forsyth/Clayton),12/03/2025 11:07 AM,11/21/2025 4:07 PM,"$1,043.20 ",$0.00 ,$20.00 ,($159.48),$109.41 ,$0.00 ,$0.00 ,($35.06),$0.00 ,$0.00 ,-104.32,0,0,873.75,Completed,ach,Marketplace Takeout,,Dispatch,,,
HRK-R8X,Oakville Dental Care,6076 Telegraph Rd,St. Louis,MO,63129,,Tesson,CBW- Crazy Bowls and Wraps (Tesson),12/03/2025 11:29 AM,12/02/2025 3:21 PM,$297.50 ,$0.00 ,$20.00 ,($47.63),$23.02 ,$0.00 ,$0.00 ,($10.18),$0.00 ,$0.00 ,-30,0,0,252.71,Completed,ach,Marketplace Takeout,,Dispatch,,,
A3C-9GQ,"Borders & Borders, PLC",920 Dupont Rd,Louisville,KY,40207,1,Dupont,Wild Eggs #1 (Dupont),12/04/2025 9:00 AM,11/21/2025 4:48 PM,$573.00 ,$0.00 ,$35.00 ,($91.20),$36.48 ,($36.48),$85.95 ,($19.27),$0.00 ,$0.00 ,0,0,0,583.48,Completed,ach,Marketplace Delivery,,Linda Dera,,,
7WY-H5X,Forefront Dermatology,159 S English Station Rd,Louisville,KY,40245,3,Landis,Wild Eggs #3 (Landis),12/04/2025 9:00 AM,12/03/2025 9:16 AM,$269.00 ,$0.00 ,$35.00 ,($45.60),$18.24 ,($18.24),$26.90 ,($9.63),$0.00 ,$0.00 ,0,0,0,275.67,Completed,ach,Marketplace Delivery,,Carolina Conteras,,,
PE5-2C3,Fedex,155 Flex Park Ln,Bowling Green,KY,42101,14,Bowling Green,Wild Eggs #14 (Bowling Green),12/04/2025 9:00 AM,12/02/2025 12:11 PM,$309.00 ,$0.00 ,$35.00 ,($51.60),$20.64 ,($20.64),$46.35 ,($10.90),$0.00 ,$0.00 ,0,0,0,327.85,Completed,ach,Marketplace Delivery,,Jamie Thomas,,,
U50-C8A,JM&A Group,3120 Rider Trail S,Earth City,MO,63045,,Creve Coeur,CBW- Crazy Bowls and Wraps (Creve Coeur),12/04/2025 10:08 AM,11/26/2025 8:41 AM,"$1,224.25 ",$0.00 ,$20.00 ,($186.64),$106.97 ,$0.00 ,$0.00 ,($40.40),$0.00 ,$0.00 ,-122.42,0,0,1001.76,Completed,ach,Marketplace Takeout,,Dispatch,,,
YE4-0ZT,World Wide Technology,108 Gateway Commerce Center Dr N,Edwardsville,IL,62025,,Edwardsville,CBW- Crazy Bowls and Wraps (Edwardsville),12/04/2025 11:13 AM,11/25/2025 9:56 PM,$129.80 ,$0.00 ,$20.00 ,($22.47),$9.86 ,($9.86),$0.00 ,($4.77),$0.00 ,$0.00 ,-30,0,0,92.56,Completed,ach,Marketplace Takeout,,Dispatch,,,
8ZA-Y94,,1078 Wentzville Pkwy,Wentzville,MO,63385,,Wentzville,CBW- Crazy Bowls and Wraps (Wentzville),12/04/2025 11:15 AM,12/03/2025 9:31 AM,$131.95 ,$0.00 ,$0.00 ,($19.79),$13.79 ,$0.00 ,$0.00 ,($4.36),$0.00 ,$0.00 ,0,0,0,121.59,Completed,ach,Marketplace Takeout,,N/A,,,
EZY-FJ9,Endocrinology 2nd floor - Dr Chaudhari,201 Park St 2nd floor,Bowling Green,KY,42101,14,Bowling Green,Wild Eggs #14 (Bowling Green),12/05/2025 8:30 AM,12/04/2025 1:06 PM,$132.00 ,$0.00 ,$35.00 ,($25.05),$10.02 ,($10.02),$13.20 ,($5.29),$0.00 ,$0.00 ,0,0,0,149.86,Completed,ach,Marketplace Delivery,,Jamie Thomas,,,
VHF-3Y2,Mercy Clinic Pediatrics,1203 Smizer Mill Rd Suite 108,Fenton,MO,63026,,Sunset Hills,CBW- Crazy Bowls and Wraps (Sunset Hills),12/05/2025 11:17 AM,12/03/2025 3:51 PM,$217.50 ,$0.00 ,$20.00 ,($35.63),$16.83 ,$0.00 ,$0.00 ,($7.60),$0.00 ,$0.00 ,-30,0,0,181.1,Completed,ach,Marketplace Takeout,,Dispatch,,,
EVC-RCF,Contemporary Art Museum St. Louis,3750 Washington Blvd 3750 Washington Boulevard,St. Louis,MO,63108,,Lindell/SLU,CBW- Crazy Bowls and Wraps (Lindell/SLU),12/05/2025 4:26 PM,11/19/2025 3:20 PM,$179.70 ,$0.00 ,$20.00 ,($13.98),$0.00 ,$0.00 ,$0.00 ,($5.97),$0.00 ,$0.00 ,-30,0,0,149.75,Completed,ach,Marketplace Takeout,,Dispatch,,,
AK2-UQ4,Traders Point Christian Church,2350 E 62nd St,Indianapolis,IN,46220,6,Pulliam,Wild Eggs #6 (Pulliam),12/07/2025 8:30 AM,12/02/2025 3:25 PM,$251.00 ,$0.00 ,$35.00 ,($42.90),$0.00 ,$0.00 ,$25.10 ,($8.55),$0.00 ,$0.00 ,0,0,0,259.65,Completed,ach,Marketplace Delivery,,Skylar Greene,,,
M8V-ZHZ,kentuckiana Radiotherapy,1322 Spring St,Jeffersonville,IN,47130,11,Jeffersonville,Wild Eggs #11 (Jeffersonville),12/08/2025 7:30 AM,12/07/2025 12:18 PM,$199.00 ,$0.00 ,$35.00 ,($35.10),$16.38 ,($16.38),$0.00 ,($7.49),$0.00 ,$0.00 ,0,0,0,191.41,Completed,ach,Marketplace Delivery,,Nadia Guzman,,,
XAK-C11,DKY6 Amazon,1231 Durrett Ln,Louisville,KY,40213,1,Dupont,Wild Eggs #1 (Dupont),12/08/2025 7:45 AM,12/02/2025 4:24 PM,"$1,270.00 ",$0.00 ,$35.00 ,($195.75),$78.30 ,($78.30),$127.00 ,($41.36),$0.00 ,$0.00 ,0,0,0,1194.89,Completed,ach,Marketplace Delivery,,Victoria Carbajal,,,
F3H-CAW,Franciscan Physician Network Cancer Center,8111 S Emerson Ave 101,Indianapolis,IN,46237,16,Greenwood,Wild Eggs #16 (Greenwood),12/08/2025 8:00 AM,12/05/2025 3:04 PM,$992.00 ,$0.00 ,$35.00 ,($154.05),$92.43 ,($71.89),$10.00 ,($33.47),$0.00 ,$0.00 ,0,0,0,870.02,Completed,ach,Marketplace Delivery,,Kali Warren,,,
Z47-UMA,Deloitte,100 S 4th St,St. Louis,MO,63102,,Lindell/SLU,CBW- Crazy Bowls and Wraps (Lindell/SLU),12/08/2025 10:49 AM,12/03/2025 2:21 PM,$297.85 ,$0.00 ,$20.00 ,($47.68),$39.25 ,$0.00 ,$0.00 ,($10.68),$0.00 ,$0.00 ,-30,0,0,268.74,Completed,ach,Marketplace Takeout,,Dispatch,,,
K9F-736,Purina,801 Chouteau Ave 5T,St. Louis,MO,63102,,Lindell/SLU,CBW- Crazy Bowls and Wraps (Lindell/SLU),12/08/2025 10:51 AM,12/05/2025 1:01 PM,$124.45 ,$0.00 ,$20.00 ,($21.67),$16.40 ,$0.00 ,$0.00 ,($4.81),$0.00 ,$0.00 ,-30,0,0,104.37,Completed,ach,Marketplace Takeout,,Dispatch,,,
ZAK-Z34,Apg,916 Talon Dr,O'Fallon,IL,62269,,Shiloh,CBW- Crazy Bowls and Wraps (Shiloh),12/08/2025 11:07 AM,12/04/2025 1:50 PM,$416.10 ,$0.00 ,$20.00 ,($65.42),$34.74 ,($34.74),$0.00 ,($14.08),$0.00 ,$0.00 ,-41.61,0,0,314.99,Completed,ach,Marketplace Takeout,,Dispatch,,,
3TX-C1Z,Martone Legal LLC,600 Emerson Rd 205,Creve Coeur,MO,63141,,West Oak,CBW- Crazy Bowls and Wraps (West Oak),12/08/2025 11:08 AM,12/01/2025 10:43 AM,$305.25 ,$0.00 ,$20.00 ,($48.79),$27.44 ,$0.00 ,$0.00 ,($10.55),$0.00 ,$0.00 ,-30.52,0,0,262.83,Completed,ach,Marketplace Takeout,,Dispatch,,,
QG4-U97,Springhill Suites Earth City,3099 Rider Trail S,Bridgeton,MO,63044,,West Oak,CBW- Crazy Bowls and Wraps (West Oak),12/08/2025 11:47 AM,12/05/2025 2:19 PM,$75.80 ,$0.00 ,$20.00 ,($14.37),$6.81 ,$0.00 ,$0.00 ,($3.07),$0.00 ,$0.00 ,-30,0,0,55.17,Completed,ach,Marketplace Takeout,,Dispatch,,,
T9U-4HV,Schaefer,537 E Pete Rose Way Suite 400,Cincinnati,OH,45202,9,Queen City Wild Eggs,Wild Eggs #9 (Queen City Wild Eggs),12/09/2025 7:30 AM,11/04/2025 1:42 PM,$332.00 ,$0.00 ,$35.00 ,($55.05),$0.00 ,$0.00 ,$49.80 ,($10.97),$0.00 ,$0.00 ,0,0,0,350.78,Completed,ach,Marketplace Delivery,,Shirelle Bloom,,,
ZGW-4J5,Baptist Health Cancer Center,2210 Green Valley Rd,New Albany,IN,47150,13,New Albany,Wild Eggs #13 (New Albany),12/09/2025 7:30 AM,12/05/2025 11:45 AM,$908.00 ,$0.00 ,$35.00 ,($141.45),$66.01 ,($66.01),$20.00 ,($30.17),$0.00 ,$0.00 ,0,0,0,791.38,Completed,ach,Marketplace Delivery,,Savannah Gilbert,,,
HFE-3HV,DMG - Divisions Maintenance Group :Foundry Lobby,"50 West 5th St Lobby ""Foundry Lobby""",Cincinnati,OH,45202,9,Queen City Wild Eggs,Wild Eggs #9 (Queen City Wild Eggs),12/09/2025 8:15 AM,12/05/2025 4:32 PM,$171.00 ,$0.00 ,$35.00 ,($30.90),$0.00 ,$0.00 ,$17.10 ,($6.16),$0.00 ,$0.00 ,0,0,0,186.04,Completed,ach,Marketplace Delivery,,Arissa Robinson,,,
GR7-M0X,Washington University in St. Louis,1 Brookings Dr Seigle Hall 148,St. Louis,MO,63130,,Forsyth/Clayton,CBW- Crazy Bowls and Wraps (Forsyth/Clayton),12/09/2025 11:38 AM,12/08/2025 10:33 AM,$247.18 ,$0.00 ,$20.00 ,($40.08),$0.00 ,$0.00 ,$0.00 ,($7.99),$0.00 ,$0.00 ,-30,0,0,189.11,Completed,ach,Marketplace Takeout,,Dispatch,,,
YP2-79C,DMG - Divisions Maintenance Group,"50 West 5th St Lobby ""Foundry Lobby""",Cincinnati,OH,45202,9,Queen City Wild Eggs,Wild Eggs #9 (Queen City Wild Eggs),12/10/2025 8:15 AM,12/05/2025 5:13 PM,$171.00 ,$0.00 ,$35.00 ,($30.90),$0.00 ,$0.00 ,$17.10 ,($6.16),$0.00 ,$0.00 ,0,0,0,186.04,Completed,ach,Marketplace Delivery,,Shirelle Bloom,,,
TQE-6RT,Core & Main,1830 Craig Park Ct,St. Louis,MO,63146,,West Oak,CBW- Crazy Bowls and Wraps (West Oak),12/10/2025 10:53 AM,12/01/2025 5:24 PM,$316.00 ,$0.00 ,$20.00 ,($50.40),$28.40 ,$0.00 ,$0.00 ,($10.90),$0.00 ,$0.00 ,-31.6,0,0,271.5,Completed,ach,Marketplace Takeout,,Dispatch,,,
YJK-TP5,St. Luke’s Internal Medicine 504A,121 St Luke's Center Dr Building A 504,Chesterfield,MO,63017,,Creve Coeur,CBW- Crazy Bowls and Wraps (Creve Coeur),12/10/2025 11:23 AM,12/09/2025 4:41 PM,$248.00 ,$0.00 ,$20.00 ,($40.20),$21.67 ,$0.00 ,$0.00 ,($8.66),$0.00 ,$0.00 ,-30,0,0,210.81,Completed,ach,Marketplace Takeout,,Dispatch,,,
J73-UFP,Contemporary Art Museum St. Louis,3750 Washington Ave,St. Louis,MO,63108,,Lindell/SLU,CBW- Crazy Bowls and Wraps (Lindell/SLU),12/10/2025 4:11 PM,12/02/2025 10:27 AM,$78.60 ,$0.00 ,$20.00 ,($14.79),$10.36 ,$0.00 ,$0.00 ,($3.26),$0.00 ,$0.00 ,-30,0,0,60.91,Completed,ach,Marketplace Takeout,2500comeback,Dispatch,,,
HYV-2RF,DKY6 Amazon,1231 Durrett Ln,Louisville,KY,40213,1,Dupont,Wild Eggs #1 (Dupont),12/11/2025 7:30 AM,12/09/2025 5:29 PM,"$1,270.00 ",$0.00 ,$35.00 ,($195.75),$78.30 ,($78.30),$127.00 ,($41.36),$0.00 ,$0.00 ,0,0,0,1194.89,Completed,ach,Marketplace Delivery,,Linda Dera,,,
9AU-Z4W,"Takeout from New Albany, IN",3605 Northgate Ct #209,New Albany,IN,47150,13,New Albany,Wild Eggs #13 (New Albany),12/11/2025 7:30 AM,12/10/2025 11:19 AM,$408.00 ,$0.00 ,$35.00 ,($66.45),$31.01 ,($31.01),$40.80 ,($14.17),$0.00 ,$0.00 ,0,0,0,403.18,Completed,ach,Marketplace Delivery,,Kayla Elifrits,,,
4F3-8WQ,Riverview Sleep and Respiratory,355 Westfield Rd ste 114 Suite 114,Noblesville,IN,46060,7,Fishers,Wild Eggs #07 (Fishers),12/11/2025 8:00 AM,12/10/2025 9:36 AM,$175.00 ,$0.00 ,$35.00 ,($31.50),$18.90 ,($14.70),$0.00 ,($6.84),$0.00 ,$0.00 ,-30,0,0,145.86,Completed,ach,Marketplace Takeout,,Dispatch,,,
09K-GC6,Fedex,155 Flex Park Ln,Bowling Green,KY,42101,14,Bowling Green,Wild Eggs #14 (Bowling Green),12/11/2025 9:00 AM,12/08/2025 11:07 AM,$366.00 ,$0.00 ,$35.00 ,($60.15),$24.06 ,($24.06),$54.90 ,($12.71),$0.00 ,$0.00 ,0,0,0,383.04,Completed,ach,Marketplace Delivery,,Jamie Thomas,,,
YZK-JT1,St. Lous Gastroenterology Associates,3555 Sunset Office Dr Suite 107,St. Louis,MO,63127,,Sunset Hills,CBW- Crazy Bowls and Wraps (Sunset Hills),12/11/2025 11:05 AM,12/08/2025 4:31 PM,$466.87 ,$0.00 ,$20.00 ,($73.03),$36.13 ,$0.00 ,$0.00 ,($15.64),$0.00 ,$0.00 ,-46.69,0,0,387.64,Completed,ach,Marketplace Takeout,,Dispatch,,,
UHY-H3C,Cardinal Glennon Children's Hospital,1465 S Grand Blvd Main entrance - outside,St. Louis,MO,63104,,Lindell/SLU,CBW- Crazy Bowls and Wraps (Lindell/SLU),12/11/2025 11:20 AM,12/09/2025 8:37 AM,$376.20 ,$0.00 ,$20.00 ,($59.43),$0.00 ,$0.00 ,$0.00 ,($11.85),$0.00 ,$0.00 ,-37.62,0,0,287.3,Completed,ach,Marketplace Takeout,,Dispatch,,,
K6C-QJK,WashU (Weil Hall),1 Wrighton Wy Weil Hall,St. Louis,MO,63105,,Forsyth/Clayton,CBW- Crazy Bowls and Wraps (Forsyth/Clayton),12/11/2025 11:56 AM,12/08/2025 2:35 PM,$94.49 ,$0.00 ,$20.00 ,($17.17),$0.00 ,$0.00 ,$0.00 ,($3.42),$0.00 ,$0.00 ,-30,0,0,63.9,Completed,ach,Marketplace Takeout,,Dispatch,,,
JRE-9TQ,Leonardo DRS,4201 Innovation Way,Bridgeton,MO,63044,,Lindenwood,CBW- Crazy Bowls and Wraps (Lindenwood),12/12/2025 10:30 AM,12/10/2025 12:24 PM,$237.45 ,$0.00 ,$20.00 ,($38.62),$23.63 ,$0.00 ,$0.00 ,($8.40),$0.00 ,$0.00 ,-30,0,0,204.06,Completed,ach,Marketplace Takeout,,Dispatch,,,
ZQX-42F,Club Fitness,215 Arnold Crossroads Center Ground floor,Arnold,MO,63010,,Tesson,CBW- Crazy Bowls and Wraps (Tesson),12/12/2025 11:14 AM,12/10/2025 2:42 PM,$479.58 ,$0.00 ,$20.00 ,($34.97),$37.11 ,$0.00 ,$0.00 ,($16.05),($48.00),$0.00 ,-47.96,0,0,389.71,Completed,ach,Marketplace Takeout,,Dispatch,,,
PJM-T5M,Lemonaid Pharmacy,1701 Macklind Ave Suite 300,St. Louis,MO,63110,,West Oak,CBW- Crazy Bowls and Wraps (West Oak),12/12/2025 11:30 AM,11/24/2025 10:55 AM,$276.19 ,$0.00 ,$25.00 ,($41.43),$24.82 ,$0.00 ,$27.62 ,($9.75),$0.00 ,$0.00 ,0,0,0,302.45,Completed,ach,Meal Program,,,,,
PYY-YCA,Chaifetz,1 S Compton Ave,St. Louis,MO,63103,,Forsyth/Clayton,CBW- Crazy Bowls and Wraps (Forsyth/Clayton),12/14/2025 2:59 PM,12/12/2025 2:47 PM,$445.14 ,$0.00 ,$20.00 ,($69.77),$0.00 ,$0.00 ,$0.00 ,($13.91),$0.00 ,$0.00 ,-44.51,0,0,336.95,Completed,ach,Marketplace Takeout,,Dispatch,,,
1UK-JET,Dr Olash,3900 Kresge Way 50,Louisville,KY,40207,1,Dupont,Wild Eggs #1 (Dupont),12/15/2025 8:00 AM,12/12/2025 4:09 PM,$130.00 ,$0.00 ,$35.00 ,($24.75),$9.90 ,($9.90),$6.00 ,($5.23),$0.00 ,$0.00 ,0,0,0,141.02,Completed,ach,Marketplace Delivery,,Carmen E,,,
1T0-A5W,,Vandercar Way,Cincinnati,OH,45209,8,Oakley,Wild Eggs #8 (Oakley),12/15/2025 10:45 AM,12/11/2025 12:13 PM,$275.00 ,$0.00 ,$0.00 ,($41.25),$0.00 ,$0.00 ,$10.00 ,($8.22),$0.00 ,$0.00 ,0,0,0,235.53,Completed,ach,Marketplace Takeout,,N/A,,,
UZM-PYT,Distinctive Dermatology,390 Office Ct,Fairview Heights,IL,62208,,Shiloh,CBW- Crazy Bowls and Wraps (Shiloh),12/15/2025 10:33 AM,12/12/2025 4:30 PM,$370.00 ,$0.00 ,$20.00 ,($58.50),$30.90 ,($30.90),$0.00 ,($12.58),$0.00 ,$0.00 ,-37,0,0,281.92,Completed,ach,Marketplace Takeout,,Dispatch,,,
WPX-0YA,STL Fertility,555 N New Ballas Rd 150,St. Louis,MO,63141,,West Oak,CBW- Crazy Bowls and Wraps (West Oak),12/15/2025 11:19 AM,12/11/2025 9:18 AM,$653.70 ,$0.00 ,$20.00 ,($101.06),$58.75 ,$0.00 ,$0.00 ,($21.90),$0.00 ,$0.00 ,-65.37,0,0,544.12,Completed,ach,Marketplace Takeout,,Dispatch,,,
Q3W-VJ3,JWM Neurology Ritter Ave.,1400 N Ritter Ave 220,Indianapolis,IN,46219,6,Pulliam,Wild Eggs #6 (Pulliam),12/16/2025 7:45 AM,12/15/2025 12:13 PM,$216.00 ,$0.00 ,$35.00 ,($37.65),$22.59 ,($17.57),$0.00 ,($8.18),$0.00 ,$0.00 ,0,0,0,210.19,Completed,ach,Marketplace Delivery,,Skylar Greene,,,
T79-1JX,LINAK U.S.,2200 Stanley Gault Pkwy,Louisville,KY,40223,3,Landis,Wild Eggs #3 (Landis),12/16/2025 8:00 AM,11/25/2025 12:03 PM,$416.00 ,$0.00 ,$35.00 ,($67.65),$27.06 ,($27.06),$83.20 ,($14.29),$0.00 ,$0.00 ,0,0,0,452.26,Completed,ach,Marketplace Delivery,,Ally Kennedy,,,
6UE-P9C,Norton Pulmonary Associates,100 West Market St,Louisville,KY,40202,4,Mercantile,Wild Eggs #4 (Mercantile),12/16/2025 8:00 AM,12/15/2025 9:43 AM,$333.00 ,$0.00 ,$35.00 ,($55.20),$22.08 ,($22.08),$0.00 ,($11.66),$0.00 ,$0.00 ,0,0,0,301.14,Completed,ach,Marketplace Delivery,,Rachel Abel,,,
37T-Q48,"Golding, Inc.",251 Axminister Dr,Fenton,MO,63026,,Sunset Hills,CBW- Crazy Bowls and Wraps (Sunset Hills),12/16/2025 10:35 AM,12/15/2025 3:37 PM,$229.50 ,$0.00 ,$20.00 ,($37.43),$17.76 ,$0.00 ,$0.00 ,($7.99),$0.00 ,$0.00 ,-30,0,0,191.84,Completed,ach,Marketplace Takeout,,Dispatch,,,
HT0-H2F,St. Lukes Multispecialty,222 S Woods Mill Rd Suite 750 North building,Chesterfield,MO,63017,,Rock Hill/Glendale,CBW- Crazy Bowls and Wraps (Rock Hill/Glendale),12/16/2025 11:12 AM,12/15/2025 8:32 AM,$269.10 ,$0.00 ,$20.00 ,($43.37),$24.86 ,$0.00 ,$0.00 ,($9.39),$0.00 ,$0.00 ,-30,0,0,231.2,Completed,ach,Marketplace Takeout,,Dispatch,,,
K81-GYK,Raymond James,4969 US-42 1600,Northfield,KY,40222,2,Westport,Wild Eggs #2 (Westport),12/17/2025 7:45 AM,12/01/2025 8:49 AM,$472.00 ,$0.00 ,$35.00 ,($76.05),$30.42 ,($30.42),$70.80 ,($16.07),$0.00 ,$0.00 ,0,0,0,485.68,Completed,ach,Marketplace Delivery,,Abby Pillow,,,
07G-W5F,Corsocare,12315 Hancock St Suite 28,Carmel,IN,46032,5,Carmel,Wild Eggs #5 (Carmel),12/17/2025 8:00 AM,12/16/2025 4:16 PM,$131.00 ,$0.00 ,$35.00 ,($24.90),$14.94 ,($11.62),$19.65 ,($5.41),$0.00 ,$0.00 ,0,0,0,158.66,Completed,ach,Marketplace Delivery,,Lesley Rodela,,,
6JG-M7C,Forefront Dermatology Downtown,501 S 2nd St,Louisville,KY,40202,4,Mercantile,Wild Eggs #4 (Mercantile),12/17/2025 8:15 AM,12/16/2025 11:03 AM,$449.00 ,$0.00 ,$35.00 ,($72.60),$29.04 ,($29.04),$44.90 ,($15.34),$0.00 ,$0.00 ,0,0,0,440.96,Completed,ach,Marketplace Delivery,,Bayley Brown,,,
8P9-3V7,Eurofins St Louis,2250 Welsch Industrial Ct A,St. Louis,MO,63146,,Forsyth/Clayton,CBW- Crazy Bowls and Wraps (Forsyth/Clayton),12/17/2025 10:55 AM,12/15/2025 12:05 PM,$296.33 ,$0.00 ,$20.00 ,($47.45),$31.08 ,$0.00 ,$0.00 ,($10.39),$0.00 ,$0.00 ,-30,0,0,259.57,Completed,ach,Marketplace Takeout,,Dispatch,,,
AJ3-WJV,Aspire Software,390 S Woods Mill Rd ste 300 - 3rd floor,Chesterfield,MO,63017,,West Oak,CBW- Crazy Bowls and Wraps (West Oak),12/17/2025 11:00 AM,12/01/2025 2:05 PM,$153.40 ,$0.00 ,$25.00 ,($23.01),$13.79 ,$0.00 ,$30.68 ,($5.75),$0.00 ,$0.00 ,0,0,0,194.11,Completed,ach,Meal Program,,,,,
AMR-U60,Hunter engineering - c/o Jim T,"11250 Hunter Dr Building ""A""",Bridgeton,MO,63044,,West Oak,CBW- Crazy Bowls and Wraps (West Oak),12/17/2025 11:14 AM,12/13/2025 2:41 PM,$207.80 ,$0.00 ,$20.00 ,($34.17),$18.68 ,$0.00 ,$0.00 ,($7.37),$0.00 ,$0.00 ,-30,0,0,174.94,Completed,ach,Marketplace Takeout,,Dispatch,,,
YPC-CRQ,TriHealth Physicians Gastroenterology,10600 Montgomery Rd,Cincinnati,OH,45242,8,Oakley,Wild Eggs #8 (Oakley),12/18/2025 7:30 AM,12/16/2025 4:40 PM,$399.00 ,$0.00 ,$35.00 ,($65.10),$0.00 ,$0.00 ,$15.00 ,($12.98),$0.00 ,$0.00 ,0,0,0,370.92,Completed,ach,Marketplace Delivery,,Sara Gaskill,,,
M4M-4EE,Trane-Training Center,8100 E 106th St 240,Fishers,IN,46038,7,Fishers,Wild Eggs #07 (Fishers),12/18/2025 7:45 AM,12/08/2025 1:58 PM,$519.00 ,$0.00 ,$35.00 ,($83.10),$49.86 ,($38.78),$51.90 ,($18.06),$0.00 ,$0.00 ,0,0,0,515.82,Completed,ach,Marketplace Delivery,,Carmen Sanchez,,,
UF1-ZU7,TRUE Fitness,25 Lakeside Dr Lobby,Lake Saint Louis,MO,63367,,O'Fallon,CBW- Crazy Bowls and Wraps (O'Fallon),12/18/2025 11:02 AM,12/17/2025 6:51 PM,$164.95 ,$0.00 ,$20.00 ,($27.74),$14.76 ,$0.00 ,$0.00 ,($5.97),$0.00 ,$0.00 ,-30,0,0,136,Completed,ach,Marketplace Takeout,,Dispatch,,,
8T5-R9E,Cambridge Air Solutions,760 Long Rd Crossing Dr,Chesterfield,MO,63005,,Chesterfield Valley,CBW- Crazy Bowls and Wraps (Chesterfield Valley),12/18/2025 11:06 AM,12/17/2025 10:57 AM,$377.70 ,$0.00 ,$20.00 ,($59.66),$38.20 ,$0.00 ,$0.00 ,($13.03),$0.00 ,$0.00 ,-37.77,0,0,325.44,Completed,ach,Marketplace Takeout,,Dispatch,,,
AKP-VUW,RNAissance Ag,1005 N Warson Rd Ste 375,Creve Coeur,MO,63141,,West Oak,CBW- Crazy Bowls and Wraps (West Oak),12/18/2025 11:07 AM,12/11/2025 3:02 PM,$210.25 ,$0.00 ,$20.00 ,($34.54),$18.90 ,$0.00 ,$0.00 ,($7.45),$0.00 ,$0.00 ,-30,0,0,177.16,Completed,ach,Marketplace Takeout,,Dispatch,,,
Q5V-T83,Missouri Veterinary Dermatology Center,1092 Wentzville Pkwy,Wentzville,MO,63385,,Wentzville,CBW- Crazy Bowls and Wraps (Wentzville),12/18/2025 11:11 AM,12/15/2025 7:52 AM,$288.55 ,$0.00 ,$20.00 ,($46.28),$30.15 ,$0.00 ,$0.00 ,($10.13),$0.00 ,$0.00 ,-30,0,0,252.29,Completed,ach,Marketplace Takeout,,Dispatch,,,
CX5-GY8,Forefront Dermatology,1800 Wentzville Pkwy,Wentzville,MO,63385,,Wentzville,CBW- Crazy Bowls and Wraps (Wentzville),12/18/2025 11:26 AM,12/16/2025 7:22 PM,$217.50 ,$0.00 ,$20.00 ,($35.63),$22.73 ,$0.00 ,$0.00 ,($7.78),$0.00 ,$0.00 ,-30,0,0,186.82,Completed,ach,Marketplace Takeout,,Dispatch,,,
PZK-R5X,Strive Pharmacy,2058 Fenton Logistics Pk Blvd,Fenton,MO,63026,,Sunset Hills,CBW- Crazy Bowls and Wraps (Sunset Hills),12/19/2025 10:45 AM,12/15/2025 11:25 AM,"$1,871.50 ",$0.00 ,$20.00 ,($283.73),$144.82 ,$0.00 ,$0.00 ,($60.89),$0.00 ,$0.00 ,-187.15,0,0,1504.55,Completed,ach,Marketplace Takeout,gift2025,Dispatch,,,
VWZ-MYJ,,,Cincinnati,OH,,9,Queen City Wild Eggs,Wild Eggs #9 (Queen City Wild Eggs),12/20/2025 8:15 AM,12/15/2025 2:51 PM,$272.00 ,$0.00 ,$0.00 ,($40.80),$0.00 ,$0.00 ,$15.00 ,($8.13),$0.00 ,$0.00 ,0,0,0,238.07,Completed,ach,Marketplace Takeout,,N/A,,,
Z3K-7UR,Southeast Christian church - Crestwood Campus,6201 Crestwood Station,Crestwood,KY,40014,3,Landis,Wild Eggs #3 (Landis),12/21/2025 8:45 AM,12/16/2025 9:28 AM,$113.00 ,$0.00 ,$35.00 ,($22.20),$0.00 ,$0.00 ,$11.30 ,($4.43),$0.00 ,$0.00 ,0,0,0,132.67,Completed,ach,Marketplace Delivery,,Ally Kennedy,,,
7ZG-65F,Barnes Jewish Hospital Main Campus. Meet in main lobby,Barnes Jewish Hospital Plaza,St. Louis,MO,63110,,Lindell/SLU,CBW- Crazy Bowls and Wraps (Lindell/SLU),12/21/2025 10:38 AM,12/10/2025 3:33 PM,$341.95 ,$0.00 ,$20.00 ,($54.29),$0.00 ,$0.00 ,$0.00 ,($10.82),$0.00 ,$0.00 ,-34.2,0,0,262.64,Completed,ach,Marketplace Takeout,,Dispatch,,,
55Z-C8U,Barnes Jewish Hospital main campus.,Barnes Jewish Hospital Plaza,St. Louis,MO,63110,,Lindell/SLU,CBW- Crazy Bowls and Wraps (Lindell/SLU),12/21/2025 7:36 PM,12/10/2025 3:36 PM,$341.95 ,$0.00 ,$20.00 ,($54.29),$0.00 ,$0.00 ,$0.00 ,($10.82),$0.00 ,$0.00 ,-34.2,0,0,262.64,Completed,ach,Marketplace Takeout,,Dispatch,,,
9JP-262,LG&E,820 W Broadway Cawthon Street Security Gate,Louisville,KY,40202,4,Mercantile,Wild Eggs #4 (Mercantile),12/22/2025 8:00 AM,12/19/2025 7:05 AM,$227.00 ,$0.00 ,$35.00 ,($39.30),$15.72 ,($15.72),$25.00 ,($8.30),$0.00 ,$0.00 ,0,0,0,239.4,Completed,ach,Marketplace Delivery,,Johnny Snawder,,,
JEA-AGV,IU Pulmonology and Allergy,11725 Illinois St 465,Carmel,IN,46032,5,Carmel,Wild Eggs #5 (Carmel),12/22/2025 9:00 AM,12/21/2025 8:08 PM,$177.00 ,$0.00 ,$35.00 ,($31.80),$19.08 ,($14.84),$0.00 ,($6.91),$0.00 ,$0.00 ,0,0,0,177.53,Completed,ach,Marketplace Delivery,,Lesley Rodela,,,
WEQ-4F7,ICHINEN USA Corporation,735 St Paul St,Indianapolis,IN,46203,6,Pulliam,Wild Eggs #6 (Pulliam),12/23/2025 8:30 AM,12/18/2025 9:46 AM,$288.00 ,$0.00 ,$35.00 ,($48.45),$29.07 ,($22.61),$43.20 ,($10.53),$0.00 ,$0.00 ,0,0,0,313.68,Completed,ach,Marketplace Delivery,,Skylar Greene,,,
980-1WY,Tri-County Family Practice - Chesterfield (SLH),17417 Chesterfield Airport Rd,Chesterfield,MO,63005,,Chesterfield Valley,CBW- Crazy Bowls and Wraps (Chesterfield Valley),12/23/2025 11:30 AM,12/22/2025 8:34 AM,$176.95 ,$0.00 ,$0.00 ,($26.54),$17.89 ,$0.00 ,$0.00 ,($5.83),$0.00 ,$0.00 ,0,0,0,162.47,Completed,ach,Marketplace Takeout,nccv3ezr3,N/A,,,
CF6-27P,,12700 Southfork Rd,St. Louis,MO,63128,,Tesson,CBW- Crazy Bowls and Wraps (Tesson),12/23/2025 11:30 AM,12/22/2025 11:08 AM,$208.35 ,$0.00 ,$0.00 ,($31.25),$16.12 ,$0.00 ,$20.84 ,($6.71),$0.00 ,$0.00 ,0,0,0,207.35,Completed,ach,Marketplace Takeout,,N/A,,,
Y6Y-E1W,Tiffany's,64 Plaza Frontenac,St. Louis,MO,63131,,Rock Hill/Glendale,CBW- Crazy Bowls and Wraps (Rock Hill/Glendale),12/23/2025 12:03 PM,12/06/2025 1:36 PM,$217.50 ,$0.00 ,$20.00 ,($35.63),$20.09 ,$0.00 ,$0.00 ,($7.70),$0.00 ,$0.00 ,-30,0,0,184.26,Completed,ach,Marketplace Takeout,,Dispatch,,,
UAC-HTM,Healthtrackrx,706 E Lewis and Clark Pkwy,Clarksville,IN,47129,11,Jeffersonville,Wild Eggs #11 (Jeffersonville),12/24/2025 7:00 AM,12/11/2025 3:14 PM,"$1,008.00 ",$0.00 ,$35.00 ,($156.45),$73.01 ,($73.01),$172.00 ,($33.37),$0.00 ,$0.00 ,0,0,0,1025.18,Completed,ach,Marketplace Delivery,,Christal Vanarsdale,,,
CG3-KU9,Advanced Regional Surgery Center,360 Missouri Ave Suite 102,Jeffersonville,IN,47129,4,Mercantile,Wild Eggs #4 (Mercantile),12/24/2025 7:45 AM,12/22/2025 8:20 AM,$244.00 ,$0.00 ,$35.00 ,($41.85),$16.74 ,($16.74),$20.00 ,($8.84),$0.00 ,$0.00 ,0,0,0,248.31,Completed,ach,Marketplace Delivery,,Bayley Brown,,,
0Z7-GRR,Bengals Stadium - Main Offices,1 Paycor Stadium,Cincinnati,OH,45202,9,Queen City Wild Eggs,Wild Eggs #9 (Queen City Wild Eggs),12/24/2025 8:30 AM,12/22/2025 2:35 PM,$482.00 ,$0.00 ,$35.00 ,($77.55),$2.81 ,($2.81),$50.00 ,($15.54),$0.00 ,$0.00 ,0,0,0,473.91,Completed,ach,Marketplace Delivery,,Shirelle Bloom,,,
5F1-136,Mercy Hospital South,10010 Kennerly Rd John Pruellege Heart Hospital entrance,St. Louis,MO,63128,,Tesson,CBW- Crazy Bowls and Wraps (Tesson),12/26/2025 10:05 AM,12/24/2025 7:56 AM,$620.50 ,$0.00 ,$20.00 ,($96.08),$48.01 ,$0.00 ,$0.00 ,($20.59),$0.00 ,$0.00 ,-62.05,0,0,509.79,Completed,ach,Marketplace Takeout,2550ezo,Dispatch,,,
M9T-KX6,Louisville Dermatology,13802 Lake Point Way 100,Louisville,KY,40223,3,Landis,Wild Eggs #3 (Landis),12/29/2025 7:45 AM,12/08/2025 4:06 PM,$136.00 ,$0.00 ,$35.00 ,($25.65),$10.26 ,($10.26),$20.40 ,($5.42),$0.00 ,$0.00 ,0,0,0,160.33,Completed,ach,Marketplace Delivery,,Ally Kennedy,,,
W3H-XA6,Tri Health,10600 Montgomery Rd 300,Cincinnati,OH,45242,8,Oakley,Wild Eggs #8 (Oakley),12/29/2025 8:00 AM,12/12/2025 2:38 PM,$549.00 ,$0.00 ,$35.00 ,($87.60),$0.00 ,$0.00 ,$25.00 ,($17.46),$0.00 ,$0.00 ,0,0,0,503.94,Completed,ach,Marketplace Delivery,,jane sillett,,,
Q9A-73P,SSM SLUCare Academic Pavilion,"1008 S Spring Ave 1st Floor, conference room 1001",St. Louis,MO,63110,18,South City,CBW- Crazy Bowls and Wraps #18 (South City),12/29/2025 7:06 AM,11/24/2025 4:21 PM,$97.00 ,$0.00 ,$20.00 ,($17.55),$12.78 ,$0.00 ,$0.00 ,($3.88),$0.00 ,$0.00 ,-30,0,0,78.35,Completed,ach,Marketplace Takeout,,Dispatch,,,
3RE-YQ8,Community and LT Care Psychiatry,10004 Kennerly Rd 362B,St. Louis,MO,63128,,Sunset Hills,CBW- Crazy Bowls and Wraps (Sunset Hills),12/29/2025 11:05 AM,12/23/2025 12:17 PM,$218.94 ,$0.00 ,$20.00 ,($35.84),$16.94 ,$0.00 ,$0.00 ,($7.65),$0.00 ,$0.00 ,-30,0,0,182.39,Completed,ach,Marketplace Takeout,,Dispatch,,,
TZE-47U,THE UROLOGY GROUP,2000 Joseph E Sanker Blvd 1ST,Cincinnati,OH,45212,8,Oakley,Wild Eggs #8 (Oakley),12/31/2025 7:30 AM,12/30/2025 9:05 AM,$465.00 ,$0.00 ,$35.00 ,($75.00),$0.00 ,$0.00 ,$69.75 ,($14.95),$0.00 ,$0.00 ,0,0,0,479.8,Completed,ach,Marketplace Delivery,,Kenzie Kolb,,,
ZCF-MAR,Tri Health Surgery Center West,3660 Edgewood Dr,Cincinnati,OH,45211,9,Queen City Wild Eggs,Wild Eggs #9 (Queen City Wild Eggs),12/31/2025 9:00 AM,12/12/2025 4:56 PM,$462.00 ,$0.00 ,$35.00 ,($74.55),$0.00 ,$0.00 ,$30.00 ,($14.86),$0.00 ,$0.00 ,0,0,0,437.59,Completed,ach,Marketplace Delivery,,Shirelle Bloom,,,
ZUQ-6KU,University of Louisville/Clinical Translational Research Building (CTR),505 S Hancock St 1st floor Room 124,Louisville,KY,40202,4,Mercantile,Wild Eggs #4 (Mercantile),01/02/2026 6:45 AM,12/10/2025 3:01 PM,$155.00 ,$0.00 ,$35.00 ,($28.50),$0.00 ,$0.00 ,$10.00 ,($5.68),$0.00 ,$0.00 ,0,0,0,165.82,Completed,ach,Marketplace Delivery,,Johnny Snawder,,,
MUT-P1G,,,Cincinnati,OH,,9,Queen City Wild Eggs,Wild Eggs #9 (Queen City Wild Eggs),01/02/2026 10:15 AM,12/29/2025 6:09 PM,$286.00 ,$0.00 ,$0.00 ,($42.90),$0.00 ,$0.00 ,$15.00 ,($8.55),$0.00 ,$0.00 ,0,0,0,249.55,Completed,ach,Marketplace Takeout,,N/A,,,
KW1-V4K,Contemporary Art Museum St. Louis,3750 Washington Blvd 3750 Washington Boulevard,St. Louis,MO,63108,,Lindell/SLU,CBW- Crazy Bowls and Wraps (Lindell/SLU),01/02/2026 4:11 PM,12/30/2025 1:19 PM,$165.75 ,$0.00 ,$20.00 ,($13.00),$0.00 ,$0.00 ,$0.00 ,($5.55),$0.00 ,$0.00 ,-30,0,0,137.2,Completed,ach,Marketplace Takeout,,Dispatch,,,
6A2-CWT,WashU Mckelvey Engineering,1 Brookings Dr Lopata Hall Gallery,St. Louis,MO,63130,,Forsyth/Clayton,CBW- Crazy Bowls and Wraps (Forsyth/Clayton),01/03/2026 11:34 AM,12/29/2025 2:00 PM,$610.50 ,$0.00 ,$20.00 ,($94.58),$0.00 ,$0.00 ,$0.00 ,($18.85),$0.00 ,$0.00 ,-61.05,0,0,456.02,Completed,ach,Marketplace Takeout,,Dispatch,,,
7F7-H7F,Chaifetz Arena,1 S Compton Ave Loading Dock,St. Louis,MO,63103,,Lindell/SLU,CBW- Crazy Bowls and Wraps (Lindell/SLU),01/03/2026 2:23 PM,01/02/2026 9:36 AM,$254.40 ,$0.00 ,$20.00 ,($41.16),$33.53 ,$0.00 ,$0.00 ,($9.21),$0.00 ,$0.00 ,-30,0,0,227.56,Completed,ach,Marketplace Takeout,,Dispatch,,,
8GT-3UG,Southeast Christian Church Prospect Campus,12650 W U.S. Hwy 42,Prospect,KY,40059,2,Westport,Wild Eggs #2 (Westport),01/04/2026 8:00 AM,12/03/2025 11:25 AM,$180.00 ,$0.00 ,$35.00 ,($32.25),$0.00 ,$0.00 ,$27.00 ,($6.43),$0.00 ,$0.00 ,0,0,0,203.32,Completed,ach,Marketplace Delivery,,Andrew Gresham,,,
YC1-U0M,University of Louisville Dental School,501 S Preston St lobby 1st floor,Louisville,KY,40202,4,Mercantile,Wild Eggs #4 (Mercantile),01/05/2026 7:30 AM,12/11/2025 10:01 AM,$300.00 ,$0.00 ,$35.00 ,($50.25),$0.00 ,$0.00 ,$30.00 ,($10.02),$0.00 ,$0.00 ,0,0,0,304.73,Completed,ach,Marketplace Delivery,,Johnny Snawder,,,
GFR-FKG,KIPP Wonder Academy,3740 Marine Ave,St. Louis,MO,63118,,Lindell/SLU,CBW- Crazy Bowls and Wraps (Lindell/SLU),01/05/2026 10:43 AM,01/02/2026 5:12 PM,$275.18 ,$0.00 ,$20.00 ,($44.28),$0.00 ,$0.00 ,$0.00 ,($8.83),$0.00 ,$0.00 ,-30,0,0,212.07,Completed,ach,Marketplace Takeout,2500comeback,Dispatch,,,
YVQ-4QR,Plasmidsaurus,4743 Poplar Level Rd,Louisville,KY,40213,1,Dupont,Wild Eggs #1 (Dupont),01/06/2026 7:00 AM,01/02/2026 1:03 PM,$307.00 ,$0.00 ,$35.00 ,($51.30),$20.52 ,($20.52),$30.70 ,($10.84),$0.00 ,$0.00 ,0,0,0,310.56,Completed,ach,Marketplace Delivery,,Victoria Carbajal,,,
JEE-T3K,AMEND,538 Reading Rd,Cincinnati,OH,45202,9,Queen City Wild Eggs,Wild Eggs #9 (Queen City Wild Eggs),01/06/2026 8:00 AM,12/31/2025 10:14 AM,$144.00 ,$0.00 ,$35.00 ,($26.85),$0.00 ,$0.00 ,$14.40 ,($5.35),$0.00 ,$0.00 ,0,0,0,161.2,Completed,ach,Marketplace Delivery,,Shirelle Bloom,,,
G3F-2MH,UC Clifton Court Hall,2800 Clifton Ave,Cincinnati,OH,45221,9,Queen City Wild Eggs,Wild Eggs #9 (Queen City Wild Eggs),01/06/2026 8:45 AM,12/23/2025 10:44 AM,$568.00 ,$0.00 ,$35.00 ,($42.21),$0.00 ,$0.00 ,$113.60 ,($18.03),$0.00 ,$0.00 ,0,0,0,656.36,Completed,ach,ezOrdering Delivery,,Shirelle Bloom,,,
HJK-6P7,,,O'Fallon,IL,,,Shiloh,CBW- Crazy Bowls and Wraps (Shiloh),01/06/2026 11:00 AM,01/05/2026 1:36 PM,$365.18 ,$0.00 ,$0.00 ,($54.78),$30.49 ,($30.49),$20.00 ,($11.83),$0.00 ,$0.00 ,0,0,0,318.57,Completed,ach,Marketplace Takeout,,N/A,,,
ZA1-K6X,The Christ Hospital Joint and Spine Center,126 Mason St,Cincinnati,OH,45219,8,Oakley,Wild Eggs #8 (Oakley),01/07/2026 6:45 AM,12/04/2025 11:07 AM,"$1,122.00 ",$0.00 ,$35.00 ,($173.55),$0.00 ,$0.00 ,$168.30 ,($34.59),$0.00 ,$0.00 ,0,0,0,1117.16,Completed,ach,Marketplace Delivery,,Kenzie Kolb,,,
PEK-504,Clark Schaefer Hackett,1 E 4th St 900,Cincinnati,OH,45202,9,Queen City Wild Eggs,Wild Eggs #9 (Queen City Wild Eggs),01/07/2026 7:45 AM,12/31/2025 11:52 AM,$423.00 ,$0.00 ,$35.00 ,($68.70),$0.00 ,$0.00 ,$40.00 ,($13.69),$0.00 ,$0.00 ,0,0,0,415.61,Completed,ach,Marketplace Delivery,,Shirelle Bloom,,,
PY3-V7R,Franciscan Oncology & Hematology - Emerson,8111 S Emerson Ave Suite 101,Indianapolis,IN,46237,16,Greenwood,Wild Eggs #16 (Greenwood),01/07/2026 8:00 AM,01/05/2026 4:53 PM,"$1,448.00 ",$0.00 ,$35.00 ,($222.45),$133.47 ,($103.81),$50.00 ,($48.33),$0.00 ,$0.00 ,0,0,0,1291.88,Completed,ach,Marketplace Delivery,,Laura Diaz,,,
XMY-U4C,Louisville Pulmonary,4003 Kresge Way Suite 312,Louisville,KY,40207,1,Dupont,Wild Eggs #1 (Dupont),01/07/2026 8:00 AM,01/06/2026 1:02 PM,$531.00 ,$0.00 ,$35.00 ,($84.90),$33.96 ,($33.96),$106.20 ,($17.94),$0.00 ,$0.00 ,0,0,0,569.36,Completed,ach,Marketplace Delivery,,Victoria Carbajal,,,
3PA-QX4,Patient Pick Up/Cardiac Cath Lab,1 St Elizabeth's Blvd,O'Fallon,IL,62269,,Shiloh,CBW- Crazy Bowls and Wraps (Shiloh),01/07/2026 10:35 AM,01/06/2026 3:33 PM,$533.55 ,$0.00 ,$20.00 ,($83.03),$44.55 ,($44.55),$0.00 ,($17.88),$0.00 ,$0.00 ,-53.36,0,0,399.28,Completed,ach,Marketplace Takeout,,Dispatch,,,
EWA-QJJ,HOK ST. LOUIS,701 Market St 400,St. Louis,MO,63101,,Lindell/SLU,CBW- Crazy Bowls and Wraps (Lindell/SLU),01/07/2026 11:13 AM,01/05/2026 2:51 PM,$769.50 ,$0.00 ,$20.00 ,($118.43),$101.41 ,$0.00 ,$0.00 ,($26.64),$0.00 ,$0.00 ,-76.95,0,0,668.89,Completed,ach,Marketplace Takeout,,Dispatch,,,
VCG-ZRG,Gulfstream -Alicia Beals,6400 Curtiss-Steinberg Dr Hangar A 2nd Floor,Sauget,IL,62206,,Lindell/SLU,CBW- Crazy Bowls and Wraps (Lindell/SLU),01/07/2026 11:16 AM,01/06/2026 1:56 PM,$142.45 ,$0.00 ,$20.00 ,($24.37),$18.77 ,$0.00 ,$0.00 ,($5.42),$0.00 ,$0.00 ,-30,0,0,121.43,Completed,ach,Marketplace Takeout,,Dispatch,,,
94Q-75G,Barnes Dennig,150 E 4th St 3rd Floor,Cincinnati,OH,45202,9,Queen City Wild Eggs,Wild Eggs #9 (Queen City Wild Eggs),01/08/2026 8:00 AM,01/05/2026 1:50 PM,$119.00 ,$0.00 ,$35.00 ,($23.10),$0.00 ,$0.00 ,$23.80 ,($4.60),$0.00 ,$0.00 ,0,0,0,150.1,Completed,ach,Marketplace Delivery,,Shirelle Bloom,,,
X1R-XMT,Fabletics,8161 National Turnpike,Louisville,KY,40214,4,Mercantile,Wild Eggs #4 (Mercantile),01/08/2026 8:15 AM,12/30/2025 11:01 AM,$468.00 ,$0.00 ,$35.00 ,($75.45),$30.18 ,($30.18),$93.60 ,($15.94),$0.00 ,$0.00 ,0,0,0,505.21,Completed,ach,Marketplace Delivery,,Johnny Snawder,,,
HPA-9P0,Dr. Allred DERMATOLOGY,1802 Rockingham Ave,Bowling Green,KY,42104,14,Bowling Green,Wild Eggs #14 (Bowling Green),01/08/2026 8:00 AM,01/07/2026 10:24 AM,$171.00 ,$0.00 ,$35.00 ,($30.90),$12.36 ,($12.36),$20.00 ,($6.53),$0.00 ,$0.00 ,0,0,0,188.57,Completed,ach,Marketplace Delivery,,Jamie Thomas,,,
K9J-J3K,University of Cincinnati Athletics,2751 O'Varsity Way,Cincinnati,OH,45221,9,Queen City Wild Eggs,Wild Eggs #9 (Queen City Wild Eggs),01/08/2026 9:15 AM,01/06/2026 2:05 PM,$286.00 ,$0.00 ,$0.00 ,($42.90),$0.00 ,$0.00 ,$0.00 ,($8.55),$0.00 ,$0.00 ,0,0,0,234.55,Completed,ach,Marketplace Takeout,,N/A,,,
C2E-XTX,St Elizabeths cath lab and ep lab in hospital,1 St Elizabeth's Blvd Second floor,O'Fallon,IL,62269,,Shiloh,CBW- Crazy Bowls and Wraps (Shiloh),01/08/2026 10:37 AM,01/06/2026 12:38 PM,$577.00 ,$0.00 ,$20.00 ,($89.55),$48.18 ,($48.18),$0.00 ,($19.29),$0.00 ,$0.00 ,-57.7,0,0,430.46,Completed,ach,Marketplace Takeout,,Dispatch,,,
6W1-9GY,Wash U Pain Management,969 N Mason Rd L30,Creve Coeur,MO,63141,,Creve Coeur,CBW- Crazy Bowls and Wraps (Creve Coeur),01/08/2026 10:52 AM,01/07/2026 9:36 AM,$341.35 ,$0.00 ,$20.00 ,($54.20),$29.83 ,$0.00 ,$0.00 ,($11.70),$0.00 ,$0.00 ,-34.14,0,0,291.14,Completed,ach,Marketplace Takeout,,Dispatch,,,
0X8-JX5,The Crossing at Grant's Trail,2760 Union Rd,St. Louis,MO,63125,,Tesson,CBW- Crazy Bowls and Wraps (Tesson),01/08/2026 4:46 PM,01/06/2026 3:05 PM,$247.50 ,$0.00 ,$20.00 ,($40.13),$0.00 ,$0.00 ,$0.00 ,($8.00),$0.00 ,$0.00 ,-30,0,0,189.37,Completed,ach,Marketplace Takeout,,Dispatch,,,
WGX-7GZ,Norton Pulmonary Associates,100 W Market St Please take to kitchen door in back parking lot.,Louisville,KY,40202,4,Mercantile,Wild Eggs #4 (Mercantile),01/09/2026 8:00 AM,01/06/2026 12:54 PM,$333.00 ,$0.00 ,$35.00 ,($55.20),$22.08 ,($22.08),$66.60 ,($11.66),$0.00 ,$0.00 ,0,0,0,367.74,Completed,ach,Marketplace Delivery,,Johnny Snawder,,,
E7V-3UP,Riverview Hospital,395 Westfield Rd #2987,Noblesville,IN,46060,7,Fishers,Wild Eggs #07 (Fishers),01/09/2026 8:00 AM,01/07/2026 2:53 PM,$249.00 ,$0.00 ,$35.00 ,($42.60),$25.56 ,($19.88),$25.00 ,($9.26),$0.00 ,$0.00 ,0,0,0,262.82,Completed,ach,Marketplace Delivery,,Brandon Martinez,,,
UZ2-8YC,The Medical Center at Bowling Green Oncology,350 Park St Suite 106,Bowling Green,KY,42101,14,Bowling Green,Wild Eggs #14 (Bowling Green),01/09/2026 8:00 AM,01/07/2026 5:46 PM,$329.00 ,$0.00 ,$35.00 ,($54.60),$21.84 ,($21.84),$0.00 ,($11.54),$0.00 ,$0.00 ,0,0,0,297.86,Completed,ach,Marketplace Delivery,,Jamie Thomas,,,
5VC-TXK,Curium,2703 Wagner Pl,Maryland Heights,MO,63043,,West Oak,CBW- Crazy Bowls and Wraps (West Oak),01/09/2026 11:31 AM,01/08/2026 1:59 PM,$241.50 ,$0.00 ,$20.00 ,($39.23),$21.71 ,$0.00 ,$0.00 ,($8.47),$0.00 ,$0.00 ,-30,0,0,205.51,Completed,ach,Marketplace Takeout,,Dispatch,,,
QEM-6KM,Mayfield Spine Surgery Center,4020 Smith Rd 2nd Floor - Attn: Angel Augst,Cincinnati,OH,45209,8,Oakley,Wild Eggs #8 (Oakley),01/10/2026 7:00 AM,12/12/2025 10:07 AM,$561.00 ,$0.00 ,$35.00 ,($89.40),$2.81 ,($2.81),$112.20 ,($17.90),$0.00 ,$0.00 ,0,0,0,600.9,Completed,ach,Marketplace Delivery,ezo2mpnac2mp,Kenzie Kolb,,,
3YV-TXE,Traders Point Christian Church,2350 E 62nd St,Indianapolis,IN,46220,6,Pulliam,Wild Eggs #6 (Pulliam),01/11/2026 8:45 AM,01/07/2026 10:21 AM,$251.00 ,$0.00 ,$35.00 ,($42.90),$0.00 ,$0.00 ,$25.10 ,($8.55),$0.00 ,$0.00 ,0,0,0,259.65,Completed,ach,Marketplace Delivery,,Skylar Greene,,,
ZT9-TAH,,,Bowling Green,KY,,14,Bowling Green,Wild Eggs #14 (Bowling Green),01/11/2026 8:15 AM,01/10/2026 12:51 PM,$227.00 ,$0.00 ,$0.00 ,($15.89),$13.62 ,($13.62),$0.00 ,($7.19),$0.00 ,$0.00 ,0,0,0,203.92,Completed,ach,ezOrdering Takeout,,N/A,,,
RHU-E37,,,Louisville,KY,,4,Mercantile,Wild Eggs #4 (Mercantile),01/11/2026 11:00 AM,01/10/2026 11:18 AM,$193.00 ,$0.00 ,$0.00 ,($13.51),$11.58 ,($11.58),$28.95 ,($6.12),$0.00 ,$0.00 ,0,0,0,202.32,Completed,ach,ezOrdering Takeout,,N/A,,,
MH7-M6R,Christ Hospital Physicians,2123 Auburn Ave 624 medical office building,Cincinnati,OH,45219,9,Queen City Wild Eggs,Wild Eggs #9 (Queen City Wild Eggs),01/12/2026 7:15 AM,01/09/2026 11:23 AM,$134.00 ,$0.00 ,$35.00 ,($25.35),$0.00 ,$0.00 ,$15.00 ,($5.05),$0.00 ,$0.00 ,0,0,0,153.6,Completed,ach,Marketplace Delivery,,Arissa Robinson,,,
G38-T6G,MQJ5,1750 Smith Rd,Plainfield,IN,46168,15,Avon,Wild Eggs #15 (Avon),01/12/2026 8:00 AM,01/07/2026 3:01 PM,$302.00 ,$0.00 ,$35.00 ,($50.55),$30.33 ,($23.59),$30.20 ,($10.98),$0.00 ,$0.00 ,0,0,0,312.41,Completed,ach,Marketplace Delivery,,Gabby Golden,,,
A2P-8TX,Experitec,504 Trade Center Blvd,Chesterfield,MO,63005,,Chesterfield Valley,CBW- Crazy Bowls and Wraps (Chesterfield Valley),01/12/2026 10:51 AM,01/06/2026 1:56 PM,$247.50 ,$0.00 ,$20.00 ,($40.13),$25.03 ,$0.00 ,$0.00 ,($8.75),$0.00 ,$0.00 ,-30,0,0,213.65,Completed,ach,Marketplace Takeout,,Dispatch,,,
65U-X60,Epiphany Dermatology,8888 Ladue Rd Suite 120,St. Louis,MO,63124,,Forsyth/Clayton,CBW- Crazy Bowls and Wraps (Forsyth/Clayton),01/12/2026 11:23 AM,01/09/2026 10:12 AM,$193.30 ,$0.00 ,$20.00 ,($32.00),$20.27 ,$0.00 ,$0.00 ,($6.98),$0.00 ,$0.00 ,-30,0,0,164.59,Completed,ach,Marketplace Takeout,,Dispatch,,,
UW7-AFW,Renewal by Andersen,17455 Tiller Ct,Westfield,IN,46074,5,Carmel,Wild Eggs #5 (Carmel),01/13/2026 8:15 AM,01/07/2026 8:31 AM,$224.00 ,$0.00 ,$35.00 ,($38.85),$23.31 ,($18.13),$25.00 ,($8.44),$0.00 ,$0.00 ,0,0,0,241.89,Completed,ach,Marketplace Delivery,,Lesley Rodela,,,
WVJ-GKK,Staffmark Group,191 Rosa Parks St 10th Floor 10th Floor,Cincinnati,OH,45202,9,Queen City Wild Eggs,Wild Eggs #9 (Queen City Wild Eggs),01/13/2026 8:30 AM,01/05/2026 8:28 AM,"$1,232.00 ",$0.00 ,$35.00 ,($190.05),$0.00 ,$0.00 ,$50.00 ,($37.88),$0.00 ,$0.00 ,0,0,0,1089.07,Completed,ach,Marketplace Delivery,,Shirelle Bloom,,,
2FX-CF9,"Portland Family Health Center-Dr Fineman, et al",2215 Portland Ave,Louisville,KY,40212,13,New Albany,Wild Eggs #13 (New Albany),01/13/2026 11:00 AM,01/12/2026 11:34 AM,$546.00 ,$0.00 ,$35.00 ,($87.15),$40.67 ,($40.67),$10.00 ,($18.59),$0.00 ,$0.00 ,0,0,0,485.26,Completed,ach,Marketplace Delivery,,Savannah Gilbert,,,
4ZK-82R,Cass,13001 Hollenberg Dr,Bridgeton,MO,63044,,Lindenwood,CBW- Crazy Bowls and Wraps (Lindenwood),01/13/2026 11:05 AM,01/12/2026 1:13 PM,$104.33 ,$0.00 ,$20.00 ,($18.65),$10.38 ,$0.00 ,$0.00 ,($4.03),$0.00 ,$0.00 ,-30,0,0,82.03,Completed,ach,Marketplace Takeout,,Dispatch,,,
602-1T8,WKU Women's Basketball,1605 Ave of Champions Women's Basketball Locker Room,Bowling Green,KY,42101,14,Bowling Green,Wild Eggs #14 (Bowling Green),01/14/2026 9:00 AM,01/13/2026 1:45 PM,$315.00 ,$0.00 ,$0.00 ,($47.25),$0.00 ,$0.00 ,$31.50 ,($9.42),$0.00 ,$0.00 ,0,0,0,289.83,Completed,ach,Marketplace Takeout,,N/A,,,
1M1-1YQ,Apg,916 Talon Dr,O'Fallon,IL,62269,,Shiloh,CBW- Crazy Bowls and Wraps (Shiloh),01/14/2026 11:07 AM,01/13/2026 3:28 PM,$416.10 ,$0.00 ,$20.00 ,($65.42),$34.74 ,($34.74),$0.00 ,($14.08),$0.00 ,$0.00 ,-41.61,0,0,314.99,Completed,ach,Marketplace Takeout,,Dispatch,,,
07Z-FT1,PwC,6 Cardinal Way 11th Floor 11th Floor,St. Louis,MO,63102,,Lindell/SLU,CBW- Crazy Bowls and Wraps (Lindell/SLU),01/14/2026 11:22 AM,01/13/2026 11:25 AM,$170.20 ,$0.00 ,$20.00 ,($28.53),$22.43 ,$0.00 ,$0.00 ,($6.36),$0.00 ,$0.00 ,-30,0,0,147.74,Completed,ach,Marketplace Takeout,,Dispatch,,,
U6U-HEM,Horner Shifrin,401 S 18th St 400,St. Louis,MO,63103,,Lindell/SLU,CBW- Crazy Bowls and Wraps (Lindell/SLU),01/14/2026 11:35 AM,01/12/2026 9:43 AM,$179.25 ,$0.00 ,$20.00 ,($29.89),$23.62 ,$0.00 ,$0.00 ,($6.66),$0.00 ,$0.00 ,-30,0,0,156.32,Completed,ach,Marketplace Takeout,,Dispatch,,,
7QC-0AY,Dermatology,379 Dixmyth Ave,Cincinnati,OH,45220,9,Queen City Wild Eggs,Wild Eggs #9 (Queen City Wild Eggs),01/15/2026 8:00 AM,01/14/2026 10:16 AM,$300.00 ,$0.00 ,$35.00 ,($50.25),$0.00 ,$0.00 ,$0.00 ,($10.02),$0.00 ,$0.00 ,0,0,0,274.73,Completed,ach,Marketplace Delivery,,Shirelle Bloom,,,
535-9TE,St Elizabeth Physicians Primary Care,2200 Conner Rd Primary Care office- Dr Haney,Hebron,KY,41048,9,Queen City Wild Eggs,Wild Eggs #9 (Queen City Wild Eggs),01/15/2026 8:30 AM,01/13/2026 10:09 AM,$316.00 ,$0.00 ,$35.00 ,($52.65),$0.00 ,$0.00 ,$25.00 ,($10.49),$0.00 ,$0.00 ,0,0,0,312.86,Completed,ach,Marketplace Delivery,,Shirelle Bloom,,,
ACV-P28,Gilbert Graves Cancer Center,201 Park St 3rd floor,Bowling Green,KY,42101,14,Bowling Green,Wild Eggs #14 (Bowling Green),01/15/2026 8:15 AM,01/08/2026 5:28 PM,$459.00 ,$0.00 ,$35.00 ,($74.10),$29.64 ,($29.64),$20.00 ,($15.66),$0.00 ,$0.00 ,0,0,0,424.24,Completed,ach,Marketplace Delivery,,Jamie Thomas,,,
UVJ-X7H,WashU Oncology,4590 Nash Wy Mid Campus Center 11th floor,St. Louis,MO,63110,,Lindell/SLU,CBW- Crazy Bowls and Wraps (Lindell/SLU),01/15/2026 10:54 AM,12/29/2025 4:36 PM,$510.40 ,$0.00 ,$20.00 ,($79.56),$0.00 ,$0.00 ,$0.00 ,($15.86),$0.00 ,$0.00 ,-51.04,0,0,383.94,Completed,ach,Marketplace Takeout,,Dispatch,,,
G7Q-HK3,NUTRIFORMANCE,1033 Corporate Square Dr,St. Louis,MO,63132,,Creve Coeur,CBW- Crazy Bowls and Wraps (Creve Coeur),01/15/2026 11:10 AM,01/13/2026 11:48 AM,$335.15 ,$0.00 ,$20.00 ,($53.27),$29.29 ,$0.00 ,$0.00 ,($11.49),$0.00 ,$0.00 ,-33.52,0,0,286.16,Completed,ach,Marketplace Takeout,2500comeback,Dispatch,,,
9AP-M8W,Cardinal Glennon Children's Hospital,1465 S Grand Blvd Main entrance - outside,St. Louis,MO,63104,,Lindell/SLU,CBW- Crazy Bowls and Wraps (Lindell/SLU),01/15/2026 11:19 AM,01/13/2026 7:38 PM,$376.20 ,$0.00 ,$20.00 ,($59.43),$0.00 ,$0.00 ,$0.00 ,($11.85),$0.00 ,$0.00 ,-37.62,0,0,287.3,Completed,ach,Marketplace Takeout,,Dispatch,,,
Q2H-F55,Washington University in St. Louis,517 S Euclid Ave Washington University - Anesthesiology Fl 3,St. Louis,MO,63110,,Lindell/SLU,CBW- Crazy Bowls and Wraps (Lindell/SLU),01/15/2026 11:36 AM,01/06/2026 2:08 PM,$86.00 ,$0.00 ,$20.00 ,($15.90),$0.00 ,$0.00 ,$0.00 ,($3.17),$0.00 ,$0.00 ,-30,0,0,56.93,Completed,ach,Marketplace Takeout,,Dispatch,,,
23V-F16,Saint Louis MHB,701 Market St Suite 200,St. Louis,MO,63101,,Lindell/SLU,CBW- Crazy Bowls and Wraps (Lindell/SLU),01/15/2026 4:01 PM,01/07/2026 9:23 AM,$200.45 ,$0.00 ,$20.00 ,($33.07),$0.00 ,$0.00 ,$0.00 ,($6.59),$0.00 ,$0.00 ,-30,0,0,150.79,Completed,ach,Marketplace Takeout,,Dispatch,,,
RGA-FZM,Benefits All In,8040 Hosbrook Rd Suite 100,Cincinnati,OH,45236,8,Oakley,Wild Eggs #8 (Oakley),01/16/2026 7:30 AM,01/07/2026 9:53 AM,$350.00 ,$0.00 ,$35.00 ,($57.75),$0.00 ,$0.00 ,$52.50 ,($11.51),$0.00 ,$0.00 ,0,0,0,368.24,Completed,ach,Marketplace Delivery,2500comeback,Grayson King,,,
HZW-U5Q,Cincinnati GI Anderson,7661 Beechmont Ave,Cincinnati,OH,45255,9,Queen City Wild Eggs,Wild Eggs #9 (Queen City Wild Eggs),01/16/2026 8:15 AM,01/14/2026 5:13 PM,$432.00 ,$0.00 ,$35.00 ,($70.05),$0.00 ,$0.00 ,$30.00 ,($13.96),$0.00 ,$0.00 ,0,0,0,412.99,Completed,ach,Marketplace Delivery,,Shirelle Bloom,,,
VU2-TPU,Kueber Center,2432 S Floyd St,Louisville,KY,40209,4,Mercantile,Wild Eggs #4 (Mercantile),01/17/2026 10:30 AM,01/16/2026 11:16 AM,$513.00 ,$0.00 ,$35.00 ,($82.20),$0.00 ,$0.00 ,$76.95 ,($16.39),$0.00 ,$0.00 ,0,0,0,526.36,Completed,ach,Marketplace Delivery,,Bayley Brown,,,
WT1-03Y,OnTarget CPA,101 West Ohio St Suite 800,Indianapolis,IN,46204,6,Pulliam,Wild Eggs #6 (Pulliam),01/17/2026 11:45 AM,01/13/2026 9:45 AM,$535.00 ,$0.00 ,$35.00 ,($85.50),$51.30 ,($39.90),$20.00 ,($18.58),$0.00 ,$0.00 ,0,0,0,497.32,Completed,ach,Marketplace Delivery,,Skylar Greene,,,
889-AUX,SLUCare Surgery - Laura,1008 S. Spring Ave Suite 1501,St. Louis,MO,63110,,Lindell/SLU,CBW- Crazy Bowls and Wraps (Lindell/SLU),01/17/2026 10:51 AM,01/12/2026 3:36 PM,$569.50 ,$0.00 ,$20.00 ,($88.43),$0.00 ,$0.00 ,$0.00 ,($17.63),$0.00 ,$0.00 ,-56.95,0,0,426.49,Completed,ach,Marketplace Takeout,,Dispatch,,,
K6Z-RK7,Traders Point Christian Church - Production,12648 E 116th St,Fishers,IN,46037,7,Fishers,Wild Eggs #07 (Fishers),01/18/2026 7:00 AM,01/17/2026 9:24 AM,$191.00 ,$0.00 ,$35.00 ,($33.90),$0.00 ,$0.00 ,$20.00 ,($6.76),$0.00 ,$0.00 ,0,0,0,205.34,Completed,ach,Marketplace Delivery,,Carmen Sanchez,,,
3K8-RV5,Benefit finance Partners,6 Cityplace Dr 4th floor suite 400,Creve Coeur,MO,63141,,West Oak,CBW- Crazy Bowls and Wraps (West Oak),01/19/2026 11:08 AM,01/15/2026 3:22 PM,$449.20 ,$0.00 ,$20.00 ,($70.38),$40.37 ,$0.00 ,$0.00 ,($15.24),$0.00 ,$0.00 ,-44.92,0,0,379.03,Completed,ach,Marketplace Takeout,,Dispatch,,,
H0Y-5CJ,Renaissance Plastic Surgery,145 St Peters Centre Blvd,St. Peters,MO,63376,,Lindenwood,CBW- Crazy Bowls and Wraps (Lindenwood),01/19/2026 11:15 AM,01/18/2026 12:46 PM,$344.48 ,$0.00 ,$20.00 ,($54.67),$34.28 ,$0.00 ,$0.00 ,($11.92),$0.00 ,$0.00 ,-34.45,0,0,297.72,Completed,ach,Marketplace Takeout,,Dispatch,,,
C88-8YX,Baptist Neurology,4003 Kresge Way 4th Floor,Louisville,KY,40207,1,Dupont,Wild Eggs #1 (Dupont),01/20/2026 7:30 AM,01/15/2026 1:17 PM,$455.00 ,$0.00 ,$35.00 ,($73.50),$29.40 ,($29.40),$30.00 ,($15.53),$0.00 ,$0.00 ,0,0,0,430.97,Completed,ach,Marketplace Delivery,,Carmen E,,,
67X-EET,The Dover Companies,300 Hunter Ave Suite 200,St. Louis,MO,63124,,Forsyth/Clayton,CBW- Crazy Bowls and Wraps (Forsyth/Clayton),01/20/2026 10:22 AM,01/16/2026 9:45 AM,$206.35 ,$0.00 ,$20.00 ,($33.95),$21.64 ,$0.00 ,$0.00 ,($7.41),$0.00 ,$0.00 ,-30,0,0,176.63,Completed,ach,Marketplace Takeout,,Dispatch,,,
2E8-1UQ,Busey Bank,330 W Vandalia St,Edwardsville,IL,62025,,Edwardsville,CBW- Crazy Bowls and Wraps (Edwardsville),01/20/2026 10:36 AM,01/16/2026 4:24 PM,$341.20 ,$0.00 ,$20.00 ,($54.18),$25.93 ,($25.93),$0.00 ,($11.58),$0.00 ,$0.00 ,-34.12,0,0,261.32,Completed,ach,Marketplace Takeout,ny2026,Dispatch,,,
9AU-2T9,Cambridge Air Solutions,760 Long Rd Crossing Dr,Chesterfield,MO,63005,,Chesterfield Valley,CBW- Crazy Bowls and Wraps (Chesterfield Valley),01/20/2026 10:38 AM,01/19/2026 1:59 PM,$171.00 ,$0.00 ,$20.00 ,($28.65),$17.29 ,$0.00 ,$0.00 ,($6.23),$0.00 ,$0.00 ,-30,0,0,143.41,Completed,ach,Marketplace Takeout,,Dispatch,,,
01M-9W4,Parker Hannifin,100 River Ridge Cir,Jeffersonville,IN,47130,11,Jeffersonville,Wild Eggs #11 (Jeffersonville),01/21/2026 6:30 AM,12/01/2025 3:55 PM,"$1,160.00 ",$0.00 ,$35.00 ,($179.25),$83.65 ,($83.65),$116.00 ,($38.23),$0.00 ,$0.00 ,0,0,0,1093.52,Completed,ach,Marketplace Delivery,,Christal Vanarsdale,,,
PEH-QXX,DMG - Divisions Maintenance Group,"50 West 5th St Lobby ""Foundry Lobby""",Cincinnati,OH,45202,9,Queen City Wild Eggs,Wild Eggs #9 (Queen City Wild Eggs),01/21/2026 7:00 AM,01/19/2026 8:49 AM,$171.00 ,$0.00 ,$35.00 ,($30.90),$0.00 ,$0.00 ,$17.10 ,($6.16),$0.00 ,$0.00 ,0,0,0,186.04,Completed,ach,Marketplace Delivery,,Arissa Robinson,,,
Q14-65Y,UC Endoscopy Center,9275 Montgomery Rd 400,Cincinnati,OH,45242,8,Oakley,Wild Eggs #8 (Oakley),01/21/2026 8:15 AM,01/15/2026 11:47 AM,$232.00 ,$0.00 ,$35.00 ,($40.05),$0.00 ,$0.00 ,$20.00 ,($7.98),$0.00 ,$0.00 ,0,0,0,238.97,Completed,ach,Marketplace Delivery,ny2026,Sara Gaskill,,,
KZ1-5QC,Synergi Medspa,17000 Baxter Rd,Chesterfield,MO,63005,,Chesterfield Valley,CBW- Crazy Bowls and Wraps (Chesterfield Valley),01/21/2026 10:25 AM,01/20/2026 6:16 PM,$286.48 ,$0.00 ,$20.00 ,($45.97),$28.97 ,$0.00 ,$0.00 ,($10.03),$0.00 ,$0.00 ,-30,0,0,249.45,Completed,ach,Marketplace Takeout,,Dispatch,,,
Q56-RFF,Tri Rinse Inc,1402 S 2nd St,St. Louis,MO,63104,,Lindell/SLU,CBW- Crazy Bowls and Wraps (Lindell/SLU),01/21/2026 10:35 AM,01/20/2026 3:23 PM,$88.20 ,$0.00 ,$20.00 ,($16.23),$11.62 ,$0.00 ,$0.00 ,($3.58),$0.00 ,$0.00 ,-30,0,0,70.01,Completed,ach,Marketplace Takeout,,Dispatch,,,
83X-E0K,DMG - Divisions Maintenance Group,"50 West 5th St Lobby ""Foundry Lobby""",Cincinnati,OH,45202,9,Queen City Wild Eggs,Wild Eggs #9 (Queen City Wild Eggs),01/22/2026 7:00 AM,01/19/2026 8:52 AM,$176.00 ,$0.00 ,$35.00 ,($31.65),$0.00 ,$0.00 ,$17.60 ,($6.31),$0.00 ,$0.00 ,0,0,0,190.64,Completed,ach,Marketplace Delivery,,Shirelle Bloom,,,
U76-560,LC Rheumatology,3897 Charlestown Rd,New Albany,IN,47150,13,New Albany,Wild Eggs #13 (New Albany),01/22/2026 7:45 AM,01/21/2026 10:04 AM,$421.00 ,$0.00 ,$35.00 ,($68.40),$31.92 ,($31.92),$45.00 ,($14.59),$0.00 ,$0.00 ,0,0,0,418.01,Completed,ach,Marketplace Delivery,,Kayla Elifrits,,,
YT1-TXX,St Elizabeth Behavioral Health,334 Thomas More Pkwy Suite 120,Crestview Hills,KY,41017,9,Queen City Wild Eggs,Wild Eggs #9 (Queen City Wild Eggs),01/22/2026 8:00 AM,01/19/2026 9:36 PM,$492.00 ,$0.00 ,$35.00 ,($79.05),$0.00 ,$0.00 ,$0.00 ,($15.76),$0.00 ,$0.00 ,0,0,0,432.19,Completed,ach,Marketplace Delivery,,Shirelle Bloom,,,
3J5-RJP,,,Saint Charles,MO,,,Lindenwood,CBW- Crazy Bowls and Wraps (Lindenwood),01/22/2026 7:45 AM,01/21/2026 7:46 PM,$66.39 ,$0.00 ,$0.00 ,($9.96),$6.61 ,$0.00 ,$6.64 ,($2.18),($4.00),$0.00 ,0,0,0,63.5,Completed,ach,Marketplace Takeout,,N/A,,,
00P-K53,OMS Photo,1636 Chase Ave,Cincinnati,OH,45223,9,Queen City Wild Eggs,Wild Eggs #9 (Queen City Wild Eggs),01/22/2026 9:00 AM,01/21/2026 11:43 AM,$168.00 ,$0.00 ,$35.00 ,($30.45),$0.00 ,$0.00 ,$25.20 ,($6.07),$0.00 ,$0.00 ,0,0,0,191.68,Completed,ach,Marketplace Delivery,,Shirelle Bloom,,,
7YK-CXY,Cass,13001 Hollenberg Dr,Bridgeton,MO,63044,,Lindenwood,CBW- Crazy Bowls and Wraps (Lindenwood),01/22/2026 10:51 AM,01/21/2026 11:30 AM,$130.50 ,$0.00 ,$20.00 ,($22.58),$12.98 ,$0.00 ,$0.00 ,($4.89),$0.00 ,$0.00 ,-30,0,0,106.01,Completed,ach,Marketplace Takeout,,Dispatch,,,
VAY-Q23,"Takeout from Wentzville, MO",500 Medical Dr,Wentzville,MO,63385,,Wentzville,CBW- Crazy Bowls and Wraps (Wentzville),01/22/2026 11:00 AM,01/21/2026 5:22 PM,$268.20 ,$0.00 ,$0.00 ,($40.23),$28.03 ,$0.00 ,$0.00 ,($8.86),$0.00 ,$0.00 ,0,0,0,247.14,Completed,ach,Marketplace Takeout,,N/A,,,
P86-EX6,"Washington University School of Medicine, Mid Campus Center (MCC)",4590 Nash Wy 11th floor,St. Louis,MO,63110,,Forsyth/Clayton,CBW- Crazy Bowls and Wraps (Forsyth/Clayton),01/22/2026 11:01 AM,01/16/2026 3:35 PM,$290.64 ,$0.00 ,$20.00 ,($46.60),$0.00 ,$0.00 ,$0.00 ,($9.29),$0.00 ,$0.00 ,-30,0,0,224.75,Completed,ach,Marketplace Takeout,,Dispatch,,,
UE2-5RF,"Saint Louis University School of Medicine - Center for Educator Development, Advancement, & Research",3545 Vista Ave,St. Louis,MO,63104,,Lindell/SLU,CBW- Crazy Bowls and Wraps (Lindell/SLU),01/22/2026 11:08 AM,01/08/2026 10:52 AM,$112.80 ,$0.00 ,$20.00 ,($19.92),$0.00 ,$0.00 ,$0.00 ,($3.97),$0.00 ,$0.00 ,-30,0,0,78.91,Completed,ach,Marketplace Takeout,,Dispatch,,,
WVQ-5MJ,Neurology,4003 Kresge Way Ste 400,Louisville,KY,40207,1,Dupont,Wild Eggs #1 (Dupont),01/23/2026 7:30 AM,01/22/2026 6:48 AM,$950.00 ,$0.00 ,$35.00 ,($147.75),$59.10 ,($59.10),$50.00 ,($31.22),$0.00 ,$0.00 ,0,0,0,856.03,Completed,ach,Marketplace Delivery,,Linda Dera,,,
8UC-U38,Med Center Health-Dr. Jamie Jarboe,350 Park St 106,Bowling Green,KY,42101,14,Bowling Green,Wild Eggs #14 (Bowling Green),01/23/2026 8:00 AM,01/20/2026 2:05 PM,$312.00 ,$0.00 ,$35.00 ,($52.05),$20.82 ,($20.82),$0.00 ,($11.00),$0.00 ,$0.00 ,0,0,0,283.95,Completed,ach,Marketplace Delivery,,Jamie Thomas,,,
T07-28R,Baptist health,2400 Eastpoint Pkwy Ste 550,Louisville,KY,40223,3,Landis,Wild Eggs #3 (Landis),01/23/2026 11:15 AM,01/16/2026 2:28 PM,$209.00 ,$0.00 ,$35.00 ,($36.60),$14.64 ,($14.64),$20.90 ,($7.73),$0.00 ,$0.00 ,0,0,0,220.57,Completed,ach,Marketplace Delivery,,Kelley compton,,,
ZY5-KUU,,,Dardenne Prairie,MO,,,O'Fallon,CBW- Crazy Bowls and Wraps (O'Fallon),01/23/2026 11:30 AM,01/21/2026 2:50 PM,$211.75 ,$0.00 ,$0.00 ,($31.76),$18.95 ,$0.00 ,$0.00 ,($6.90),$0.00 ,$0.00 ,0,0,0,192.04,Completed,ach,Marketplace Takeout,,N/A,,,
JAM-KRQ,DMG - Divisions Maintenance Group,"50 West 5th St Lobby ""Foundry Lobby""",Cincinnati,OH,45202,9,Queen City Wild Eggs,Wild Eggs #9 (Queen City Wild Eggs),01/27/2026 7:30 AM,01/21/2026 7:58 AM,$171.00 ,$0.00 ,$35.00 ,($30.90),$0.00 ,$0.00 ,$17.10 ,($6.16),$0.00 ,$0.00 ,0,0,0,186.04,Completed,ach,Marketplace Delivery,,Arissa Robinson,,,
H9J-KEV,T-REX HOTEL,911 Washington Ave #500,St. Louis,MO,63101,18,South City,CBW- Crazy Bowls and Wraps #18 (South City),01/27/2026 7:35 AM,01/22/2026 3:35 PM,$144.00 ,$0.00 ,$20.00 ,($24.60),$18.98 ,$0.00 ,$0.00 ,($5.47),$0.00 ,$0.00 ,-30,0,0,122.91,Completed,ach,Marketplace Takeout,,Dispatch,,,
7XM-7Y9,Enterprise Mobility,700 Corporate Park Dr,Clayton,MO,63105,,Forsyth/Clayton,CBW- Crazy Bowls and Wraps (Forsyth/Clayton),01/27/2026 10:54 AM,01/26/2026 9:23 AM,$166.90 ,$0.00 ,$20.00 ,($28.04),$17.50 ,$0.00 ,$0.00 ,($6.11),$0.00 ,$0.00 ,-30,0,0,140.25,Completed,ach,Marketplace Takeout,,Dispatch,,,
JFZ-6MX,Aspire Software,390 S Woods Mill Rd ste 300 - 3rd floor,Chesterfield,MO,63017,,West Oak,CBW- Crazy Bowls and Wraps (West Oak),01/27/2026 11:00 AM,01/12/2026 2:40 PM,$118.95 ,$0.00 ,$25.00 ,($17.84),$10.69 ,$0.00 ,$23.79 ,($4.62),$0.00 ,$0.00 ,0,0,0,155.97,Completed,ach,Meal Program,,,,,
0VZ-1V4,SSM Health Saint Louis University School of Medicine,1008 S. Spring Ave Suite 1501,St. Louis,MO,63110,,Lindell/SLU,CBW- Crazy Bowls and Wraps (Lindell/SLU),01/27/2026 12:38 PM,01/22/2026 5:01 PM,$343.40 ,$0.00 ,$20.00 ,($54.51),$0.00 ,$0.00 ,$0.00 ,($10.87),$0.00 ,$0.00 ,-34.34,0,0,263.68,Completed,ach,Marketplace Takeout,,Dispatch,,,
C5Z-871,Kentuckiana Comfort Center (KCC),11426 Electron Dr,Louisville,KY,40299,12,Jtown,Wild Eggs #12 (Jtown),01/28/2026 6:30 AM,01/12/2026 6:01 PM,$310.00 ,$0.00 ,$35.00 ,($51.75),$20.70 ,($20.70),$31.00 ,($10.93),$0.00 ,$0.00 ,0,0,0,313.32,Completed,ach,Marketplace Delivery,,Sheena Carnell,,,
9QK-0WF,LINAK U.S.,2200 Stanley Gault Pkwy,Louisville,KY,40223,3,Landis,Wild Eggs #3 (Landis),01/28/2026 7:30 AM,01/08/2026 12:00 PM,$752.00 ,$0.00 ,$35.00 ,($118.05),$47.22 ,($47.22),$75.20 ,($24.94),$0.00 ,$0.00 ,0,0,0,719.21,Completed,ach,Marketplace Delivery,,Ally Kennedy,,,
1QP-00Q,Benefits All In,8040 Hosbrook Rd STE 100,Cincinnati,OH,45236,8,Oakley,Wild Eggs #8 (Oakley),01/28/2026 7:45 AM,01/22/2026 9:43 AM,$532.00 ,$0.00 ,$35.00 ,($85.05),$0.00 ,$0.00 ,$106.40 ,($16.95),$0.00 ,$0.00 ,0,0,0,571.4,Completed,ach,Marketplace Delivery,,Kenzie Kolb,,,
AEQ-Y4M,Midwest ENT Centre,4790 Executive Centre Pkwy,St. Peters,MO,63376,,Lindenwood,CBW- Crazy Bowls and Wraps (Lindenwood),01/28/2026 10:32 AM,01/26/2026 2:21 PM,$531.66 ,$0.00 ,$20.00 ,($82.75),$52.90 ,$0.00 ,$0.00 ,($18.08),$0.00 ,$0.00 ,-53.17,0,0,450.56,Completed,ach,Marketplace Takeout,,Dispatch,,,
8ZV-7CZ,Weissman,6750 Manchester Ave,St. Louis,MO,63139,18,South City,CBW- Crazy Bowls and Wraps #18 (South City),01/28/2026 11:20 AM,01/26/2026 11:03 AM,$563.40 ,$0.00 ,$20.00 ,($87.51),$74.25 ,$0.00 ,$0.00 ,($19.66),$0.00 ,$0.00 ,-56.34,0,0,494.14,Completed,ach,Marketplace Takeout,,Dispatch,,,
WG9-RWX,DMG - Divisions Maintenance Group,"50 West 5th St Lobby ""Foundry Lobby""",Cincinnati,OH,45202,9,Queen City Wild Eggs,Wild Eggs #9 (Queen City Wild Eggs),01/29/2026 7:00 AM,01/28/2026 9:24 AM,$207.00 ,$0.00 ,$35.00 ,($36.30),$0.00 ,$0.00 ,$20.70 ,($7.24),$0.00 ,$0.00 ,0,0,0,219.16,Completed,ach,Marketplace Delivery,,audie hill,,,
E3E-1F3,"Baptist Health - Dr. crone, spanova, lohano -suite 209",3605 Northgate Ct Suite 209,New Albany,IN,47150,13,New Albany,Wild Eggs #13 (New Albany),01/29/2026 7:30 AM,01/28/2026 10:34 AM,$101.00 ,$0.00 ,$35.00 ,($20.40),$9.52 ,($9.52),$0.00 ,($4.35),$0.00 ,$0.00 ,0,0,0,111.25,Completed,ach,Marketplace Delivery,,Kayla Elifrits,,,
Z9R-W4W,Mercy primary care,15945 Clayton Rd 320,Ballwin,MO,63011,,Manchester,CBW- Crazy Bowls and Wraps (Manchester),01/29/2026 8:00 AM,01/27/2026 5:05 PM,$285.90 ,$0.00 ,$20.00 ,($45.89),$24.98 ,$0.00 ,$0.00 ,($9.89),$0.00 ,$0.00 ,-30,0,0,245.1,Completed,ach,Marketplace Takeout,,Dispatch,,,
XFG-VUT,Graves Gilbert Oncology,201 Park St 3rd Floor,Bowling Green,KY,42101,14,Bowling Green,Wild Eggs #14 (Bowling Green),01/29/2026 8:15 AM,01/28/2026 9:10 AM,$149.00 ,$0.00 ,$35.00 ,($27.60),$11.04 ,($11.04),$20.00 ,($5.83),$0.00 ,$0.00 ,0,0,0,170.57,Completed,ach,Marketplace Delivery,,Ashley  Walker ,,,
0F0-C6Z,Tonya Bosaw’s Office,6812 IL-162,Maryville,IL,62062,,Edwardsville,CBW- Crazy Bowls and Wraps (Edwardsville),01/29/2026 11:20 AM,01/28/2026 11:21 AM,$247.93 ,$0.00 ,$20.00 ,($40.19),$18.84 ,($18.84),$0.00 ,($8.57),$0.00 ,$0.00 ,-30,0,-12.4,176.77,Completed,ach,Marketplace Takeout,,Dispatch,,,
JUH-90E,Central Bank: LeAnne Wright,12218 Manchester Rd Lower level,Des Peres,MO,63131,,Manchester,CBW- Crazy Bowls and Wraps (Manchester),01/29/2026 11:22 AM,01/12/2026 3:38 PM,$217.50 ,$0.00 ,$20.00 ,($35.63),$19.01 ,$0.00 ,$0.00 ,($7.67),$0.00 ,$0.00 ,-30,0,0,183.21,Completed,ach,Marketplace Takeout,,Dispatch,,,
4G5-HXK,Contemporary Art Museum St. Louis,3750 Washington Blvd 3750 Washington Boulevard,St. Louis,MO,63108,,Lindell/SLU,CBW- Crazy Bowls and Wraps (Lindell/SLU),01/29/2026 4:28 PM,01/21/2026 3:40 PM,$99.90 ,$0.00 ,$20.00 ,($8.39),$0.00 ,$0.00 ,$0.00 ,($3.59),$0.00 ,$0.00 ,-30,0,0,77.92,Completed,ach,Marketplace Takeout,,Dispatch,,,
3C0-R31,MediMorph MedSpa,541 Buttermilk Pike 100,Crescent Springs,KY,41017,9,Queen City Wild Eggs,Wild Eggs #9 (Queen City Wild Eggs),01/30/2026 8:00 AM,01/21/2026 4:19 PM,$227.00 ,$0.00 ,$35.00 ,($39.30),$0.00 ,$0.00 ,$34.05 ,($7.83),$0.00 ,$0.00 ,0,0,0,248.92,Completed,ach,Marketplace Delivery,,Shirelle Bloom,,,
9V5-HM1,Western Kentucky heart and lung,421 U.S. 31 W Bypass 2nd floor,Bowling Green,KY,42101,14,Bowling Green,Wild Eggs #14 (Bowling Green),01/30/2026 8:00 AM,01/28/2026 2:54 PM,$637.00 ,$0.00 ,$35.00 ,($100.80),$40.32 ,($40.32),$25.00 ,($21.30),$0.00 ,$0.00 ,0,0,0,574.9,Completed,ach,Marketplace Delivery,,Ashley  Walker ,,,
RU6-JCA,Mercy Neurology,621 S New Ballas Rd TOWER B STE 6005,Creve Coeur,MO,63141,,West Oak,CBW- Crazy Bowls and Wraps (West Oak),01/30/2026 11:02 AM,01/28/2026 11:01 PM,$581.20 ,$0.00 ,$20.00 ,($90.18),$52.24 ,$0.00 ,$0.00 ,($19.54),$0.00 ,$0.00 ,-58.12,0,-29.06,456.54,Completed,ach,Marketplace Takeout,,Dispatch,,,
63R-F3P,Lemonaid Pharmacy,1701 Macklind Ave Suite 300,St. Louis,MO,63110,,West Oak,CBW- Crazy Bowls and Wraps (West Oak),01/30/2026 11:30 AM,01/12/2026 2:37 PM,$265.99 ,$0.00 ,$25.00 ,($39.90),$23.91 ,$0.00 ,$26.60 ,($9.42),$0.00 ,$0.00 ,0,0,0,292.18,Completed,ach,Meal Program,,,,,
R2E-56F,MaxFi Surgical Simulations,1918 Innerbelt Business Center Dr,St. Louis,MO,63114,,Forsyth/Clayton,CBW- Crazy Bowls and Wraps (Forsyth/Clayton),01/31/2026 11:05 AM,01/26/2026 11:07 AM,$466.94 ,$0.00 ,$20.00 ,($73.04),$48.97 ,$0.00 ,$0.00 ,($16.02),$0.00 ,$0.00 ,-46.69,0,0,400.16,Completed,ach,Marketplace Takeout,,Dispatch,,,
U8G-A84,Hilton Frontenac,1335 S Lindbergh Blvd Hospitality Suite,St. Louis,MO,63131,,Rock Hill/Glendale,CBW- Crazy Bowls and Wraps (Rock Hill/Glendale),01/31/2026 6:17 PM,01/30/2026 3:22 PM,$536.40 ,$0.00 ,$20.00 ,($83.46),$0.00 ,$0.00 ,$0.00 ,($16.64),$0.00 ,$0.00 ,-53.64,0,0,402.66,Completed,ach,Marketplace Takeout,,Dispatch,,,
PMJ-4EX,Divisions Maintenance Group,50 W 5th St,Cincinnati,OH,45202,9,Queen City Wild Eggs,Wild Eggs #9 (Queen City Wild Eggs),02/02/2026 8:30 AM,01/21/2026 3:46 PM,$549.00 ,$0.00 ,$35.00 ,($87.60),$0.00 ,$0.00 ,$54.90 ,($17.46),$0.00 ,$0.00 ,0,0,0,533.84,Completed,ach,Marketplace Delivery,,Shirelle Bloom,,,
AX1-285,OMS Photo,1636 Chase Ave,Cincinnati,OH,45223,9,Queen City Wild Eggs,Wild Eggs #9 (Queen City Wild Eggs),02/02/2026 8:30 AM,01/30/2026 11:52 AM,$168.00 ,$0.00 ,$35.00 ,($30.45),$0.00 ,$0.00 ,$25.20 ,($6.07),$0.00 ,$0.00 ,0,0,0,191.68,Completed,ach,Marketplace Delivery,,Arissa Robinson,,,
2QF-EFF,Graves-Gilbert Clinic,1065 Ashley St Suite 200,Bowling Green,KY,42103,14,Bowling Green,Wild Eggs #14 (Bowling Green),02/02/2026 7:30 AM,01/30/2026 1:48 PM,$474.00 ,$0.00 ,$0.00 ,($71.10),$28.44 ,($28.44),$25.00 ,($15.02),$0.00 ,$0.00 ,0,0,0,412.88,Completed,ach,Marketplace Takeout,,N/A,,,
8EX-UQQ,JWM Neurology,8402 Harcourt Rd Suite 615,Indianapolis,IN,46260,5,Carmel,Wild Eggs #5 (Carmel),02/03/2026 7:30 AM,02/02/2026 10:49 AM,$200.00 ,$0.00 ,$35.00 ,($35.25),$21.15 ,($16.45),$0.00 ,($7.66),$0.00 ,$0.00 ,0,0,-10,186.79,Completed,ach,Marketplace Delivery,,Lesley Rodela,,,
QMA-CRA,Clark Schaefer Hackett,1 E 4th St 900,Cincinnati,OH,45202,9,Queen City Wild Eggs,Wild Eggs #9 (Queen City Wild Eggs),02/03/2026 8:00 AM,01/20/2026 10:02 AM,$345.00 ,$0.00 ,$35.00 ,($57.00),$0.00 ,$0.00 ,$45.00 ,($11.36),$0.00 ,$0.00 ,0,0,0,356.64,Completed,ach,Marketplace Delivery,,Shirelle Bloom,,,
5YX-4P4,Dean Dorton,435 N Whittington Parkway Suite 400,Louisville,KY,40222,4,Mercantile,Wild Eggs #4 (Mercantile),02/03/2026 8:00 AM,01/30/2026 10:24 AM,$175.00 ,$0.00 ,$35.00 ,($31.50),$12.60 ,($12.60),$0.00 ,($6.66),$0.00 ,$0.00 ,0,0,0,171.84,Completed,ach,Marketplace Delivery,,Bayley Brown,,,
KYU-TZ4,Metro/Huntington Center,525 Vine St 500,Cincinnati,OH,45201,9,Queen City Wild Eggs,Wild Eggs #9 (Queen City Wild Eggs),02/03/2026 9:00 AM,02/02/2026 8:55 AM,$145.00 ,$0.00 ,$35.00 ,($27.00),$0.00 ,$0.00 ,$0.00 ,($5.38),$0.00 ,$0.00 ,0,0,0,147.62,Completed,ach,Marketplace Delivery,,Arissa Robinson,,,
47J-GK1,,3405 Bent Ave,St. Louis,MO,63116,18,South City,CBW- Crazy Bowls and Wraps #18 (South City),02/03/2026 11:30 AM,02/02/2026 5:20 PM,$47.90 ,$0.00 ,$0.00 ,($7.19),$6.31 ,$0.00 ,$0.00 ,($1.62),$0.00 ,$0.00 ,0,0,0,45.4,Completed,ach,Marketplace Takeout,,N/A,,,
8TJ-3CQ,Brown Cancer Center,2401 Terra Crossing Blvd Suite 206,Louisville,KY,40245,3,Landis,Wild Eggs #3 (Landis),02/04/2026 6:45 AM,02/02/2026 11:56 PM,$746.61 ,$0.00 ,$35.00 ,($117.24),$46.90 ,($46.90),$5.00 ,($24.77),$0.00 ,$0.00 ,0,0,0,644.6,Completed,ach,Marketplace Delivery,,Ally Kennedy,,,
GY0-0JT,Deloitte,1 East Ohio St Floor 42,Indianapolis,IN,46204,6,Pulliam,Wild Eggs #6 (Pulliam),02/04/2026 7:15 AM,02/03/2026 9:36 AM,$489.00 ,$0.00 ,$35.00 ,($78.60),$47.16 ,($36.68),$48.90 ,($17.08),$0.00 ,$0.00 ,0,0,-24.45,463.25,Completed,ach,Marketplace Delivery,,Skylar Greene,,,
1GR-J3J,Cooke Financial Group,9340 Priority Way W Dr,Indianapolis,IN,46240,5,Carmel,Wild Eggs #5 (Carmel),02/04/2026 8:45 AM,02/03/2026 8:59 PM,$127.00 ,$0.00 ,$35.00 ,($24.30),$14.58 ,($11.34),$0.00 ,($5.28),$0.00 ,$0.00 ,0,0,-6.35,129.31,Completed,ach,Marketplace Delivery,,Lesley Rodela,,,
64Y-ERG,OMS Photo,1636 Chase Ave,Cincinnati,OH,45223,9,Queen City Wild Eggs,Wild Eggs #9 (Queen City Wild Eggs),02/04/2026 9:00 AM,01/28/2026 11:20 AM,$110.00 ,$0.00 ,$35.00 ,($21.75),$0.00 ,$0.00 ,$16.50 ,($4.34),$0.00 ,$0.00 ,0,0,0,135.41,Completed,ach,Marketplace Delivery,,Arissa Robinson,,,
E6Q-5KA,Baptist Gastroenterology,2400 Eastpoint Pkwy Suite 350,Louisville,KY,40223,3,Landis,Wild Eggs #3 (Landis),02/04/2026 10:45 AM,01/29/2026 4:52 PM,$497.00 ,$0.00 ,$35.00 ,($79.80),$31.92 ,($31.92),$20.00 ,($16.86),$0.00 ,$0.00 ,0,0,0,455.34,Completed,ach,Marketplace Delivery,,Ally Kennedy,,,
V6M-KUV,Nestle Purina,800 Chouteau Ave Building 1 E,St. Louis,MO,63102,,Lindell/SLU,CBW- Crazy Bowls and Wraps (Lindell/SLU),02/04/2026 10:38 AM,01/27/2026 12:53 PM,$176.40 ,$0.00 ,$20.00 ,($29.46),$23.25 ,$0.00 ,$0.00 ,($6.57),$0.00 ,$0.00 ,-30,0,0,153.62,Completed,ach,Marketplace Takeout,,Dispatch,,,
GU7-ZQC,World Wide Technology,107 Gateway Commerce Center Dr N,Edwardsville,IL,62025,,Edwardsville,CBW- Crazy Bowls and Wraps (Edwardsville),02/04/2026 11:01 AM,01/29/2026 3:27 PM,$105.90 ,$0.00 ,$20.00 ,($18.89),$8.05 ,($8.05),$0.00 ,($4.01),$0.00 ,$0.00 ,-30,0,-5.3,67.7,Completed,ach,Marketplace Takeout,,Dispatch,,,
6YW-JA6,Accenture Federal Services,520 Maryville Centre Dr 3rd Floor,St. Louis,MO,63141,,West Oak,CBW- Crazy Bowls and Wraps (West Oak),02/04/2026 11:05 AM,02/02/2026 9:38 AM,$244.58 ,$0.00 ,$20.00 ,($39.69),$21.98 ,$0.00 ,$0.00 ,($8.57),$0.00 ,$0.00 ,-30,0,-12.23,196.07,Completed,ach,Marketplace Takeout,,Dispatch,,,
EA9-Y38,Juniper Pharmacy,522 N New Ballas Rd 206,St. Louis,MO,63141,,West Oak,CBW- Crazy Bowls and Wraps (West Oak),02/04/2026 11:41 AM,02/03/2026 2:49 PM,$141.85 ,$0.00 ,$20.00 ,($24.28),$12.75 ,$0.00 ,$0.00 ,($5.22),$0.00 ,$0.00 ,-30,0,-7.09,108.01,Completed,ach,Marketplace Takeout,,Dispatch,,,
CJP-GQF,LC Rheumatology,3897 Charlestown Rd,New Albany,IN,47150,13,New Albany,Wild Eggs #13 (New Albany),02/05/2026 8:00 AM,02/02/2026 6:59 AM,$421.00 ,$0.00 ,$35.00 ,($68.40),$31.92 ,($31.92),$45.00 ,($14.59),$0.00 ,$0.00 ,0,0,0,418.01,Completed,ach,Marketplace Delivery,,Savannah Gilbert,,,
QMK-K7P,Introba,6 S Old Orchard Ave,Webster Groves,MO,63119,,Rock Hill/Glendale,CBW- Crazy Bowls and Wraps (Rock Hill/Glendale),02/05/2026 11:06 AM,02/03/2026 9:43 AM,$159.00 ,$0.00 ,$20.00 ,($26.85),$14.69 ,$0.00 ,$0.00 ,($5.79),$0.00 ,$0.00 ,-30,0,0,131.05,Completed,ach,Marketplace Takeout,,Dispatch,,,
1FJ-3PW,SSM St Marys,6420 Clayton Rd,Richmond Heights,MO,63117,,Forsyth/Clayton,CBW- Crazy Bowls and Wraps (Forsyth/Clayton),02/05/2026 11:24 AM,01/27/2026 6:58 PM,$105.25 ,$0.00 ,$20.00 ,($18.79),$11.04 ,$0.00 ,$0.00 ,($4.08),$0.00 ,$0.00 ,-30,0,0,83.42,Completed,ach,Marketplace Takeout,,Dispatch,,,
5KW-QJW,Rottler Pest Solutions,2690 Masterson Ave Ste 400,St. Louis,MO,63114,,Forsyth/Clayton,CBW- Crazy Bowls and Wraps (Forsyth/Clayton),02/05/2026 11:34 AM,02/04/2026 9:24 AM,$117.60 ,$0.00 ,$20.00 ,($20.64),$12.33 ,$0.00 ,$0.00 ,($4.48),$0.00 ,$0.00 ,-30,0,0,94.81,Completed,ach,Marketplace Takeout,,Dispatch,,,
957-FHE,Audubon hosptial,1 Audubon Plaza Dr Hybrid OR -2nd floorp,Louisville,KY,40217,4,Mercantile,Wild Eggs #4 (Mercantile),02/06/2026 6:45 AM,02/04/2026 3:37 PM,$408.00 ,$0.00 ,$35.00 ,($66.45),$26.58 ,($26.58),$15.00 ,($14.04),$0.00 ,$0.00 ,0,0,0,377.51,Completed,ach,Marketplace Delivery,,Johnny Snawder,,,
YE9-6C9,University of Cincinnati Kresge Circle,231 Albert Sabin Way,Cincinnati,OH,45267,9,Queen City Wild Eggs,Wild Eggs #9 (Queen City Wild Eggs),02/06/2026 7:45 AM,01/27/2026 1:04 PM,$423.00 ,$0.00 ,$35.00 ,($68.70),$0.00 ,$0.00 ,$25.00 ,($13.69),$0.00 ,$0.00 ,0,0,0,400.61,Completed,ach,Marketplace Delivery,,Shirelle Bloom,,,
21Z-HJ8,Gastroenterology Office,1941 Bishop Ln 2nd floor,Louisville,KY,40218,1,Dupont,Wild Eggs #1 (Dupont),02/06/2026 8:00 AM,02/05/2026 12:54 PM,$311.00 ,$0.00 ,$35.00 ,($51.90),$20.76 ,($20.76),$0.00 ,($10.97),$0.00 ,$0.00 ,0,0,-15.55,267.58,Completed,ach,Marketplace Delivery,,Linda T,,,
33U-QWA,Traders Point Christian Church - Production,12648 E 116th St,Fishers,IN,46037,7,Fishers,Wild Eggs #07 (Fishers),02/08/2026 7:00 AM,02/04/2026 4:11 PM,$191.00 ,$0.00 ,$35.00 ,($33.90),$0.00 ,$0.00 ,$28.65 ,($6.76),$0.00 ,$0.00 ,0,0,0,213.99,Completed,ach,Marketplace Delivery,,Carmen Sanchez,,,
QPW-X6A,Eureka Ranch/Dexter-Brain Brew Distillery,3849 Edwards Rd,Newtown,OH,45244,8,Oakley,Wild Eggs #8 (Oakley),02/09/2026 7:00 AM,02/01/2026 5:36 PM,$487.00 ,$0.00 ,$35.00 ,($78.30),$0.00 ,$0.00 ,$97.40 ,($15.61),$0.00 ,$0.00 ,0,0,0,525.49,Completed,ach,Marketplace Delivery,,Monica Craig,,,
WCP-FP7,Arbor Homes,9225 Harrison Park Ct,Indianapolis,IN,46216,6,Pulliam,Wild Eggs #6 (Pulliam),02/09/2026 8:30 AM,02/05/2026 2:52 PM,$321.00 ,$0.00 ,$35.00 ,($53.40),$32.04 ,($24.92),$32.10 ,($11.60),$0.00 ,$0.00 ,0,0,-16.05,314.17,Completed,ach,Marketplace Delivery,,Skylar Greene,,,
M44-RKE,"Takeout from Wentzville, MO",,Wentzville,MO,,,Wentzville,CBW- Crazy Bowls and Wraps (Wentzville),02/09/2026 11:30 AM,02/06/2026 1:51 PM,$58.80 ,$0.00 ,$0.00 ,($8.82),$6.14 ,$0.00 ,$5.88 ,($1.94),$0.00 ,$0.00 ,0,0,0,60.06,Completed,ach,Marketplace Takeout,,N/A,,,
GU8-V00,Raymond James,4969 US-42 1600,Northfield,KY,40222,2,Westport,Wild Eggs #2 (Westport),02/10/2026 8:00 AM,01/26/2026 4:01 PM,$472.00 ,$0.00 ,$35.00 ,($76.05),$30.42 ,($30.42),$47.20 ,($16.07),$0.00 ,$0.00 ,0,0,0,462.08,Completed,ach,Marketplace Delivery,,Taylor Kaman,,,
433-YJ2,EY,221 E 4th St #2900 2900,Cincinnati,OH,45202,9,Queen City Wild Eggs,Wild Eggs #9 (Queen City Wild Eggs),02/10/2026 8:15 AM,02/02/2026 1:08 PM,$567.00 ,$0.00 ,$35.00 ,($90.30),$5.62 ,($5.62),$85.05 ,($18.17),$0.00 ,$0.00 ,0,0,0,578.58,Completed,ach,Marketplace Delivery,,Arissa Robinson,,,
53V-MCY,Amdocs,625 Maryville Centre Dr Suite 200 Suite 200 Suite 200 Suite 200 Suite 200,St. Louis,MO,63141,,Creve Coeur,CBW- Crazy Bowls and Wraps (Creve Coeur),02/10/2026 8:35 AM,01/30/2026 1:04 PM,$144.45 ,$0.00 ,$20.00 ,($24.67),$12.62 ,$0.00 ,$0.00 ,($5.29),$0.00 ,$0.00 ,-30,0,-7.22,109.89,Completed,ach,Marketplace Takeout,,Dispatch,,,
JJ8-ZJA,Preferred Family Healthcare,4066 Dunnica Ave,St. Louis,MO,63116,18,South City,CBW- Crazy Bowls and Wraps #18 (South City),02/10/2026 10:46 AM,02/09/2026 9:00 AM,$527.15 ,$0.00 ,$20.00 ,($82.07),$0.00 ,$0.00 ,$0.00 ,($16.36),$0.00 ,$0.00 ,-52.72,0,0,396,Completed,ach,Marketplace Takeout,,Dispatch,,,
KKW-E8J,Gateway Region YMCA,2815 Scott Ave D,St. Louis,MO,63103,,Lindell/SLU,CBW- Crazy Bowls and Wraps (Lindell/SLU),02/10/2026 11:00 AM,02/09/2026 8:55 AM,$133.75 ,$0.00 ,$20.00 ,($23.06),$0.00 ,$0.00 ,$26.75 ,($4.60),$0.00 ,$0.00 ,0,0,-6.69,146.15,Completed,ach,Marketplace Delivery,,N/A,,,
86X-8PZ,Mastercard,2200 Technology Dr Loading Dock,Lake Saint Louis,MO,63367,,O'Fallon,CBW- Crazy Bowls and Wraps (O'Fallon),02/10/2026 11:02 AM,02/06/2026 3:26 PM,$289.50 ,$0.00 ,$20.00 ,($46.43),$25.91 ,$0.00 ,$0.00 ,($10.03),$0.00 ,$0.00 ,-30,0,-14.48,234.47,Completed,ach,Marketplace Takeout,,Dispatch,,,
9M7-V8Q,West County Plastic Surgeons,1020 N Mason Rd 110,Creve Coeur,MO,63141,,West Oak,CBW- Crazy Bowls and Wraps (West Oak),02/10/2026 11:18 AM,02/09/2026 11:11 AM,$368.83 ,$0.00 ,$20.00 ,($58.32),$33.15 ,$0.00 ,$0.00 ,($12.62),$0.00 ,$0.00 ,-36.88,0,-18.44,295.72,Completed,ach,Marketplace Takeout,,Dispatch,,,
6ET-EPR,Tri county,5551 Winghaven Blvd 142,O'Fallon,MO,63368,,O'Fallon,CBW- Crazy Bowls and Wraps (O'Fallon),02/10/2026 11:23 AM,02/06/2026 2:07 PM,$160.30 ,$0.00 ,$20.00 ,($27.05),$14.35 ,$0.00 ,$0.00 ,($5.82),$0.00 ,$0.00 ,-30,0,-8.02,123.76,Completed,ach,Marketplace Takeout,,Dispatch,,,
69V-C6U,Phoenix Creative,555 Washington Ave Suite 510 510,St. Louis,MO,63101,,Lindell/SLU,CBW- Crazy Bowls and Wraps (Lindell/SLU),02/10/2026 11:34 AM,02/05/2026 6:08 PM,$240.58 ,$0.00 ,$20.00 ,($39.09),$31.71 ,$0.00 ,$0.00 ,($8.74),$0.00 ,$0.00 ,-30,0,-12.03,202.43,Completed,ach,Marketplace Takeout,,Dispatch,,,
RK0-3K8,Cloud5,13511 Lakefront Dr,Earth City,MO,63045,,Lindenwood,CBW- Crazy Bowls and Wraps (Lindenwood),02/10/2026 11:36 AM,02/09/2026 3:43 PM,$329.15 ,$0.00 ,$20.00 ,($52.37),$32.75 ,$0.00 ,$0.00 ,($11.42),$0.00 ,$0.00 ,-32.92,0,-16.46,268.73,Completed,ach,Marketplace Takeout,,Dispatch,,,
E17-5ER,Brown Cancer Center,2401 Terra Crossing Blvd 206,Louisville,KY,40245,1,Dupont,Wild Eggs #1 (Dupont),02/11/2026 7:30 AM,02/09/2026 12:03 PM,"$1,245.00 ",$0.00 ,$35.00 ,($192.00),$76.80 ,($76.80),$195.00 ,($40.57),$0.00 ,$0.00 ,0,0,-62.25,1180.18,Completed,ach,Marketplace Delivery,,Carmen E,,,
RWA-2FM,St Elizabeths pulmonology,651 Centre Blvd. First floor,Crestview Hills,KY,41017,9,Queen City Wild Eggs,Wild Eggs #9 (Queen City Wild Eggs),02/11/2026 8:00 AM,02/10/2026 9:57 AM,$224.00 ,$0.00 ,$35.00 ,($38.85),$0.00 ,$0.00 ,$22.40 ,($7.74),$0.00 ,$0.00 ,0,0,0,234.81,Completed,ach,Marketplace Delivery,,Arissa Robinson,,,
KVM-0WE,Christina White Salon,1520 S 5th St Suite 105,Saint Charles,MO,63303,,Lindenwood,CBW- Crazy Bowls and Wraps (Lindenwood),02/11/2026 7:24 AM,02/09/2026 12:02 PM,$130.00 ,$0.00 ,$20.00 ,($22.50),$12.94 ,$0.00 ,$0.00 ,($4.87),$0.00 ,$0.00 ,-30,0,-6.5,99.07,Completed,ach,Marketplace Takeout,,Dispatch,,,
1U6-XVQ,Montgomery Community Church,11251 Montgomery Rd,Cincinnati,OH,45249,8,Oakley,Wild Eggs #8 (Oakley),02/11/2026 8:45 AM,02/07/2026 7:14 AM,$394.00 ,$0.00 ,$35.00 ,($64.35),$0.00 ,$0.00 ,$39.40 ,($12.83),$0.00 ,$0.00 ,0,0,0,391.22,Completed,ach,Marketplace Delivery,,Kenzie Kolb,,,
95G-XEC,"Takeout from O'Fallon, IL",,O'Fallon,IL,,,Shiloh,CBW- Crazy Bowls and Wraps (Shiloh),02/11/2026 9:45 AM,02/10/2026 10:30 AM,$263.65 ,$0.00 ,$0.00 ,($39.55),$22.01 ,($22.01),$25.00 ,($8.54),$0.00 ,$0.00 ,0,0,-13.18,227.38,Completed,ach,Marketplace Takeout,,N/A,,,
XW2-ZCW,The City of St. Charles School District,400 N 6th St,Saint Charles,MO,63301,,Lindenwood,CBW- Crazy Bowls and Wraps (Lindenwood),02/11/2026 10:40 AM,02/09/2026 12:52 PM,$355.20 ,$0.00 ,$20.00 ,($56.28),$35.34 ,$0.00 ,$0.00 ,($12.28),$0.00 ,$0.00 ,-35.52,0,-17.76,288.7,Completed,ach,Marketplace Takeout,,Dispatch,,,
80C-9W5,"HSHS St. Elizabeth’s Hospital (O’Fallon, IL)",1 St Elizabeth's Blvd,O'Fallon,IL,62269,,Shiloh,CBW- Crazy Bowls and Wraps (Shiloh),02/11/2026 11:10 AM,02/10/2026 10:12 AM,$188.00 ,$0.00 ,$20.00 ,($31.20),$15.70 ,($15.70),$0.00 ,($6.69),$0.00 ,$0.00 ,-30,0,-9.4,130.71,Completed,ach,Marketplace Takeout,,Dispatch,,,
EWM-M6Z,RGA,6 Cityplace Dr,Creve Coeur,MO,63141,,West Oak,CBW- Crazy Bowls and Wraps (West Oak),02/11/2026 11:11 AM,01/29/2026 9:56 AM,$347.25 ,$0.00 ,$20.00 ,($55.09),$31.21 ,$0.00 ,$0.00 ,($11.91),$0.00 ,$0.00 ,-34.72,0,-17.36,279.38,Completed,ach,Marketplace Takeout,,Dispatch,,,
18Z-1PK,Center for gastrointestinal health,5023 N Illinois St,Fairview Heights,IL,62208,,Shiloh,CBW- Crazy Bowls and Wraps (Shiloh),02/11/2026 11:36 AM,02/10/2026 2:21 PM,$249.75 ,$0.00 ,$20.00 ,($40.46),$20.85 ,($20.85),$0.00 ,($8.69),$0.00 ,$0.00 ,-30,0,-12.49,178.11,Completed,ach,Marketplace Takeout,,Dispatch,,,
V6U-9JQ,Brown Cancer Center,529 S Jackson St 3rd Floor,Louisville,KY,40202,4,Mercantile,Wild Eggs #4 (Mercantile),02/12/2026 8:15 AM,02/09/2026 9:28 PM,$766.00 ,$0.00 ,$35.00 ,($120.15),$48.06 ,($48.06),$25.00 ,($25.39),$0.00 ,$0.00 ,0,0,0,680.46,Completed,ach,Marketplace Delivery,,Johnny Snawder,,,
3GH-AP0,Kidney and Hypertension Center,830 Thomas More Pkwy 202,Edgewood,KY,41017,9,Queen City Wild Eggs,Wild Eggs #9 (Queen City Wild Eggs),02/12/2026 8:15 AM,02/11/2026 9:30 AM,$339.00 ,$0.00 ,$35.00 ,($56.10),$0.00 ,$0.00 ,$0.00 ,($11.18),$0.00 ,$0.00 ,0,0,0,306.72,Completed,ach,Marketplace Delivery,,Shirelle Bloom,,,
EJP-RH4,"Takeout from Bowling Green, KY",,Bowling Green,KY,,14,Bowling Green,Wild Eggs #14 (Bowling Green),02/12/2026 7:30 AM,02/10/2026 5:51 PM,$419.00 ,$0.00 ,$0.00 ,($62.85),$0.00 ,$0.00 ,$41.90 ,($12.53),$0.00 ,$0.00 ,0,0,0,385.52,Completed,ach,Marketplace Takeout,,N/A,,,
ARR-CG1,Brown Cancer Center - GynOnc (Metzinger/Todd),529 S Jackson St 3rd floor,Louisville,KY,40202,4,Mercantile,Wild Eggs #4 (Mercantile),02/12/2026 10:45 AM,02/10/2026 9:40 AM,$521.00 ,$0.00 ,$35.00 ,($83.40),$33.36 ,($33.36),$104.20 ,($17.62),$0.00 ,$0.00 ,0,0,0,559.18,Completed,ach,Marketplace Delivery,,Bayley Brown,,,
Q56-W89,"Takeout from St. Louis, MO",,St. Louis,MO,62401,,Lindell/SLU,CBW- Crazy Bowls and Wraps (Lindell/SLU),02/12/2026 9:45 AM,02/11/2026 9:53 AM,$558.90 ,$0.00 ,$0.00 ,($83.84),$73.66 ,$0.00 ,$111.78 ,($18.91),$0.00 ,$0.00 ,0,0,-27.95,613.64,Completed,ach,Marketplace Takeout,,N/A,,,
AJZ-Q28,WashU Child Psychiatry,4444 Forest Park Ave Ste 3400,St. Louis,MO,63108,,Forsyth/Clayton,CBW- Crazy Bowls and Wraps (Forsyth/Clayton),02/12/2026 10:02 AM,02/11/2026 4:58 PM,$253.90 ,$0.00 ,$20.00 ,($41.09),$0.00 ,$0.00 ,$0.00 ,($8.19),$0.00 ,$0.00 ,-30,0,0,194.62,Completed,ach,Marketplace Takeout,,Dispatch,,,
3P5-EYX,St. Louis Children's Hospital,1 Children's Pl Street level cul-de-sac (outside blue awning),St. Louis,MO,63110,,Forsyth/Clayton,CBW- Crazy Bowls and Wraps (Forsyth/Clayton),02/12/2026 10:19 AM,02/11/2026 4:32 PM,$253.90 ,$0.00 ,$20.00 ,($41.09),$0.00 ,$0.00 ,$0.00 ,($8.19),$0.00 ,$0.00 ,-30,0,0,194.62,Completed,ach,Marketplace Takeout,,Dispatch,,,
3ZK-3X7,Cambridge Air Solutions,760 Long Rd Crossing Dr,Chesterfield,MO,63005,,Chesterfield Valley,CBW- Crazy Bowls and Wraps (Chesterfield Valley),02/12/2026 11:08 AM,02/10/2026 1:26 PM,$181.20 ,$0.00 ,$20.00 ,($30.18),$18.32 ,$0.00 ,$0.00 ,($6.56),$0.00 ,$0.00 ,-30,0,0,152.78,Completed,ach,Marketplace Takeout,,Dispatch,,,
ZRW-W4R,Counsilman-Hunsaker,12851 Manchester Rd Suite 120,Des Peres,MO,63131,,Manchester,CBW- Crazy Bowls and Wraps (Manchester),02/12/2026 11:23 AM,02/10/2026 10:53 AM,$364.50 ,$0.00 ,$20.00 ,($57.68),$31.85 ,$0.00 ,$0.00 ,($12.45),$0.00 ,$0.00 ,-36.45,0,0,309.77,Completed,ach,Marketplace Takeout,,Dispatch,,,
XRM-GZ5,Procter and Gamble,2 Procter and Gamble Plz ELA 106,Cincinnati,OH,45202,9,Queen City Wild Eggs,Wild Eggs #9 (Queen City Wild Eggs),02/13/2026 7:30 AM,02/11/2026 11:43 AM,$741.00 ,$0.00 ,$35.00 ,($116.40),$0.00 ,$0.00 ,$50.00 ,($23.20),$0.00 ,$0.00 ,0,0,0,686.4,Completed,ach,Marketplace Delivery,,Arissa Robinson,,,
RXG-C88,Med Center Psychiatry,350 Park St 2nd Floor,Bowling Green,KY,42101,14,Bowling Green,Wild Eggs #14 (Bowling Green),02/13/2026 8:00 AM,02/12/2026 12:20 PM,$204.00 ,$0.00 ,$35.00 ,($35.85),$14.34 ,($14.34),$0.00 ,($7.57),$0.00 ,$0.00 ,0,0,0,195.58,Completed,ach,Marketplace Delivery,,Jamie Thomas,,,
AT4-1MJ,,,O'Fallon,IL,,,Shiloh,CBW- Crazy Bowls and Wraps (Shiloh),02/13/2026 10:15 AM,02/12/2026 3:38 PM,$289.05 ,$0.00 ,$0.00 ,($20.23),$24.14 ,($24.14),$28.91 ,($9.36),$0.00 ,$0.00 ,0,0,-14.45,273.92,Completed,ach,Marketplace Takeout,,N/A,,,
4E5-7KV,Rosenblum Goldenhersh PC,7733 Forsyth Blvd Suite 400 Suite 400,Clayton,MO,63105,,Forsyth/Clayton,CBW- Crazy Bowls and Wraps (Forsyth/Clayton),02/13/2026 11:26 AM,02/09/2026 4:10 PM,$360.00 ,$0.00 ,$20.00 ,($57.00),$37.76 ,$0.00 ,$0.00 ,($12.49),$0.00 ,$0.00 ,-36,0,0,312.27,Completed,ach,Marketplace Takeout,,Dispatch,,,
0P5-M8G,Maryville Lacrosse Field (UAH Women's Lacrosse),13446 Conway Rd,St. Louis,MO,63141,,Creve Coeur,CBW- Crazy Bowls and Wraps (Creve Coeur),02/13/2026 1:51 PM,02/10/2026 8:00 PM,$440.41 ,$0.00 ,$20.00 ,($69.06),$38.48 ,$0.00 ,$0.00 ,($14.92),$0.00 ,$0.00 ,-44.04,0,-22.02,348.85,Completed,ach,Marketplace Takeout,,Dispatch,,,
9KT-PFP,Racing Louisville FC,801 Edith Rd,Louisville,KY,40206,4,Mercantile,Wild Eggs #4 (Mercantile),02/14/2026 7:45 AM,02/11/2026 2:06 PM,$286.00 ,$0.00 ,$35.00 ,($48.15),$19.26 ,($19.26),$28.60 ,($10.17),$0.00 ,$0.00 ,0,0,0,291.28,Completed,ach,Marketplace Delivery,,Bayley Brown,,,
747-6X0,Brown Cancer Center - Terra Crossing,2401 Terra Crossing Blvd Suite 206,Louisville,KY,40245,3,Landis,Wild Eggs #3 (Landis),02/16/2026 7:45 AM,02/11/2026 1:56 PM,$870.00 ,$0.00 ,$35.00 ,($135.75),$54.30 ,($54.30),$87.00 ,($28.68),$0.00 ,$0.00 ,0,0,0,827.57,Completed,ach,Marketplace Delivery,,Kelley compton,,,
C2G-Z2R,Montgomery Animal Hospital,7670 Montgomery Rd,Cincinnati,OH,45236,8,Oakley,Wild Eggs #8 (Oakley),02/16/2026 8:45 AM,02/12/2026 7:52 AM,$244.00 ,$0.00 ,$35.00 ,($41.85),$0.00 ,$0.00 ,$24.40 ,($8.34),$0.00 ,$0.00 ,0,0,0,253.21,Completed,ach,Marketplace Delivery,,Monica Craig,,,
R6W-P9T,Hunter engineering - c/o Jim T,"11250 Hunter Dr Building ""A""",Bridgeton,MO,63044,,West Oak,CBW- Crazy Bowls and Wraps (West Oak),02/16/2026 11:13 AM,02/10/2026 9:28 PM,$416.60 ,$0.00 ,$20.00 ,($65.49),$37.44 ,$0.00 ,$0.00 ,($14.17),$0.00 ,$0.00 ,-41.66,0,-20.83,331.89,Completed,ach,Marketplace Takeout,,Dispatch,,,
YMX-YPV,Jewish Community Center,16801 Baxter Rd,Chesterfield,MO,63005,,Chesterfield Valley,CBW- Crazy Bowls and Wraps (Chesterfield Valley),02/16/2026 11:52 AM,02/02/2026 4:08 PM,$717.50 ,$0.00 ,$20.00 ,($110.63),$0.00 ,$0.00 ,$0.00 ,($22.05),$0.00 ,$0.00 ,-71.75,0,0,533.07,Completed,ach,Marketplace Takeout,,Dispatch,,,
GJX-70C,Louisville Pulmonary Care,4003 Kresge Way # 312,Louisville,KY,40207,1,Dupont,Wild Eggs #1 (Dupont),02/17/2026 8:00 AM,02/16/2026 12:11 PM,$712.00 ,$0.00 ,$35.00 ,($112.05),$44.82 ,($44.82),$71.20 ,($23.68),$0.00 ,$0.00 ,0,0,-35.6,646.87,Completed,ach,Marketplace Delivery,nccv3doll1,Victoria Carbajal,,,
2M3-71V,"Takeout from O'Fallon, IL",,O'Fallon,IL,,,Shiloh,CBW- Crazy Bowls and Wraps (Shiloh),02/17/2026 10:45 AM,02/16/2026 10:40 AM,$365.18 ,$0.00 ,$0.00 ,($54.78),$30.49 ,($30.49),$0.00 ,($11.83),$0.00 ,$0.00 ,0,0,-18.26,280.31,Completed,ach,Marketplace Takeout,,N/A,,,
6KR-M8X,World Wide Technology,108 Gateway Commerce Center Dr N,Edwardsville,IL,62025,,Edwardsville,CBW- Crazy Bowls and Wraps (Edwardsville),02/17/2026 10:53 AM,02/09/2026 7:15 AM,"$1,012.50 ",$0.00 ,$20.00 ,($154.88),$76.95 ,($76.95),$0.00 ,($33.17),$0.00 ,$0.00 ,-101.25,0,-50.63,692.57,Completed,ach,Marketplace Takeout,,Dispatch,,,
E5C-60C,RGA - Attn Kelly Hessler Rm 718,6 Cityplace Dr,Creve Coeur,MO,63141,,West Oak,CBW- Crazy Bowls and Wraps (West Oak),02/17/2026 10:57 AM,02/16/2026 6:02 PM,$200.28 ,$0.00 ,$20.00 ,($33.04),$18.00 ,$0.00 ,$0.00 ,($7.12),$0.00 ,$0.00 ,-30,0,-10.01,158.11,Completed,ach,Marketplace Takeout,,Dispatch,,,
R7M-MFX,Aspire Software,390 S Woods Mill Rd ste 300 - 3rd floor,Chesterfield,MO,63017,,West Oak,CBW- Crazy Bowls and Wraps (West Oak),02/17/2026 11:00 AM,02/02/2026 1:49 PM,$171.15 ,$0.00 ,$25.00 ,($25.67),$15.38 ,$0.00 ,$34.23 ,($6.32),$0.00 ,$0.00 ,0,0,0,213.77,Completed,ach,Meal Program,,,,,
MX4-1R9,Ballas Dental Care,2821 N Ballas Rd Suite 140,St. Louis,MO,63131,,West Oak,CBW- Crazy Bowls and Wraps (West Oak),02/17/2026 11:18 AM,02/07/2026 12:22 PM,$263.50 ,$0.00 ,$20.00 ,($42.53),$23.68 ,$0.00 ,$0.00 ,($9.18),$0.00 ,$0.00 ,-30,0,-13.18,212.29,Completed,ach,Marketplace Takeout,,Dispatch,,,
W1Z-YUM,Colibri Group,399 S. Spring Ave. #108,St. Louis,MO,63110,,Lindell/SLU,CBW- Crazy Bowls and Wraps (Lindell/SLU),02/17/2026 11:23 AM,02/04/2026 4:11 PM,$307.45 ,$0.00 ,$20.00 ,($49.12),$40.52 ,$0.00 ,$0.00 ,($11.00),$0.00 ,$0.00 ,-30.74,0,-15.37,261.74,Completed,ach,Marketplace Takeout,,Dispatch,,,
M2F-X0H,Brown Cancer Center - Terra Crossing Blvd,2401 Terra Crossing Blvd suite 206 Suite 206,Louisville,KY,40245,1,Dupont,Wild Eggs #1 (Dupont),02/18/2026 7:30 AM,02/10/2026 8:55 AM,$418.00 ,$0.00 ,$35.00 ,($67.95),$27.18 ,($27.18),$20.00 ,($14.36),$0.00 ,$0.00 ,0,0,-20.9,369.79,Completed,ach,Marketplace Delivery,,Carmen Esparza,,,
VPW-Z73,UofL Health Primary Care,900 Fairdale Rd,Louisville,KY,40118,4,Mercantile,Wild Eggs #4 (Mercantile),02/18/2026 7:30 AM,02/11/2026 4:34 PM,$140.00 ,$0.00 ,$35.00 ,($26.25),$10.50 ,($10.50),$15.00 ,($5.55),$0.00 ,$0.00 ,0,0,0,158.2,Completed,ach,Marketplace Delivery,,Tori McMahan,,,
8FT-8HP,Planet Fitness Kueber Center,2432 S Floyd St,Louisville,KY,40209,4,Mercantile,Wild Eggs #4 (Mercantile),02/18/2026 8:15 AM,02/16/2026 8:13 PM,$687.00 ,$0.00 ,$35.00 ,($108.30),$0.00 ,$0.00 ,$103.05 ,($21.59),$0.00 ,$0.00 ,0,0,0,695.16,Completed,ach,Marketplace Delivery,,Johnny Snawder,,,
KK6-VXG,Faith Oakville,6101 Telegraph Rd,St. Louis,MO,63129,,Tesson,CBW- Crazy Bowls and Wraps (Tesson),02/18/2026 11:01 AM,02/17/2026 3:26 PM,$255.79 ,$0.00 ,$20.00 ,($41.37),$0.00 ,$0.00 ,$0.00 ,($8.25),$0.00 ,$0.00 ,-30,0,0,196.17,Completed,ach,Marketplace Takeout,,Dispatch,,,
04Q-U07,PwC,6 Cardinal Way 11th Floor 11th Floor 11th Floor,St. Louis,MO,63102,,Lindell/SLU,CBW- Crazy Bowls and Wraps (Lindell/SLU),02/18/2026 11:21 AM,02/10/2026 10:01 AM,$170.20 ,$0.00 ,$20.00 ,($28.53),$22.43 ,$0.00 ,$0.00 ,($6.36),$0.00 ,$0.00 ,-30,0,-8.51,139.23,Completed,ach,Marketplace Takeout,,Dispatch,,,
WC7-F5G,Baptist Neurology,4003 Kresge Way ste 400 400,Louisville,KY,40207,1,Dupont,Wild Eggs #1 (Dupont),02/19/2026 7:30 AM,02/17/2026 11:08 AM,$927.00 ,$0.00 ,$35.00 ,($144.30),$57.72 ,($57.72),$92.70 ,($30.49),$0.00 ,$0.00 ,0,0,-46.35,833.56,Completed,ach,Marketplace Delivery,,Linda T,,,
R8R-3HY,OMS Photo,1636 Chase Ave,Cincinnati,OH,45223,9,Queen City Wild Eggs,Wild Eggs #9 (Queen City Wild Eggs),02/19/2026 8:45 AM,02/11/2026 3:40 PM,$224.00 ,$0.00 ,$35.00 ,($38.85),$0.00 ,$0.00 ,$33.60 ,($7.74),$0.00 ,$0.00 ,0,0,0,246.01,Completed,ach,Marketplace Delivery,,Shirelle Bloom,,,
GA3-VZ1,Family Allergy Asthma,8109 Bardstown Rd,Louisville,KY,40291,3,Landis,Wild Eggs #3 (Landis),02/19/2026 9:00 AM,02/18/2026 2:12 PM,$146.00 ,$0.00 ,$35.00 ,($27.15),$10.86 ,($10.86),$21.90 ,($5.74),$0.00 ,$0.00 ,0,0,0,170.01,Completed,ach,Marketplace Delivery,,Kelley compton,,,
GEX-QK6,BJC Home Care,2220 S. State Route 157 Suite 300,Glen Carbon,IL,62034,,Edwardsville,CBW- Crazy Bowls and Wraps (Edwardsville),02/19/2026 8:07 AM,02/16/2026 10:17 AM,$300.00 ,$0.00 ,$20.00 ,($48.00),$0.00 ,$0.00 ,$0.00 ,($9.57),$0.00 ,$0.00 ,-30,0,-15,217.43,Completed,ach,Marketplace Takeout,nccv3doll1,Dispatch,,,
C0G-9C1,Delv Design,1411 Roosevelt Ave suite 302 302,Indianapolis,IN,46201,6,Pulliam,Wild Eggs #6 (Pulliam),02/19/2026 9:15 AM,02/16/2026 9:22 PM,$181.00 ,$0.00 ,$35.00 ,($32.40),$19.44 ,($15.12),$18.10 ,($7.04),$0.00 ,$0.00 ,0,0,-9.05,189.93,Completed,ach,Marketplace Delivery,,Vanessa Ablanalp,,,
5WT-EV8,Dr. Seshadri Oncology,201 Park St 3rd Floor,Bowling Green,KY,42101,14,Bowling Green,Wild Eggs #14 (Bowling Green),02/19/2026 8:30 AM,02/10/2026 10:11 AM,$383.00 ,$0.00 ,$35.00 ,($62.70),$25.08 ,($25.08),$25.00 ,($13.25),$0.00 ,$0.00 ,0,0,0,367.05,Completed,ach,Marketplace Delivery,,Jamie Thomas,,,
08R-585,Veterans United,111 Corporate Office Dr Suite 400,Earth City,MO,63045,,West Oak,CBW- Crazy Bowls and Wraps (West Oak),02/19/2026 11:13 AM,02/16/2026 1:49 PM,$471.10 ,$0.00 ,$20.00 ,($73.67),$42.34 ,$0.00 ,$0.00 ,($15.95),$0.00 ,$0.00 ,-47.11,0,-23.56,373.15,Completed,ach,Marketplace Takeout,,Dispatch,,,
F8E-TRT,Provident Behavioral Health,12141 Ladue Rd,St. Louis,MO,63141,,Creve Coeur,CBW- Crazy Bowls and Wraps (Creve Coeur),02/19/2026 11:18 AM,02/17/2026 2:35 PM,$242.78 ,$0.00 ,$20.00 ,($39.42),$21.21 ,$0.00 ,$0.00 ,($8.49),$0.00 ,$0.00 ,-30,0,-12.14,193.94,Completed,ach,Marketplace Takeout,,Dispatch,,,
E8H-819,RDG Design and Planning,7415 Manchester Rd,Maplewood,MO,63143,18,South City,CBW- Crazy Bowls and Wraps #18 (South City),02/19/2026 11:23 AM,02/17/2026 12:43 PM,$72.00 ,$0.00 ,$20.00 ,($13.80),$9.49 ,$0.00 ,$0.00 ,($3.03),$0.00 ,$0.00 ,-30,0,0,54.66,Completed,ach,Marketplace Takeout,,Dispatch,,,
JJW-1MK,Southern Illinois Associates,6805 IL-162 Ste. 201,Maryville,IL,62062,,Edwardsville,CBW- Crazy Bowls and Wraps (Edwardsville),02/19/2026 11:34 AM,02/17/2026 12:04 PM,$258.40 ,$0.00 ,$20.00 ,($41.76),$19.64 ,($19.64),$0.00 ,($8.91),$0.00 ,$0.00 ,-30,0,-12.92,184.81,Completed,ach,Marketplace Takeout,,Dispatch,,,
MG2-7CH,Kentuckiana Comfort Center (KCC),11426 Electron Dr,Louisville,KY,40299,12,Jtown,Wild Eggs #12 (Jtown),02/20/2026 6:30 AM,01/12/2026 7:09 PM,$376.00 ,$0.00 ,$35.00 ,($61.65),$24.66 ,($24.66),$37.60 ,($13.03),$0.00 ,$0.00 ,0,0,0,373.92,Completed,ach,Marketplace Delivery,,Sheena Carnell,,,
XCX-4V5,University of Louisville/Clinical Translational Research Building (CTR),505 S Hancock St 1st floor Room 124,Louisville,KY,40202,4,Mercantile,Wild Eggs #4 (Mercantile),02/20/2026 7:00 AM,02/19/2026 11:25 AM,$186.00 ,$0.00 ,$35.00 ,($33.15),$0.00 ,$0.00 ,$10.00 ,($6.61),$0.00 ,$0.00 ,0,0,0,191.24,Completed,ach,Marketplace Delivery,,Johnny Snawder,,,
3RR-KZ5,Service Metal,1805 Borman Circle Dr,St. Louis,MO,63146,,West Oak,CBW- Crazy Bowls and Wraps (West Oak),02/20/2026 11:33 AM,02/18/2026 8:18 AM,$891.89 ,$0.00 ,$20.00 ,($136.78),$80.16 ,$0.00 ,$0.00 ,($29.66),$0.00 ,$0.00 ,-89.19,0,-44.59,691.83,Completed,ach,Marketplace Takeout,,Dispatch,,,
6GZ-3QW,The Hub,3000 E Prairie Ave,St. Louis,MO,63107,,Lindell/SLU,CBW- Crazy Bowls and Wraps (Lindell/SLU),02/21/2026 11:02 AM,02/13/2026 11:23 AM,$529.95 ,$0.00 ,$20.00 ,($82.49),$0.00 ,$0.00 ,$0.00 ,($16.44),$0.00 ,$0.00 ,-53,0,-26.5,371.52,Completed,ach,Marketplace Takeout,,Dispatch,,,
723-ZUT,Southeast Christian Church Prospect Campus,12650 W U.S. Hwy 42,Prospect,KY,40059,2,Westport,Wild Eggs #2 (Westport),02/22/2026 8:00 AM,02/03/2026 2:05 PM,$180.00 ,$0.00 ,$35.00 ,($32.25),$0.00 ,$0.00 ,$27.00 ,($6.43),$0.00 ,$0.00 ,0,0,-9,194.32,Completed,ach,Marketplace Delivery,,Julian Soto,,,
3FE-WV5,Traders Point Christian Church,2350 E 62nd St,Indianapolis,IN,46220,6,Pulliam,Wild Eggs #6 (Pulliam),02/22/2026 8:45 AM,02/17/2026 3:45 PM,$251.00 ,$0.00 ,$35.00 ,($42.90),$0.00 ,$0.00 ,$25.10 ,($8.55),$0.00 ,$0.00 ,0,0,-12.55,247.1,Completed,ach,Marketplace Delivery,,Skylar Greene,,,
CJJ-H15,St. Louis Children's Hospital,1 Children's Pl M S 90-49-042,St. Louis,MO,63110,,Lindell/SLU,CBW- Crazy Bowls and Wraps (Lindell/SLU),02/23/2026 11:06 AM,02/17/2026 8:25 PM,$287.90 ,$0.00 ,$20.00 ,($46.19),$0.00 ,$0.00 ,$0.00 ,($9.21),$0.00 ,$0.00 ,-30,0,-14.4,208.1,Completed,ach,Marketplace Takeout,,Dispatch,,,
71C-PTJ,WashU OVCSA,6475 Forsyth Blvd DUC 200,St. Louis,MO,63105,,Forsyth/Clayton,CBW- Crazy Bowls and Wraps (Forsyth/Clayton),02/23/2026 11:11 AM,02/18/2026 12:19 PM,$202.00 ,$0.00 ,$20.00 ,($33.30),$0.00 ,$0.00 ,$0.00 ,($6.64),$0.00 ,$0.00 ,-30,0,0,152.06,Completed,ach,Marketplace Takeout,500foryou,Dispatch,,,
RH1-P4A,Elevance Health,220 Virginia Ave,Indianapolis,IN,46204,6,Pulliam,Wild Eggs #6 (Pulliam),02/24/2026 7:00 AM,02/20/2026 2:15 PM,$877.00 ,$0.00 ,$35.00 ,($136.80),$82.08 ,($63.84),$2.00 ,($29.72),$0.00 ,$0.00 ,0,0,-43.85,721.87,Completed,ach,Marketplace Delivery,,Skylar Greene,,,
UV7-RJQ,Trihealth Thomas Center,10506A Montgomery Rd Suite 301 (3rd floor),Cincinnati,OH,45242,8,Oakley,Wild Eggs #8 (Oakley),02/24/2026 8:15 AM,02/23/2026 12:45 PM,$541.00 ,$0.00 ,$35.00 ,($86.40),$0.00 ,$0.00 ,$35.00 ,($17.22),$0.00 ,$0.00 ,0,0,0,507.38,Completed,ach,Marketplace Delivery,,Monica Craig,,,
EXF-8FV,Neurology,4233 Gateway Blvd Floor 1,Newburgh,IN,47630,17,Evansville,Wild Eggs #17 (Evansville),02/24/2026 7:45 AM,02/23/2026 12:34 PM,$311.00 ,$0.00 ,$35.00 ,($51.90),$27.68 ,($24.22),$1.00 ,($11.17),$0.00 ,$0.00 ,0,0,0,287.39,Completed,ach,Marketplace Delivery,,amanda vaughan,,,
HU5-X5T,Dr Pai,2810 Frank Scott Pkwy W Suite 716,Belleville,IL,62223,,Shiloh,CBW- Crazy Bowls and Wraps (Shiloh),02/24/2026 10:29 AM,02/20/2026 1:21 PM,$344.79 ,$0.00 ,$20.00 ,($54.72),$28.79 ,($28.79),$0.00 ,($11.77),$0.00 ,$0.00 ,-34.48,0,-17.24,246.58,Completed,ach,Marketplace Takeout,,Dispatch,,,
4Y9-W17,"Takeout from O'Fallon, IL",,O'Fallon,IL,,,Shiloh,CBW- Crazy Bowls and Wraps (Shiloh),02/24/2026 10:30 AM,02/23/2026 10:10 AM,$175.15 ,$0.00 ,$0.00 ,($26.27),$14.63 ,($14.63),$20.00 ,($5.67),$0.00 ,$0.00 ,0,0,-8.76,154.45,Completed,ach,Marketplace Takeout,,N/A,,,
112-0GC,St Louis Cosmetic Surgery,17300 N Outer 40 Rd 300,Chesterfield,MO,63005,,Chesterfield Valley,CBW- Crazy Bowls and Wraps (Chesterfield Valley),02/24/2026 10:39 AM,02/23/2026 9:56 AM,$308.08 ,$0.00 ,$20.00 ,($49.21),$31.16 ,$0.00 ,$0.00 ,($10.74),$0.00 ,$0.00 ,-30.81,0,0,268.48,Completed,ach,Marketplace Takeout,nccv3doll1,Dispatch,,,
PU0-PW4,Plancorp,540 Maryville Centre Dr Suite 105,St. Louis,MO,63141,,Manchester,CBW- Crazy Bowls and Wraps (Manchester),02/24/2026 10:43 AM,02/17/2026 12:24 PM,$872.00 ,$0.00 ,$20.00 ,($133.80),$76.20 ,$0.00 ,$0.00 ,($28.95),$0.00 ,$0.00 ,-87.2,0,0,718.25,Completed,ach,Marketplace Takeout,,Dispatch,,,
79P-86R,DHL,236 Wendell H Ford Blvd,Florence,KY,41042,9,Queen City Wild Eggs,Wild Eggs #9 (Queen City Wild Eggs),02/25/2026 7:00 AM,02/13/2026 12:35 PM,$690.00 ,$0.00 ,$35.00 ,($108.75),$0.00 ,$0.00 ,$103.50 ,($21.68),$0.00 ,$0.00 ,0,0,0,698.07,Completed,ach,Marketplace Delivery,,Shirelle Bloom,,,
8E0-38Q,St Francis Cancer Center,8111 South Emerson Ave Entrance 4,Indianapolis,IN,46237,6,Pulliam,Wild Eggs #6 (Pulliam),02/25/2026 7:45 AM,02/23/2026 8:03 PM,"$1,399.00 ",$0.00 ,$35.00 ,($215.10),$129.06 ,($100.38),$100.00 ,($46.74),$0.00 ,$0.00 ,0,0,-69.95,1230.89,Completed,ach,Marketplace Delivery,,Skylar Greene,,,
YT1-RR0,Merchants Bank,410 Monon Blvd.,Carmel,IN,46032,5,Carmel,Wild Eggs #5 (Carmel),02/25/2026 8:00 AM,02/23/2026 10:03 AM,$525.00 ,$0.00 ,$35.00 ,($84.00),$50.40 ,($39.20),$78.75 ,($18.25),$0.00 ,$0.00 ,0,0,-26.25,521.45,Completed,ach,Marketplace Delivery,,Lesley Rodela,,,
Q1U-QXU,Graves Gilbert Dermatology,1065 Ashley St 200,Bowling Green,KY,42103,14,Bowling Green,Wild Eggs #14 (Bowling Green),02/25/2026 8:30 AM,02/24/2026 12:15 PM,$488.00 ,$0.00 ,$35.00 ,($78.45),$31.38 ,($31.38),$15.00 ,($16.58),$0.00 ,$0.00 ,0,0,0,442.97,Completed,ach,Marketplace Delivery,,Jamie Thomas,,,
3H8-4RA,"Takeout from O'Fallon, IL",,O'Fallon,IL,,,Shiloh,CBW- Crazy Bowls and Wraps (Shiloh),02/25/2026 10:00 AM,02/23/2026 10:22 AM,$367.40 ,$0.00 ,$0.00 ,($55.11),$30.68 ,($30.68),$20.00 ,($11.90),$0.00 ,$0.00 ,0,0,-18.37,302.02,Completed,ach,Marketplace Takeout,,N/A,,,
F0T-GHP,Mercy Clinic Internal Medicine - Dr. Yang,12700 Southfork Rd Suite 200,St. Louis,MO,63128,,Tesson,CBW- Crazy Bowls and Wraps (Tesson),02/25/2026 11:02 AM,02/20/2026 10:53 AM,$248.00 ,$0.00 ,$20.00 ,($40.20),$19.19 ,$0.00 ,$0.00 ,($8.59),$0.00 ,$0.00 ,-30,0,0,208.4,Completed,ach,Marketplace Takeout,,Dispatch,,,
Z3Z-FVA,Undivided Creative,657 Spirit Airpark W Dr suite 102,Chesterfield,MO,63005,,Chesterfield Valley,CBW- Crazy Bowls and Wraps (Chesterfield Valley),02/25/2026 11:17 AM,02/24/2026 11:41 AM,$593.85 ,$0.00 ,$20.00 ,($92.08),$60.06 ,$0.00 ,$0.00 ,($20.15),$0.00 ,$0.00 ,-59.38,0,0,502.3,Completed,ach,Marketplace Takeout,,Dispatch,,,
K3Q-ZU4,Graves Gilbert Dermatology,1065 Ashley St 200,Bowling Green,KY,42103,14,Bowling Green,Wild Eggs #14 (Bowling Green),02/26/2026 7:45 AM,02/25/2026 7:33 AM,$642.00 ,$0.00 ,$35.00 ,($101.55),$40.62 ,($40.62),$96.30 ,($21.46),$0.00 ,$0.00 ,0,0,0,650.29,Completed,ach,Marketplace Delivery,,Jamie Thomas,,,
JFZ-0VH,Cornell Install Home,554 Lacy Cir,Greenwood,IN,46142,16,Greenwood,Wild Eggs #16 (Greenwood),02/26/2026 9:00 AM,02/24/2026 3:12 PM,$170.00 ,$0.00 ,$35.00 ,($30.75),$18.45 ,($14.35),$25.50 ,($6.68),$0.00 ,$0.00 ,0,0,0,197.17,Completed,ach,Marketplace Delivery,,Laura Diaz,,,
63T-M8J,Nestle Purina PetCare,901 Chouteau Ave Tower Building Tower Building,St. Louis,MO,63102,,Lindell/SLU,CBW- Crazy Bowls and Wraps (Lindell/SLU),02/26/2026 10:22 AM,02/24/2026 3:57 PM,$134.90 ,$0.00 ,$20.00 ,($23.24),$17.78 ,$0.00 ,$0.00 ,($5.16),$0.00 ,$0.00 ,-30,0,-6.75,107.53,Completed,ach,Marketplace Takeout,,Dispatch,,,
3RC-PFM,CSG Solutions,12647 Olive Blvd 560,Creve Coeur,MO,63141,,West Oak,CBW- Crazy Bowls and Wraps (West Oak),02/26/2026 11:20 AM,02/24/2026 9:53 AM,$265.50 ,$0.00 ,$20.00 ,($42.83),$23.86 ,$0.00 ,$0.00 ,($9.25),$0.00 ,$0.00 ,-30,0,-13.28,214,Completed,ach,Marketplace Takeout,,Dispatch,,,
GRY-9U8,Weissman Photo Studio,6750 Manchester Ave,St. Louis,MO,63139,18,South City,CBW- Crazy Bowls and Wraps #18 (South City),02/26/2026 11:20 AM,02/25/2026 9:00 AM,$610.65 ,$0.00 ,$20.00 ,($94.60),$80.48 ,$0.00 ,$0.00 ,($21.26),$0.00 ,$0.00 ,-61.06,0,0,534.21,Completed,ach,Marketplace Takeout,,Dispatch,,,
K7H-R6V,Baptist Cancer Center - Cancer & Blood Center,Kresge Way Suite 500,Saint Matthews,KY,40207,1,Dupont,Wild Eggs #1 (Dupont),02/27/2026 7:45 AM,02/25/2026 5:41 PM,"$1,506.00 ",$0.00 ,$35.00 ,($231.15),$92.46 ,($92.46),$55.00 ,($48.84),$0.00 ,$0.00 ,0,0,-75.3,1240.71,Completed,ach,Marketplace Delivery,,Linda T,,,
3ZW-WYH,,,O'Fallon,IL,,,Shiloh,CBW- Crazy Bowls and Wraps (Shiloh),02/27/2026 10:30 AM,02/26/2026 9:54 AM,$197.10 ,$0.00 ,$0.00 ,($29.57),$16.46 ,($16.46),$0.00 ,($6.39),$0.00 ,$0.00 ,0,0,-9.86,151.28,Completed,ach,Marketplace Takeout,,N/A,,,
M8P-X51,ButcherJoseph & Co. LLC,6 Cardinal Wy 801,St. Louis,MO,63102,,Lindell/SLU,CBW- Crazy Bowls and Wraps (Lindell/SLU),02/27/2026 11:21 AM,02/24/2026 3:43 PM,$316.40 ,$0.00 ,$20.00 ,($50.46),$41.70 ,$0.00 ,$0.00 ,($11.31),$0.00 ,$0.00 ,-31.64,0,-15.82,268.87,Completed,ach,Marketplace Takeout,,Dispatch,,,
M6T-XGW,Indiana State Softball,1757 John Weber Dr,Saint Charles,MO,63301,,Lindenwood,CBW- Crazy Bowls and Wraps (Lindenwood),02/27/2026 12:11 PM,02/26/2026 12:27 PM,$388.98 ,$0.00 ,$20.00 ,($61.35),$38.70 ,$0.00 ,$0.00 ,($13.39),$0.00 ,$0.00 ,-38.9,0,-19.45,314.59,Completed,ach,Marketplace Takeout,,Dispatch,,,
3Q6-Y0E,Dean Dorton,5975 Castle Crk Pkwy Dr N 400,Indianapolis,IN,46250,7,Fishers,Wild Eggs #07 (Fishers),02/28/2026 8:00 AM,02/25/2026 3:30 PM,$320.00 ,$0.00 ,$35.00 ,($53.25),$31.95 ,($24.85),$64.00 ,($11.57),($64.00),$0.00 ,0,0,0,297.28,Completed,ach,Marketplace Delivery,,Brandon Martinez,,,
4H5-8UU,UofL Field Hockey,317 University Blvd,Louisville,KY,40208,4,Mercantile,Wild Eggs #4 (Mercantile),02/28/2026 9:00 AM,02/26/2026 3:31 PM,$317.00 ,$0.00 ,$35.00 ,($52.80),$0.00 ,$0.00 ,$0.00 ,($10.52),$0.00 ,$0.00 ,0,0,0,288.68,Completed,ach,Marketplace Delivery,,Bayley Brown,,,
AEY-GPQ,Traders Point Christian Church - Production,12648 E 116th St,Fishers,IN,46037,7,Fishers,Wild Eggs #07 (Fishers),03/01/2026 8:30 AM,02/04/2026 4:16 PM,$191.00 ,$0.00 ,$35.00 ,($33.90),$0.00 ,$0.00 ,$28.65 ,($6.76),$0.00 ,$0.00 ,0,0,0,213.99,Completed,ach,Marketplace Delivery,,Brandon Martinez,,,
8R8-X53,"Takeout from Edwardsville, IL",,Edwardsville,IL,,,Edwardsville,CBW- Crazy Bowls and Wraps (Edwardsville),03/02/2026 11:15 AM,02/28/2026 6:39 PM,$161.70 ,$0.00 ,$0.00 ,($24.26),$12.29 ,($12.29),$10.00 ,($5.20),$0.00 ,$0.00 ,0,0,-8.08,134.16,Completed,ach,Marketplace Takeout,,N/A,,,
Z32-TF1,Deaconess Foundation,1000 N Vandeventer Ave,St. Louis,MO,63113,,Lindell/SLU,CBW- Crazy Bowls and Wraps (Lindell/SLU),03/02/2026 11:27 AM,02/28/2026 3:28 PM,$190.60 ,$0.00 ,$20.00 ,($31.59),$25.12 ,$0.00 ,$0.00 ,($7.05),$0.00 ,$0.00 ,-30,0,-9.53,157.55,Completed,ach,Marketplace Takeout,,Dispatch,,,
QC6-ZYH,DMG,"50 West 5th St Lobby ""Foundry Lobby""",Cincinnati,OH,45202,9,Queen City Wild Eggs,Wild Eggs #9 (Queen City Wild Eggs),03/03/2026 7:30 AM,03/02/2026 8:49 AM,$171.00 ,$0.00 ,$35.00 ,($30.90),$0.00 ,$0.00 ,$17.10 ,($6.16),$0.00 ,$0.00 ,0,0,0,186.04,Completed,ach,Marketplace Delivery,,Carolyn Holder,,,
Q9R-1XF,Salesforce,1 East Ohio St,Indianapolis,IN,46204,6,Pulliam,Wild Eggs #6 (Pulliam),03/03/2026 7:45 AM,02/20/2026 1:43 PM,$289.00 ,$0.00 ,$35.00 ,($48.60),$29.16 ,($22.68),$43.35 ,($10.56),$0.00 ,$0.00 ,0,0,-14.45,300.22,Completed,ach,Marketplace Delivery,,Skylar Greene,,,
2G7-681,Christ Dr. Perrino Dr Office,4803 Montgomery Rd 114,Norwood,OH,45212,8,Oakley,Wild Eggs #8 (Oakley),03/03/2026 7:45 AM,02/25/2026 7:25 PM,$357.00 ,$0.00 ,$35.00 ,($58.80),$0.00 ,$0.00 ,$20.00 ,($11.72),$0.00 ,$0.00 ,0,0,0,341.48,Completed,ach,Marketplace Delivery,,Monica Craig,,,
EKX-VU4,[REMOVED],1698458 Ezcater St,Ezcater,MA,47630,17,Evansville,Wild Eggs #17 (Evansville),03/03/2026 8:15 AM,03/02/2026 10:09 AM,$315.00 ,$0.00 ,$35.00 ,($52.50),$28.00 ,($24.50),$31.50 ,($11.30),$0.00 ,$0.00 ,0,0,0,321.2,Completed,ach,Marketplace Delivery,,amanda vaughan,,,
H4P-RVT,Deaconess Allergy Clinic,6221 Physicians Ct #1,Evansville,IN,47715,17,Evansville,Wild Eggs #17 (Evansville),03/03/2026 10:45 AM,03/02/2026 12:02 PM,$501.00 ,$0.00 ,$35.00 ,($80.40),$42.88 ,($37.52),$15.00 ,($17.31),$0.00 ,$0.00 ,0,0,0,458.65,Completed,ach,Marketplace Delivery,,amanda vaughan,,,
U7G-AFZ,SLUCare Surgery - Hannah,1008 S Spring Ave Suite 1501,St. Louis,MO,63110,,Lindell/SLU,CBW- Crazy Bowls and Wraps (Lindell/SLU),03/03/2026 11:04 AM,02/24/2026 2:16 PM,$741.00 ,$0.00 ,$20.00 ,($114.15),$0.00 ,$0.00 ,$0.00 ,($22.75),$0.00 ,$0.00 ,-74.1,0,-37.05,512.95,Completed,ach,Marketplace Takeout,,Dispatch,,,
T77-JJ6,WashU OVCSA,6475 Forsyth Blvd DUC 200,St. Louis,MO,63105,,Forsyth/Clayton,CBW- Crazy Bowls and Wraps (Forsyth/Clayton),03/03/2026 11:11 AM,03/02/2026 11:00 AM,$202.00 ,$0.00 ,$20.00 ,($33.30),$0.00 ,$0.00 ,$0.00 ,($6.64),$0.00 ,$0.00 ,-30,0,0,152.06,Completed,ach,Marketplace Takeout,eaw26,Dispatch,,,
GYQ-JV9,St Louis Skin Solutions,13100 Manchester Rd 250,St. Louis,MO,63131,,Manchester,CBW- Crazy Bowls and Wraps (Manchester),03/03/2026 11:25 AM,03/02/2026 10:43 AM,$274.58 ,$0.00 ,$20.00 ,($44.19),$23.99 ,$0.00 ,$0.00 ,($9.53),$0.00 ,$0.00 ,-30,0,0,234.85,Completed,ach,Marketplace Takeout,nccv3ezr3,Dispatch,,,
W3W-R58,DMG,"50 West 5th St Lobby ""Foundry Lobby""",Cincinnati,OH,45202,9,Queen City Wild Eggs,Wild Eggs #9 (Queen City Wild Eggs),03/04/2026 7:30 AM,03/02/2026 8:53 AM,$145.00 ,$0.00 ,$35.00 ,($27.00),$0.00 ,$0.00 ,$14.50 ,($5.38),$0.00 ,$0.00 ,0,0,0,162.12,Completed,ach,Marketplace Delivery,,Shirelle Bloom,,,
8X3-R4W,Norton Healthcare Sleep Center,4950 Norton Healthcare Blvd 210,Louisville,KY,40241,2,Westport,Wild Eggs #2 (Westport),03/04/2026 7:45 AM,03/02/2026 9:04 AM,$150.00 ,$0.00 ,$35.00 ,($27.75),$11.10 ,($11.10),$15.00 ,($5.86),$0.00 ,$0.00 ,0,0,-7.5,158.89,Completed,ach,Marketplace Delivery,,Taylor Kaman,,,
MZ9-J17,Salesforce,1 East Ohio St,Indianapolis,IN,46204,6,Pulliam,Wild Eggs #6 (Pulliam),03/04/2026 8:00 AM,02/23/2026 4:55 PM,$403.00 ,$0.00 ,$35.00 ,($65.70),$39.42 ,($30.66),$60.45 ,($14.27),$0.00 ,$0.00 ,0,0,-20.15,407.09,Completed,ach,Marketplace Delivery,,Skylar Greene,,,
MU6-273,Twain Financial Partners,2200 Washington Ave,St. Louis,MO,63103,,Lindell/SLU,CBW- Crazy Bowls and Wraps (Lindell/SLU),03/04/2026 8:09 AM,02/25/2026 8:10 AM,$180.70 ,$0.00 ,$20.00 ,($30.11),$23.81 ,$0.00 ,$0.00 ,($6.71),$0.00 ,$0.00 ,-30,0,-9.04,148.65,Completed,ach,Marketplace Takeout,,Dispatch,,,
JWP-HGY,Kindbody St. Louis,347 N Lindbergh Blvd,Creve Coeur,MO,63141,,West Oak,CBW- Crazy Bowls and Wraps (West Oak),03/04/2026 10:46 AM,03/03/2026 4:31 PM,"$1,095.30 ",$0.00 ,$20.00 ,($167.30),$98.45 ,$0.00 ,$0.00 ,($36.29),$0.00 ,$0.00 ,-109.53,0,-54.77,845.86,Completed,ach,Marketplace Takeout,,Dispatch,,,
HHK-M39,Urology of St. Louis,112 Piper Hill Dr Suite 12,St. Peters,MO,63376,,Lindenwood,CBW- Crazy Bowls and Wraps (Lindenwood),03/04/2026 10:50 AM,03/03/2026 6:02 PM,$199.12 ,$0.00 ,$20.00 ,($32.87),$19.81 ,$0.00 ,$0.00 ,($7.14),$0.00 ,$0.00 ,-30,0,-9.96,158.96,Completed,ach,Marketplace Takeout,,Dispatch,,,
TYJ-CGE,O'Fallon Dermatology Specialists,7136 S Outer Rd 364,O'Fallon,MO,63368,,O'Fallon,CBW- Crazy Bowls and Wraps (O'Fallon),03/04/2026 11:05 AM,03/03/2026 1:33 PM,$243.25 ,$0.00 ,$20.00 ,($39.49),$21.77 ,$0.00 ,$0.00 ,($8.52),$0.00 ,$0.00 ,-30,0,0,207.01,Completed,ach,Marketplace Takeout,,Dispatch,,,
2QQ-607,Behavioral Health Urgent Care,3635 Vista Ave,St. Louis,MO,63110,,Lindell/SLU,CBW- Crazy Bowls and Wraps (Lindell/SLU),03/04/2026 11:24 AM,03/03/2026 1:56 PM,$277.50 ,$0.00 ,$20.00 ,($20.83),$0.00 ,$0.00 ,$0.00 ,($8.90),$0.00 ,$0.00 ,-30,0,-13.88,223.89,Completed,ach,Marketplace Takeout,,Dispatch,,,
VY5-3AK,Apg,916 Talon Dr,O'Fallon,IL,62269,,Shiloh,CBW- Crazy Bowls and Wraps (Shiloh),03/04/2026 11:25 AM,03/03/2026 10:48 AM,$416.10 ,$0.00 ,$20.00 ,($65.42),$34.74 ,($34.74),$0.00 ,($14.08),$0.00 ,$0.00 ,-41.61,0,-20.81,294.18,Completed,ach,Marketplace Takeout,,Dispatch,,,
H35-P1J,Hunter Engineering,11250 Hunter Dr Building A,Bridgeton,MO,63044,,West Oak,CBW- Crazy Bowls and Wraps (West Oak),03/04/2026 11:46 AM,03/02/2026 8:56 AM,$260.10 ,$0.00 ,$20.00 ,($42.02),$23.38 ,$0.00 ,$0.00 ,($9.07),$0.00 ,$0.00 ,-30,0,-13.01,209.38,Completed,ach,Marketplace Takeout,,Dispatch,,,
AZG-CTG,DMG,"50 West 5th St Lobby ""Foundry Lobby""",Cincinnati,OH,45202,9,Queen City Wild Eggs,Wild Eggs #9 (Queen City Wild Eggs),03/05/2026 7:30 AM,03/02/2026 8:56 AM,$171.00 ,$0.00 ,$35.00 ,($30.90),$0.00 ,$0.00 ,$17.10 ,($6.16),$0.00 ,$0.00 ,0,0,0,186.04,Completed,ach,Marketplace Delivery,,Shirelle Bloom,,,
60R-RM4,Deaconess,4233 Gateway Blvd First floor - office on the right,Newburgh,IN,47630,17,Evansville,Wild Eggs #17 (Evansville),03/05/2026 7:30 AM,03/03/2026 8:22 AM,$221.00 ,$0.00 ,$35.00 ,($38.40),$20.48 ,($17.92),$0.00 ,($8.27),$0.00 ,$0.00 ,0,0,0,211.89,Completed,ach,Marketplace Delivery,,amanda vaughan,,,
WPU-FXW,Newburgh Dermatology,10788 Stahl Rd.,Newburgh,IN,47630,17,Evansville,Wild Eggs #17 (Evansville),03/05/2026 8:15 AM,03/04/2026 11:37 AM,$244.00 ,$0.00 ,$35.00 ,($41.85),$22.32 ,($19.53),$10.00 ,($9.01),$0.00 ,$0.00 ,0,0,0,240.93,Completed,ach,Marketplace Delivery,,Brittany 01291985,,,
7HH-83H,,,Louisville,KY,,3,Landis,Wild Eggs #3 (Landis),03/05/2026 11:30 AM,03/04/2026 10:52 AM,$150.00 ,$0.00 ,$0.00 ,($10.50),$9.00 ,($9.00),$15.00 ,($4.75),$0.00 ,$0.00 ,0,0,0,149.75,Completed,ach,ezOrdering Takeout,,N/A,,,
HP0-0MG,Distinctive Dermatology,390 Office Ct,Fairview Heights,IL,62208,,Shiloh,CBW- Crazy Bowls and Wraps (Shiloh),03/05/2026 10:32 AM,03/03/2026 11:27 AM,$420.00 ,$0.00 ,$20.00 ,($66.00),$35.07 ,($35.07),$0.00 ,($14.20),$0.00 ,$0.00 ,-42,0,-21,296.8,Completed,ach,Marketplace Takeout,,Dispatch,,,
7MR-C0H,Cardinal Glennon Children's Hospital,1465 S Grand Blvd main entrance,St. Louis,MO,63104,,Lindell/SLU,CBW- Crazy Bowls and Wraps (Lindell/SLU),03/05/2026 11:20 AM,03/02/2026 9:15 AM,$376.20 ,$0.00 ,$20.00 ,($59.43),$0.00 ,$0.00 ,$0.00 ,($11.85),$0.00 ,$0.00 ,-37.62,0,-18.81,268.49,Completed,ach,Marketplace Takeout,,Dispatch,,,
97U-MQV,Behavioral Health Urgent Care,3635 Vista Ave,St. Louis,MO,63110,,Lindell/SLU,CBW- Crazy Bowls and Wraps (Lindell/SLU),03/05/2026 11:21 AM,03/03/2026 2:01 PM,$232.50 ,$0.00 ,$20.00 ,($17.68),$0.00 ,$0.00 ,$0.00 ,($7.55),$0.00 ,$0.00 ,-30,0,-11.63,185.64,Completed,ach,Marketplace Takeout,,Dispatch,,,
RA5-JKU,Vivo Dermatology Suite 597A,621 S N New Ballas Rd 597A,St. Louis,MO,63141,,West Oak,CBW- Crazy Bowls and Wraps (West Oak),03/05/2026 11:24 AM,03/04/2026 1:06 PM,$153.45 ,$0.00 ,$20.00 ,($26.02),$13.79 ,$0.00 ,$0.00 ,($5.60),$0.00 ,$0.00 ,-30,0,-7.67,117.95,Completed,ach,Marketplace Takeout,,Dispatch,,,
E8F-2GP,EGC Construction,30 W 4th St 30 W 4th St,Newport,KY,41071,8,Oakley,Wild Eggs #8 (Oakley),03/06/2026 6:30 AM,03/02/2026 2:12 PM,$412.00 ,$0.00 ,$35.00 ,($67.05),$0.00 ,$0.00 ,$30.00 ,($13.37),$0.00 ,$0.00 ,0,0,0,396.58,Completed,ach,Marketplace Delivery,,Monica Craig,,,
E9P-2WR,DaVita,3834 S Emerson Ave,Indianapolis,IN,46203,16,Greenwood,Wild Eggs #16 (Greenwood),03/06/2026 8:30 AM,03/04/2026 11:52 AM,$260.00 ,$0.00 ,$35.00 ,($44.25),$26.55 ,($20.65),$52.00 ,($9.61),$0.00 ,$0.00 ,0,0,0,299.04,Completed,ach,Marketplace Delivery,,Yazmin Lopez,,,
VZM-Q9J,Saint Louis Chess Club,4663 Maryland Ave,St. Louis,MO,63108,,Lindell/SLU,CBW- Crazy Bowls and Wraps (Lindell/SLU),03/06/2026 10:22 AM,03/01/2026 2:07 PM,$389.75 ,$0.00 ,$20.00 ,($61.46),$0.00 ,$0.00 ,$0.00 ,($12.25),$0.00 ,$0.00 ,-38.98,0,-19.49,277.57,Completed,ach,Marketplace Takeout,,Dispatch,,,
CRV-Q60,St Louis urology - St Peters,112 Piper Hill Dr,St. Peters,MO,63376,,Lindenwood,CBW- Crazy Bowls and Wraps (Lindenwood),03/06/2026 10:49 AM,03/04/2026 9:35 PM,$184.50 ,$0.00 ,$20.00 ,($30.68),$18.36 ,$0.00 ,$0.00 ,($6.66),$0.00 ,$0.00 ,-30,0,-9.23,146.29,Completed,ach,Marketplace Takeout,,Dispatch,,,
6PX-YV1,Traders Point Christian Church - Carmel,1242 W 136th St,Carmel,IN,46032,5,Carmel,Wild Eggs #5 (Carmel),03/08/2026 7:30 AM,03/05/2026 11:52 AM,$302.00 ,$0.00 ,$35.00 ,($50.55),$0.00 ,$0.00 ,$30.20 ,($10.08),$0.00 ,$0.00 ,0,0,-15.1,291.47,Completed,ach,Marketplace Delivery,,Ambria Buce,,,
2T1-KPC,University of Evansville - Carson Center,1800 E Walnut St,Evansville,IN,47714,17,Evansville,Wild Eggs #17 (Evansville),03/08/2026 10:15 AM,03/02/2026 3:48 PM,$358.00 ,$0.00 ,$35.00 ,($58.95),$0.00 ,$0.00 ,$0.00 ,($11.75),$0.00 ,$0.00 ,0,0,0,322.3,Completed,ach,Marketplace Delivery,,amanda vaughan,,,
19C-MYC,The Purser Center @ Logan University,1851 Schoettler Rd,Chesterfield,MO,63017,,Chesterfield Valley,CBW- Crazy Bowls and Wraps (Chesterfield Valley),03/08/2026 10:50 AM,03/04/2026 1:19 PM,$220.50 ,$0.00 ,$20.00 ,($36.08),$22.30 ,$0.00 ,$0.00 ,($7.86),$0.00 ,$0.00 ,-30,0,0,188.86,Completed,ach,Marketplace Takeout,,Dispatch,,,
QHQ-YV8,Redeemer Presbyterian Church Indianapolis,1505 N Delaware St,Indianapolis,IN,46202,6,Pulliam,Wild Eggs #6 (Pulliam),03/08/2026 12:15 PM,03/05/2026 12:59 PM,$204.00 ,$0.00 ,$35.00 ,($35.85),$21.51 ,($16.73),$30.60 ,($7.79),$0.00 ,$0.00 ,0,0,-10.2,220.54,Completed,ach,Marketplace Delivery,,Skylar Greene,,,
QZZ-51E,Steffenauer Home,511 Corley Dr,Chesterfield,MO,63017,,Manchester,CBW- Crazy Bowls and Wraps (Manchester),03/08/2026 12:57 PM,02/23/2026 9:48 PM,$564.25 ,$0.00 ,$20.00 ,($87.64),$49.30 ,$0.00 ,$0.00 ,($18.94),$0.00 ,$0.00 ,-56.42,0,0,470.55,Completed,ach,Marketplace Takeout,2500comeback,Dispatch,,,
456-52V,Oncology Hematology Care,4350 Malsbary Rd,Cincinnati,OH,45242,8,Oakley,Wild Eggs #8 (Oakley),03/09/2026 7:30 AM,03/07/2026 8:57 PM,$834.00 ,$0.00 ,$35.00 ,($130.35),$0.00 ,$0.00 ,$83.40 ,($25.98),$0.00 ,$0.00 ,0,0,0,796.07,Completed,ach,Marketplace Delivery,,Maddie Maynard,,,
75V-Y33,"Takeout from St. Louis, MO",,St. Louis,MO,62401,,Lindell/SLU,CBW- Crazy Bowls and Wraps (Lindell/SLU),03/09/2026 9:00 AM,03/02/2026 5:04 PM,$441.15 ,$0.00 ,$0.00 ,($66.17),$58.14 ,$0.00 ,$88.23 ,($14.93),$0.00 ,$0.00 ,0,0,-22.06,484.36,Completed,ach,Marketplace Takeout,,N/A,,,
TRG-1RR,Saint Louis Chess Club,4663 Maryland Ave,St. Louis,MO,63108,,Lindell/SLU,CBW- Crazy Bowls and Wraps (Lindell/SLU),03/09/2026 10:22 AM,03/06/2026 12:35 PM,$461.75 ,$0.00 ,$20.00 ,($72.26),$0.00 ,$0.00 ,$0.00 ,($14.40),$0.00 ,$0.00 ,-46.18,0,-23.09,325.82,Completed,ach,Marketplace Takeout,,Dispatch,,,
C53-Q86,St. Louis Children's Hospital,1 Children's Pl,St. Louis,MO,63110,,Lindell/SLU,CBW- Crazy Bowls and Wraps (Lindell/SLU),03/09/2026 10:33 AM,03/03/2026 11:14 AM,$499.50 ,$0.00 ,$20.00 ,($36.37),$0.00 ,$0.00 ,$0.00 ,($15.53),$0.00 ,$0.00 ,-49.95,0,-24.98,392.67,Completed,ach,Marketplace Takeout,,Dispatch,,,
31X-TT7,The Dermatology Center,2857 Charlestown Rd 100,New Albany,IN,47150,13,New Albany,Wild Eggs #13 (New Albany),03/10/2026 7:45 AM,03/06/2026 3:12 PM,$239.00 ,$0.00 ,$35.00 ,($41.10),$19.18 ,($19.18),$47.80 ,($8.77),$0.00 ,$0.00 ,0,0,0,271.93,Completed,ach,Marketplace Delivery,,Savannah Gilbert,,,
3VT-T6Q,OMS Photo,1636 Chase Ave,Cincinnati,OH,45223,9,Queen City Wild Eggs,Wild Eggs #9 (Queen City Wild Eggs),03/10/2026 8:15 AM,03/04/2026 11:27 AM,$208.00 ,$0.00 ,$35.00 ,($36.45),$0.00 ,$0.00 ,$20.80 ,($7.27),$0.00 ,$0.00 ,0,0,0,220.08,Completed,ach,Marketplace Delivery,,Carolyn Holder,,,
6R0-G42,CCA Global,4301 Earth City Expy for Katie Bromley,Earth City,MO,63045,,Lindenwood,CBW- Crazy Bowls and Wraps (Lindenwood),03/10/2026 11:05 AM,03/03/2026 4:10 PM,$167.25 ,$0.00 ,$20.00 ,($28.09),$16.64 ,$0.00 ,$0.00 ,($6.10),($12.00),$0.00 ,-30,0,-8.36,119.34,Completed,ach,Marketplace Takeout,,Dispatch,,,
RAZ-H6E,Esse South,3555 Sunset Office Dr 107,St. Louis,MO,63127,,Sunset Hills,CBW- Crazy Bowls and Wraps (Sunset Hills),03/10/2026 11:08 AM,03/09/2026 2:56 PM,$502.66 ,$0.00 ,$20.00 ,($78.40),$38.90 ,$0.00 ,$0.00 ,($16.79),$0.00 ,$0.00 ,-50.27,0,0,416.1,Completed,ach,Marketplace Takeout,,Dispatch,,,
6Z6-TUQ,Washington University North Campus,700 Rosedale Ave,St. Louis,MO,63112,,Forsyth/Clayton,CBW- Crazy Bowls and Wraps (Forsyth/Clayton),03/10/2026 11:22 AM,03/09/2026 1:38 PM,$101.35 ,$0.00 ,$20.00 ,($18.20),$10.63 ,$0.00 ,$0.00 ,($3.95),$0.00 ,$0.00 ,-30,0,0,79.83,Completed,ach,Marketplace Takeout,,Dispatch,,,
Q46-2P0,"Takeout from Creve Coeur, MO",,Creve Coeur,MO,,,West Oak,CBW- Crazy Bowls and Wraps (West Oak),03/10/2026 11:30 AM,03/09/2026 2:46 PM,$253.50 ,$0.00 ,$0.00 ,($38.03),$22.78 ,$0.00 ,$30.00 ,($8.26),$0.00 ,$0.00 ,0,0,-12.68,247.31,Completed,ach,Marketplace Takeout,,N/A,,,
T18-T0Y,FORVIS MAZARS,211 N Broadway Suite 600,St. Louis,MO,63102,,Lindell/SLU,CBW- Crazy Bowls and Wraps (Lindell/SLU),03/10/2026 4:42 PM,03/06/2026 12:45 PM,$485.50 ,$0.00 ,$20.00 ,($75.83),$63.98 ,$0.00 ,$0.00 ,($17.03),($61.50),$0.00 ,-48.55,0,-24.28,342.29,Completed,ach,Marketplace Takeout,,Dispatch,,,
EU4-FCR,Microsoft,2900 Reading Rd 460,Cincinnati,OH,45206,9,Queen City Wild Eggs,Wild Eggs #9 (Queen City Wild Eggs),03/11/2026 7:30 AM,03/10/2026 7:40 AM,$228.00 ,$0.00 ,$35.00 ,($39.45),$0.00 ,$0.00 ,$34.20 ,($7.86),$0.00 ,$0.00 ,0,0,0,249.89,Completed,ach,Marketplace Delivery,,Shirelle Bloom,,,
HUJ-J44,FPN Oncology and Hematology,8111 S Emerson Ave 101,Indianapolis,IN,46237,16,Greenwood,Wild Eggs #16 (Greenwood),03/11/2026 7:45 AM,03/09/2026 11:26 AM,$977.00 ,$0.00 ,$35.00 ,($151.80),$91.08 ,($70.84),$97.70 ,($32.98),$0.00 ,$0.00 ,0,0,0,945.16,Completed,ach,Marketplace Delivery,,Theo Shaw,,,
CTE-U8Y,"Takeout from Newburgh, IN",,Newburgh,IN,47630,17,Evansville,Wild Eggs #17 (Evansville),03/11/2026 10:45 AM,03/10/2026 3:20 PM,$501.00 ,$0.00 ,$0.00 ,($75.15),$40.08 ,($35.07),$10.00 ,($16.18),$0.00 ,$0.00 ,0,0,0,424.68,Completed,ach,Marketplace Takeout,,N/A,,,
210-40J,Saint Louis Rheumatology,520 S Elm Ave,Webster Groves,MO,63119,,Rock Hill/Glendale,CBW- Crazy Bowls and Wraps (Rock Hill/Glendale),03/11/2026 11:04 AM,03/09/2026 2:29 PM,$443.94 ,$0.00 ,$20.00 ,($69.59),$41.01 ,$0.00 ,$0.00 ,($15.10),$0.00 ,$0.00 ,-44.39,0,0,375.87,Completed,ach,Marketplace Takeout,,Dispatch,,,
VT2-VQ9,"Takeout from Creve Coeur, MO",,Creve Coeur,MO,63141,,West Oak,CBW- Crazy Bowls and Wraps (West Oak),03/11/2026 12:30 PM,03/10/2026 7:50 PM,$256.45 ,$0.00 ,$0.00 ,($38.47),$0.00 ,$0.00 ,$0.00 ,($7.67),$0.00 ,$0.00 ,0,0,-12.82,197.49,Completed,ach,Marketplace Takeout,,N/A,,,
ZRE-EMU,JWM Neurology,8402 Harcourt Rd #615 (St. Vincent Professional Building),Indianapolis,IN,46260,5,Carmel,Wild Eggs #5 (Carmel),03/12/2026 7:30 AM,03/05/2026 6:02 PM,$243.00 ,$0.00 ,$35.00 ,($41.70),$25.02 ,($19.46),$20.00 ,($9.06),$0.00 ,$0.00 ,0,0,-12.15,240.65,Completed,ach,Marketplace Delivery,eaw26,Lesley Rodela,,,
0T4-J5Q,Univ of Louisville Cancer Center,2401 Terra Crossing Blvd Suite 206,Louisville,KY,40245,3,Landis,Wild Eggs #3 (Landis),03/12/2026 7:30 AM,03/11/2026 10:36 AM,$719.00 ,$0.00 ,$35.00 ,($113.10),$45.24 ,($45.24),$0.00 ,($23.90),$0.00 ,$0.00 ,0,0,0,617,Completed,ach,Marketplace Delivery,,Kimberly Zapeta,,,
2VR-Z6G,Hirons,422 E New York St,Indianapolis,IN,46202,6,Pulliam,Wild Eggs #6 (Pulliam),03/12/2026 9:00 AM,03/09/2026 10:50 AM,$459.00 ,$0.00 ,$35.00 ,($74.10),$44.46 ,($34.58),$45.90 ,($16.10),$0.00 ,$0.00 ,0,0,-22.95,436.63,Completed,ach,Marketplace Delivery,,Lexi King,,,
HKM-M14,"Portland Family Health Center-Dr Fineman, et al",2215 Portland Ave Basement-Pharmacy,Louisville,KY,40212,13,New Albany,Wild Eggs #13 (New Albany),03/12/2026 9:00 AM,03/10/2026 2:15 PM,$255.00 ,$0.00 ,$35.00 ,($43.50),$20.30 ,($20.30),$10.00 ,($9.28),$0.00 ,$0.00 ,0,0,0,247.22,Completed,ach,Marketplace Delivery,,Kayla Elifrits,,,
JCQ-ARV,Dr. Fraser Graves Gilbert Clinic Rheumatology,2724 Nashville Rd,Bowling Green,KY,42101,14,Bowling Green,Wild Eggs #14 (Bowling Green),03/12/2026 8:00 AM,03/10/2026 5:40 PM,$206.00 ,$0.00 ,$35.00 ,($36.15),$14.46 ,($14.46),$30.90 ,($7.64),$0.00 ,$0.00 ,0,0,0,228.11,Completed,ach,Marketplace Delivery,,Jamie Thomas,,,
5YC-MCE,Dr. Allred EQUITY DERMATOLOGY,610 Cavemill Rd,Bowling Green,KY,42101,14,Bowling Green,Wild Eggs #14 (Bowling Green),03/12/2026 8:00 AM,03/11/2026 9:39 AM,$171.00 ,$0.00 ,$35.00 ,($30.90),$12.36 ,($12.36),$15.00 ,($6.53),$0.00 ,$0.00 ,0,0,0,183.57,Completed,ach,Marketplace Delivery,,Jamie Thomas,,,
4MV-Z71,Newburgh Dermatology & Skin Cancer and Laser Surgery Center,10788 Stahl Rd,Newburgh,IN,47630,17,Evansville,Wild Eggs #17 (Evansville),03/12/2026 8:15 AM,03/10/2026 10:36 AM,$239.00 ,$0.00 ,$35.00 ,($41.10),$21.92 ,($19.18),$23.90 ,($8.85),$0.00 ,$0.00 ,0,0,0,250.69,Completed,ach,Marketplace Delivery,,amanda vaughan,,,
1A7-GPC,Med Center Health Neurology,350 Park St Suite 206-A Suite 206-A,Bowling Green,KY,42101,14,Bowling Green,Wild Eggs #14 (Bowling Green),03/12/2026 8:15 AM,03/11/2026 11:38 AM,$469.00 ,$0.00 ,$35.00 ,($75.60),$30.24 ,($30.24),$70.35 ,($15.97),$0.00 ,$0.00 ,0,0,0,482.78,Completed,ach,Marketplace Delivery,,Jamie Thomas,,,
2V1-629,Kirkwood Children's House,315 Sugar Creek Rd,St. Louis,MO,63122,,Sunset Hills,CBW- Crazy Bowls and Wraps (Sunset Hills),03/12/2026 10:17 AM,03/06/2026 10:51 AM,$354.48 ,$0.00 ,$20.00 ,($56.17),$27.43 ,$0.00 ,$0.00 ,($12.02),$0.00 ,$0.00 ,-35.45,0,0,298.27,Completed,ach,Marketplace Takeout,delivery26,Dispatch,,,
8TG-8W2,BJC Medical Group,660 Mason Ridge Center Dr Ste 310,St. Louis,MO,63141,,Manchester,CBW- Crazy Bowls and Wraps (Manchester),03/12/2026 11:05 AM,03/10/2026 10:14 AM,$215.25 ,$0.00 ,$20.00 ,($35.29),$0.00 ,$0.00 ,$0.00 ,($7.03),$0.00 ,$0.00 ,-30,0,0,162.93,Completed,ach,Marketplace Takeout,,Dispatch,,,
7F5-87V,St. Luke’s Endocrinology Ste109b,2315 Dougherty Ferry Rd,St. Louis,MO,63122,,Manchester,CBW- Crazy Bowls and Wraps (Manchester),03/12/2026 11:23 AM,03/09/2026 8:06 PM,$141.79 ,$0.00 ,$20.00 ,($24.27),$12.39 ,$0.00 ,$0.00 ,($5.21),$0.00 ,$0.00 ,-30,0,0,114.7,Completed,ach,Marketplace Takeout,,Dispatch,,,
Q5G-F20,Chestnut Health,2148 Vadalabene Dr,Maryville,IL,62062,,Edwardsville,CBW- Crazy Bowls and Wraps (Edwardsville),03/12/2026 11:34 AM,03/11/2026 6:20 PM,$439.20 ,$0.00 ,$20.00 ,($68.88),$33.38 ,($33.38),$0.00 ,($14.73),$0.00 ,$0.00 ,-43.92,0,-21.96,309.71,Completed,ach,Marketplace Takeout,,Dispatch,,,
9ZT-66J,powers group inc,6825 Clayton Ave suite #200,St. Louis,MO,63139,18,South City,CBW- Crazy Bowls and Wraps #18 (South City),03/12/2026 11:52 AM,03/09/2026 3:00 PM,$76.50 ,$0.00 ,$20.00 ,($14.48),$10.08 ,$0.00 ,$0.00 ,($3.19),$0.00 ,$0.00 ,-30,0,0,58.91,Completed,ach,Marketplace Takeout,,Dispatch,,,
6R6-JAA,Christina White Salon,1238 Strassner Dr,Brentwood,MO,63144,,Rock Hill/Glendale,CBW- Crazy Bowls and Wraps (Rock Hill/Glendale),03/13/2026 7:35 AM,03/11/2026 5:38 PM,$200.00 ,$0.00 ,$20.00 ,($33.00),$18.48 ,$0.00 ,$0.00 ,($7.13),$0.00 ,$0.00 ,-30,0,0,168.35,Completed,ach,Marketplace Takeout,,Dispatch,,,
CGH-PV3,Loading dock of enterprise center,1401 Clark Ave Espn truck in loading dock,St. Louis,MO,63103,,Lindell/SLU,CBW- Crazy Bowls and Wraps (Lindell/SLU),03/13/2026 10:49 AM,03/10/2026 11:51 AM,$428.40 ,$0.00 ,$20.00 ,($67.26),$56.46 ,$0.00 ,$0.00 ,($15.10),$0.00 ,$0.00 ,-42.84,0,-21.42,358.24,Completed,ach,Marketplace Takeout,,Dispatch,,,
A2V-RUC,Gephardt Institute,6470 Forsyth Blvd Stix House,Clayton,MO,63105,,Forsyth/Clayton,CBW- Crazy Bowls and Wraps (Forsyth/Clayton),03/13/2026 12:12 PM,03/10/2026 8:51 AM,$112.67 ,$0.00 ,$20.00 ,($19.90),$0.00 ,$0.00 ,$0.00 ,($3.97),$0.00 ,$0.00 ,-30,0,0,78.8,Completed,ach,Marketplace Takeout,,Dispatch,,,
0A7-4YJ,Traders Point Christian Church - Carmel,1242 W 136th St,Carmel,IN,46032,5,Carmel,Wild Eggs #5 (Carmel),03/15/2026 7:30 AM,03/09/2026 3:26 PM,$307.00 ,$0.00 ,$35.00 ,($51.30),$0.00 ,$0.00 ,$30.70 ,($10.23),$0.00 ,$0.00 ,0,0,-15.35,295.82,Completed,ach,Marketplace Delivery,,Ambria Buce,,,
V26-ZMZ,Traders Point Christian Church,2350 E 62nd St,Indianapolis,IN,46220,6,Pulliam,Wild Eggs #6 (Pulliam),03/15/2026 8:30 AM,03/09/2026 1:15 PM,$251.00 ,$0.00 ,$35.00 ,($42.90),$0.00 ,$0.00 ,$0.00 ,($8.55),$0.00 ,$0.00 ,0,0,-12.55,222,Completed,ach,Marketplace Delivery,,Skylar Greene,,,
GKV-8JM,Steffenauer Home,511 Corley Dr,Chesterfield,MO,63017,,Manchester,CBW- Crazy Bowls and Wraps (Manchester),03/15/2026 12:42 PM,03/09/2026 8:20 PM,$593.20 ,$0.00 ,$20.00 ,($91.98),$51.83 ,$0.00 ,$0.00 ,($19.88),$0.00 ,$0.00 ,-59.32,0,0,493.85,Completed,ach,Marketplace Takeout,,Dispatch,,,
Y09-E6A,Veterinary Emergency Group,1480 E 86th St,Indianapolis,IN,46240,5,Carmel,Wild Eggs #5 (Carmel),03/16/2026 9:00 AM,03/15/2026 7:13 PM,$338.00 ,$0.00 ,$35.00 ,($55.95),$33.57 ,($26.11),$50.70 ,($12.16),$0.00 ,$0.00 ,0,0,-16.9,346.15,Completed,ach,Marketplace Delivery,,Lesley Rodela,,,
596-8R8,Amdocs,625 Maryville Centre Dr Suite 200 Suite 200 Suite 200 Suite 200 Suite 200,St. Louis,MO,63141,,Creve Coeur,CBW- Crazy Bowls and Wraps (Creve Coeur),03/16/2026 8:34 AM,02/23/2026 12:42 PM,$180.00 ,$0.00 ,$20.00 ,($30.00),$15.73 ,$0.00 ,$0.00 ,($6.45),$0.00 ,$0.00 ,-30,0,-9,140.28,Completed,ach,Marketplace Takeout,,Dispatch,,,
JA9-21H,Mercy Clinic Oncology & Hematology – Pratt,607 S New Ballas Rd 3300,Creve Coeur,MO,63141,,West Oak,CBW- Crazy Bowls and Wraps (West Oak),03/16/2026 10:30 AM,03/13/2026 11:48 AM,$886.85 ,$0.00 ,$20.00 ,($136.03),$79.71 ,$0.00 ,$0.00 ,($29.50),$0.00 ,$0.00 ,-88.68,0,-44.34,688.01,Completed,ach,Marketplace Takeout,,Dispatch,,,
KFY-7A9,DR. PANJETON - PAIN MANAGEMENT OFFICE,Barnes-Jewish West County Hospital Medical Office Building 4 1044 North Mason Rd Suite: L30,Creve Coeur,MO,63141,,Creve Coeur,CBW- Crazy Bowls and Wraps (Creve Coeur),03/16/2026 10:51 AM,03/12/2026 6:32 PM,$387.30 ,$0.00 ,$20.00 ,($61.10),$33.84 ,$0.00 ,$0.00 ,($13.19),$0.00 ,$0.00 ,-38.73,0,0,328.12,Completed,ach,Marketplace Takeout,,Dispatch,,,
KTX-EC6,Leonardo DRS,4201 Innovation Way,Bridgeton,MO,63044,,West Oak,CBW- Crazy Bowls and Wraps (West Oak),03/16/2026 11:00 AM,03/12/2026 2:22 PM,$119.60 ,$0.00 ,$20.00 ,($20.94),$0.00 ,$0.00 ,$0.00 ,($4.17),$0.00 ,$0.00 ,-30,0,-5.98,78.51,Completed,ach,Marketplace Takeout,,Dispatch,,,
WE9-K3X,Special School District of St. Louis County,12110 Clayton Rd,St. Louis,MO,63131,,West Oak,CBW- Crazy Bowls and Wraps (West Oak),03/16/2026 4:16 PM,02/03/2026 11:59 AM,$237.75 ,$0.00 ,$20.00 ,($38.66),$0.00 ,$0.00 ,$0.00 ,($7.71),$0.00 ,$0.00 ,-30,0,-11.89,169.49,Completed,ach,Marketplace Takeout,,Dispatch,,,
A3U-F3T,Louisville Gas & Electric,4662 Jennings Ln Admin Building,Louisville,KY,40218,1,Dupont,Wild Eggs #1 (Dupont),03/17/2026 7:15 AM,03/11/2026 11:57 AM,"$1,458.00 ",$0.00 ,$35.00 ,($223.95),$89.58 ,($89.58),$218.70 ,($47.32),$0.00 ,$0.00 ,0,0,-72.9,1367.53,Completed,ach,Marketplace Delivery,,Carmen Esparza,,,
GHM-68G,Dr usry suite 142,5551 Winghaven Blvd Dr Knox suite 142,O'Fallon,MO,63368,,O'Fallon,CBW- Crazy Bowls and Wraps (O'Fallon),03/17/2026 11:17 AM,03/16/2026 4:29 PM,$243.03 ,$0.00 ,$20.00 ,($39.45),$21.75 ,$0.00 ,$0.00 ,($8.51),$0.00 ,$0.00 ,-30,0,-12.15,194.67,Completed,ach,Marketplace Takeout,,Dispatch,,,
JYZ-6C7,HARNESS DICKEY PIERCE,7700 Bonhomme Ave Suite 400,Clayton,MO,63105,,Forsyth/Clayton,CBW- Crazy Bowls and Wraps (Forsyth/Clayton),03/17/2026 11:25 AM,03/16/2026 9:20 AM,$401.00 ,$0.00 ,$20.00 ,($63.15),$42.06 ,$0.00 ,$0.00 ,($13.85),$0.00 ,$0.00 ,-40.1,0,0,345.96,Completed,ach,Marketplace Takeout,,Dispatch,,,
U62-1GQ,Chestnut health,12 N 64th St,Belleville,IL,62223,,Shiloh,CBW- Crazy Bowls and Wraps (Shiloh),03/17/2026 11:30 AM,03/11/2026 6:27 PM,$220.50 ,$0.00 ,$20.00 ,($36.08),$18.41 ,($18.41),$0.00 ,($7.74),$0.00 ,$0.00 ,-30,0,-11.03,155.65,Completed,ach,Marketplace Takeout,,Dispatch,,,
UT4-27T,Forefront dermatology,930 Talon Dr,O'Fallon,IL,62269,,Shiloh,CBW- Crazy Bowls and Wraps (Shiloh),03/17/2026 11:36 AM,03/15/2026 4:51 PM,$374.45 ,$0.00 ,$20.00 ,($59.17),$31.27 ,($31.27),$0.00 ,($12.73),$0.00 ,$0.00 ,-37.44,0,-18.72,266.39,Completed,ach,Marketplace Takeout,,Dispatch,,,
121-VY6,Matthew 25,101 NW 1st St 215,Evansville,IN,47708,17,Evansville,Wild Eggs #17 (Evansville),03/18/2026 8:45 AM,03/12/2026 6:34 PM,$209.00 ,$0.00 ,$35.00 ,($36.60),$19.52 ,($17.08),$20.90 ,($7.88),$0.00 ,$0.00 ,0,0,0,222.86,Completed,ach,Marketplace Delivery,,amanda vaughan,,,
8P5-4UQ,UOFL ENT,3920 Dutchmans Ln Suite 308 Floor 3,Louisville,KY,40207,1,Dupont,Wild Eggs #1 (Dupont),03/18/2026 11:15 AM,03/17/2026 2:51 PM,$388.00 ,$0.00 ,$35.00 ,($63.45),$25.38 ,($25.38),$38.80 ,($13.41),$0.00 ,$0.00 ,0,0,-19.4,365.54,Completed,ach,Marketplace Delivery,,Victoria Carbajal,,,
QQE-1PP,Priority Physicians,8333 Naab Rd Suite 360 Suite 360,Indianapolis,IN,46260,5,Carmel,Wild Eggs #5 (Carmel),03/18/2026 11:30 AM,03/17/2026 12:08 PM,$176.00 ,$0.00 ,$35.00 ,($31.65),$18.99 ,($14.77),$17.60 ,($6.88),$0.00 ,$0.00 ,0,0,-8.8,185.49,Completed,ach,Marketplace Delivery,,Lesley Rodela,,,
H6F-5QT,Mercy OB GYN,300 Winding Woods Dr Suite 100,O'Fallon,MO,63366,,O'Fallon,CBW- Crazy Bowls and Wraps (O'Fallon),03/18/2026 11:10 AM,03/16/2026 12:11 PM,$240.75 ,$0.00 ,$20.00 ,($39.11),$21.55 ,$0.00 ,$0.00 ,($8.44),$0.00 ,$0.00 ,-30,0,-12.04,192.71,Completed,ach,Marketplace Takeout,,Dispatch,,,
KTY-XQ0,Long term psych,777 Craig Rd 225,Creve Coeur,MO,63141,,West Oak,CBW- Crazy Bowls and Wraps (West Oak),03/18/2026 11:12 AM,03/17/2026 4:23 PM,$135.00 ,$0.00 ,$20.00 ,($23.25),$12.13 ,$0.00 ,$0.00 ,($5.00),($13.50),$0.00 ,-30,0,-6.75,88.63,Completed,ach,Marketplace Takeout,,Dispatch,,,
X5Y-JUQ,Tonya Bosaw’s Office,6812 IL-162,Maryville,IL,62062,,Edwardsville,CBW- Crazy Bowls and Wraps (Edwardsville),03/18/2026 11:20 AM,03/17/2026 1:57 PM,$245.24 ,$0.00 ,$20.00 ,($39.79),$18.64 ,($18.64),$0.00 ,($8.49),$0.00 ,$0.00 ,-30,0,-12.26,174.7,Completed,ach,Marketplace Takeout,,Dispatch,,,
7Q4-KFG,Ernst & Young,7676 Forsyth Blvd 2600,Clayton,MO,63105,,Forsyth/Clayton,CBW- Crazy Bowls and Wraps (Forsyth/Clayton),03/18/2026 11:28 AM,03/16/2026 12:54 PM,$225.08 ,$0.00 ,$20.00 ,($36.76),$23.61 ,$0.00 ,$0.00 ,($8.03),$0.00 ,$0.00 ,-30,0,0,193.9,Completed,ach,Marketplace Takeout,,Dispatch,,,
HQT-61E,Endocrinology,2800 Breckenridge Ln 320,Louisville,KY,40220,1,Dupont,Wild Eggs #1 (Dupont),03/19/2026 7:30 AM,03/18/2026 12:20 PM,$280.00 ,$0.00 ,$35.00 ,($47.25),$18.90 ,($18.90),$28.00 ,($9.98),$0.00 ,$0.00 ,0,0,-14,271.77,Completed,ach,Marketplace Delivery,,Carmen Esparza,,,
YMK-W4E,Benefits All In,8040 Hosbrook Rd STE 100,Cincinnati,OH,45236,8,Oakley,Wild Eggs #8 (Oakley),03/19/2026 7:45 AM,03/10/2026 1:58 PM,$332.00 ,$0.00 ,$35.00 ,($55.05),$0.00 ,$0.00 ,$33.20 ,($10.97),$0.00 ,$0.00 ,0,0,0,334.18,Completed,ach,Marketplace Delivery,,jane sillett,,,
5CM-GKE,Ball State University | CAP Indy,25 N Pine St,Indianapolis,IN,46202,6,Pulliam,Wild Eggs #6 (Pulliam),03/19/2026 8:00 AM,03/16/2026 10:16 AM,$448.00 ,$0.00 ,$35.00 ,($72.45),$0.00 ,$0.00 ,$67.20 ,($14.44),$0.00 ,$0.00 ,0,0,-22.4,440.91,Completed,ach,Marketplace Delivery,,Vanessa Ablanalp,,,
26E-XPF,Norton Healthcare Sleep Center,4950 Norton Healthcare Blvd 210,Louisville,KY,40241,2,Westport,Wild Eggs #2 (Westport),03/19/2026 8:00 AM,03/16/2026 2:06 PM,$150.00 ,$0.00 ,$35.00 ,($27.75),$11.10 ,($11.10),$15.00 ,($5.86),$0.00 ,$0.00 ,0,0,-7.5,158.89,Completed,ach,Marketplace Delivery,,Julian Soto,,,
WG5-XZ0,Amcor,6501 Berry Plastics Blvd,Evansville,IN,47725,17,Evansville,Wild Eggs #17 (Evansville),03/19/2026 7:45 AM,03/17/2026 9:55 AM,$255.00 ,$0.00 ,$35.00 ,($43.50),$23.20 ,($20.30),$25.50 ,($9.36),$0.00 ,$0.00 ,0,0,0,265.54,Completed,ach,Marketplace Delivery,,amanda vaughan,,,
9AK-KX9,Newburgh Dermatology,10788 Stahl Rd,Newburgh,IN,47630,17,Evansville,Wild Eggs #17 (Evansville),03/19/2026 8:15 AM,03/17/2026 5:06 AM,$302.00 ,$0.00 ,$35.00 ,($50.55),$26.96 ,($23.59),$20.00 ,($10.88),$0.00 ,$0.00 ,0,0,0,298.94,Completed,ach,Marketplace Delivery,,Brittany 01291985,,,
FM6-PAA,St Louis Medical Clinic,3009 N Ballas Rd 100b,St. Louis,MO,63131,,West Oak,CBW- Crazy Bowls and Wraps (West Oak),03/19/2026 10:15 AM,03/18/2026 9:27 AM,$853.70 ,$0.00 ,$20.00 ,($131.06),$76.73 ,$0.00 ,$0.00 ,($28.42),$0.00 ,$0.00 ,-85.37,0,-42.69,662.89,Completed,ach,Marketplace Takeout,,Dispatch,,,
C0P-V5Z,Mercy South Oncology & Hematology,10050 Kennerly Rd 2400,St. Louis,MO,63128,,Tesson,CBW- Crazy Bowls and Wraps (Tesson),03/19/2026 10:51 AM,03/18/2026 9:40 AM,$703.06 ,$0.00 ,$20.00 ,($108.46),$54.40 ,$0.00 ,$0.00 ,($23.25),$0.00 ,$0.00 ,-70.31,0,0,575.44,Completed,ach,Marketplace Takeout,,Dispatch,,,
F8M-KQV,Aspire Software,390 S Woods Mill Rd ste 300 - 3rd floor,Chesterfield,MO,63017,,West Oak,CBW- Crazy Bowls and Wraps (West Oak),03/19/2026 11:00 AM,03/03/2026 9:22 AM,$134.64 ,$0.00 ,$25.00 ,($30.00),$12.10 ,$0.00 ,$40.00 ,($7.09),$0.00 ,$0.00 ,65.36,0,0,240.01,Completed,ach,Meal Program,,,,,
TCZ-H1M,Dr Ahmed,5023 N Illinois St,Fairview Heights,IL,62208,,Shiloh,CBW- Crazy Bowls and Wraps (Shiloh),03/19/2026 11:20 AM,03/18/2026 9:15 AM,$332.79 ,$0.00 ,$20.00 ,($52.92),$27.79 ,($27.79),$0.00 ,($11.38),$0.00 ,$0.00 ,-33.28,0,-16.64,238.57,Completed,ach,Marketplace Takeout,,Dispatch,,,
AZM-YJ1,Office of Dr. Ahmad,12855 N Forty Dr 275,Creve Coeur,MO,63141,,Manchester,CBW- Crazy Bowls and Wraps (Manchester),03/19/2026 11:21 AM,03/18/2026 4:10 PM,$98.40 ,$0.00 ,$20.00 ,($17.76),$8.60 ,$0.00 ,$0.00 ,($3.80),$0.00 ,$0.00 ,-30,0,0,75.44,Completed,ach,Marketplace Takeout,cartez20,Dispatch,,,
EXH-808,The blankenbaker,2713 Blankenbaker Pkwy,Louisville,KY,40299,12,Jtown,Wild Eggs #12 (Jtown),03/20/2026 8:30 AM,03/19/2026 10:57 AM,$343.00 ,$0.00 ,$35.00 ,($56.70),$22.68 ,($22.68),$34.30 ,($11.98),$0.00 ,$0.00 ,0,0,0,343.62,Completed,ach,Marketplace Delivery,,Sheena Carnell,,,
2GJ-G7Z,"Takeout from O'Fallon, IL",,O'Fallon,IL,,,Shiloh,CBW- Crazy Bowls and Wraps (Shiloh),03/20/2026 10:15 AM,03/12/2026 2:59 PM,$236.65 ,$0.00 ,$0.00 ,($35.50),$19.76 ,($19.76),$20.00 ,($7.67),$0.00 ,$0.00 ,0,0,-11.83,201.65,Completed,ach,Marketplace Takeout,,N/A,,,
P8K-0ZM,T Rex,911 Washington Ave 4th Fl Geosaurus South Classroom,St. Louis,MO,63101,,Lindell/SLU,CBW- Crazy Bowls and Wraps (Lindell/SLU),03/20/2026 11:00 AM,03/18/2026 10:21 AM,$446.50 ,$0.00 ,$20.00 ,($69.98),$58.84 ,$0.00 ,$0.00 ,($15.71),$0.00 ,$0.00 ,-44.65,0,-22.33,372.67,Completed,ach,Marketplace Takeout,,Dispatch,,,
Y4E-E89,Racing Louisville FC,801 Edith Rd,Louisville,KY,40206,4,Mercantile,Wild Eggs #4 (Mercantile),03/21/2026 7:45 AM,03/18/2026 10:07 AM,$285.00 ,$0.00 ,$35.00 ,($48.00),$19.20 ,($19.20),$28.50 ,($10.14),$0.00 ,$0.00 ,0,0,0,290.36,Completed,ach,Marketplace Delivery,,Tori McMahan,,,
E73-TA3,OnT,101 W Ohio St 800,Indianapolis,IN,46204,6,Pulliam,Wild Eggs #6 (Pulliam),03/21/2026 11:30 AM,03/14/2026 7:56 AM,$337.00 ,$0.00 ,$35.00 ,($55.80),$33.48 ,($26.04),$20.00 ,($12.12),$0.00 ,$0.00 ,0,0,-16.85,314.67,Completed,ach,Marketplace Delivery,,Skylar Greene,,,
6M4-KQ4,Ten Different Looks,1816 Heaton Rd,Louisville,KY,40216,4,Mercantile,Wild Eggs #4 (Mercantile),03/21/2026 12:45 PM,03/19/2026 10:32 AM,$560.00 ,$0.00 ,$35.00 ,($89.25),$35.70 ,($35.70),$56.00 ,($18.86),$0.00 ,$0.00 ,0,0,0,542.89,Completed,ach,Marketplace Delivery,,Tori McMahan,,,
MEA-ZRF,Danforth University Center,6475 Forsyth Blvd,St. Louis,MO,63105,,Forsyth/Clayton,CBW- Crazy Bowls and Wraps (Forsyth/Clayton),03/21/2026 12:11 PM,03/19/2026 12:00 PM,$140.77 ,$0.00 ,$20.00 ,($24.12),$0.00 ,$0.00 ,$0.00 ,($4.81),$0.00 ,$0.00 ,-30,0,0,101.84,Completed,ach,Marketplace Takeout,,Dispatch,,,
382-Z3Q,Contemporary Art Museum St. Louis,3750 Washington Blvd 3750 Washington Boulevard,St. Louis,MO,63108,,Lindell/SLU,CBW- Crazy Bowls and Wraps (Lindell/SLU),03/21/2026 12:11 PM,03/17/2026 12:18 PM,$362.56 ,$0.00 ,$20.00 ,($26.78),$0.00 ,$0.00 ,$0.00 ,($11.44),$0.00 ,$0.00 ,-36.26,0,-18.13,289.95,Completed,ach,Marketplace Takeout,,Dispatch,,,
32P-RJC,Chicago Fire FC / St. Louis City,Clark Ave,St. Louis,MO,63103,,Lindell/SLU,CBW- Crazy Bowls and Wraps (Lindell/SLU),03/21/2026 4:08 PM,03/10/2026 2:17 PM,$541.30 ,$0.00 ,$20.00 ,($84.20),$71.34 ,$0.00 ,$0.00 ,($18.92),$0.00 ,$0.00 ,-54.13,0,-27.07,448.32,Completed,ach,Marketplace Takeout,,Dispatch,,,
X45-T6V,Ameren,1901 Chouteau Ave,St. Louis,MO,63103,,Lindell/SLU,CBW- Crazy Bowls and Wraps (Lindell/SLU),03/21/2026 6:36 PM,03/20/2026 11:47 AM,$134.00 ,$0.00 ,$20.00 ,($23.10),$17.66 ,$0.00 ,$0.00 ,($5.13),$0.00 ,$0.00 ,-30,0,-6.7,106.73,Completed,ach,Marketplace Takeout,,Dispatch,,,
5QR-YFJ,Traders Point Christian Church,2002 Stafford Rd,Plainfield,IN,46168,15,Avon,Wild Eggs #15 (Avon),03/22/2026 7:30 AM,03/18/2026 12:31 PM,$146.00 ,$0.00 ,$35.00 ,($27.15),$0.00 ,$0.00 ,$10.00 ,($5.41),$0.00 ,$0.00 ,0,0,0,158.44,Completed,ach,Marketplace Delivery,,Gabby Golden,,,
M6U-XFG,Traders Point Christian Church - Carmel,1242 W 136th St,Carmel,IN,46032,5,Carmel,Wild Eggs #5 (Carmel),03/22/2026 7:30 AM,03/18/2026 10:59 PM,$307.00 ,$0.00 ,$35.00 ,($51.30),$0.00 ,$0.00 ,$30.70 ,($10.23),$0.00 ,$0.00 ,0,0,-15.35,295.82,Completed,ach,Marketplace Delivery,,Ambria Buce,,,
MKC-ZZC,Crossroads Church,3500 Madison Rd,Cincinnati,OH,45209,8,Oakley,Wild Eggs #8 (Oakley),03/22/2026 8:00 AM,03/21/2026 7:36 AM,$357.00 ,$0.00 ,$35.00 ,($58.80),$0.00 ,$0.00 ,$35.70 ,($11.72),$0.00 ,$0.00 ,0,0,0,357.18,Completed,ach,Marketplace Delivery,,Monica Craig,,,
2UW-JJF,Gastro Health Partners - OneGI,1941 Bishop Ln 2nd floor,Louisville,KY,40218,2,Westport,Wild Eggs #2 (Westport),03/23/2026 8:00 AM,03/22/2026 4:38 PM,$357.00 ,$0.00 ,$0.00 ,($53.55),$21.42 ,($21.42),$15.00 ,($11.31),$0.00 ,$0.00 ,0,0,-17.85,289.29,Completed,ach,Marketplace Takeout,,N/A,,,
VKK-ZE7,The Dermatology Center of Indiana,2800 S State Rd. 135,Greenwood,IN,46143,16,Greenwood,Wild Eggs #16 (Greenwood),03/23/2026 9:00 AM,03/21/2026 11:54 AM,$318.00 ,$0.00 ,$35.00 ,($52.95),$31.77 ,($24.71),$47.70 ,($11.50),$0.00 ,$0.00 ,0,0,0,343.31,Completed,ach,Marketplace Delivery,,Yazmin Lopez,,,
T42-J0X,Mercy,1237 Water Tower Pl,Arnold,MO,63010,,Tesson,CBW- Crazy Bowls and Wraps (Tesson),03/23/2026 11:15 AM,03/22/2026 11:05 AM,$232.00 ,$0.00 ,$20.00 ,($37.80),$17.95 ,$0.00 ,$0.00 ,($8.07),$0.00 ,$0.00 ,-30,0,0,194.08,Completed,ach,Marketplace Takeout,,Dispatch,,,
YJG-8GR,Baptist Health Neurology,4003 Kresge Way Suite 400 - Neurology,Saint Matthews,KY,40207,1,Dupont,Wild Eggs #1 (Dupont),03/24/2026 7:30 AM,03/19/2026 11:53 AM,$868.00 ,$0.00 ,$35.00 ,($135.45),$54.18 ,($54.18),$65.00 ,($28.62),$0.00 ,$0.00 ,0,0,-43.4,760.53,Completed,ach,Marketplace Delivery,,Linda Dera,,,
A7G-JR2,Franciscan Indiana Blood & Marrow Transplant,8111 S Emerson Ave Suite 105,Indianapolis,IN,46237,6,Pulliam,Wild Eggs #6 (Pulliam),03/24/2026 7:30 AM,03/23/2026 10:43 AM,$316.00 ,$0.00 ,$35.00 ,($52.65),$31.59 ,($24.57),$25.00 ,($11.44),$0.00 ,$0.00 ,0,0,-15.8,303.13,Completed,ach,Marketplace Delivery,,Skylar Greene,,,
3ZF-E8E,Elevate Ventures,1 Virginia Ave Suite 200,Indianapolis,IN,46204,6,Pulliam,Wild Eggs #6 (Pulliam),03/24/2026 8:45 AM,03/23/2026 1:39 PM,$179.00 ,$0.00 ,$35.00 ,($32.10),$19.26 ,($14.98),$26.85 ,($6.97),$0.00 ,$0.00 ,0,0,-8.95,197.11,Completed,ach,Marketplace Delivery,,Skylar Greene,,,
Y29-3YT,Deaconess Cancer Services Medical Office Building 4,4099 Gateway Blvd MOB 4 Building - Cancer Services,Newburgh,IN,47630,17,Evansville,Wild Eggs #17 (Evansville),03/24/2026 8:00 AM,03/23/2026 9:26 AM,$667.00 ,$0.00 ,$35.00 ,($105.30),$56.16 ,($49.14),$100.05 ,($22.67),$0.00 ,$0.00 ,0,0,0,681.1,Completed,ach,Marketplace Delivery,,Brittany 01291985,,,
4T8-YV2,Habitat for Humanity Saint Louis,3830 S Grand Blvd Admin,St. Louis,MO,63118,,Lindell/SLU,CBW- Crazy Bowls and Wraps (Lindell/SLU),03/24/2026 10:42 AM,03/19/2026 9:31 AM,$324.25 ,$0.00 ,$20.00 ,($51.64),$0.00 ,$0.00 ,$0.00 ,($10.29),$0.00 ,$0.00 ,-32.42,0,-16.21,233.69,Completed,ach,Marketplace Takeout,,Dispatch,,,
VMG-RKX,Leonardo DRS,4201 Innovation Way,Bridgeton,MO,63044,,West Oak,CBW- Crazy Bowls and Wraps (West Oak),03/24/2026 11:01 AM,03/20/2026 1:44 PM,$149.50 ,$0.00 ,$20.00 ,($25.43),$0.00 ,$0.00 ,$0.00 ,($5.07),$0.00 ,$0.00 ,-30,0,-7.48,101.52,Completed,ach,Marketplace Takeout,,Dispatch,,,
0XM-ZTG,JEMA,2823 Olive St,St. Louis,MO,63103,,Lindell/SLU,CBW- Crazy Bowls and Wraps (Lindell/SLU),03/24/2026 11:24 AM,03/23/2026 12:39 PM,$261.60 ,$0.00 ,$20.00 ,($42.24),$34.48 ,$0.00 ,$0.00 ,($9.45),$0.00 ,$0.00 ,-30,0,-13.08,221.31,Completed,ach,Marketplace Takeout,,Dispatch,,,
W3Y-V6G,Centerpointe out patient,4801 Weldon Spring Pkwy,Weldon Spring,MO,63304,,O'Fallon,CBW- Crazy Bowls and Wraps (O'Fallon),03/24/2026 11:27 AM,03/11/2026 6:34 PM,$463.50 ,$0.00 ,$20.00 ,($72.53),$41.48 ,$0.00 ,$0.00 ,($15.70),$0.00 ,$0.00 ,-46.35,0,-23.18,367.22,Completed,ach,Marketplace Takeout,,Dispatch,,,
1YJ-49R,Lemonaid Pharmacy,1701 Macklind Ave Suite 300,St. Louis,MO,63110,,West Oak,CBW- Crazy Bowls and Wraps (West Oak),03/24/2026 11:30 AM,03/10/2026 9:57 AM,$217.63 ,$0.00 ,$25.00 ,($32.64),$19.56 ,$0.00 ,$21.76 ,($7.84),$0.00 ,$0.00 ,0,0,0,243.47,Completed,ach,Meal Program,,,,,
2XJ-9KG,Perschbacher dermatology,2821 N Ballas Rd C-61,St. Louis,MO,63131,,West Oak,CBW- Crazy Bowls and Wraps (West Oak),03/24/2026 11:36 AM,03/23/2026 1:15 PM,$175.50 ,$0.00 ,$20.00 ,($29.33),$15.77 ,$0.00 ,$0.00 ,($6.32),$0.00 ,$0.00 ,-30,0,-8.78,136.84,Completed,ach,Marketplace Takeout,,Dispatch,,,
999-GHV,Brown Cancer Center Terra Crossing,2401 Terra Crossing Blvd 206,Louisville,KY,40245,1,Dupont,Wild Eggs #1 (Dupont),03/25/2026 7:30 AM,03/24/2026 11:45 AM,"$1,391.00 ",$0.00 ,$35.00 ,($213.90),$85.56 ,($85.56),$150.00 ,($45.20),$0.00 ,$0.00 ,0,0,-69.55,1247.35,Completed,ach,Marketplace Delivery,,Carol Kuhns,,,
HYG-MQ2,Kaiser Aluminum Warrick,4000 IN-66 FAB Gate,Newburgh,IN,47630,17,Evansville,Wild Eggs #17 (Evansville),03/25/2026 7:00 AM,03/23/2026 9:06 AM,$598.00 ,$0.00 ,$35.00 ,($94.95),$50.64 ,($44.31),$89.70 ,($20.44),$0.00 ,$0.00 ,0,0,0,613.64,Completed,ach,Marketplace Delivery,,Alicia Waller,,,
AGP-XEZ,Axia Noblesville,18051 River Rd 202,Noblesville,IN,46062,5,Carmel,Wild Eggs #5 (Carmel),03/25/2026 8:00 AM,03/23/2026 7:43 PM,$215.00 ,$0.00 ,$35.00 ,($37.50),$22.50 ,($17.50),$20.00 ,($8.15),$0.00 ,$0.00 ,0,0,-10.75,218.6,Completed,ach,Marketplace Delivery,,Lesley Rodela,,,
FCC-JAU,Deaconess MOB 4 Cancer Services,4099 Gateway Blvd MOB 4,Newburgh,IN,47630,17,Evansville,Wild Eggs #17 (Evansville),03/25/2026 8:00 AM,03/20/2026 12:53 PM,$601.00 ,$0.00 ,$35.00 ,($95.40),$50.88 ,($44.52),$25.00 ,($20.54),$0.00 ,$0.00 ,0,0,0,551.42,Completed,ach,Marketplace Delivery,,Brittany 01291985,,,
VC6-60F,P&G,1 Procter and Gamble Plz,Cincinnati,OH,45202,9,Queen City Wild Eggs,Wild Eggs #9 (Queen City Wild Eggs),03/25/2026 9:00 AM,03/23/2026 10:43 AM,$306.00 ,$0.00 ,$35.00 ,($51.15),$0.00 ,$0.00 ,$20.00 ,($10.20),$0.00 ,$0.00 ,0,0,0,299.65,Completed,ach,Marketplace Delivery,,Shirelle Bloom,,,
GE6-QR2,Gastro Health West Side,3301 Mercy Health Blvd Suite 445,Cincinnati,OH,45211,9,Queen City Wild Eggs,Wild Eggs #9 (Queen City Wild Eggs),03/25/2026 9:00 AM,03/24/2026 11:05 AM,$360.00 ,$0.00 ,$35.00 ,($59.25),$0.00 ,$0.00 ,$10.00 ,($11.81),$0.00 ,$0.00 ,0,0,0,333.94,Completed,ach,Marketplace Delivery,,Carolyn Holder,,,
4P8-TKY,Accenture Federal Services,520 Maryville Centre Dr,St. Louis,MO,63141,,Creve Coeur,CBW- Crazy Bowls and Wraps (Creve Coeur),03/25/2026 8:20 AM,03/23/2026 4:35 PM,$80.00 ,$0.00 ,$20.00 ,($15.00),$6.99 ,$0.00 ,$0.00 ,($3.20),$0.00 ,$0.00 ,-30,0,-4,54.79,Completed,ach,Marketplace Takeout,,Dispatch,,,
QTM-HCP,Plancorp LLC,540 Maryville Centre Dr 105,St. Louis,MO,63141,,Creve Coeur,CBW- Crazy Bowls and Wraps (Creve Coeur),03/25/2026 11:00 AM,03/12/2026 9:58 AM,$873.50 ,$0.00 ,$20.00 ,($134.03),$76.33 ,$0.00 ,$0.00 ,($29.00),$0.00 ,$0.00 ,-87.35,0,-43.68,675.77,Completed,ach,Marketplace Takeout,,Dispatch,,,
Q52-848,Diabetes and Endocrinology,222 S Woods Mill Rd 410N,Chesterfield,MO,63017,,Creve Coeur,CBW- Crazy Bowls and Wraps (Creve Coeur),03/25/2026 11:08 AM,03/24/2026 10:08 AM,$365.45 ,$0.00 ,$20.00 ,($57.82),$31.93 ,$0.00 ,$0.00 ,($12.48),$0.00 ,$0.00 ,-36.54,0,-18.27,292.27,Completed,ach,Marketplace Takeout,,Dispatch,,,
V95-95U,Anderson Medical Group Gastroenterology,6812 IL-162 Suite 204,Maryville,IL,62062,,Edwardsville,CBW- Crazy Bowls and Wraps (Edwardsville),03/25/2026 11:33 AM,03/23/2026 3:41 PM,$217.50 ,$0.00 ,$20.00 ,($35.63),$16.53 ,($16.53),$0.00 ,($7.60),$0.00 ,$0.00 ,-30,0,-10.88,153.39,Completed,ach,Marketplace Takeout,,Dispatch,,,
89F-97M,Ladue Horton Watkins High School,1201 Warson Rd,St. Louis,MO,63124,,Rock Hill/Glendale,CBW- Crazy Bowls and Wraps (Rock Hill/Glendale),03/25/2026 4:20 PM,03/23/2026 10:26 AM,$248.65 ,$0.00 ,$20.00 ,($40.30),$0.00 ,$0.00 ,$0.00 ,($8.03),$0.00 ,$0.00 ,-30,0,0,190.32,Completed,ach,Marketplace Takeout,,Dispatch,,,
2WQ-AVT,BAE Systems,163 Rochester Dr,Louisville,KY,40214,4,Mercantile,Wild Eggs #4 (Mercantile),03/26/2026 7:15 AM,03/20/2026 2:35 PM,$289.00 ,$0.00 ,$35.00 ,($48.60),$19.44 ,($19.44),$20.00 ,($10.27),$0.00 ,$0.00 ,0,0,0,285.13,Completed,ach,Marketplace Delivery,,Johnny Snawder,,,
HZT-GE9,Graves Gilbert Clinic,1065 Ashley St Suite 200,Bowling Green,KY,42103,14,Bowling Green,Wild Eggs #14 (Bowling Green),03/26/2026 7:45 AM,03/25/2026 9:37 AM,$816.00 ,$0.00 ,$35.00 ,($127.65),$51.06 ,($51.06),$25.00 ,($26.97),$0.00 ,$0.00 ,0,0,0,721.38,Completed,ach,Marketplace Delivery,,Jamie Thomas,,,
0V9-HTW,Momentum Tower Grove South,3716 Morgan Ford Rd,St. Louis,MO,63116,18,South City,CBW- Crazy Bowls and Wraps #18 (South City),03/26/2026 11:05 AM,03/25/2026 5:41 PM,$77.61 ,$0.00 ,$20.00 ,($14.64),$10.23 ,$0.00 ,$0.00 ,($3.22),$0.00 ,$0.00 ,-30,0,0,59.98,Completed,ach,Marketplace Takeout,,Dispatch,,,
YGG-HXC,Mid America Transplant-Avis Causey,1110 Highlands Plaza Dr East Suite 100,St. Louis,MO,63110,18,South City,CBW- Crazy Bowls and Wraps #18 (South City),03/26/2026 11:10 AM,03/23/2026 12:55 PM,$132.35 ,$0.00 ,$20.00 ,($22.85),$0.00 ,$0.00 ,$0.00 ,($4.56),$0.00 ,$0.00 ,-30,0,0,94.94,Completed,ach,Marketplace Takeout,,Dispatch,,,
E3E-EFH,,,St. Louis,MO,,18,South City,CBW- Crazy Bowls and Wraps #18 (South City),03/26/2026 11:15 AM,03/23/2026 3:17 PM,$103.45 ,$0.00 ,$0.00 ,($15.52),$13.63 ,$0.00 ,$10.35 ,($3.50),$0.00 ,$0.00 ,0,0,0,108.41,Completed,ach,Marketplace Takeout,,N/A,,,
9C1-H48,Ascension,4600 Edmundson Rd Brennan,St. Louis,MO,63134,,Lindenwood,CBW- Crazy Bowls and Wraps (Lindenwood),03/26/2026 11:16 AM,03/23/2026 6:40 PM,$234.70 ,$0.00 ,$20.00 ,($38.21),$23.35 ,$0.00 ,$0.00 ,($8.31),$0.00 ,$0.00 ,-30,0,-11.74,189.79,Completed,ach,Marketplace Takeout,,Dispatch,,,
EMM-TPX,"Takeout from Wentzville, MO",,Wentzville,MO,,,Wentzville,CBW- Crazy Bowls and Wraps (Wentzville),03/26/2026 11:30 AM,03/25/2026 2:10 PM,$232.40 ,$0.00 ,$0.00 ,($34.86),$24.29 ,$0.00 ,$10.00 ,($7.68),$0.00 ,$0.00 ,0,0,0,224.15,Completed,ach,Marketplace Takeout,,N/A,,,
R03-8E5,Washington University School of Medicinne,4565 McKinley Ave,St. Louis,MO,63110,,Lindell/SLU,CBW- Crazy Bowls and Wraps (Lindell/SLU),03/27/2026 10:20 AM,03/26/2026 3:25 PM,$440.70 ,$0.00 ,$20.00 ,($69.11),$0.00 ,$0.00 ,$0.00 ,($13.77),$0.00 ,$0.00 ,-44.07,0,-22.04,311.71,Completed,ach,Marketplace Takeout,,Dispatch,,,
MZ9-02C,Missouri Baptist Hospital (Building D),3023 N Ballas Rd 2nd Floor/Building D/ CV Breakroom,St. Louis,MO,63131,,West Oak,CBW- Crazy Bowls and Wraps (West Oak),03/27/2026 10:50 AM,03/20/2026 11:23 AM,$348.42 ,$0.00 ,$20.00 ,($55.26),$31.32 ,$0.00 ,$0.00 ,($11.95),$0.00 ,$0.00 ,-34.84,0,-17.42,280.27,Completed,ach,Marketplace Takeout,,Dispatch,,,
134-52R,STL Athletic Center,2300 Hitzert Ct,Fenton,MO,63026,,Sunset Hills,CBW- Crazy Bowls and Wraps (Sunset Hills),03/27/2026 5:07 PM,03/25/2026 10:41 AM,$205.44 ,$0.00 ,$20.00 ,($33.82),$15.90 ,$0.00 ,$0.00 ,($7.22),$0.00 ,$0.00 ,-30,0,0,170.3,Completed,ach,Marketplace Takeout,,Dispatch,,,
6JU-A8U,Springhill Suites St. Louis Airport/Earth City,3099 Rider Trail S,Bridgeton,MO,63044,,West Oak,CBW- Crazy Bowls and Wraps (West Oak),03/27/2026 6:15 PM,03/26/2026 3:59 PM,$390.57 ,$0.00 ,$20.00 ,($61.59),$35.10 ,$0.00 ,$0.00 ,($13.33),$0.00 ,$0.00 ,-39.06,0,-19.53,312.16,Completed,ach,Marketplace Takeout,,Dispatch,,,
4X7-C26,STL CITY SC,218 S 22nd St,St. Louis,MO,63103,,Lindell/SLU,CBW- Crazy Bowls and Wraps (Lindell/SLU),03/27/2026 6:21 PM,03/24/2026 5:20 PM,$473.25 ,$0.00 ,$20.00 ,($73.99),$62.37 ,$0.00 ,$0.00 ,($16.61),$0.00 ,$0.00 ,-47.32,0,-23.66,394.04,Completed,ach,Marketplace Takeout,,Dispatch,,,
PG5-U7X,Dean Dorton,810 Wright's Summit Pkwy Third floor,Fort Wright,KY,41011,9,Queen City Wild Eggs,Wild Eggs #9 (Queen City Wild Eggs),03/28/2026 9:00 AM,03/27/2026 12:23 PM,$951.00 ,$0.00 ,$35.00 ,($147.90),$0.00 ,$0.00 ,$142.65 ,($29.48),$0.00 ,$0.00 ,0,0,0,951.27,Completed,ach,Marketplace Delivery,,Shirelle Bloom,,,
JUA-RU6,AC Central West Hotel,215 York Ave,St. Louis,MO,63108,,Lindell/SLU,CBW- Crazy Bowls and Wraps (Lindell/SLU),03/28/2026 10:55 AM,03/26/2026 9:17 PM,$552.40 ,$0.00 ,$20.00 ,($85.86),$72.80 ,$0.00 ,$0.00 ,($19.29),$0.00 ,$0.00 ,-55.24,0,-27.62,457.19,Completed,ach,Marketplace Takeout,,Dispatch,,,
8PA-Y20,Kelly Baseball Field,330 N Big Bend Blvd,St. Louis,MO,63130,,Forsyth/Clayton,CBW- Crazy Bowls and Wraps (Forsyth/Clayton),03/28/2026 1:41 PM,03/24/2026 9:08 AM,$468.95 ,$0.00 ,$20.00 ,($73.34),$49.18 ,$0.00 ,$0.00 ,($16.09),$0.00 ,$0.00 ,-46.9,0,0,401.8,Completed,ach,Marketplace Takeout,,Dispatch,,,
1CV-T9E,Traders Point Christian Church - Carmel,1242 W 136th St,Carmel,IN,46032,5,Carmel,Wild Eggs #5 (Carmel),03/29/2026 7:30 AM,03/18/2026 11:03 PM,$307.00 ,$0.00 ,$35.00 ,($51.30),$0.00 ,$0.00 ,$30.70 ,($10.23),$0.00 ,$0.00 ,0,0,-15.35,295.82,Completed,ach,Marketplace Delivery,,Ambria Buce,,,
1W0-YGJ,Traders Point Christian Church,2002 Stafford Rd,Plainfield,IN,46168,15,Avon,Wild Eggs #15 (Avon),03/29/2026 7:30 AM,03/24/2026 8:34 PM,$146.00 ,$0.00 ,$35.00 ,($27.15),$0.00 ,$0.00 ,$21.90 ,($5.41),$0.00 ,$0.00 ,0,0,0,170.34,Completed,ach,Marketplace Delivery,,Gabby Golden,,,
3X4-66W,"Southeast Christian Church, Prospect Campus",12650 W U.S. Hwy 42,Prospect,KY,40059,2,Westport,Wild Eggs #2 (Westport),03/29/2026 8:00 AM,03/05/2026 8:46 AM,$180.00 ,$0.00 ,$35.00 ,($32.25),$0.00 ,$0.00 ,$27.00 ,($6.43),$0.00 ,$0.00 ,0,0,-9,194.32,Completed,ach,Marketplace Delivery,,Taylor Kaman,,,
7UF-AE6,WashU,601 S Leonor K Sullivan Blvd,St. Louis,MO,63102,,Forsyth/Clayton,CBW- Crazy Bowls and Wraps (Forsyth/Clayton),03/29/2026 2:58 PM,03/28/2026 9:56 AM,$331.68 ,$0.00 ,$20.00 ,($52.75),$0.00 ,$0.00 ,$0.00 ,($10.52),$0.00 ,$0.00 ,-33.17,0,0,255.24,Completed,ach,Marketplace Takeout,,Dispatch,,,
3CA-Z33,"Takeout from St. Louis, MO",,St. Louis,MO,62401,,Lindell/SLU,CBW- Crazy Bowls and Wraps (Lindell/SLU),03/30/2026 10:00 AM,03/02/2026 5:44 PM,$355.65 ,$0.00 ,$0.00 ,($53.35),$46.87 ,$0.00 ,$71.13 ,($12.04),$0.00 ,$0.00 ,0,0,-17.78,390.48,Completed,ach,Marketplace Takeout,,N/A,,,
05C-G90,Hunter engineering - c/o Jim T,"11250 Hunter Dr Building ""A""",Bridgeton,MO,63044,,West Oak,CBW- Crazy Bowls and Wraps (West Oak),03/30/2026 11:15 AM,03/28/2026 6:18 PM,$118.60 ,$0.00 ,$20.00 ,($20.79),$10.66 ,$0.00 ,$0.00 ,($4.46),$0.00 ,$0.00 ,-30,0,-5.93,88.08,Completed,ach,Marketplace Takeout,,Dispatch,,,
54Y-V0F,Kilkowski,6400 Clayton Rd 303,Richmond Heights,MO,63117,,Lindell/SLU,CBW- Crazy Bowls and Wraps (Lindell/SLU),03/30/2026 11:20 AM,03/27/2026 9:31 AM,$176.95 ,$0.00 ,$20.00 ,($29.54),$23.32 ,$0.00 ,$0.00 ,($6.59),$0.00 ,$0.00 ,-30,0,-8.85,145.29,Completed,ach,Marketplace Takeout,,Dispatch,,,
M6J-QQP,"Takeout from Des Peres, MO",13201 Clayton Rd,Des Peres,MO,63131,,Manchester,CBW- Crazy Bowls and Wraps (Manchester),03/30/2026 11:21 AM,03/29/2026 2:19 PM,$122.78 ,$0.00 ,$20.00 ,($21.42),$0.00 ,$0.00 ,$0.00 ,($4.27),$0.00 ,$0.00 ,-30,0,0,87.09,Completed,ach,Marketplace Takeout,nccv1261,Dispatch,,,
5C9-9HV,AT&T,12930 Olive Blvd,Creve Coeur,MO,63141,,Creve Coeur,CBW- Crazy Bowls and Wraps (Creve Coeur),03/30/2026 11:55 AM,03/27/2026 3:23 PM,$228.53 ,$0.00 ,$20.00 ,($37.28),$19.97 ,$0.00 ,$0.00 ,($8.03),$0.00 ,$0.00 ,-30,0,-11.43,181.76,Completed,ach,Marketplace Takeout,,Dispatch,,,
5GX-C5E,Covington by the Lake Apartments,7301 Monsey Circle Clubhouse,Louisville,KY,40219,4,Mercantile,Wild Eggs #4 (Mercantile),03/31/2026 9:00 AM,03/30/2026 10:04 AM,$267.00 ,$0.00 ,$35.00 ,($45.30),$18.12 ,($18.12),$53.40 ,($9.57),$0.00 ,$0.00 ,-2.25,0,0,298.28,Completed,ach,Marketplace Delivery,,Bayley Brown,,,
AEM-R9U,"Takeout from St. Louis, MO",,St. Louis,MO,62401,,Lindell/SLU,CBW- Crazy Bowls and Wraps (Lindell/SLU),03/31/2026 10:00 AM,03/02/2026 5:53 PM,$273.00 ,$0.00 ,$0.00 ,($40.95),$35.98 ,$0.00 ,$54.60 ,($9.24),$0.00 ,$0.00 ,0,0,-13.65,299.74,Completed,ach,Marketplace Takeout,,N/A,,,
75W-7X4,St Luke’s Hospital- East Medical building,232 S Woods Mill Rd Ground floor,Chesterfield,MO,63017,,Creve Coeur,CBW- Crazy Bowls and Wraps (Creve Coeur),03/31/2026 10:04 AM,03/30/2026 10:16 AM,$472.08 ,$0.00 ,$20.00 ,($73.81),$41.25 ,$0.00 ,$0.00 ,($15.95),$0.00 ,$0.00 ,-47.21,0,-23.6,372.76,Completed,ach,Marketplace Takeout,,Dispatch,,,
4GJ-GF6,Burns & McDonnell,425 S Woods Mill Rd STE 300,Chesterfield,MO,63017,,Creve Coeur,CBW- Crazy Bowls and Wraps (Creve Coeur),03/31/2026 10:21 AM,03/03/2026 12:07 PM,$404.45 ,$0.00 ,$20.00 ,($63.67),$35.34 ,$0.00 ,$0.00 ,($13.75),$0.00 ,$0.00 ,-40.44,0,-20.22,321.71,Completed,ach,Marketplace Takeout,,Dispatch,,,
VTR-H5C,Brown Cancer Center- Terra Crossing,2401 Terra Crossing Blvd,Louisville,KY,40245,1,Dupont,Wild Eggs #1 (Dupont),04/01/2026 7:45 AM,03/31/2026 10:58 AM,$687.00 ,$0.00 ,$35.00 ,($108.30),$43.32 ,($43.32),$68.70 ,($22.88),$0.00 ,$0.00 ,0,0,-34.35,625.17,Completed,ach,Marketplace Delivery,,Victoria Carbajal,,,
JF3-GRT,The Nature Conservancy,620 E Ohio St,Indianapolis,IN,46202,6,Pulliam,Wild Eggs #6 (Pulliam),04/01/2026 8:00 AM,03/18/2026 3:03 PM,$262.00 ,$0.00 ,$35.00 ,($44.55),$26.73 ,($20.79),$39.30 ,($9.68),$0.00 ,$0.00 ,0,0,-13.1,274.91,Completed,ach,Marketplace Delivery,,Vanessa Ablanalp,,,
ZMM-8KT,"Harding, Shymanski & Company",101 S 5th St 1700 Floor,Louisville,KY,40202,4,Mercantile,Wild Eggs #4 (Mercantile),04/01/2026 8:00 AM,03/24/2026 5:03 PM,$467.00 ,$0.00 ,$35.00 ,($75.30),$30.12 ,($30.12),$70.05 ,($15.91),$0.00 ,$0.00 ,0,0,0,480.84,Completed,ach,Marketplace Delivery,,Tori McMahan,,,
URC-VHK,Community Health Internal Medicine,11911 N Meridian St 100,Carmel,IN,46032,5,Carmel,Wild Eggs #5 (Carmel),04/01/2026 8:45 AM,03/31/2026 5:11 PM,$144.00 ,$0.00 ,$35.00 ,($26.85),$16.11 ,($12.53),$0.00 ,($5.83),$0.00 ,$0.00 ,0,0,-7.2,142.7,Completed,ach,Marketplace Delivery,,Lisa Bailey,,,
Q8H-MQQ,RLS,346 Gest St,Cincinnati,OH,45203,9,Queen City Wild Eggs,Wild Eggs #9 (Queen City Wild Eggs),04/01/2026 9:00 AM,03/31/2026 1:41 PM,$294.00 ,$0.00 ,$35.00 ,($49.35),$2.81 ,($2.81),$44.10 ,($9.92),$0.00 ,$0.00 ,0,0,0,313.83,Completed,ach,Marketplace Delivery,,Shirelle Bloom,,,
TZT-4R7,StudioAxis,618 E Market St,Indianapolis,IN,46202,6,Pulliam,Wild Eggs #6 (Pulliam),04/01/2026 9:30 AM,03/31/2026 9:17 AM,$153.00 ,$0.00 ,$35.00 ,($28.20),$16.92 ,($13.16),$30.00 ,($6.13),$0.00 ,$0.00 ,0,0,-7.65,179.78,Completed,ach,Marketplace Delivery,,Skylar Greene,,,
45X-4EW,"CBRE, Inc. (Ormsby III)",10200 Forest Green Blvd Suite 500,Louisville,KY,40223,2,Westport,Wild Eggs #2 (Westport),04/01/2026 10:45 AM,03/24/2026 1:51 PM,$556.00 ,$0.00 ,$35.00 ,($88.65),$35.46 ,($35.46),$55.60 ,($18.73),$0.00 ,$0.00 ,0,0,-27.8,511.42,Completed,ach,Marketplace Delivery,,Taylor Kaman,,,
72V-JQP,SOLVAY,3500 Missouri Ave,East St. Louis,IL,62205,,Lindell/SLU,CBW- Crazy Bowls and Wraps (Lindell/SLU),04/01/2026 10:29 AM,03/26/2026 7:47 AM,$139.80 ,$0.00 ,$20.00 ,($23.97),$18.42 ,$0.00 ,$0.00 ,($5.33),$0.00 ,$0.00 ,-30,0,-6.99,111.93,Completed,ach,Marketplace Takeout,,Dispatch,,,
FX4-05U,Dr. Ettinger,222 S Woods Mill Rd 310 north,Chesterfield,MO,63017,,Creve Coeur,CBW- Crazy Bowls and Wraps (Creve Coeur),04/01/2026 10:52 AM,03/31/2026 10:20 AM,$280.40 ,$0.00 ,$20.00 ,($45.06),$24.50 ,$0.00 ,$0.00 ,($9.71),$0.00 ,$0.00 ,-30,0,-14.02,226.11,Completed,ach,Marketplace Takeout,,Dispatch,,,
5Q9-AQC,,,Saint Charles,MO,,,Lindenwood,CBW- Crazy Bowls and Wraps (Lindenwood),04/01/2026 11:30 AM,03/31/2026 4:27 PM,$65.75 ,$0.00 ,$0.00 ,($9.86),$6.54 ,$0.00 ,$6.58 ,($2.16),$0.00 ,$0.00 ,0,0,-3.29,63.56,Completed,ach,Marketplace Takeout,,N/A,,,
CWQ-ZTG,Heartland Dental,701 Emerson Rd 1st Floor,Creve Coeur,MO,63141,,West Oak,CBW- Crazy Bowls and Wraps (West Oak),04/01/2026 12:10 PM,03/30/2026 5:04 PM,$165.24 ,$0.00 ,$20.00 ,($27.79),$14.85 ,$0.00 ,$0.00 ,($5.98),$0.00 ,$0.00 ,-30,0,-8.26,128.06,Completed,ach,Marketplace Takeout,,Dispatch,,,
R40-881,The Crossing at Grant's Trail,2760 Union Rd The Crossing at Grant's Trail Church,St. Louis,MO,63125,,Tesson,CBW- Crazy Bowls and Wraps (Tesson),04/01/2026 4:31 PM,03/26/2026 10:01 AM,$223.45 ,$0.00 ,$20.00 ,($36.52),$0.00 ,$0.00 ,$0.00 ,($7.28),$0.00 ,$0.00 ,-30,0,0,169.65,Completed,ach,Marketplace Takeout,,Dispatch,,,
1YM-KU1,U of L Oncology,529 S Jackson St Third Floor lunch Room,Louisville,KY,40202,1,Dupont,Wild Eggs #1 (Dupont),04/02/2026 7:45 AM,04/01/2026 9:19 AM,$463.00 ,$0.00 ,$35.00 ,($74.70),$29.88 ,($29.88),$50.00 ,($15.78),$0.00 ,$0.00 ,0,0,-23.15,434.37,Completed,ach,Marketplace Delivery,,Linda Dera,,,
M6U-0X0,Ernst & Young (EY),835 N. College Ave. Suite 1125 3rd floor 3rd floor,Indianapolis,IN,46202,6,Pulliam,Wild Eggs #6 (Pulliam),04/02/2026 8:00 AM,03/31/2026 11:06 AM,$174.00 ,$0.00 ,$35.00 ,($31.35),$18.81 ,($14.63),$17.40 ,($6.81),$0.00 ,$0.00 ,0,0,-8.7,183.72,Completed,ach,Marketplace Delivery,,Vanessa Ablanalp,,,
4FM-J8E,Patient Pick Up/Cardiac Cath Lab,1 St Elizabeth's Blvd,O'Fallon,IL,62269,,Shiloh,CBW- Crazy Bowls and Wraps (Shiloh),04/02/2026 10:36 AM,04/01/2026 1:06 PM,$426.45 ,$0.00 ,$20.00 ,($66.97),$35.61 ,($35.61),$0.00 ,($14.41),$0.00 ,$0.00 ,-42.64,0,-21.32,301.11,Completed,ach,Marketplace Takeout,,Dispatch,,,
69F-Q0Y,Southern Illinois Associates,6805 IL-162 Bring food to second floor receptionist for further delivery instruuctions,Maryville,IL,62062,,Edwardsville,CBW- Crazy Bowls and Wraps (Edwardsville),04/02/2026 11:21 AM,04/01/2026 4:45 PM,$592.25 ,$0.00 ,$20.00 ,($42.86),$45.01 ,($45.01),$0.00 ,($19.65),$0.00 ,$0.00 ,-59.22,0,-29.61,460.91,Completed,ach,Marketplace Takeout,,Dispatch,,,
03G-1ZV,,1078 Wentzville Pkwy,Wentzville,MO,63385,,Wentzville,CBW- Crazy Bowls and Wraps (Wentzville),04/02/2026 11:30 AM,04/01/2026 7:44 PM,$135.75 ,$0.00 ,$0.00 ,($20.36),$14.19 ,$0.00 ,$13.58 ,($4.48),$0.00 ,$0.00 ,0,0,0,138.68,Completed,ach,Marketplace Takeout,,N/A,,,
GCU-FEQ,Chestnut health,12 N 64th St,Belleville,IL,62223,,Shiloh,CBW- Crazy Bowls and Wraps (Shiloh),04/02/2026 11:31 AM,03/31/2026 5:17 PM,$232.50 ,$0.00 ,$20.00 ,($37.88),$19.41 ,($19.41),$0.00 ,($8.13),$0.00 ,$0.00 ,-30,0,-11.63,164.86,Completed,ach,Marketplace Takeout,,Dispatch,,,
4YV-1FG,1st Urology,1919 State St Ste 205,New Albany,IN,47150,13,New Albany,Wild Eggs #13 (New Albany),04/03/2026 7:45 AM,04/02/2026 12:15 PM,$220.00 ,$0.00 ,$35.00 ,($38.25),$17.85 ,($17.85),$22.00 ,($8.16),$0.00 ,$0.00 ,-2.25,0,0,228.34,Completed,ach,Marketplace Delivery,,Jose Cruz,,,
30H-MUQ,Elite Built Homes,16218 Shelbyville Rd,Louisville,KY,40245,3,Landis,Wild Eggs #3 (Landis),04/03/2026 8:45 AM,03/31/2026 10:00 AM,$446.00 ,$0.00 ,$35.00 ,($72.15),$28.86 ,($28.86),$66.90 ,($15.24),$0.00 ,$0.00 ,-2.25,0,0,458.26,Completed,ach,Marketplace Delivery,,Ally Kennedy,,,
2P1-WQ9,Deaconess Downtown Primary Care 2nd floor,120 SE 4th St 2,Evansville,IN,47713,17,Evansville,Wild Eggs #17 (Evansville),04/03/2026 8:00 AM,04/02/2026 11:51 AM,$271.00 ,$0.00 ,$35.00 ,($45.90),$24.48 ,($21.42),$20.00 ,($9.88),$0.00 ,$0.00 ,0,0,0,273.28,Completed,ach,Marketplace Delivery,,Brittany 01291985,,,
XU0-PUU,"Takeout from St. Louis, MO",,St. Louis,MO,62401,,Lindell/SLU,CBW- Crazy Bowls and Wraps (Lindell/SLU),04/03/2026 9:30 AM,03/31/2026 10:15 AM,$274.45 ,$0.00 ,$0.00 ,($41.17),$36.17 ,$0.00 ,$41.17 ,($9.29),$0.00 ,$0.00 ,0,0,-13.72,287.61,Completed,ach,Marketplace Takeout,,N/A,,,
5HQ-16E,Delmar Divine,5501 Delmar Blvd Conference Room 9,St. Louis,MO,63112,,Lindell/SLU,CBW- Crazy Bowls and Wraps (Lindell/SLU),04/03/2026 11:04 AM,04/01/2026 1:16 PM,$295.25 ,$0.00 ,$20.00 ,($47.29),$38.91 ,$0.00 ,$0.00 ,($10.59),$0.00 ,$0.00 ,-30,0,-14.76,251.52,Completed,ach,Marketplace Takeout,,Dispatch,,,
8VM-FA6,WashU - Center for Experiential Learning,"Forsyth Blvd Simon Hall Suite 100 First Floor, Suite 100",St. Louis,MO,63105,,Forsyth/Clayton,CBW- Crazy Bowls and Wraps (Forsyth/Clayton),04/03/2026 11:11 AM,03/30/2026 12:11 PM,$253.20 ,$0.00 ,$20.00 ,($40.98),$0.00 ,$0.00 ,$0.00 ,($8.17),$0.00 ,$0.00 ,-30,0,0,194.05,Completed,ach,Marketplace Takeout,,Dispatch,,,
4W9-TYA,OnTarget CPA,101 W Ohio St 800 800,Indianapolis,IN,46204,6,Pulliam,Wild Eggs #6 (Pulliam),04/04/2026 11:30 AM,03/28/2026 9:13 AM,$350.00 ,$0.00 ,$35.00 ,($57.75),$34.65 ,($26.95),$20.00 ,($12.55),$0.00 ,$0.00 ,0,0,-17.5,324.9,Completed,ach,Marketplace Delivery,,Skylar Greene,,,
31V-TQE,Saint Louis Chess Club,4663 Maryland Ave,St. Louis,MO,63108,,Lindell/SLU,CBW- Crazy Bowls and Wraps (Lindell/SLU),04/04/2026 10:36 AM,03/30/2026 12:29 PM,$337.50 ,$0.00 ,$20.00 ,($53.63),$0.00 ,$0.00 ,$0.00 ,($10.69),$0.00 ,$0.00 ,-33.75,0,-16.88,242.55,Completed,ach,Marketplace Takeout,,Dispatch,,,
U2H-TGV,Jim Butler Chevrolet,759 Gravois Bluffs Blvd,Fenton,MO,63026,,Tesson,CBW- Crazy Bowls and Wraps (Tesson),04/04/2026 11:30 AM,03/31/2026 10:44 AM,$661.50 ,$0.00 ,$20.00 ,($102.23),$51.19 ,$0.00 ,$0.00 ,($21.91),$0.00 ,$0.00 ,-66.15,0,0,542.4,Completed,ach,Marketplace Takeout,,Dispatch,,,
T1P-EEK,Lou Fusz Soccer Complex- Field #6,2155 Creve Coeur Mill Rd,St. Louis,MO,63146,,Creve Coeur,CBW- Crazy Bowls and Wraps (Creve Coeur),04/04/2026 1:07 PM,04/02/2026 11:39 AM,$457.05 ,$0.00 ,$20.00 ,($71.56),$0.00 ,$0.00 ,$0.00 ,($14.26),$0.00 ,$0.00 ,-45.7,0,-22.85,322.68,Completed,ach,Marketplace Takeout,,Dispatch,,,
CUX-963,Traders Point Christian Church - Carmel,1242 W 136th St,Carmel,IN,46032,5,Carmel,Wild Eggs #5 (Carmel),04/05/2026 8:00 AM,04/01/2026 7:36 AM,$466.00 ,$0.00 ,$35.00 ,($75.15),$0.00 ,$0.00 ,$0.00 ,($14.98),$0.00 ,$0.00 ,0,0,-23.3,387.57,Completed,ach,Marketplace Delivery,,Ambria Buce,,,
UQW-P31,Vineyard Cincinnati Church,11340 Century Cir E,Cincinnati,OH,45246,8,Oakley,Wild Eggs #8 (Oakley),04/05/2026 8:15 AM,04/04/2026 9:34 AM,$329.00 ,$0.00 ,$35.00 ,($54.60),$0.00 ,$0.00 ,$32.90 ,($10.88),$0.00 ,$0.00 ,-2.25,0,0,329.17,Completed,ach,Marketplace Delivery,,Kenzie Kolb,,,
833-EV5,Southeast Christian church - Crestwood Campus,6201 Crestwood Station,Crestwood,KY,40014,3,Landis,Wild Eggs #3 (Landis),04/05/2026 8:30 AM,03/24/2026 7:18 AM,$162.00 ,$0.00 ,$35.00 ,($29.55),$0.00 ,$0.00 ,$16.20 ,($5.89),$0.00 ,$0.00 ,0,0,0,177.76,Completed,ach,Marketplace Delivery,,Kimberly Zapeta,,,
UKM-44Q,,6707 Plainview Ave,St. Louis,MO,63109,18,South City,CBW- Crazy Bowls and Wraps #18 (South City),04/06/2026 11:30 AM,04/03/2026 12:54 PM,$85.65 ,$0.00 ,$0.00 ,($12.85),$11.29 ,$0.00 ,$8.57 ,($2.90),$0.00 ,$0.00 ,0,0,0,89.76,Completed,ach,Marketplace Takeout,,N/A,,,
31K-A66,IBMT,8111 S Emerson Ave Suite 105,Indianapolis,IN,46237,6,Pulliam,Wild Eggs #6 (Pulliam),04/07/2026 7:30 AM,04/06/2026 9:32 AM,$280.00 ,$0.00 ,$35.00 ,($47.25),$28.35 ,($22.05),$28.00 ,($10.27),$0.00 ,$0.00 ,0,0,-14,277.78,Completed,ach,Marketplace Delivery,,Skylar Greene,,,
014-MMT,building,333 E 8th St,Cincinnati,OH,45202,9,Queen City Wild Eggs,Wild Eggs #9 (Queen City Wild Eggs),04/07/2026 8:00 AM,03/25/2026 4:51 PM,$353.00 ,$0.00 ,$35.00 ,($58.20),$2.81 ,($2.81),$35.30 ,($11.69),$0.00 ,$0.00 ,0,0,0,353.41,Completed,ach,Marketplace Delivery,,Shirelle Bloom,,,
6Z5-9VP,Louisville Urban League,1535 W Broadway,Louisville,KY,40203,2,Westport,Wild Eggs #2 (Westport),04/07/2026 10:15 AM,04/06/2026 6:41 PM,$613.00 ,$0.00 ,$35.00 ,($97.20),$0.00 ,$0.00 ,$61.30 ,($19.38),$0.00 ,$0.00 ,0,0,-30.65,562.07,Completed,ach,Marketplace Delivery,,Julian Soto,,,
8CA-XWJ,Deaconess Dermatology,120 SE 4th St 3rd Floor,Evansville,IN,47713,17,Evansville,Wild Eggs #17 (Evansville),04/07/2026 10:45 AM,04/06/2026 2:14 PM,"$1,159.00 ",$0.00 ,$35.00 ,($179.10),$95.52 ,($83.58),$70.00 ,($38.56),$0.00 ,$0.00 ,0,0,0,1058.28,Completed,ach,Marketplace Delivery,,amanda vaughan,,,
YFA-TZ9,Garmin,9735 Landmark Pkwy Dr suite 200,St. Louis,MO,63127,,Sunset Hills,CBW- Crazy Bowls and Wraps (Sunset Hills),04/07/2026 11:07 AM,04/02/2026 1:43 PM,$267.00 ,$0.00 ,$20.00 ,($43.05),$20.66 ,$0.00 ,$0.00 ,($9.20),$0.00 ,$0.00 ,-30,0,0,225.41,Completed,ach,Marketplace Takeout,,Dispatch,,,
Y9T-C3Q,Veterans United,111 Corporate Office Dr 400,Earth City,MO,63045,,West Oak,CBW- Crazy Bowls and Wraps (West Oak),04/07/2026 11:19 AM,04/02/2026 10:58 AM,$180.40 ,$0.00 ,$20.00 ,($30.06),$16.21 ,$0.00 ,$0.00 ,($6.48),$0.00 ,$0.00 ,-30,0,-9.02,141.05,Completed,ach,Marketplace Takeout,,Dispatch,,,
ZYC-RTY,Signature Ortho/Dr. Olson,12639 Old Tesson Rd,St. Louis,MO,63128,,Tesson,CBW- Crazy Bowls and Wraps (Tesson),04/07/2026 11:45 AM,04/03/2026 2:08 PM,$117.60 ,$0.00 ,$0.00 ,($17.64),$9.10 ,$0.00 ,$11.76 ,($3.79),$0.00 ,$0.00 ,0,0,0,117.03,Completed,ach,Marketplace Takeout,,N/A,,,
HK5-39T,"Hinkle Contracting - at the Hampton Inn Louisville East, Conference Room",1451 Alliant Ave Conference Room,Jeffersontown,KY,40299,12,Jtown,Wild Eggs #12 (Jtown),04/08/2026 7:30 AM,03/03/2026 10:54 AM,$402.00 ,$0.00 ,$35.00 ,($65.55),$26.22 ,($26.22),$80.40 ,($13.85),$0.00 ,$0.00 ,0,0,0,438,Completed,ach,Marketplace Delivery,,Sheena Carnell,,,
VXV-G97,Victory Field,501 W Maryland St,Indianapolis,IN,46225,6,Pulliam,Wild Eggs #6 (Pulliam),04/08/2026 7:45 AM,04/02/2026 1:41 PM,$685.00 ,$0.00 ,$35.00 ,($108.00),$64.80 ,($50.40),$30.00 ,($23.47),$0.00 ,$0.00 ,0,0,-34.25,598.68,Completed,ach,Marketplace Delivery,,Vanessa Ablanalp,,,
WJ2-UR1,Victory Field,501 W Maryland St,Indianapolis,IN,46225,6,Pulliam,Wild Eggs #6 (Pulliam),04/08/2026 8:00 AM,04/05/2026 11:07 PM,$727.00 ,$0.00 ,$35.00 ,($114.30),$68.58 ,($53.34),$50.00 ,($24.83),$0.00 ,$0.00 ,-2.25,0,-36.35,649.51,Completed,ach,Marketplace Delivery,,Vanessa Ablanalp,,,
FQE-MKV,Cummins,301 E Market St,Indianapolis,IN,46204,6,Pulliam,Wild Eggs #6 (Pulliam),04/08/2026 8:15 AM,04/06/2026 12:33 PM,$258.00 ,$0.00 ,$35.00 ,($43.95),$26.37 ,($20.51),$51.60 ,($9.55),$0.00 ,$0.00 ,0,0,-12.9,284.06,Completed,ach,Marketplace Delivery,nac5012,Vanessa Ablanalp,,,
M58-F2R,Aspire Software,390 S Woods Mill Rd ste 300 - 3rd floor,Chesterfield,MO,63017,,West Oak,CBW- Crazy Bowls and Wraps (West Oak),04/08/2026 11:00 AM,03/23/2026 1:53 PM,$153.18 ,$0.00 ,$25.00 ,($30.00),$13.77 ,$0.00 ,$40.00 ,($7.14),$0.00 ,$0.00 ,46.82,0,0,241.63,Completed,ach,Meal Program,,,,,
WEP-YX7,Urology of STL,6812 IL-162 200,Maryville,IL,62062,,Edwardsville,CBW- Crazy Bowls and Wraps (Edwardsville),04/08/2026 11:01 AM,04/07/2026 7:38 PM,$654.20 ,$0.00 ,$20.00 ,($101.13),$49.72 ,($49.72),$0.00 ,($21.65),$0.00 ,$0.00 ,-65.42,0,-32.71,453.29,Completed,ach,Marketplace Takeout,cartez20,Dispatch,,,
3TJ-5VE,"Carboline Global, Inc.",8031 Litzsinger Rd,Brentwood,MO,63144,18,South City,CBW- Crazy Bowls and Wraps #18 (South City),04/08/2026 11:03 AM,04/06/2026 12:33 PM,$194.69 ,$0.00 ,$20.00 ,($32.20),$25.66 ,$0.00 ,$0.00 ,($7.19),$0.00 ,$0.00 ,-30,0,0,170.96,Completed,ach,Marketplace Takeout,,Dispatch,,,
8RU-T0E,Lexicon,600 Kellwood Pkwy Suite 300,Chesterfield,MO,63017,,Manchester,CBW- Crazy Bowls and Wraps (Manchester),04/08/2026 11:34 AM,04/07/2026 12:51 PM,$116.30 ,$0.00 ,$20.00 ,($20.45),$10.16 ,$0.00 ,$0.00 ,($4.38),$0.00 ,$0.00 ,-30,0,0,91.63,Completed,ach,Marketplace Takeout,,Dispatch,,,
Q3V-X72,Carrier,7310 W Morris St Technical Training Center,Indianapolis,IN,46231,15,Avon,Wild Eggs #15 (Avon),04/09/2026 7:30 AM,04/06/2026 12:28 PM,$178.00 ,$0.00 ,$35.00 ,($31.95),$19.17 ,($14.91),$17.80 ,($6.94),$0.00 ,$0.00 ,0,0,0,196.17,Completed,ach,Marketplace Delivery,,Cassandra Bauer,,,
QJT-F9C,LC Rheumatology,3897 Charlestown Rd,New Albany,IN,47150,13,New Albany,Wild Eggs #13 (New Albany),04/09/2026 8:00 AM,04/06/2026 11:06 AM,$421.00 ,$0.00 ,$35.00 ,($68.40),$31.92 ,($31.92),$42.00 ,($14.59),$0.00 ,$0.00 ,-2.25,0,0,412.76,Completed,ach,Marketplace Delivery,,Kayla Elifrits,,,
KQF-Q0A,Brown Cancer RADIATION ONCOLOGY,529 S Jackson St LOWER LEVEL,Louisville,KY,40202,4,Mercantile,Wild Eggs #4 (Mercantile),04/09/2026 9:00 AM,04/07/2026 12:12 PM,$369.00 ,$0.00 ,$35.00 ,($60.60),$24.24 ,($24.24),$0.00 ,($12.80),$0.00 ,$0.00 ,0,0,0,330.6,Completed,ach,Marketplace Delivery,,Johnny Snawder,,,
0RA-YZQ,Enterprise Mobility,2281 Ball Dr,St. Louis,MO,63146,,West Oak,CBW- Crazy Bowls and Wraps (West Oak),04/09/2026 10:21 AM,04/08/2026 9:32 AM,$195.11 ,$0.00 ,$20.00 ,($32.27),$17.54 ,$0.00 ,$0.00 ,($6.96),$0.00 ,$0.00 ,-30,0,-9.76,153.66,Completed,ach,Marketplace Takeout,,Dispatch,,,
ZTC-R4Q,Forefront Dermatology,1800 Wentzville Pkwy,Wentzville,MO,63385,,Wentzville,CBW- Crazy Bowls and Wraps (Wentzville),04/09/2026 11:27 AM,04/08/2026 3:24 PM,$234.70 ,$0.00 ,$20.00 ,($38.21),$24.53 ,$0.00 ,$0.00 ,($8.35),$0.00 ,$0.00 ,-30,0,0,202.67,Completed,ach,Marketplace Takeout,,Dispatch,,,
72H-K1R,Cambridge Air Solutions,760 Long Rd Crossing Dr,Chesterfield,MO,63005,,Chesterfield Valley,CBW- Crazy Bowls and Wraps (Chesterfield Valley),04/09/2026 11:37 AM,04/08/2026 1:40 PM,$171.00 ,$0.00 ,$20.00 ,($28.65),$17.29 ,$0.00 ,$0.00 ,($6.23),$0.00 ,$0.00 ,-30,0,0,143.41,Completed,ach,Marketplace Takeout,,Dispatch,,,
3JW-8WM,Ignacio Hall,3411 Olive St,St. Louis,MO,63103,,Lindell/SLU,CBW- Crazy Bowls and Wraps (Lindell/SLU),04/09/2026 4:45 PM,04/07/2026 3:55 PM,$912.70 ,$0.00 ,$0.00 ,($136.91),$0.00 ,$0.00 ,$50.00 ,($27.29),$0.00 ,$0.00 ,0,0,-45.64,752.86,Completed,ach,Marketplace Takeout,,N/A,,,
QW5-47A,Somers Hall; Danforth Campus Washington Univ St. Louis,1 Brookings Dr,St. Louis,MO,63130,,Forsyth/Clayton,CBW- Crazy Bowls and Wraps (Forsyth/Clayton),04/10/2026 11:19 AM,04/07/2026 10:11 PM,$996.12 ,$0.00 ,$20.00 ,($71.13),$104.47 ,$0.00 ,$0.00 ,($33.51),($20.37),$0.00 ,-99.61,0,0,895.97,Completed,ach,Marketplace Takeout,,Dispatch,,,
EXM-98R,Juniper Pharmacy,522 N New Ballas Rd Suite #206,Creve Coeur,MO,63141,,West Oak,CBW- Crazy Bowls and Wraps (West Oak),04/10/2026 11:39 AM,04/05/2026 1:17 PM,$225.00 ,$0.00 ,$20.00 ,($36.75),$20.22 ,$0.00 ,$0.00 ,($7.93),$0.00 ,$0.00 ,-30,0,-11.25,179.29,Completed,ach,Marketplace Takeout,,Dispatch,,,
X07-A7E,Southeast Christian Church,1309 Charlestown New Albany Rd,Jeffersonville,IN,47130,11,Jeffersonville,Wild Eggs #11 (Jeffersonville),04/11/2026 7:00 AM,03/04/2026 2:53 PM,"$3,060.00 ",$0.00 ,$35.00 ,($464.25),$0.00 ,$0.00 ,$75.00 ,($92.54),$0.00 ,$0.00 ,-2.25,0,0,2610.96,Completed,ach,Marketplace Delivery,,Nadia Guzman,,,
A79-RVP,Planet Fitness Kueber Center,2432 S Floyd St,Louisville,KY,40209,4,Mercantile,Wild Eggs #4 (Mercantile),04/11/2026 8:15 AM,04/06/2026 11:00 AM,$620.00 ,$0.00 ,$35.00 ,($98.25),$0.00 ,$0.00 ,$93.00 ,($19.58),$0.00 ,$0.00 ,-2.25,0,0,627.92,Completed,ach,Marketplace Delivery,,Johnny Snawder,,,
8QK-9E0,WireCrafters,6210 Strawberry Lane,Louisville,KY,40214,4,Mercantile,Wild Eggs #4 (Mercantile),04/11/2026 9:15 AM,04/10/2026 1:27 PM,$468.00 ,$0.00 ,$35.00 ,($75.45),$30.18 ,($30.18),$70.20 ,($15.94),$0.00 ,$0.00 ,0,0,0,481.81,Completed,ach,Marketplace Delivery,,Tori McMahan,,,
TM8-843,Track Stadium,3345 Stadium Dr,Edwardsville,IL,62025,,Edwardsville,CBW- Crazy Bowls and Wraps (Edwardsville),04/11/2026 10:34 AM,04/10/2026 12:43 PM,$929.45 ,$0.00 ,$20.00 ,($142.42),$0.00 ,$0.00 ,$0.00 ,($28.39),$0.00 ,$0.00 ,-92.94,0,-46.47,639.23,Completed,ach,Marketplace Takeout,,Dispatch,,,
YGR-HVH,Hampton Inn & Suites South Greenwood - Vanderbilt University Volleyball,5249 Claybrooke Commons Dr,Indianapolis,IN,46237,16,Greenwood,Wild Eggs #16 (Greenwood),04/12/2026 8:00 AM,04/08/2026 4:50 PM,$845.00 ,$0.00 ,$35.00 ,($132.00),$79.20 ,($61.60),$84.50 ,($28.68),$0.00 ,$0.00 ,0,0,0,821.42,Completed,ach,Marketplace Delivery,,Theo Shaw,,,
Z1X-72C,Louisville Endoscopy Center,1400 Poplar Level Rd,Louisville,KY,40217,4,Mercantile,Wild Eggs #4 (Mercantile),04/13/2026 7:30 AM,04/11/2026 6:32 PM,$539.00 ,$0.00 ,$35.00 ,($86.10),$34.44 ,($34.44),$15.00 ,($18.19),$0.00 ,$0.00 ,0,0,0,484.71,Completed,ach,Marketplace Delivery,,Johnny Snawder,,,
E6P-EHH,Graves Gilbert Dermatology,1065 Ashley St 200,Bowling Green,KY,42103,14,Bowling Green,Wild Eggs #14 (Bowling Green),04/13/2026 8:15 AM,04/08/2026 10:35 AM,$488.00 ,$0.00 ,$35.00 ,($78.45),$31.38 ,($31.38),$0.00 ,($16.58),$0.00 ,$0.00 ,0,0,0,427.97,Completed,ach,Marketplace Delivery,,Jamie Thomas,,,
4M4-2UX,Compass Retirement Solutions,10326 Old Olive St Rd,Creve Coeur,MO,63141,,West Oak,CBW- Crazy Bowls and Wraps (West Oak),04/13/2026 11:40 AM,04/10/2026 2:15 PM,$213.00 ,$0.00 ,$20.00 ,($34.95),$19.14 ,$0.00 ,$0.00 ,($7.54),$0.00 ,$0.00 ,-30,0,-10.65,169,Completed,ach,Marketplace Takeout,,Dispatch,,,
FJ9-090,"Takeout from Wentzville, MO",,Wentzville,MO,,,Wentzville,CBW- Crazy Bowls and Wraps (Wentzville),04/13/2026 12:00 PM,04/10/2026 1:04 PM,$198.00 ,$0.00 ,$0.00 ,($29.70),$20.69 ,$0.00 ,$10.00 ,($6.54),$0.00 ,$0.00 ,0,0,0,192.45,Completed,ach,Marketplace Takeout,,N/A,,,
RX2-PK4,Liberty Middle School,1 District Dr,Edwardsville,IL,62025,,Edwardsville,CBW- Crazy Bowls and Wraps (Edwardsville),04/13/2026 4:23 PM,04/10/2026 5:36 PM,$257.70 ,$0.00 ,$20.00 ,($41.66),$0.00 ,$0.00 ,$0.00 ,($8.30),$0.00 ,$0.00 ,-30,0,-12.89,184.85,Completed,ach,Marketplace Takeout,,Dispatch,,,
XF0-6HE,Retina Associates of Kentucky,6450 New Dutchmans Pkwy,Louisville,KY,40205,1,Dupont,Wild Eggs #1 (Dupont),04/14/2026 7:30 AM,04/05/2026 4:10 PM,$327.00 ,$0.00 ,$35.00 ,($54.30),$21.72 ,($21.72),$20.00 ,($11.47),$0.00 ,$0.00 ,0,0,-16.35,299.88,Completed,ach,Marketplace Delivery,2500comeback,Carmen Esparza,,,
ATW-Z6K,Fueled Collective,3825 Edwards Rd suite 103,Cincinnati,OH,45209,8,Oakley,Wild Eggs #8 (Oakley),04/14/2026 7:30 AM,04/06/2026 2:49 PM,$226.00 ,$0.00 ,$35.00 ,($39.15),$0.00 ,$0.00 ,$33.90 ,($7.80),$0.00 ,$0.00 ,0,0,0,247.95,Completed,ach,Marketplace Delivery,,Monica Craig,,,
XCG-PZR,UC Cardiology,222 Piedmont Ave Suite 1000,Cincinnati,OH,45219,9,Queen City Wild Eggs,Wild Eggs #9 (Queen City Wild Eggs),04/14/2026 8:15 AM,04/13/2026 10:40 AM,"$1,249.00 ",$0.00 ,$35.00 ,($192.60),$8.42 ,($8.42),$50.00 ,($38.64),$0.00 ,$0.00 ,0,0,0,1102.76,Completed,ach,Marketplace Delivery,,Carolyn Holder,,,
XWR-HUJ,Baptist Health Cancer Center,2210 Green Valley Rd,New Albany,IN,47150,13,New Albany,Wild Eggs #13 (New Albany),04/15/2026 7:30 AM,04/13/2026 6:48 PM,$280.00 ,$0.00 ,$35.00 ,($47.25),$22.05 ,($22.05),$25.00 ,($10.08),$0.00 ,$0.00 ,-2.25,0,0,280.42,Completed,ach,Marketplace Delivery,,Kayla Elifrits,,,
9AW-X1M,Graves Gilbert Gastro,484 Golden Autumn Way 2nd floor,Bowling Green,KY,42103,14,Bowling Green,Wild Eggs #14 (Bowling Green),04/15/2026 7:30 AM,04/14/2026 11:34 AM,$290.00 ,$0.00 ,$35.00 ,($48.75),$19.50 ,($19.50),$15.00 ,($10.30),($121.00),$0.00 ,0,0,0,159.95,Completed,ach,Marketplace Delivery,,Jamie Thomas,,,
P6H-K54,Lennar Homes,11555 N Meridian St Suite 190,Carmel,IN,46032,5,Carmel,Wild Eggs #5 (Carmel),04/15/2026 9:15 AM,04/14/2026 11:02 AM,$303.00 ,$0.00 ,$35.00 ,($50.70),$30.42 ,($23.66),$45.45 ,($11.02),$0.00 ,$0.00 ,0,0,-15.15,313.34,Completed,ach,Marketplace Delivery,,Lesley Rodela,,,
7FP-RZC,Solvay,3500 Missouri Ave,East St. Louis,IL,62205,,Lindell/SLU,CBW- Crazy Bowls and Wraps (Lindell/SLU),04/15/2026 10:29 AM,04/14/2026 3:45 PM,$83.00 ,$0.00 ,$20.00 ,($15.45),$10.94 ,$0.00 ,$0.00 ,($3.41),$0.00 ,$0.00 ,-30,0,-4.15,60.93,Completed,ach,Marketplace Takeout,,Dispatch,,,
KPH-15X,SLUCare Orthopedic Surgery,1011 Bowles Ave 400,Fenton,MO,63026,,Sunset Hills,CBW- Crazy Bowls and Wraps (Sunset Hills),04/15/2026 10:48 AM,04/13/2026 5:01 PM,$337.00 ,$0.00 ,$20.00 ,($53.55),$26.08 ,$0.00 ,$0.00 ,($11.45),$0.00 ,$0.00 ,-33.7,0,0,284.38,Completed,ach,Marketplace Takeout,,Dispatch,,,
HF5-TFM,PARIC LLC.,77 W Port Plaza Dr Suite 250,St. Louis,MO,63146,,West Oak,CBW- Crazy Bowls and Wraps (West Oak),04/15/2026 11:23 AM,04/14/2026 9:14 AM,$527.00 ,$0.00 ,$20.00 ,($82.05),$47.37 ,$0.00 ,$0.00 ,($17.77),$0.00 ,$0.00 ,-52.7,0,-26.35,415.5,Completed,ach,Marketplace Takeout,,Dispatch,,,
A5R-274,Washington University - Danforth University Center,6475 Forsyth Blvd 150,St. Louis,MO,63105,,Forsyth/Clayton,CBW- Crazy Bowls and Wraps (Forsyth/Clayton),04/15/2026 11:26 AM,04/14/2026 4:03 PM,$176.98 ,$0.00 ,$20.00 ,($29.55),$0.00 ,$0.00 ,$0.00 ,($5.89),$0.00 ,$0.00 ,-30,0,0,131.54,Completed,ach,Marketplace Takeout,,Dispatch,,,
XKV-W61,UofL Brown Cancer Center,2401 Terra Crossing Blvd 206,Louisville,KY,40245,3,Landis,Wild Eggs #3 (Landis),04/16/2026 7:45 AM,04/14/2026 8:53 PM,$454.00 ,$0.00 ,$35.00 ,($73.35),$29.34 ,($29.34),$25.00 ,($15.50),$0.00 ,$0.00 ,0,0,0,425.15,Completed,ach,Marketplace Delivery,,Kelley compton,,,
TK5-1H6,Advanced ENT and Allergy,108 W Daisy Ln,New Albany,IN,47150,13,New Albany,Wild Eggs #13 (New Albany),04/16/2026 8:00 AM,04/12/2026 12:52 PM,$879.00 ,$0.00 ,$35.00 ,($137.10),$63.98 ,($63.98),$25.00 ,($29.24),$0.00 ,$0.00 ,0,0,0,772.66,Completed,ach,Marketplace Delivery,,Kayla Elifrits,,,
W3X-15X,Roehr Insurance,4642 Ridge Ave,Cincinnati,OH,45209,8,Oakley,Wild Eggs #8 (Oakley),04/16/2026 8:15 AM,04/09/2026 5:00 PM,$780.00 ,$0.00 ,$35.00 ,($122.25),$9.36 ,($9.36),$156.00 ,($24.65),$0.00 ,$0.00 ,0,0,0,824.1,Completed,ach,Marketplace Delivery,,Emma Burstein,,,
J7P-FZA,Allegion - Jessica Jachimecki,11819 N Pennsylvania St,Carmel,IN,46032,5,Carmel,Wild Eggs #5 (Carmel),04/16/2026 8:30 AM,04/10/2026 1:54 PM,$173.00 ,$0.00 ,$35.00 ,($31.20),$18.72 ,($14.56),$17.30 ,($6.78),$0.00 ,$0.00 ,0,0,-8.65,182.83,Completed,ach,Marketplace Delivery,,Lesley Rodela,,,
A01-C7X,Saint Louis University Hospital,1201 S Grand Blvd Administration - 2nd Floor,St. Louis,MO,63104,,Lindell/SLU,CBW- Crazy Bowls and Wraps (Lindell/SLU),04/16/2026 10:22 AM,04/13/2026 1:09 PM,$308.98 ,$0.00 ,$20.00 ,($49.35),$40.72 ,$0.00 ,$0.00 ,($11.05),$0.00 ,$0.00 ,-30.9,0,-15.45,262.95,Completed,ach,Marketplace Takeout,,Dispatch,,,
8MX-TR6,Renaissance Plastic Surgery,145 St Peters Centre Blvd,St. Peters,MO,63376,,Lindenwood,CBW- Crazy Bowls and Wraps (Lindenwood),04/16/2026 11:02 AM,04/07/2026 11:51 AM,$386.50 ,$0.00 ,$20.00 ,($60.98),$38.46 ,$0.00 ,$0.00 ,($13.30),$0.00 ,$0.00 ,-38.65,0,-19.33,312.7,Completed,ach,Marketplace Takeout,,Dispatch,,,
U4R-6WX,Yoon Dermatology,1060 Meyer Rd,Wentzville,MO,63385,,Wentzville,CBW- Crazy Bowls and Wraps (Wentzville),04/16/2026 11:25 AM,04/15/2026 10:04 AM,$506.25 ,$0.00 ,$20.00 ,($78.94),$52.90 ,$0.00 ,$0.00 ,($17.32),$0.00 ,$0.00 ,-50.62,0,0,432.27,Completed,ach,Marketplace Takeout,,Dispatch,,,
19E-AKA,Saint Louis MHB,701 Market St Suite 200,St. Louis,MO,63101,,Lindell/SLU,CBW- Crazy Bowls and Wraps (Lindell/SLU),04/16/2026 4:04 PM,04/09/2026 10:41 AM,$200.45 ,$0.00 ,$20.00 ,($33.07),$0.00 ,$0.00 ,$0.00 ,($6.59),$0.00 ,$0.00 ,-30,0,-10.02,140.77,Completed,ach,Marketplace Takeout,,Dispatch,,,
4VU-G9C,EGC Construction,30 W 4th St,Newport,KY,41071,9,Queen City Wild Eggs,Wild Eggs #9 (Queen City Wild Eggs),04/17/2026 7:00 AM,04/13/2026 9:18 AM,$584.00 ,$0.00 ,$35.00 ,($92.85),$0.00 ,$0.00 ,$50.00 ,($18.51),$0.00 ,$0.00 ,0,0,0,557.64,Completed,ach,Marketplace Delivery,,Shirelle Bloom,,,
1T3-GYC,Baptist Health Cancer Center,2210 Green Valley Rd Lower Level,New Albany,IN,47150,13,New Albany,Wild Eggs #13 (New Albany),04/17/2026 7:15 AM,04/15/2026 4:28 PM,$333.00 ,$0.00 ,$35.00 ,($55.20),$25.76 ,($25.76),$49.95 ,($11.77),$0.00 ,$0.00 ,-2.25,0,0,348.73,Completed,ach,Marketplace Delivery,,Savannah Gilbert,,,
Z67-R71,Brown Cancer Center,1460 Bluegrass Ave,Louisville,KY,40215,4,Mercantile,Wild Eggs #4 (Mercantile),04/17/2026 7:30 AM,04/08/2026 10:41 AM,$755.00 ,$0.00 ,$35.00 ,($118.50),$47.40 ,($47.40),$25.00 ,($25.04),$0.00 ,$0.00 ,0,0,0,671.46,Completed,ach,Marketplace Delivery,,Tori McMahan,,,
EQT-ZPG,GE Aerospace,1 Neumann Way,Cincinnati,OH,45215,8,Oakley,Wild Eggs #8 (Oakley),04/17/2026 7:45 AM,04/08/2026 9:33 PM,$263.00 ,$0.00 ,$35.00 ,($44.70),$0.00 ,$0.00 ,$52.60 ,($8.91),$0.00 ,$0.00 ,0,0,0,296.99,Completed,ach,Marketplace Delivery,,Maddie Maynard,,,
71U-6H6,Racing Louisville FC,801 Edith Rd,Louisville,KY,40206,2,Westport,Wild Eggs #2 (Westport),04/18/2026 7:00 AM,04/17/2026 8:04 AM,$285.00 ,$0.00 ,$35.00 ,($48.00),$19.20 ,($19.20),$28.50 ,($10.14),$0.00 ,$0.00 ,0,0,-14.25,276.11,Completed,ach,Marketplace Delivery,,Taylor Kaman,,,
KW8-UC4,louisville slugger field - Toledo Mudhens,401 East Main St,Louisville,KY,40202,4,Mercantile,Wild Eggs #4 (Mercantile),04/18/2026 9:00 AM,04/10/2026 10:58 PM,"$1,098.00 ",$0.00 ,$35.00 ,($169.95),$67.98 ,($67.98),$20.82 ,($35.91),$0.00 ,$0.00 ,0,0,0,947.96,Completed,ach,Marketplace Delivery,f78e0dd4,Johnny Snawder,,,
E27-AKU,Crossroads Church,3500 Madison Rd,Cincinnati,OH,45209,8,Oakley,Wild Eggs #8 (Oakley),04/19/2026 7:15 AM,04/15/2026 12:26 PM,$373.00 ,$0.00 ,$35.00 ,($61.20),$0.00 ,$0.00 ,$55.95 ,($12.20),$0.00 ,$0.00 ,0,0,0,390.55,Completed,ach,Marketplace Delivery,postonbez,Grayson King,,,
GU0-8QX,Traders Point Christian Church - Carmel,1242 W 136th St,Carmel,IN,46032,5,Carmel,Wild Eggs #5 (Carmel),04/19/2026 7:30 AM,04/14/2026 1:36 PM,$307.00 ,$0.00 ,$35.00 ,($51.30),$0.00 ,$0.00 ,$30.70 ,($10.23),$0.00 ,$0.00 ,0,0,-15.35,295.82,Completed,ach,Marketplace Delivery,,Ambria Buce,,,
CUH-2CW,Traders Point Christian Church,2350 E 62nd St,Indianapolis,IN,46220,6,Pulliam,Wild Eggs #6 (Pulliam),04/19/2026 8:30 AM,04/15/2026 9:34 AM,$251.00 ,$0.00 ,$35.00 ,($42.90),$0.00 ,$0.00 ,$25.10 ,($8.55),$0.00 ,$0.00 ,0,0,-12.55,247.1,Completed,ach,Marketplace Delivery,,Vanessa Ablanalp,,,
WYW-Q5M,Home,7213 Hunters Run Dr,Prospect,KY,40059,2,Westport,Wild Eggs #2 (Westport),04/19/2026 9:00 AM,04/03/2026 11:01 AM,$294.00 ,$0.00 ,$35.00 ,($23.03),$19.74 ,($19.74),$58.80 ,($10.43),$0.00 ,$0.00 ,0,0,0,354.34,Completed,ach,ezOrdering Delivery,,Taylor Kaman,,,
HJE-90T,Panta family,3209 Laclede Ave,New Albany,IN,47150,13,New Albany,Wild Eggs #13 (New Albany),04/19/2026 12:15 PM,04/17/2026 9:35 AM,$192.00 ,$0.00 ,$35.00 ,($34.05),$15.89 ,($15.89),$38.40 ,($7.26),$0.00 ,$0.00 ,0,0,0,224.09,Completed,ach,Marketplace Delivery,,Savannah Gilbert,,,
XYF-VVF,Dawes Fretzin,7910 Shadeland Ave,Indianapolis,IN,46250,5,Carmel,Wild Eggs #5 (Carmel),04/20/2026 7:00 AM,04/19/2026 9:55 AM,"$1,605.00 ",$0.00 ,$35.00 ,($246.00),$147.60 ,($114.80),$50.00 ,($53.45),$0.00 ,$0.00 ,0,0,-80.25,1343.1,Completed,ach,Marketplace Delivery,,Lesley Rodela,,,
2WM-K1M,Christ Hospital Physicians,2123 Auburn Ave Suite 624 medical office building,Cincinnati,OH,45219,9,Queen City Wild Eggs,Wild Eggs #9 (Queen City Wild Eggs),04/20/2026 7:15 AM,04/17/2026 1:39 PM,$134.00 ,$0.00 ,$35.00 ,($25.35),$0.00 ,$0.00 ,$15.00 ,($5.05),$0.00 ,$0.00 ,0,0,0,153.6,Completed,ach,Marketplace Delivery,,Carolyn Holder,,,
X93-3HH,Newburgh dermatology,10788 Stahl Rd,Newburgh,IN,47630,17,Evansville,Wild Eggs #17 (Evansville),04/20/2026 8:15 AM,04/17/2026 8:36 PM,$190.00 ,$0.00 ,$35.00 ,($33.75),$18.00 ,($15.75),$0.00 ,($7.27),$0.00 ,$0.00 ,-2.25,0,0,183.98,Completed,ach,Marketplace Delivery,,amanda vaughan,,,
TM3-T51,Experitec,504 Trade Center Blvd,Chesterfield,MO,63005,,Chesterfield Valley,CBW- Crazy Bowls and Wraps (Chesterfield Valley),04/20/2026 10:51 AM,04/15/2026 11:51 AM,$244.50 ,$0.00 ,$20.00 ,($39.68),$24.73 ,$0.00 ,$0.00 ,($8.65),$0.00 ,$0.00 ,-30,0,0,210.9,Completed,ach,Marketplace Takeout,,Dispatch,,,
JUP-094,Benefit Finance Partners,6 Cityplace Dr 400,Creve Coeur,MO,63141,,Creve Coeur,CBW- Crazy Bowls and Wraps (Creve Coeur),04/20/2026 11:01 AM,04/17/2026 12:02 PM,$405.20 ,$0.00 ,$20.00 ,($63.78),$35.41 ,$0.00 ,$0.00 ,($13.77),$0.00 ,$0.00 ,-40.52,0,-20.26,322.28,Completed,ach,Marketplace Takeout,,Dispatch,,,
UZK-XHQ,Thompson Coburn LLP,1405 North Green Mount Rd Floor 3,O'Fallon,IL,62269,,Shiloh,CBW- Crazy Bowls and Wraps (Shiloh),04/20/2026 11:30 AM,04/16/2026 12:58 PM,$51.60 ,$0.00 ,$0.00 ,($7.74),$4.31 ,($4.31),$5.16 ,($1.67),$0.00 ,$0.00 ,0,0,-2.58,44.77,Completed,ach,Marketplace Takeout,,N/A,,,
U4A-T09,Jane and Jewell Center,1620 Columbia St,Louisville,KY,40203,4,Mercantile,Wild Eggs #4 (Mercantile),04/21/2026 7:30 AM,04/13/2026 3:56 PM,$583.00 ,$0.00 ,$35.00 ,($92.70),$37.08 ,($37.08),$58.30 ,($19.59),$0.00 ,$0.00 ,0,0,0,564.01,Completed,ach,Marketplace Delivery,,Bayley Brown,,,
83W-805,Hartwig,10617 Trenton Ave,St. Louis,MO,63132,,West Oak,CBW- Crazy Bowls and Wraps (West Oak),04/21/2026 10:53 AM,04/17/2026 1:50 PM,$143.45 ,$0.00 ,$20.00 ,($24.52),$12.89 ,$0.00 ,$0.00 ,($5.27),$0.00 ,$0.00 ,-30,0,-7.17,109.38,Completed,ach,Marketplace Takeout,,Dispatch,,,
RHP-W09,Ranken Jordan Pediatric Bridge Hospital,11365 Dorsett Rd,Maryland Heights,MO,63043,,West Oak,CBW- Crazy Bowls and Wraps (West Oak),04/21/2026 11:19 AM,04/20/2026 8:45 AM,$86.60 ,$0.00 ,$20.00 ,($15.99),$7.78 ,$0.00 ,$0.00 ,($3.42),$0.00 ,$0.00 ,-30,0,-4.33,60.64,Completed,ach,Marketplace Takeout,nccv3ezr2,Dispatch,,,
AK2-3YQ,Centene,7700 Forsyth Blvd Bldg B,St. Louis,MO,63105,,Forsyth/Clayton,CBW- Crazy Bowls and Wraps (Forsyth/Clayton),04/21/2026 11:30 AM,04/15/2026 5:20 PM,$111.54 ,$0.00 ,$0.00 ,($16.73),$11.70 ,$0.00 ,$0.00 ,($3.68),$0.00 ,$0.00 ,0,0,0,102.83,Completed,ach,Marketplace Takeout,,N/A,,,
WXW-M00,Eureka! Ranch/Dexter-Brain Brew Distillery,3849 Edwards Rd,Newtown,OH,45244,8,Oakley,Wild Eggs #8 (Oakley),04/22/2026 7:00 AM,04/13/2026 12:06 PM,$594.00 ,$0.00 ,$35.00 ,($94.35),$0.00 ,$0.00 ,$118.80 ,($18.81),$0.00 ,$0.00 ,0,0,0,634.64,Completed,ach,Marketplace Delivery,,Maddie Maynard,,,
UCT-HX1,Residence,1278 Cherokee Rd,Louisville,KY,40204,4,Mercantile,Wild Eggs #4 (Mercantile),04/22/2026 7:15 AM,04/20/2026 12:40 PM,$130.00 ,$0.00 ,$35.00 ,($24.75),$9.90 ,($9.90),$19.50 ,($5.23),$0.00 ,$0.00 ,-2.25,0,0,152.27,Completed,ach,Marketplace Delivery,,Bayley Brown,,,
XMV-CGQ,Baptist Health Neurology,4003 Kresge Way 400,Saint Matthews,KY,40207,2,Westport,Wild Eggs #2 (Westport),04/22/2026 7:30 AM,04/21/2026 1:32 PM,$478.00 ,$0.00 ,$35.00 ,($76.95),$30.78 ,($30.78),$0.00 ,($16.26),$0.00 ,$0.00 ,-2.25,0,0,417.54,Completed,ach,Marketplace Delivery,,francisco florees,,,
0QE-ZRC,Norton Medical Group,4801 Olympia Park Plaza 3000,Louisville,KY,40241,2,Westport,Wild Eggs #2 (Westport),04/22/2026 7:45 AM,04/17/2026 12:12 PM,$200.00 ,$0.00 ,$35.00 ,($35.25),$0.00 ,$0.00 ,$30.00 ,($7.03),$0.00 ,$0.00 ,0,0,-10,212.72,Completed,ach,Marketplace Delivery,,Taylor Kaman,,,
R1J-XE8,Raymond James,4969 US-42 1600,Northfield,KY,40222,2,Westport,Wild Eggs #2 (Westport),04/22/2026 8:00 AM,03/23/2026 12:09 PM,$420.00 ,$0.00 ,$35.00 ,($68.25),$27.30 ,($27.30),$50.00 ,($14.42),$0.00 ,$0.00 ,0,0,-21,401.33,Completed,ach,Marketplace Delivery,,Taylor Kaman,,,
2EU-T88,Associates in dermatology,4912 US-42 Basement,Louisville,KY,40222,2,Westport,Wild Eggs #2 (Westport),04/22/2026 8:00 AM,04/20/2026 1:37 PM,$140.00 ,$0.00 ,$35.00 ,($26.25),$10.50 ,($10.50),$21.00 ,($5.55),$0.00 ,$0.00 ,0,0,-7,157.2,Completed,ach,Marketplace Delivery,,Carolina Contreras,,,
U8C-TZP,New Pathways Clinic,10547 Montgomery Rd Suite 400,Cincinnati,OH,45242,8,Oakley,Wild Eggs #8 (Oakley),04/22/2026 8:15 AM,04/21/2026 12:55 PM,$108.00 ,$0.00 ,$35.00 ,($21.45),$0.00 ,$0.00 ,$10.80 ,($4.28),$0.00 ,$0.00 ,-2.25,0,0,125.82,Completed,ach,Marketplace Delivery,,Grayson King,,,
525-6TA,Newburgh Dermatology,10788 Stahl Rd.,Newburgh,IN,47630,17,Evansville,Wild Eggs #17 (Evansville),04/22/2026 8:15 AM,04/20/2026 4:34 PM,$244.00 ,$0.00 ,$35.00 ,($41.85),$22.32 ,($19.53),$15.00 ,($9.01),$0.00 ,$0.00 ,0,0,0,245.93,Completed,ach,Marketplace Delivery,,Brittany 01291985,,,
597-Q4X,Confluent Health,1650 Lyndon Farm Ct Suite 300,Louisville,KY,40223,2,Westport,Wild Eggs #2 (Westport),04/22/2026 9:30 AM,04/21/2026 9:37 AM,$130.00 ,$0.00 ,$35.00 ,($24.75),$9.90 ,($9.90),$13.00 ,($5.23),$0.00 ,$0.00 ,0,0,-6.5,141.52,Completed,ach,Marketplace Delivery,,Taylor Kaman,,,
EZR-KQA,Veterans Community Project,1515 N Grand Blvd,St. Louis,MO,63106,,Lindell/SLU,CBW- Crazy Bowls and Wraps (Lindell/SLU),04/22/2026 10:37 AM,04/20/2026 3:56 PM,$495.72 ,$0.00 ,$20.00 ,($77.36),$65.33 ,$0.00 ,$0.00 ,($17.37),$0.00 ,$0.00 ,-49.57,0,-24.79,411.96,Completed,ach,Marketplace Takeout,,Dispatch,,,
HR1-43Z,WashU Anest,1 Children's Pl,St. Louis,MO,63110,,Forsyth/Clayton,CBW- Crazy Bowls and Wraps (Forsyth/Clayton),04/22/2026 11:06 AM,04/20/2026 6:01 PM,$136.08 ,$0.00 ,$20.00 ,($23.41),$0.00 ,$0.00 ,$0.00 ,($4.67),($2.25),$0.00 ,-30,0,0,95.75,Completed,ach,Marketplace Takeout,,Dispatch,,,
A4Y-HVR,PricewaterhouseCoopers,6 Cardinal Wy 11th Floor,St. Louis,MO,63102,,Lindell/SLU,CBW- Crazy Bowls and Wraps (Lindell/SLU),04/22/2026 11:21 AM,04/20/2026 11:18 AM,$170.20 ,$0.00 ,$20.00 ,($28.53),$22.43 ,$0.00 ,$0.00 ,($6.36),$0.00 ,$0.00 ,-30,0,-8.51,139.23,Completed,ach,Marketplace Takeout,,Dispatch,,,
P2K-RXU,Esse richmond heights,1027 Bellevue Ave 107,St. Louis,MO,63117,,Forsyth/Clayton,CBW- Crazy Bowls and Wraps (Forsyth/Clayton),04/22/2026 11:22 AM,04/16/2026 12:59 PM,$272.90 ,$0.00 ,$20.00 ,($43.94),$28.62 ,$0.00 ,$0.00 ,($9.61),$0.00 ,$0.00 ,-30,0,0,237.97,Completed,ach,Marketplace Takeout,,Dispatch,,,
WWW-0GK,Lemonaid Pharmacy,1701 Macklind Ave Suite 300,St. Louis,MO,63110,,West Oak,CBW- Crazy Bowls and Wraps (West Oak),04/22/2026 11:30 AM,04/06/2026 4:04 PM,$238.34 ,$0.00 ,$25.00 ,($35.75),$21.42 ,$0.00 ,$23.83 ,($8.51),$0.00 ,$0.00 ,0,0,0,264.33,Completed,ach,Meal Program,,,,,
8CY-2F2,Victory Field,501 W Maryland St,Indianapolis,IN,46225,6,Pulliam,Wild Eggs #6 (Pulliam),04/23/2026 8:00 AM,04/16/2026 4:23 PM,$711.00 ,$0.00 ,$35.00 ,($111.90),$67.14 ,($52.22),$30.00 ,($24.31),$0.00 ,$0.00 ,0,0,-35.55,619.16,Completed,ach,Marketplace Delivery,,Vanessa Ablanalp,,,
MA0-JMR,Norton Healthcare Sleep Center,4950 Norton Healthcare Blvd 210,Louisville,KY,40241,2,Westport,Wild Eggs #2 (Westport),04/23/2026 8:00 AM,04/21/2026 8:02 AM,$150.00 ,$0.00 ,$35.00 ,($27.75),$11.10 ,($11.10),$15.00 ,($5.86),$0.00 ,$0.00 ,0,0,-7.5,158.89,Completed,ach,Marketplace Delivery,,Taylor Kaman,,,
03J-J77,Brown Cancer Center Fellows,529 S Jackson St 4th floor- Fellows,Louisville,KY,40202,2,Westport,Wild Eggs #2 (Westport),04/23/2026 8:15 AM,04/22/2026 2:58 PM,"$1,456.00 ",$0.00 ,$35.00 ,($223.65),$89.46 ,($89.46),$0.00 ,($47.26),$0.00 ,$0.00 ,0,0,-72.8,1147.29,Completed,ach,Marketplace Delivery,,Julian Soto,,,
RWJ-9XH,Associates in Dermatology,3 Audubon Plaza Dr 630,Louisville,KY,40217,2,Westport,Wild Eggs #2 (Westport),04/23/2026 8:45 AM,04/22/2026 5:45 PM,$307.00 ,$0.00 ,$0.00 ,($46.05),$18.42 ,($18.42),$20.00 ,($9.73),$0.00 ,$0.00 ,0,0,-15.35,255.87,Completed,ach,Marketplace Takeout,,N/A,,,
RGZ-7UE,Ascension St. Vincent Breast Care,13450 N Meridian St 135,Carmel,IN,46032,5,Carmel,Wild Eggs #5 (Carmel),04/23/2026 9:30 AM,04/20/2026 9:04 AM,$200.00 ,$0.00 ,$35.00 ,($35.25),$21.15 ,($16.45),$20.00 ,($7.66),$0.00 ,$0.00 ,0,0,-10,206.79,Completed,ach,Marketplace Delivery,,Lesley Rodela,,,
FQK-T36,FAMILY HEALTH CENTER PORTLAND- ADULT PRIMARY CARE,2215 Portland Ave FIRST FLOOR,Louisville,KY,40212,13,New Albany,Wild Eggs #13 (New Albany),04/23/2026 11:00 AM,04/22/2026 2:04 PM,$300.00 ,$0.00 ,$35.00 ,($50.25),$23.45 ,($23.45),$30.00 ,($10.72),$0.00 ,$0.00 ,-2.25,0,0,301.78,Completed,ach,Marketplace Delivery,,Kayla Elifrits,,,
87A-333,The Chase Park Plaza Hotel,212 North Kingshighway Blvd,St. Louis,MO,63108,,Lindell/SLU,CBW- Crazy Bowls and Wraps (Lindell/SLU),04/23/2026 10:38 AM,04/22/2026 5:23 PM,$216.00 ,$0.00 ,$20.00 ,($35.40),$28.47 ,$0.00 ,$0.00 ,($7.91),$0.00 ,$0.00 ,-30,0,-10.8,180.36,Completed,ach,Marketplace Takeout,,Dispatch,,,
TQ2-2Z8,Ernst & Young,7676 Forsyth Blvd Suite 2600,Clayton,MO,63105,18,South City,CBW- Crazy Bowls and Wraps #18 (South City),04/23/2026 11:02 AM,04/22/2026 7:41 AM,$220.50 ,$0.00 ,$20.00 ,($36.08),$29.06 ,$0.00 ,$0.00 ,($8.06),$0.00 ,$0.00 ,-30,0,0,195.42,Completed,ach,Marketplace Takeout,,Dispatch,,,
2RY-3Z6,Undivided Creative,657 Spirit Airpark W Dr suite 102,Chesterfield,MO,63005,,Chesterfield Valley,CBW- Crazy Bowls and Wraps (Chesterfield Valley),04/23/2026 11:04 AM,04/22/2026 9:44 AM,$377.70 ,$0.00 ,$20.00 ,($59.66),$38.20 ,$0.00 ,$0.00 ,($13.03),$0.00 ,$0.00 ,-37.77,0,0,325.44,Completed,ach,Marketplace Takeout,,Dispatch,,,
GRR-ZVE,UL Brown Cancer Center,2401 Terra Crossing Blvd Ste 206,Louisville,KY,40245,2,Westport,Wild Eggs #2 (Westport),04/24/2026 7:45 AM,04/23/2026 3:24 PM,$748.00 ,$0.00 ,$35.00 ,($117.45),$46.98 ,($46.98),$30.00 ,($24.82),$0.00 ,$0.00 ,0,0,-37.4,633.33,Completed,ach,Marketplace Delivery,,Julian Soto,,,
THV-7YP,KIPP St. Louis,1310 Papin St Ste 203 / Regional PD Space,St. Louis,MO,63103,,Lindell/SLU,CBW- Crazy Bowls and Wraps (Lindell/SLU),04/24/2026 11:04 AM,04/23/2026 8:46 AM,$589.08 ,$0.00 ,$20.00 ,($91.36),$0.00 ,$0.00 ,$0.00 ,($18.21),$0.00 ,$0.00 ,-58.91,0,-29.45,411.15,Completed,ach,Marketplace Takeout,,Dispatch,,,
XWC-U4P,Traders Point Christian Church - Carmel,1242 W 136th St,Carmel,IN,46032,5,Carmel,Wild Eggs #5 (Carmel),04/26/2026 7:30 AM,04/14/2026 1:37 PM,$307.00 ,$0.00 ,$35.00 ,($51.30),$0.00 ,$0.00 ,$30.70 ,($10.23),$0.00 ,$0.00 ,0,0,-15.35,295.82,Completed,ach,Marketplace Delivery,,Ambria Buce,,,
2KT-M7Q,Traders Point Christian Church,2002 Stafford Rd,Plainfield,IN,46168,15,Avon,Wild Eggs #15 (Avon),04/26/2026 7:30 AM,04/22/2026 4:05 PM,$146.00 ,$0.00 ,$35.00 ,($27.15),$0.00 ,$0.00 ,$21.90 ,($5.41),$0.00 ,$0.00 ,0,0,0,170.34,Completed,ach,Marketplace Delivery,,Cassandra Bauer,,,
WXP-CE5,Racing Louisville FC,801 Edith Rd,Louisville,KY,40206,4,Mercantile,Wild Eggs #4 (Mercantile),04/26/2026 7:45 AM,04/23/2026 12:32 PM,$311.00 ,$0.00 ,$35.00 ,($51.90),$20.76 ,($20.76),$31.10 ,($10.97),$0.00 ,$0.00 ,0,0,0,314.23,Completed,ach,Marketplace Delivery,,Johnny Snawder,,,
XVF-2EZ,Bowling Green Ballpark,300 E 8th Ave,Bowling Green,KY,42101,14,Bowling Green,Wild Eggs #14 (Bowling Green),04/26/2026 9:00 AM,04/24/2026 1:41 PM,$782.00 ,$0.00 ,$35.00 ,($122.55),$49.02 ,($49.02),$0.00 ,($25.89),$0.00 ,$0.00 ,0,0,0,668.56,Completed,ach,Marketplace Delivery,,Shamaree Lee,,,
9Q2-9PX,Bennett & Bloom Eye Centers,4010 Dupont Cir 380,Louisville,KY,40207,1,Dupont,Wild Eggs #1 (Dupont),04/27/2026 7:00 AM,04/21/2026 2:51 PM,$720.00 ,$0.00 ,$35.00 ,($113.25),$45.30 ,($45.30),$35.00 ,($23.93),$0.00 ,$0.00 ,0,0,-36,616.82,Completed,ach,Marketplace Delivery,,Victoria Carbajal,,,
VMR-H31,ASG Indianapolis,50 E 86th St,Indianapolis,IN,46240,5,Carmel,Wild Eggs #5 (Carmel),04/27/2026 7:15 AM,04/22/2026 1:55 PM,$562.00 ,$0.00 ,$35.00 ,($89.55),$53.73 ,($41.79),$56.20 ,($19.46),$0.00 ,$0.00 ,0,0,-28.1,528.03,Completed,ach,Marketplace Delivery,,Ambria Buce,,,
HJG-XKJ,Graves Gilbert Clinic,1065 Ashley St Suite 200,Bowling Green,KY,42103,14,Bowling Green,Wild Eggs #14 (Bowling Green),04/27/2026 7:30 AM,04/25/2026 4:58 PM,$930.00 ,$0.00 ,$35.00 ,($144.75),$57.90 ,($57.90),$30.00 ,($30.58),$0.00 ,$0.00 ,0,0,0,819.67,Completed,ach,Marketplace Delivery,,Jamie Thomas,,,
CM4-EGF,Synergistic Designs,10325 S Medallion Dr,Cincinnati,OH,45241,8,Oakley,Wild Eggs #8 (Oakley),04/27/2026 9:00 AM,04/25/2026 10:56 AM,$639.00 ,$0.00 ,$35.00 ,($101.10),$0.00 ,$0.00 ,$127.80 ,($20.15),$0.00 ,$0.00 ,0,0,0,680.55,Completed,ach,Marketplace Delivery,,Maddie Maynard,,,
80T-KU3,"Washington University, Cupples II Hall",1 Brookings Dr Cupples II Hall,University City,MO,63130,,Forsyth/Clayton,CBW- Crazy Bowls and Wraps (Forsyth/Clayton),04/27/2026 11:10 AM,04/24/2026 12:14 PM,$76.26 ,$0.00 ,$20.00 ,($14.44),$0.00 ,$0.00 ,$0.00 ,($2.88),$0.00 ,$0.00 ,-30,0,0,48.94,Completed,ach,Marketplace Takeout,,Dispatch,,,
07H-A1T,HSHS St. Elizabeth's Neurology,3 St Elizabeth's Blvd Suite 500,O'Fallon,IL,62269,,Shiloh,CBW- Crazy Bowls and Wraps (Shiloh),04/27/2026 11:11 AM,04/26/2026 3:13 PM,$348.50 ,$0.00 ,$20.00 ,($55.28),$29.10 ,($29.10),$0.00 ,($11.89),$0.00 ,$0.00 ,-34.85,0,0,266.48,Completed,ach,Marketplace Takeout,,Dispatch,,,
RWQ-KGV,Trihealth Thomas Center,10506A Montgomery Rd Suite 301 (3rd floor),Cincinnati,OH,45242,8,Oakley,Wild Eggs #8 (Oakley),04/28/2026 8:15 AM,04/27/2026 11:52 AM,$541.00 ,$0.00 ,$35.00 ,($86.40),$0.00 ,$0.00 ,$25.00 ,($17.22),$0.00 ,$0.00 ,-2.25,0,0,495.13,Completed,ach,Marketplace Delivery,,Grayson King,,,
TTE-9UA,Washington University,1 Brookings Dr Cupples II Hall,University City,MO,63130,,Forsyth/Clayton,CBW- Crazy Bowls and Wraps (Forsyth/Clayton),04/28/2026 11:10 AM,04/24/2026 12:20 PM,$76.51 ,$0.00 ,$20.00 ,($14.48),$0.00 ,$0.00 ,$0.00 ,($2.89),$0.00 ,$0.00 ,-30,0,0,49.14,Completed,ach,Marketplace Takeout,,Dispatch,,,
MJM-3XC,Wiese USA,1435 Woodson Rd attn: Emily Ashby,St. Louis,MO,63132,,Forsyth/Clayton,CBW- Crazy Bowls and Wraps (Forsyth/Clayton),04/28/2026 11:21 AM,04/16/2026 3:11 PM,$147.00 ,$0.00 ,$20.00 ,($25.05),$15.42 ,$0.00 ,$0.00 ,($5.45),$0.00 ,$0.00 ,-30,0,0,121.92,Completed,ach,Marketplace Takeout,,Dispatch,,,
XK6-G5J,Special School District of St. Louis County,12110 Clayton Rd,St. Louis,MO,63131,,West Oak,CBW- Crazy Bowls and Wraps (West Oak),04/28/2026 4:14 PM,03/30/2026 3:20 PM,$341.60 ,$0.00 ,$20.00 ,($54.24),$0.00 ,$0.00 ,$0.00 ,($10.81),$0.00 ,$0.00 ,-34.16,0,-17.08,245.31,Completed,ach,Marketplace Takeout,,Dispatch,,,
YPT-6V3,Cook Medical,1102 Indiana Ave,Indianapolis,IN,46202,6,Pulliam,Wild Eggs #6 (Pulliam),04/29/2026 7:30 AM,04/23/2026 9:24 AM,$730.00 ,$0.00 ,$35.00 ,($114.75),$68.85 ,($53.55),$109.50 ,($24.93),$0.00 ,$0.00 ,0,0,-36.5,713.62,Completed,ach,Marketplace Delivery,,Vanessa Ablanalp,,,
TGK-9TZ,Merchants Bank,410 Monon Blvd,Carmel,IN,46032,5,Carmel,Wild Eggs #5 (Carmel),04/29/2026 8:00 AM,04/24/2026 10:26 AM,$476.00 ,$0.00 ,$35.00 ,($76.65),$45.99 ,($35.77),$71.40 ,($16.65),$0.00 ,$0.00 ,0,0,-23.8,475.52,Completed,ach,Marketplace Delivery,,Lesley Rodela,,,
Z0K-TJ3,RLS,346 Gest St,Cincinnati,OH,45203,9,Queen City Wild Eggs,Wild Eggs #9 (Queen City Wild Eggs),04/29/2026 9:00 AM,04/28/2026 9:58 AM,$253.00 ,$0.00 ,$35.00 ,($43.20),$0.00 ,$0.00 ,$37.95 ,($8.61),$0.00 ,$0.00 ,0,0,0,274.14,Completed,ach,Marketplace Delivery,,Shirelle Bloom,,,
161-AGM,Washington University Brauer Dock,6220 Forest Park Pkwy BRAUER ROOM 1015,St. Louis,MO,63112,,Forsyth/Clayton,CBW- Crazy Bowls and Wraps (Forsyth/Clayton),04/29/2026 10:07 AM,04/23/2026 11:46 AM,$511.50 ,$0.00 ,$20.00 ,($79.73),$0.00 ,$0.00 ,$0.00 ,($15.89),$0.00 ,$0.00 ,-51.15,0,0,384.73,Completed,ach,Marketplace Takeout,,Dispatch,,,
PKE-6HR,Solvay,3500 Missouri Ave,East St. Louis,IL,62205,,Lindell/SLU,CBW- Crazy Bowls and Wraps (Lindell/SLU),04/29/2026 10:28 AM,04/28/2026 1:59 PM,$101.40 ,$0.00 ,$20.00 ,($18.21),$13.36 ,$0.00 ,$0.00 ,($4.03),$0.00 ,$0.00 ,-30,0,-5.07,77.45,Completed,ach,Marketplace Takeout,,Dispatch,,,
C8A-AX6,Tarlton Corporation,5500 W Park Ave,St. Louis,MO,63110,,Forsyth/Clayton,CBW- Crazy Bowls and Wraps (Forsyth/Clayton),04/29/2026 10:55 AM,04/28/2026 10:02 AM,$886.25 ,$0.00 ,$20.00 ,($135.94),$92.95 ,$0.00 ,$0.00 ,($29.88),$0.00 ,$0.00 ,-88.62,0,0,744.76,Completed,ach,Marketplace Takeout,,Dispatch,,,
M8U-Z80,Gateway Region YMCA - Association Resource Office,2815 Scott Ave Suite D,St. Louis,MO,63103,,Lindell/SLU,CBW- Crazy Bowls and Wraps (Lindell/SLU),04/29/2026 11:38 AM,04/27/2026 5:52 PM,$144.81 ,$0.00 ,$20.00 ,($24.72),$0.00 ,$0.00 ,$0.00 ,($4.93),$0.00 ,$0.00 ,-30,0,-7.24,97.92,Completed,ach,Marketplace Takeout,,Dispatch,,,
RKA-TK8,,11427 Olive Blvd,St. Louis,MO,63141,,West Oak,CBW- Crazy Bowls and Wraps (West Oak),04/29/2026 1:45 PM,04/28/2026 7:54 PM,$317.92 ,$0.00 ,$0.00 ,($47.69),$0.00 ,$0.00 ,$0.00 ,($9.51),$0.00 ,$0.00 ,0,0,-15.9,244.82,Completed,ach,Marketplace Takeout,,N/A,,,
6ZU-M0U,Carpet Specialists,2101 Stanley Gault Pkwy,Louisville,KY,40223,3,Landis,Wild Eggs #3 (Landis),04/30/2026 8:15 AM,04/29/2026 7:32 AM,$432.00 ,$0.00 ,$35.00 ,($70.05),$28.02 ,($28.02),$64.80 ,($14.80),$0.00 ,$0.00 ,-2.25,0,0,444.7,Completed,ach,Marketplace Delivery,,Kimberly Zapeta,,,
04P-T7J,,,Langdon Place,KY,40242,2,Westport,Wild Eggs #2 (Westport),04/30/2026 8:30 AM,04/28/2026 3:13 PM,$258.00 ,$0.00 ,$0.00 ,($38.70),$15.48 ,($15.48),$0.00 ,($8.18),$0.00 ,$0.00 ,0,0,-12.9,198.22,Completed,ach,Marketplace Takeout,,N/A,,,
ET1-M87,Kentucky Skin Cancer Center,1818 Wallace Ct Unit 301,Bowling Green,KY,42103,14,Bowling Green,Wild Eggs #14 (Bowling Green),04/30/2026 7:45 AM,04/28/2026 7:12 PM,$420.00 ,$0.00 ,$35.00 ,($68.25),$27.30 ,($27.30),$63.00 ,($14.42),$0.00 ,$0.00 ,-2.25,0,0,433.08,Completed,ach,Marketplace Delivery,,Jamie Thomas,,,
E16-89G,Newburgh Dermatology,10788 Stahl Rd,Newburgh,IN,47630,17,Evansville,Wild Eggs #17 (Evansville),04/30/2026 8:15 AM,04/29/2026 11:39 AM,$101.00 ,$0.00 ,$35.00 ,($20.40),$10.88 ,($9.52),$15.00 ,($4.39),$0.00 ,$0.00 ,0,0,0,127.57,Completed,ach,Marketplace Delivery,,Brittany 01291985,,,
FF1-K29,Wiegmann Associates,650 Fountain Lakes Blvd,Saint Charles,MO,63301,,Lindenwood,CBW- Crazy Bowls and Wraps (Lindenwood),04/30/2026 11:03 AM,04/29/2026 2:29 PM,$125.33 ,$0.00 ,$20.00 ,($21.80),$12.47 ,$0.00 ,$0.00 ,($4.72),($10.95),$0.00 ,-30,0,-6.27,84.06,Completed,ach,Marketplace Takeout,cincodemayo26,Dispatch,,,
1EK-RZX,University of Louisville/Clinical Translational Research Building (CTR),505 S Hancock St 1st floor Room 124,Louisville,KY,40202,4,Mercantile,Wild Eggs #4 (Mercantile),05/01/2026 7:00 AM,04/28/2026 3:33 PM,$254.00 ,$0.00 ,$35.00 ,($43.35),$0.00 ,$0.00 ,$10.00 ,($8.64),$0.00 ,$0.00 ,0,0,0,247.01,Completed,ach,Marketplace Delivery,,Bayley Brown,,,
C7A-TJQ,DMG,"50 West 5th St Lobby ""Foundry Lobby""",Cincinnati,OH,45202,9,Queen City Wild Eggs,Wild Eggs #9 (Queen City Wild Eggs),05/01/2026 8:00 AM,04/22/2026 10:53 AM,$346.00 ,$0.00 ,$35.00 ,($57.15),$0.00 ,$0.00 ,$34.60 ,($11.39),$0.00 ,$0.00 ,0,0,0,347.06,Completed,ach,Marketplace Delivery,,Shirelle Bloom,,,
PCU-7FG,Gatewood Wealth Solutions,1401 S Brentwood Blvd 400,St. Louis,MO,63144,,Rock Hill/Glendale,CBW- Crazy Bowls and Wraps (Rock Hill/Glendale),05/01/2026 7:22 AM,04/30/2026 10:23 AM,$239.95 ,$0.00 ,$20.00 ,($38.99),$22.17 ,$0.00 ,$0.00 ,($8.44),$0.00 ,$0.00 ,-30,0,0,204.69,Completed,ach,Marketplace Takeout,,Dispatch,,,
4VY-5ZX,Found Village,1215 William Howard Taft Rd,Cincinnati,OH,45206,9,Queen City Wild Eggs,Wild Eggs #9 (Queen City Wild Eggs),05/01/2026 9:00 AM,04/28/2026 2:47 PM,$263.00 ,$0.00 ,$35.00 ,($44.70),$0.00 ,$0.00 ,$39.45 ,($8.91),$0.00 ,$0.00 ,0,0,0,283.84,Completed,ach,Marketplace Delivery,,Shirelle Bloom,,,
H7V-M00,,601 College St,Bowling Green,KY,42101,14,Bowling Green,Wild Eggs #14 (Bowling Green),05/01/2026 8:30 AM,04/30/2026 9:42 AM,$199.00 ,$0.00 ,$0.00 ,($29.85),$11.94 ,($11.94),$29.85 ,($6.31),$0.00 ,$0.00 ,0,0,0,192.69,Completed,ach,Marketplace Takeout,,N/A,,,
91Q-WAG,Mercy David C. Pratt Cancer Center Hematology and Oncology Deptartment,607 S New Ballas Rd Hematology and Oncology Deptartment,Creve Coeur,MO,63141,,Creve Coeur,CBW- Crazy Bowls and Wraps (Creve Coeur),05/01/2026 10:27 AM,04/29/2026 9:33 AM,$936.94 ,$0.00 ,$20.00 ,($143.54),$81.87 ,$0.00 ,$0.00 ,($31.06),$0.00 ,$0.00 ,-93.69,0,-46.85,723.67,Completed,ach,Marketplace Takeout,nccv1261,Dispatch,,,
G0R-72J,WashU,517 S Euclid Ave 3rd FL via Peters elevators,St. Louis,MO,63110,,Lindell/SLU,CBW- Crazy Bowls and Wraps (Lindell/SLU),05/01/2026 10:35 AM,04/08/2026 11:42 AM,$292.34 ,$0.00 ,$20.00 ,($46.85),$0.00 ,$0.00 ,$0.00 ,($9.34),$0.00 ,$0.00 ,-30,0,-14.62,211.53,Completed,ach,Marketplace Takeout,,Dispatch,,,
3XU-P5C,Traders Point Christian Church - Carmel,1242 W 136th St,Carmel,IN,46032,5,Carmel,Wild Eggs #5 (Carmel),05/03/2026 7:30 AM,04/14/2026 1:38 PM,$307.00 ,$0.00 ,$35.00 ,($51.30),$0.00 ,$0.00 ,$30.70 ,($10.23),$0.00 ,$0.00 ,0,0,-15.35,295.82,Completed,ach,Marketplace Delivery,,Ambria Buce,,,
9UY-H09,Redeemer Presbyterian Church Indianapolis,1505 N Delaware St,Indianapolis,IN,46202,6,Pulliam,Wild Eggs #6 (Pulliam),05/03/2026 12:15 PM,04/30/2026 9:29 AM,$334.00 ,$0.00 ,$35.00 ,($55.35),$33.21 ,($25.83),$66.80 ,($12.03),$0.00 ,$0.00 ,0,0,-16.7,359.1,Completed,ach,Marketplace Delivery,,Vanessa Ablanalp,,,
32Z-025,Launch Business Funding,1860 Williamson Ct suite 1,Louisville,KY,40223,3,Landis,Wild Eggs #3 (Landis),05/04/2026 9:00 AM,04/29/2026 6:45 PM,$342.00 ,$0.00 ,$35.00 ,($56.55),$22.62 ,($22.62),$0.00 ,($11.95),$0.00 ,$0.00 ,0,0,0,308.5,Completed,ach,Marketplace Delivery,,Kimberly Zapeta,,,
722-1W2,Dr Baram,10420 Old Olive St Rd 205,Creve Coeur,MO,63141,,West Oak,CBW- Crazy Bowls and Wraps (West Oak),05/04/2026 8:40 AM,05/03/2026 9:43 AM,$169.58 ,$0.00 ,$20.00 ,($28.44),$15.24 ,$0.00 ,$0.00 ,($6.12),$0.00 ,$0.00 ,-30,0,-8.48,131.78,Completed,ach,Marketplace Takeout,cincodemayo26,Dispatch,,,
XKG-QYU,"Takeout from St. Louis, MO",,St. Louis,MO,62401,,Lindell/SLU,CBW- Crazy Bowls and Wraps (Lindell/SLU),05/04/2026 9:30 AM,04/21/2026 8:31 PM,$297.15 ,$0.00 ,$0.00 ,($44.57),$39.16 ,$0.00 ,$44.57 ,($10.06),$0.00 ,$0.00 ,0,0,-14.86,311.39,Completed,ach,Marketplace Takeout,,N/A,,,
ZEF-PPR,Burns & McDonnell,425 S Woods Mill Rd,Town and Country,MO,63017,,Creve Coeur,CBW- Crazy Bowls and Wraps (Creve Coeur),05/04/2026 9:50 AM,04/17/2026 2:58 PM,$466.50 ,$0.00 ,$20.00 ,($72.98),$40.76 ,$0.00 ,$0.00 ,($15.77),$0.00 ,$0.00 ,-46.65,0,-23.33,368.53,Completed,ach,Marketplace Takeout,,Dispatch,,,
7WZ-TM3,KY Skin Cancer Center,1818 Wallace Ct Suite 301,Bowling Green,KY,42103,14,Bowling Green,Wild Eggs #14 (Bowling Green),05/04/2026 10:45 AM,05/01/2026 5:50 PM,$778.00 ,$0.00 ,$35.00 ,($121.95),$48.78 ,($48.78),$77.80 ,($25.77),$0.00 ,$0.00 ,0,0,0,743.08,Completed,ach,Marketplace Delivery,,Jamie Thomas,,,
15R-65H,Clementine's Ice Cream,13426 Clayton Rd,Des Peres,MO,63131,,Manchester,CBW- Crazy Bowls and Wraps (Manchester),05/04/2026 2:07 PM,05/03/2026 1:48 PM,$320.25 ,$0.00 ,$20.00 ,($51.04),$27.98 ,$0.00 ,$0.00 ,($11.01),$0.00 ,$0.00 ,-32.02,0,0,274.16,Completed,ach,Marketplace Takeout,,Dispatch,,,
XGR-1Z9,Contemporary Art Museum St. Louis,3750 Washington Blvd 3750 Washington Boulevard,St. Louis,MO,63108,,Lindell/SLU,CBW- Crazy Bowls and Wraps (Lindell/SLU),05/04/2026 3:25 PM,04/21/2026 1:52 PM,$235.50 ,$0.00 ,$20.00 ,($17.89),$0.00 ,$0.00 ,$0.00 ,($7.64),$0.00 ,$0.00 ,-30,0,-11.78,188.19,Completed,ach,Marketplace Takeout,,Dispatch,,,
JQ8-P25,IU Health West Cath Lab,1111 Ronald Reagan Pkwy Floor 4,Avon,IN,46123,15,Avon,Wild Eggs #15 (Avon),05/05/2026 7:00 AM,04/29/2026 1:27 PM,$420.00 ,$0.00 ,$35.00 ,($68.25),$40.95 ,($31.85),$63.00 ,($14.83),$0.00 ,$0.00 ,0,0,0,444.02,Completed,ach,Marketplace Delivery,,Cassandra Bauer,,,
JRC-X0C,Horizon League,129 E Market St 900,Indianapolis,IN,46204,6,Pulliam,Wild Eggs #6 (Pulliam),05/05/2026 8:00 AM,04/09/2026 3:21 PM,$271.00 ,$0.00 ,$35.00 ,($45.90),$27.54 ,($21.42),$27.10 ,($9.97),$0.00 ,$0.00 ,0,0,-13.55,269.8,Completed,ach,Marketplace Delivery,,Skylar Greene,,,
4E6-7VF,Louisville Pulmonary Care,4003 Kresge Way 312,Saint Matthews,KY,40207,1,Dupont,Wild Eggs #1 (Dupont),05/05/2026 8:00 AM,05/04/2026 8:50 AM,$696.00 ,$0.00 ,$35.00 ,($109.65),$43.86 ,($43.86),$50.00 ,($23.17),$0.00 ,$0.00 ,0,0,-34.8,613.38,Completed,ach,Marketplace Delivery,,Carmen Esparza,,,
WZW-2R0,,,Saint Charles,MO,,,Lindenwood,CBW- Crazy Bowls and Wraps (Lindenwood),05/05/2026 7:45 AM,05/04/2026 7:36 PM,$183.90 ,$0.00 ,$0.00 ,($27.59),$0.00 ,$0.00 ,$0.00 ,($5.50),$0.00 ,$0.00 ,0,0,-9.2,141.61,Completed,ach,Marketplace Takeout,,N/A,,,
A2E-20X,Hazel Dell Family Practice,14535 Hazel Dell Pkwy Bldg A,Carmel,IN,46033,5,Carmel,Wild Eggs #5 (Carmel),05/05/2026 8:45 AM,05/04/2026 1:39 PM,$246.00 ,$0.00 ,$35.00 ,($42.15),$25.29 ,($19.67),$20.00 ,($9.16),$0.00 ,$0.00 ,0,0,-12.3,243.01,Completed,ach,Marketplace Delivery,cincodemayo26,Lesley Rodela,,,
WWT-17X,The Couch Immediate Mental Health Care,2327 Lime Kiln Ln,Northfield,KY,40222,2,Westport,Wild Eggs #2 (Westport),05/05/2026 9:00 AM,05/04/2026 10:04 PM,$185.00 ,$0.00 ,$35.00 ,($33.00),$13.20 ,($13.20),$18.50 ,($6.97),$0.00 ,$0.00 ,0,0,-9.25,189.28,Completed,ach,Marketplace Delivery,,Taylor Kaman,,,
8T5-VMQ,Hunter Engineering - c/o Joy S,11250 Hunter Dr Building A,Bridgeton,MO,63044,,West Oak,CBW- Crazy Bowls and Wraps (West Oak),05/05/2026 10:28 AM,05/01/2026 12:08 PM,$402.40 ,$0.00 ,$20.00 ,($63.36),$36.17 ,$0.00 ,$0.00 ,($13.71),$0.00 ,$0.00 ,-40.24,0,-20.12,321.14,Completed,ach,Marketplace Takeout,,Dispatch,,,
AV6-8VZ,Renaissance Financial,5700 Oakland Ave Suite 400,St. Louis,MO,63110,18,South City,CBW- Crazy Bowls and Wraps #18 (South City),05/05/2026 11:23 AM,04/29/2026 12:05 PM,$241.95 ,$0.00 ,$20.00 ,($39.29),$31.89 ,$0.00 ,$0.00 ,($8.79),$0.00 ,$0.00 ,-30,0,0,215.76,Completed,ach,Marketplace Takeout,,Dispatch,,,
UT5-K5V,Yoon Dermatology,1060 Meyer Rd,Wentzville,MO,63385,,Wentzville,CBW- Crazy Bowls and Wraps (Wentzville),05/05/2026 11:26 AM,05/04/2026 1:43 PM,$411.58 ,$0.00 ,$20.00 ,($64.74),$43.01 ,$0.00 ,$0.00 ,($14.19),$0.00 ,$0.00 ,-41.16,0,0,354.5,Completed,ach,Marketplace Takeout,,Dispatch,,,
JFT-WR3,Ritz Carlton: Guest Jed Tuminaro,100 Carondelet Plaza Presidential Suite,St. Louis,MO,63105,,Forsyth/Clayton,CBW- Crazy Bowls and Wraps (Forsyth/Clayton),05/05/2026 11:41 AM,05/04/2026 5:33 PM,$252.96 ,$0.00 ,$20.00 ,($40.94),$26.53 ,$0.00 ,$0.00 ,($8.95),$0.00 ,$0.00 ,-30,0,0,219.6,Completed,ach,Marketplace Takeout,,Dispatch,,,
AAU-E36,Caravus,101 S Hanley Rd suite 300 300,Clayton,MO,63105,,Forsyth/Clayton,CBW- Crazy Bowls and Wraps (Forsyth/Clayton),05/05/2026 12:25 PM,05/04/2026 8:04 AM,$480.00 ,$0.00 ,$20.00 ,($75.00),$50.34 ,$0.00 ,$0.00 ,($16.46),$0.00 ,$0.00 ,-48,0,0,410.88,Completed,ach,Marketplace Takeout,,Dispatch,,,
R1U-5U8,Deloitte (Salesforce building),1 East Ohio St Floor 42,Indianapolis,IN,46204,6,Pulliam,Wild Eggs #6 (Pulliam),05/06/2026 7:15 AM,04/30/2026 10:03 AM,$362.00 ,$0.00 ,$35.00 ,($59.55),$35.73 ,($27.79),$40.00 ,($12.94),$0.00 ,$0.00 ,0,0,-18.1,354.35,Completed,ach,Marketplace Delivery,cincodemayo26,Vanessa Ablanalp,,,
U19-84H,Trihealth Pulmonology,7794 Five Mile Rd 220,Cincinnati,OH,45230,9,Queen City Wild Eggs,Wild Eggs #9 (Queen City Wild Eggs),05/06/2026 8:00 AM,05/05/2026 8:27 AM,$298.00 ,$0.00 ,$35.00 ,($49.95),$0.00 ,$0.00 ,$15.00 ,($9.96),$0.00 ,$0.00 ,0,0,0,288.09,Completed,ach,Marketplace Delivery,,Melissa Barker,,,
GXY-FET,Graves Gilbert Dermatology,1065 Ashley St 200,Bowling Green,KY,42103,14,Bowling Green,Wild Eggs #14 (Bowling Green),05/06/2026 7:45 AM,05/05/2026 9:58 AM,$583.00 ,$0.00 ,$35.00 ,($92.70),$37.08 ,($37.08),$87.45 ,($19.59),$0.00 ,$0.00 ,0,0,0,593.16,Completed,ach,Marketplace Delivery,,Jamie Thomas,,,
WR2-20V,Bowling Green Ballpark,300 E 8th Ave,Bowling Green,KY,42101,14,Bowling Green,Wild Eggs #14 (Bowling Green),05/06/2026 8:00 AM,04/27/2026 8:13 PM,"$1,081.00 ",$0.00 ,$35.00 ,($167.40),$66.96 ,($66.96),$50.00 ,($35.37),$0.00 ,$0.00 ,-2.25,0,0,960.98,Completed,ach,Marketplace Delivery,,Jamie Thomas,,,
X4Y-4MF,Victory Field,501 W Washington St,Indianapolis,IN,46204,6,Pulliam,Wild Eggs #6 (Pulliam),05/06/2026 9:00 AM,04/30/2026 2:43 PM,$871.00 ,$0.00 ,$35.00 ,($135.90),$81.54 ,($63.42),$87.10 ,($29.53),$0.00 ,$0.00 ,0,0,-43.55,802.24,Completed,ach,Marketplace Delivery,,Vanessa Ablanalp,,,
TYP-H5J,Victory Field,501 W Maryland St,Indianapolis,IN,46225,6,Pulliam,Wild Eggs #6 (Pulliam),05/06/2026 9:15 AM,04/28/2026 5:09 PM,$711.00 ,$0.00 ,$35.00 ,($111.90),$67.14 ,($52.22),$25.00 ,($24.31),$0.00 ,$0.00 ,-2.25,0,-35.55,611.91,Completed,ach,Marketplace Delivery,,Vanessa Ablanalp,,,
V4Y-ZFC,Tri Health Endo,3660 Edgewood Dr,Cincinnati,OH,45211,9,Queen City Wild Eggs,Wild Eggs #9 (Queen City Wild Eggs),05/06/2026 9:15 AM,05/01/2026 12:21 PM,$480.00 ,$0.00 ,$35.00 ,($77.25),$0.00 ,$0.00 ,$35.00 ,($15.40),$0.00 ,$0.00 ,0,0,0,457.35,Completed,ach,Marketplace Delivery,cincodemayo26,Shirelle Bloom,,,
Z3K-80R,Lennar Homes,11555 N Meridian St Suite 190,Carmel,IN,46032,5,Carmel,Wild Eggs #5 (Carmel),05/06/2026 9:15 AM,05/05/2026 11:50 AM,$223.00 ,$0.00 ,$35.00 ,($38.70),$23.22 ,($18.06),$33.45 ,($8.41),$0.00 ,$0.00 ,0,0,-11.15,238.35,Completed,ach,Marketplace Delivery,,Lesley Rodela,,,
228-9GM,Cardiac Cath Lab,3023 N Ballas Rd floor 2,Frontenac,MO,63131,,Creve Coeur,CBW- Crazy Bowls and Wraps (Creve Coeur),05/06/2026 9:56 AM,05/05/2026 10:57 AM,$825.00 ,$0.00 ,$20.00 ,($126.75),$72.09 ,$0.00 ,$0.00 ,($27.42),$0.00 ,$0.00 ,-82.5,0,-41.25,639.17,Completed,ach,Marketplace Takeout,,Dispatch,,,
VFZ-5H1,Onyx Spine and Orthopedic,425 N New Ballas Rd,Creve Coeur,MO,63141,,West Oak,CBW- Crazy Bowls and Wraps (West Oak),05/06/2026 10:39 AM,05/04/2026 2:59 PM,$256.75 ,$0.00 ,$20.00 ,($41.51),$23.08 ,$0.00 ,$0.00 ,($8.96),$0.00 ,$0.00 ,-30,0,-12.84,206.52,Completed,ach,Marketplace Takeout,,Dispatch,,,
T7T-EWJ,MegaCorp Logistics,200 W 3rd St Lobby,Newport,KY,41071,9,Queen City Wild Eggs,Wild Eggs #9 (Queen City Wild Eggs),05/07/2026 7:15 AM,04/28/2026 12:22 PM,$150.00 ,$0.00 ,$35.00 ,($27.75),$0.00 ,$0.00 ,$30.00 ,($5.53),$0.00 ,$0.00 ,0,0,0,181.72,Completed,ach,Marketplace Delivery,,Shirelle Bloom,,,
XEX-4Z3,Baptist neurology,4003 Kresge Way 400,Louisville,KY,40207,2,Westport,Wild Eggs #2 (Westport),05/07/2026 7:15 AM,05/06/2026 4:08 PM,$757.00 ,$0.00 ,$35.00 ,($118.80),$47.52 ,($47.52),$113.55 ,($25.10),$0.00 ,$0.00 ,0,0,-37.85,723.8,Completed,ach,Marketplace Delivery,,Taylor Kaman,,,
PJJ-CVP,Rheumatology Associates,3430 Newburg Rd Suite 250 Suite 250 250,Louisville,KY,40218,1,Dupont,Wild Eggs #1 (Dupont),05/07/2026 7:30 AM,05/05/2026 9:13 PM,$203.00 ,$0.00 ,$35.00 ,($35.70),$14.28 ,($14.28),$20.30 ,($7.54),$0.00 ,$0.00 ,0,0,0,215.06,Completed,ach,Marketplace Delivery,,Carol Kuhns,,,
25A-UTK,Forefront Dermatology - Middletown,159 S English Station Rd,Louisville,KY,40245,2,Westport,Wild Eggs #2 (Westport),05/07/2026 8:00 AM,05/06/2026 10:22 PM,$245.00 ,$0.00 ,$35.00 ,($42.00),$16.80 ,($16.80),$10.00 ,($8.87),$0.00 ,$0.00 ,0,0,-12.25,226.88,Completed,ach,Marketplace Delivery,,Taylor Kaman,,,
WX5-Z74,Dr. Warren Neurology,4233 Gateway Blvd,Newburgh,IN,47630,17,Evansville,Wild Eggs #17 (Evansville),05/07/2026 8:15 AM,05/06/2026 9:06 AM,$437.00 ,$0.00 ,$35.00 ,($70.80),$37.76 ,($33.04),$40.00 ,($15.24),$0.00 ,$0.00 ,0,0,0,430.68,Completed,ach,Marketplace Delivery,,Nick Miller,,,
8UR-QZG,Dr Pais Office,2810 Frank Scott Pkwy W,Belleville,IL,62223,,Shiloh,CBW- Crazy Bowls and Wraps (Shiloh),05/07/2026 10:29 AM,05/06/2026 4:18 PM,$275.33 ,$0.00 ,$20.00 ,($44.30),$22.99 ,($22.99),$0.00 ,($9.52),$0.00 ,$0.00 ,-30,0,-13.77,197.74,Completed,ach,Marketplace Takeout,,Dispatch,,,
6R9-7QA,FTL Finance,820 S Main St Suite 307,Saint Charles,MO,63301,,Lindenwood,CBW- Crazy Bowls and Wraps (Lindenwood),05/07/2026 10:49 AM,05/01/2026 9:10 AM,$843.15 ,$0.00 ,$20.00 ,($129.47),$83.89 ,$0.00 ,$0.00 ,($28.32),$0.00 ,$0.00 ,-84.32,0,-42.16,662.77,Completed,ach,Marketplace Takeout,,Dispatch,,,
JU0-5E5,St. Luke’s Clinic of Internal Medicine,121 St. Luke’s Center Dr (Outpatient bldg A) 506,Chesterfield,MO,63017,,Creve Coeur,CBW- Crazy Bowls and Wraps (Creve Coeur),05/07/2026 11:08 AM,05/04/2026 10:17 AM,$356.20 ,$0.00 ,$20.00 ,($56.43),$31.12 ,$0.00 ,$0.00 ,($12.18),$0.00 ,$0.00 ,-35.62,0,-17.81,285.28,Completed,ach,Marketplace Takeout,cincodemayo26,Dispatch,,,
GV0-44J,Simon Law Firm,1001 Highlands Plaza Dr 300,St. Louis,MO,63110,18,South City,CBW- Crazy Bowls and Wraps #18 (South City),05/07/2026 11:18 AM,05/04/2026 11:24 AM,$859.75 ,$0.00 ,$20.00 ,($131.96),$113.31 ,$0.00 ,$0.00 ,($29.69),$0.00 ,$0.00 ,-85.98,0,0,745.43,Completed,ach,Marketplace Takeout,,Dispatch,,,
G76-380,UC Endosocopy,9275 Montgomery Rd 400,Cincinnati,OH,45242,8,Oakley,Wild Eggs #8 (Oakley),05/08/2026 7:30 AM,04/28/2026 11:36 AM,$342.00 ,$0.00 ,$35.00 ,($56.55),$0.00 ,$0.00 ,$30.00 ,($11.27),$0.00 ,$0.00 ,0,0,0,339.18,Completed,ach,Marketplace Delivery,,Kemen Norman,,,
JVK-AXH,Associates of Dermatology,3 Audubon Plaza Dr ste 630,Louisville,KY,40217,2,Westport,Wild Eggs #2 (Westport),05/08/2026 8:00 AM,05/07/2026 3:00 PM,$104.00 ,$0.00 ,$35.00 ,($20.85),$8.34 ,($8.34),$15.00 ,($4.41),$0.00 ,$0.00 ,0,0,-5.2,123.54,Completed,ach,Marketplace Delivery,,Taylor Kaman,,,
69J-EPG,Mercy primary care,300 Winding Woods Dr 214,O'Fallon,MO,63366,,O'Fallon,CBW- Crazy Bowls and Wraps (O'Fallon),05/08/2026 11:12 AM,05/06/2026 10:18 PM,$217.50 ,$0.00 ,$20.00 ,($35.63),$19.47 ,$0.00 ,$0.00 ,($7.68),$0.00 ,$0.00 ,-30,0,-10.88,172.78,Completed,ach,Marketplace Takeout,,Dispatch,,,
1F6-YA3,Kirkwood High School,801 W Essex Ave CRU Dance,Kirkwood,MO,63122,,Rock Hill/Glendale,CBW- Crazy Bowls and Wraps (Rock Hill/Glendale),05/08/2026 5:33 PM,05/07/2026 7:33 PM,$125.75 ,$0.00 ,$20.00 ,($21.86),$11.62 ,$0.00 ,$0.00 ,($4.71),$0.00 ,$0.00 ,-30,0,0,100.8,Completed,ach,Marketplace Takeout,,Dispatch,,,
K2G-254,Racing Louisville FC,801 Edith Rd,Louisville,KY,40206,4,Mercantile,Wild Eggs #4 (Mercantile),05/09/2026 7:45 AM,05/07/2026 11:37 PM,$311.00 ,$0.00 ,$35.00 ,($51.90),$20.76 ,($20.76),$31.10 ,($10.97),$0.00 ,$0.00 ,0,0,0,314.23,Completed,ach,Marketplace Delivery,,Bayley Brown,,,
M97-AZ9,Indie Mane,531 Virginia Ave,Indianapolis,IN,46203,6,Pulliam,Wild Eggs #6 (Pulliam),05/09/2026 9:00 AM,05/01/2026 9:23 PM,$349.00 ,$0.00 ,$35.00 ,($57.60),$34.56 ,($26.88),$52.35 ,($12.51),$0.00 ,$0.00 ,0,0,-17.45,356.47,Completed,ach,Marketplace Delivery,,Vanessa Ablanalp,,,
V18-A8A,Holiday Inn.,18975 Sunny Dr,Carmel,IN,46074,5,Carmel,Wild Eggs #5 (Carmel),05/09/2026 9:00 AM,05/05/2026 11:32 AM,$601.00 ,$0.00 ,$35.00 ,($95.40),$57.24 ,($44.52),$60.10 ,($20.73),$0.00 ,$0.00 ,0,0,-30.05,562.64,Completed,ach,Marketplace Delivery,,Lesley Rodela,,,
Q3R-U5J,,,Cincinnati,OH,,9,Queen City Wild Eggs,Wild Eggs #9 (Queen City Wild Eggs),05/09/2026 11:00 AM,05/07/2026 1:17 PM,$125.00 ,$0.00 ,$0.00 ,($18.75),$0.00 ,$0.00 ,$12.50 ,($3.74),$0.00 ,$0.00 ,0,0,0,115.01,Completed,ach,Marketplace Takeout,,N/A,,,
M9R-WW7,Traders Point Christian Church - Carmel,1242 W 136th St,Carmel,IN,46032,5,Carmel,Wild Eggs #5 (Carmel),05/10/2026 7:30 AM,04/14/2026 1:47 PM,$307.00 ,$0.00 ,$35.00 ,($51.30),$0.00 ,$0.00 ,$30.70 ,($10.23),$0.00 ,$0.00 ,0,0,-15.35,295.82,Completed,ach,Marketplace Delivery,,Ambria Buce,,,
4KW-0QT,Northview Church,12900 Hazel Dell Pkwy,Carmel,IN,46033,5,Carmel,Wild Eggs #5 (Carmel),05/10/2026 7:45 AM,04/30/2026 12:51 PM,$217.00 ,$0.00 ,$35.00 ,($37.80),$0.00 ,$0.00 ,$0.00 ,($7.53),$0.00 ,$0.00 ,0,0,-10.85,195.82,Completed,ach,Marketplace Delivery,,Lisa Bailey,,,
QMC-X9F,Southeast Christian church - Crestwood Campus,6201 Crestwood Station,Crestwood,KY,40014,3,Landis,Wild Eggs #3 (Landis),05/10/2026 8:00 AM,05/04/2026 1:10 PM,$162.00 ,$0.00 ,$35.00 ,($29.55),$0.00 ,$0.00 ,$16.20 ,($5.89),$0.00 ,$0.00 ,0,0,0,177.76,Completed,ach,Marketplace Delivery,,Kelley compton,,,
8VX-2WY,Bowling Green Ballpark,300 E 8th Ave,Bowling Green,KY,42101,14,Bowling Green,Wild Eggs #14 (Bowling Green),05/10/2026 8:00 AM,04/27/2026 7:27 PM,"$1,138.00 ",$0.00 ,$35.00 ,($175.95),$70.38 ,($70.38),$50.00 ,($37.18),$0.00 ,$0.00 ,-2.25,0,0,1007.62,Completed,ach,Marketplace Delivery,,Ashley  Walker ,,,
Q3J-QRV,Victory Field,501 W Maryland St,Indianapolis,IN,46225,6,Pulliam,Wild Eggs #6 (Pulliam),05/10/2026 9:30 AM,05/06/2026 12:39 PM,$686.00 ,$0.00 ,$35.00 ,($108.15),$64.89 ,($50.47),$25.00 ,($23.50),$0.00 ,$0.00 ,0,0,-34.3,594.47,Completed,ach,Marketplace Delivery,,Skylar Greene,,,
E1V-ZXQ,Residence - Jessica Kohlmeyer,20037 Prairie Baptist Rd,Noblesville,IN,46060,7,Fishers,Wild Eggs #07 (Fishers),05/10/2026 9:45 AM,05/06/2026 7:42 PM,$348.00 ,$0.00 ,$35.00 ,($57.45),$0.00 ,$0.00 ,$69.60 ,($11.45),$0.00 ,$0.00 ,-2.25,0,0,381.45,Completed,ach,Marketplace Delivery,,Brandon Martinez,,,
ZT0-K83,Diploma in Climate Medicine - Univ of Colorado,5595 Grand Dr Learning Lab,St. Louis,MO,63112,,Lindell/SLU,CBW- Crazy Bowls and Wraps (Lindell/SLU),05/10/2026 11:36 AM,05/06/2026 5:08 PM,$237.40 ,$0.00 ,$20.00 ,($38.61),$31.29 ,$0.00 ,$0.00 ,($8.63),($99.01),$0.00 ,-30,0,-11.87,100.57,Completed,ach,Marketplace Takeout,,Dispatch,,,
HPP-PY8,"Takeout from New Albany, IN",3605 Northgate Ct,New Albany,IN,47150,13,New Albany,Wild Eggs #13 (New Albany),05/11/2026 7:00 AM,05/08/2026 4:02 PM,$269.00 ,$0.00 ,$0.00 ,($40.35),$18.83 ,($18.83),$26.90 ,($8.61),$0.00 ,$0.00 ,0,0,0,246.94,Completed,ach,Marketplace Takeout,,N/A,,,
21J-385,Baptist Hospital ED Observation unit,4000 Kresge Way,Saint Matthews,KY,40207,1,Dupont,Wild Eggs #1 (Dupont),05/11/2026 7:30 AM,05/08/2026 1:40 PM,$421.00 ,$0.00 ,$35.00 ,($68.40),$27.36 ,($27.36),$50.00 ,($14.45),$0.00 ,$0.00 ,0,0,-21.05,402.1,Completed,ach,Marketplace Delivery,,Victoria Carbajal,,,
8M2-Z6T,Franciscan Health Cancer Center,8111 S Emerson Ave 101,Indianapolis,IN,46237,16,Greenwood,Wild Eggs #16 (Greenwood),05/11/2026 8:00 AM,05/05/2026 9:11 AM,$843.00 ,$0.00 ,$35.00 ,($131.70),$79.02 ,($61.46),$80.00 ,($28.61),$0.00 ,$0.00 ,0,0,0,815.25,Completed,ach,Marketplace Delivery,,Theo Shaw,,,
645-T3X,Procter and Gamble,2 Procter and Gamble Plaza,Cincinnati,OH,45202,9,Queen City Wild Eggs,Wild Eggs #9 (Queen City Wild Eggs),05/11/2026 8:00 AM,05/07/2026 1:43 PM,$285.00 ,$0.00 ,$35.00 ,($22.40),$0.00 ,$0.00 ,$30.00 ,($9.57),$0.00 ,$0.00 ,0,0,0,318.03,Completed,ach,ezOrdering Delivery,2500comeback,Shirelle Bloom,,,
96X-JV1,Indiana neurology and pain,7301 Shadeland Ave,Indianapolis,IN,46250,5,Carmel,Wild Eggs #5 (Carmel),05/11/2026 8:30 AM,05/07/2026 8:31 AM,$233.00 ,$0.00 ,$35.00 ,($40.20),$24.12 ,($18.76),$15.00 ,($8.73),$0.00 ,$0.00 ,0,0,-11.65,227.78,Completed,ach,Marketplace Delivery,,Lesley Rodela,,,
1WE-9X7,[REMOVED],1698458 Ezcater St,Ezcater,MA,47630,17,Evansville,Wild Eggs #17 (Evansville),05/11/2026 8:15 AM,05/09/2026 10:19 AM,$315.00 ,$0.00 ,$35.00 ,($52.50),$28.00 ,($24.50),$47.25 ,($11.30),$0.00 ,$0.00 ,0,0,0,336.95,Completed,ach,Marketplace Delivery,,Brittany 01291985,,,
V4W-J7M,Leonardo DRS,4201 Innovation Way,Bridgeton,MO,63044,,West Oak,CBW- Crazy Bowls and Wraps (West Oak),05/11/2026 11:01 AM,05/04/2026 1:12 PM,$147.00 ,$0.00 ,$20.00 ,($25.05),$0.00 ,$0.00 ,$0.00 ,($4.99),$0.00 ,$0.00 ,-30,0,-7.35,99.61,Completed,ach,Marketplace Takeout,,Dispatch,,,
6M4-RKZ,Mercy,10024 Watson Rd,St. Louis,MO,63126,,Sunset Hills,CBW- Crazy Bowls and Wraps (Sunset Hills),05/11/2026 11:23 AM,05/10/2026 7:42 AM,$321.65 ,$0.00 ,$20.00 ,($51.25),$24.89 ,$0.00 ,$0.00 ,($10.96),$0.00 ,$0.00 ,-32.16,0,0,272.17,Completed,ach,Marketplace Takeout,,Dispatch,,,
M0P-YT2,ICL,622 Emerson Rd Suite 500,Creve Coeur,MO,63141,,West Oak,CBW- Crazy Bowls and Wraps (West Oak),05/11/2026 11:25 AM,05/08/2026 4:38 PM,$96.27 ,$0.00 ,$20.00 ,($17.44),$8.65 ,$0.00 ,$0.00 ,($3.74),$0.00 ,$0.00 ,-30,0,-4.81,68.93,Completed,ach,Marketplace Takeout,,Dispatch,,,
HZA-F91,Baptist Health Endocrinology,2800 Breckenridge Ln 320,Meadowview Estates,KY,40220,2,Westport,Wild Eggs #2 (Westport),05/12/2026 7:45 AM,05/11/2026 4:23 PM,$299.00 ,$0.00 ,$35.00 ,($50.10),$20.04 ,($20.04),$30.00 ,($10.59),$0.00 ,$0.00 ,0,0,-14.95,288.36,Completed,ach,Marketplace Delivery,,Taylor Kaman,,,
34X-8G3,Deaconess Felstead FP,801 Felstead Rd,Evansville,IN,47712,17,Evansville,Wild Eggs #17 (Evansville),05/12/2026 7:30 AM,05/11/2026 6:22 AM,$518.00 ,$0.00 ,$35.00 ,($82.95),$44.24 ,($38.71),$10.00 ,($17.86),$0.00 ,$0.00 ,0,0,0,467.72,Completed,ach,Marketplace Delivery,,Brittany 01291985,,,
8Y9-CJP,CEI- Cincinnati Eye Instutite,222 Piedmont Ave STE 4000,Cincinnati,OH,45219,9,Queen City Wild Eggs,Wild Eggs #9 (Queen City Wild Eggs),05/12/2026 8:45 AM,05/11/2026 8:59 AM,$626.00 ,$0.00 ,$35.00 ,($99.15),$0.00 ,$0.00 ,$20.00 ,($19.76),$0.00 ,$0.00 ,0,0,0,562.09,Completed,ach,Marketplace Delivery,,audie hill,,,
R7E-41Z,Family Allergy Goss Ave,1261 Goss Ave,Louisville,KY,40217,4,Mercantile,Wild Eggs #4 (Mercantile),05/12/2026 9:00 AM,05/11/2026 1:08 PM,$179.00 ,$0.00 ,$35.00 ,($32.10),$12.84 ,($12.84),$26.85 ,($6.78),$0.00 ,$0.00 ,0,0,0,201.97,Completed,ach,Marketplace Delivery,,Bayley Brown,,,
43W-4RQ,Burns & McDonnell,425 S Woods Mill Rd,Town and Country,MO,63017,,Creve Coeur,CBW- Crazy Bowls and Wraps (Creve Coeur),05/12/2026 10:53 AM,05/04/2026 1:16 PM,$948.00 ,$0.00 ,$20.00 ,($145.20),$82.84 ,$0.00 ,$0.00 ,($31.42),$0.00 ,$0.00 ,-94.8,0,-47.4,732.02,Completed,ach,Marketplace Takeout,,Dispatch,,,
KUP-VA9,Gateway Region YMCA,2815 Scott Ave D,St. Louis,MO,63103,,Lindell/SLU,CBW- Crazy Bowls and Wraps (Lindell/SLU),05/12/2026 10:53 AM,05/11/2026 12:05 PM,$108.40 ,$0.00 ,$20.00 ,($19.26),$0.00 ,$0.00 ,$0.00 ,($3.84),$0.00 ,$0.00 ,-30,0,-5.42,69.88,Completed,ach,Marketplace Takeout,,Dispatch,,,
953-T72,Associated Physicians Group,916 Talon Dr,O'Fallon,IL,62269,,Shiloh,CBW- Crazy Bowls and Wraps (Shiloh),05/12/2026 11:08 AM,05/11/2026 11:27 AM,$193.23 ,$0.00 ,$20.00 ,($31.98),$16.13 ,($16.13),$0.00 ,($6.86),$0.00 ,$0.00 ,-30,0,-9.66,134.73,Completed,ach,Marketplace Takeout,,Dispatch,,,
X02-E42,Faith Oakville,6101 Telegraph Rd,St. Louis,MO,63129,,Tesson,CBW- Crazy Bowls and Wraps (Tesson),05/12/2026 11:16 AM,05/11/2026 11:37 AM,$109.48 ,$0.00 ,$20.00 ,($19.42),$0.00 ,$0.00 ,$0.00 ,($3.87),$0.00 ,$0.00 ,-30,0,0,76.19,Completed,ach,Marketplace Takeout,,Dispatch,,,
QGW-VF2,Louisville Slugger Field,401 E Main St,Louisville,KY,40202,4,Mercantile,Wild Eggs #4 (Mercantile),05/13/2026 7:45 AM,05/03/2026 12:14 PM,$819.00 ,$0.00 ,$35.00 ,($128.10),$51.24 ,($51.24),$25.00 ,($27.07),$0.00 ,$0.00 ,0,0,0,723.83,Completed,ach,Marketplace Delivery,,Johnny Snawder,,,
AC3-1FC,GE Appliance Park,4000 Buechel Bank Rd VISITOR CENTER,Louisville,KY,40225,1,Dupont,Wild Eggs #1 (Dupont),05/13/2026 8:00 AM,05/07/2026 1:11 PM,$151.00 ,$0.00 ,$35.00 ,($27.90),$11.16 ,($11.16),$0.00 ,($5.90),$0.00 ,$0.00 ,0,0,-7.55,144.65,Completed,ach,Marketplace Delivery,,Linda Dera,,,
V2X-1KX,Norton Healthcare Sleep Center,4950 Norton Healthcare Blvd 210,Louisville,KY,40241,2,Westport,Wild Eggs #2 (Westport),05/13/2026 8:00 AM,05/10/2026 7:37 PM,$150.00 ,$0.00 ,$35.00 ,($27.75),$11.10 ,($11.10),$15.00 ,($5.86),$0.00 ,$0.00 ,0,0,-7.5,158.89,Completed,ach,Marketplace Delivery,,Taylor Kaman,,,
65W-6U2,Salesforce,1 E Ohio St,Indianapolis,IN,46204,6,Pulliam,Wild Eggs #6 (Pulliam),05/13/2026 9:00 AM,05/06/2026 2:46 PM,$152.00 ,$0.00 ,$35.00 ,($28.05),$16.83 ,($13.09),$22.80 ,($6.09),$0.00 ,$0.00 ,0,0,-7.6,171.8,Completed,ach,Marketplace Delivery,,Vanessa Ablanalp,,,
YRT-QKY,Medical Center Health Neurology,350 Park St Suite 206a,Bowling Green,KY,42101,14,Bowling Green,Wild Eggs #14 (Bowling Green),05/13/2026 8:15 AM,05/09/2026 12:54 PM,$164.00 ,$0.00 ,$35.00 ,($29.85),$11.94 ,($11.94),$24.60 ,($6.31),$0.00 ,$0.00 ,0,0,0,187.44,Completed,ach,Marketplace Delivery,,Jamie Thomas,,,
U7J-E2X,Newburgh Dermatology,10788 Stahl Rd.,Newburgh,IN,47630,17,Evansville,Wild Eggs #17 (Evansville),05/13/2026 8:15 AM,05/12/2026 12:06 PM,$244.00 ,$0.00 ,$35.00 ,($41.85),$22.32 ,($19.53),$10.00 ,($9.01),$0.00 ,$0.00 ,0,0,0,240.93,Completed,ach,Marketplace Delivery,,Brittany 01291985,,,
0Y6-RZP,Vasantha Pai,2810 Frank Scott Pkwy W #716,Belleville,IL,62223,,Shiloh,CBW- Crazy Bowls and Wraps (Shiloh),05/13/2026 10:00 AM,05/12/2026 2:50 PM,$232.50 ,$0.00 ,$20.00 ,($37.88),$19.41 ,($19.41),$0.00 ,($8.13),$0.00 ,$0.00 ,-30,0,-11.63,164.86,Completed,ach,Marketplace Takeout,,Dispatch,,,
JPK-89Q,Preferred Family Helthcare,4066 Dunnica Ave,St. Louis,MO,63116,18,South City,CBW- Crazy Bowls and Wraps #18 (South City),05/13/2026 10:34 AM,05/11/2026 2:09 PM,$247.50 ,$0.00 ,$20.00 ,($40.13),$0.00 ,$0.00 ,$0.00 ,($8.00),$0.00 ,$0.00 ,-30,0,0,189.37,Completed,ach,Marketplace Takeout,,Dispatch,,,
K35-5GA,Education Plus,1460 Craig Rd,St. Louis,MO,63146,,West Oak,CBW- Crazy Bowls and Wraps (West Oak),05/13/2026 10:54 AM,05/12/2026 9:54 AM,$301.58 ,$0.00 ,$20.00 ,($48.24),$27.11 ,$0.00 ,$0.00 ,($10.43),$0.00 ,$0.00 ,-30.16,0,-15.08,244.78,Completed,ach,Marketplace Takeout,,Dispatch,,,
AZ4-QEY,Leonardo DRS,4201 Innovation Way,Bridgeton,MO,63044,,West Oak,CBW- Crazy Bowls and Wraps (West Oak),05/13/2026 10:58 AM,05/11/2026 1:52 PM,$273.30 ,$0.00 ,$20.00 ,($44.00),$0.00 ,$0.00 ,$0.00 ,($8.77),$0.00 ,$0.00 ,-30,0,-13.67,196.86,Completed,ach,Marketplace Takeout,,Dispatch,,,
XM7-XJR,Aspire Software,390 S Woods Mill Rd ste 300 - 3rd floor,Chesterfield,MO,63017,,West Oak,CBW- Crazy Bowls and Wraps (West Oak),05/13/2026 11:00 AM,04/27/2026 3:37 PM,$173.34 ,$0.00 ,$25.00 ,($30.00),$15.58 ,$0.00 ,$40.00 ,($7.19),$0.00 ,$0.00 ,26.66,0,0,243.39,Completed,ach,Meal Program,,,,,
ZEW-KMG,,11427 Old Olive St Rd,Creve Coeur,MO,63141,,West Oak,CBW- Crazy Bowls and Wraps (West Oak),05/13/2026 11:00 AM,05/12/2026 1:48 PM,$344.85 ,$0.00 ,$0.00 ,($51.73),$31.00 ,$0.00 ,$0.00 ,($11.24),$0.00 ,$0.00 ,0,0,-17.24,295.64,Completed,ach,Marketplace Takeout,,N/A,,,
0KF-F26,Epiphany Dermatology,8888 Ladue Rd Suite 120,St. Louis,MO,63124,,Forsyth/Clayton,CBW- Crazy Bowls and Wraps (Forsyth/Clayton),05/13/2026 11:39 AM,05/12/2026 11:26 AM,$247.95 ,$0.00 ,$20.00 ,($40.19),$26.00 ,$0.00 ,$0.00 ,($8.79),$0.00 ,$0.00 ,-30,0,0,214.97,Completed,ach,Marketplace Takeout,,Dispatch,,,
93R-2G3,,,Louisville,KY,,1,Dupont,Wild Eggs #1 (Dupont),05/14/2026 7:00 AM,05/12/2026 8:11 PM,$586.00 ,$0.00 ,$0.00 ,($41.02),$35.16 ,($35.16),$50.00 ,($18.57),$0.00 ,$0.00 ,0,0,0,576.41,Completed,ach,ezOrdering Takeout,,N/A,,,
REF-3YT,Dr. Olash,3900 Kresge Way 50,Louisville,KY,40207,2,Westport,Wild Eggs #2 (Westport),05/14/2026 8:00 AM,05/13/2026 1:53 PM,$130.00 ,$0.00 ,$35.00 ,($24.75),$9.90 ,($9.90),$0.00 ,($5.23),$0.00 ,$0.00 ,0,0,-6.5,128.52,Completed,ach,Marketplace Delivery,,Julian Soto,,,
40Y-QEE,Brown Cancer Center,529 S Jackson St Radiation Oncology - Basement,Louisville,KY,40202,4,Mercantile,Wild Eggs #4 (Mercantile),05/14/2026 9:00 AM,05/13/2026 11:13 AM,$327.00 ,$0.00 ,$35.00 ,($54.30),$21.72 ,($21.72),$0.00 ,($11.47),$0.00 ,$0.00 ,0,0,0,296.23,Completed,ach,Marketplace Delivery,,Johnny Snawder,,,
PGP-7M6,Deaconess infusion,4219 Gateway Blvd 3rd,Newburgh,IN,47630,17,Evansville,Wild Eggs #17 (Evansville),05/14/2026 8:30 AM,05/12/2026 2:03 PM,$394.00 ,$0.00 ,$35.00 ,($64.35),$34.32 ,($30.03),$0.00 ,($13.85),$0.00 ,$0.00 ,0,0,0,355.09,Completed,ach,Marketplace Delivery,,Brittany 01291985,,,
QEE-PTY,Cambridge Air Solutions,760 Long Rd Crossing Dr,Chesterfield,MO,63005,,Chesterfield Valley,CBW- Crazy Bowls and Wraps (Chesterfield Valley),05/14/2026 10:37 AM,05/13/2026 5:23 PM,$171.00 ,$0.00 ,$20.00 ,($28.65),$17.29 ,$0.00 ,$0.00 ,($6.23),$0.00 ,$0.00 ,-30,0,0,143.41,Completed,ach,Marketplace Takeout,,Dispatch,,,
04C-A2G,Cardio Pulmonary,222 South Woods Mill Rd STE 310,Chesterfield,MO,63017,,Creve Coeur,CBW- Crazy Bowls and Wraps (Creve Coeur),05/14/2026 11:07 AM,05/13/2026 10:17 AM,$302.70 ,$0.00 ,$20.00 ,($48.41),$26.45 ,$0.00 ,$0.00 ,($10.44),$0.00 ,$0.00 ,-30.27,0,-15.14,244.89,Completed,ach,Marketplace Takeout,,Dispatch,,,
ZY3-FJG,Edward Jones,12555 Manchester Rd,Des Peres,MO,63131,,Manchester,CBW- Crazy Bowls and Wraps (Manchester),05/14/2026 11:09 AM,05/13/2026 2:53 PM,$106.94 ,$0.00 ,$20.00 ,($19.04),$9.34 ,$0.00 ,$0.00 ,($4.07),$0.00 ,$0.00 ,-30,0,0,83.17,Completed,ach,Marketplace Takeout,,Dispatch,,,
U94-QFH,Weissman Photo Studio,6750 Manchester Ave,St. Louis,MO,63139,18,South City,CBW- Crazy Bowls and Wraps #18 (South City),05/14/2026 11:20 AM,05/12/2026 3:40 PM,$573.15 ,$0.00 ,$20.00 ,($88.97),$75.54 ,$0.00 ,$0.00 ,($19.99),$0.00 ,$0.00 ,-57.32,0,0,502.41,Completed,ach,Marketplace Takeout,,Dispatch,,,
882-C19,Nephrology and hypertension specialist,10004 Kennerly Rd 374B,St. Louis,MO,63128,,Tesson,CBW- Crazy Bowls and Wraps (Tesson),05/14/2026 11:26 AM,05/13/2026 4:20 PM,$212.28 ,$0.00 ,$20.00 ,($34.84),$16.43 ,$0.00 ,$0.00 ,($7.44),$0.00 ,$0.00 ,-30,0,0,176.43,Completed,ach,Marketplace Takeout,,Dispatch,,,
A1E-JRP,TriHealth Physicians Gastroenterology,10600 Montgomery Rd,Cincinnati,OH,45242,8,Oakley,Wild Eggs #8 (Oakley),05/15/2026 7:30 AM,05/13/2026 6:03 PM,$389.00 ,$0.00 ,$35.00 ,($63.60),$0.00 ,$0.00 ,$12.00 ,($12.68),$0.00 ,$0.00 ,0,0,0,359.72,Completed,ach,Marketplace Delivery,,Sydney Metzinger,,,
RJT-ZWH,HUB International,8044 Montgomery Rd Suite 640,Cincinnati,OH,45236,8,Oakley,Wild Eggs #8 (Oakley),05/15/2026 8:00 AM,05/11/2026 4:52 PM,$335.00 ,$0.00 ,$35.00 ,($55.50),$0.00 ,$0.00 ,$15.00 ,($11.06),$0.00 ,$0.00 ,0,0,0,318.44,Completed,ach,Marketplace Delivery,,Kemen Norman,,,
49J-CZH,Mercy kids clinic,12680 Olive Blvd 116,St. Louis,MO,63141,,Creve Coeur,CBW- Crazy Bowls and Wraps (Creve Coeur),05/15/2026 7:23 AM,05/14/2026 6:56 PM,$142.45 ,$0.00 ,$20.00 ,($24.37),$12.45 ,$0.00 ,$0.00 ,($5.23),$0.00 ,$0.00 ,-30,0,-7.12,108.18,Completed,ach,Marketplace Takeout,,Dispatch,,,
QQ7-EXV,Charles H Braun Stadium,1800 Lincoln Ave,Evansville,IN,47722,17,Evansville,Wild Eggs #17 (Evansville),05/15/2026 9:45 AM,05/14/2026 7:01 AM,$476.00 ,$0.00 ,$35.00 ,($76.65),$40.88 ,($35.77),$15.00 ,($16.50),$0.00 ,$0.00 ,0,0,0,437.96,Completed,ach,Marketplace Delivery,,Brittany 01291985,,,
AV1-WH7,Plancorp LLC,540 Maryville Centre Dr 105,St. Louis,MO,63141,,Creve Coeur,CBW- Crazy Bowls and Wraps (Creve Coeur),05/15/2026 10:46 AM,04/30/2026 9:30 AM,$795.35 ,$0.00 ,$20.00 ,($122.30),$69.50 ,$0.00 ,$0.00 ,($26.46),$0.00 ,$0.00 ,-79.54,0,-39.77,616.78,Completed,ach,Marketplace Takeout,,Dispatch,,,
P28-6UT,PracticeLink,1034 S Brentwood Blvd Ste 2200 - PH - 22,Richmond Heights,MO,63117,,Forsyth/Clayton,CBW- Crazy Bowls and Wraps (Forsyth/Clayton),05/15/2026 10:50 AM,05/08/2026 12:45 PM,$420.50 ,$0.00 ,$20.00 ,($66.08),$44.10 ,$0.00 ,$0.00 ,($14.49),$0.00 ,$0.00 ,-42.05,0,0,361.98,Completed,ach,Marketplace Takeout,,Dispatch,,,
CA1-WEZ,Racing Louisville,801 Edith Rd,Louisville,KY,40206,4,Mercantile,Wild Eggs #4 (Mercantile),05/16/2026 7:15 AM,05/15/2026 7:47 AM,$351.00 ,$0.00 ,$35.00 ,($57.90),$23.16 ,($23.16),$25.00 ,($12.23),$0.00 ,$0.00 ,0,0,0,340.87,Completed,ach,Marketplace Delivery,,Bayley Brown,,,
3JW-UR9,Traders Point Christian Church - Carmel,1242 W 136th St,Carmel,IN,46032,5,Carmel,Wild Eggs #5 (Carmel),05/17/2026 7:30 AM,04/14/2026 1:56 PM,$307.00 ,$0.00 ,$35.00 ,($51.30),$0.00 ,$0.00 ,$30.70 ,($10.23),$0.00 ,$0.00 ,0,0,-15.35,295.82,Completed,ach,Marketplace Delivery,,Ambria Buce,,,
RE3-JK1,"Takeout from Cincinnati, OH",9275 Montgomery Rd,Cincinnati,OH,45242,8,Oakley,Wild Eggs #8 (Oakley),05/18/2026 8:00 AM,05/15/2026 8:39 AM,$180.00 ,$0.00 ,$35.00 ,($32.25),$0.00 ,$0.00 ,$10.00 ,($6.43),$0.00 ,$0.00 ,0,0,0,186.32,Completed,ach,Marketplace Delivery,,Maddie Maynard,,,
5YE-50V,Procter and Gamble,2 Procter and Gamble Plz Cafe Blue,Cincinnati,OH,45202,9,Queen City Wild Eggs,Wild Eggs #9 (Queen City Wild Eggs),05/18/2026 8:00 AM,05/15/2026 2:58 PM,$220.00 ,$0.00 ,$35.00 ,($38.25),$0.00 ,$0.00 ,$22.00 ,($7.62),$0.00 ,$0.00 ,0,0,0,231.13,Completed,ach,Marketplace Delivery,,audie hill,,,
G6U-3JQ,Distinctive Dermatology,390 Office Ct,Fairview Heights,IL,62208,,Shiloh,CBW- Crazy Bowls and Wraps (Shiloh),05/18/2026 10:21 AM,05/01/2026 10:27 AM,$603.00 ,$0.00 ,$20.00 ,($93.45),$50.35 ,($50.35),$0.00 ,($20.13),$0.00 ,$0.00 ,-60.3,0,-30.15,418.97,Completed,ach,Marketplace Takeout,,Dispatch,,,
0QJ-1XM,"Takeout from Wentzville, MO",,Wentzville,MO,,,Wentzville,CBW- Crazy Bowls and Wraps (Wentzville),05/18/2026 10:45 AM,05/15/2026 2:23 PM,$97.50 ,$0.00 ,$0.00 ,($14.63),$10.19 ,$0.00 ,$5.00 ,($3.22),$0.00 ,$0.00 ,0,0,0,94.84,Completed,ach,Marketplace Takeout,,N/A,,,
ZCV-7K8,The Crossing at Fenton,1800 Bowles Ave The Crossing at Fenton,Fenton,MO,63026,,Tesson,CBW- Crazy Bowls and Wraps (Tesson),05/18/2026 5:16 PM,05/17/2026 1:00 PM,$103.30 ,$0.00 ,$20.00 ,($18.50),$0.00 ,$0.00 ,$0.00 ,($3.69),$0.00 ,$0.00 ,-30,0,0,71.11,Completed,ach,Marketplace Takeout,cart20off,Dispatch,,,
K8K-WU0,Marathon Health,10 W Market St Suite 2900,Indianapolis,IN,46204,6,Pulliam,Wild Eggs #6 (Pulliam),05/19/2026 7:45 AM,05/11/2026 5:06 PM,$191.00 ,$0.00 ,$35.00 ,($33.90),$20.34 ,($15.82),$28.65 ,($7.37),$0.00 ,$0.00 ,0,0,-9.55,208.35,Completed,ach,Marketplace Delivery,,Vanessa Ablanalp,,,
7M5-GFZ,Trihealth Group Health,8240 Northcreek Dr 4th floor conference room,Cincinnati,OH,45236,8,Oakley,Wild Eggs #8 (Oakley),05/19/2026 7:45 AM,05/15/2026 9:58 PM,$708.00 ,$0.00 ,$35.00 ,($111.45),$5.62 ,($5.62),$20.00 ,($22.38),$0.00 ,$0.00 ,0,0,0,629.17,Completed,ach,Marketplace Delivery,,Kemen Norman,,,
JJT-VPR,Solvay,3500 Missouri Ave,East St. Louis,IL,62205,,Lindell/SLU,CBW- Crazy Bowls and Wraps (Lindell/SLU),05/19/2026 10:28 AM,05/18/2026 11:39 AM,$162.95 ,$0.00 ,$20.00 ,($27.44),$21.48 ,$0.00 ,$0.00 ,($6.11),$0.00 ,$0.00 ,-30,0,-8.15,132.73,Completed,ach,Marketplace Takeout,,Dispatch,,,
63M-ETH,Robert Stewart MD,7906 New La Grange Rd,Louisville,KY,40222,2,Westport,Wild Eggs #2 (Westport),05/19/2026 11:45 AM,05/19/2026 10:49 AM,$307.00 ,$0.00 ,$35.00 ,($51.30),$20.52 ,($20.52),$15.00 ,($10.84),$0.00 ,$0.00 ,0,0,-15.35,279.51,Completed,ach,Marketplace Delivery,,Taylor Kaman,,,
85Y-K46,Hartwig,10617 Trenton Ave,St. Louis,MO,63132,,West Oak,CBW- Crazy Bowls and Wraps (West Oak),05/19/2026 10:50 AM,05/12/2026 9:07 AM,$165.50 ,$0.00 ,$20.00 ,($27.83),$14.88 ,$0.00 ,$0.00 ,($5.99),$0.00 ,$0.00 ,-30,0,-8.28,128.28,Completed,ach,Marketplace Takeout,,Dispatch,,,
GMJ-JGZ,Purina,901 Chouteau Ave,St. Louis,MO,63102,,Lindell/SLU,CBW- Crazy Bowls and Wraps (Lindell/SLU),05/19/2026 11:06 AM,05/14/2026 2:49 PM,$159.25 ,$0.00 ,$20.00 ,($26.89),$20.99 ,$0.00 ,$0.00 ,($5.99),$0.00 ,$0.00 ,-30,0,-7.96,129.4,Completed,ach,Marketplace Takeout,,Dispatch,,,
YVK-A0F,Mid America Transplant,1110 Highlands Plaza Dr Suite 100,St. Louis,MO,63110,18,South City,CBW- Crazy Bowls and Wraps #18 (South City),05/19/2026 11:08 AM,05/11/2026 12:52 PM,$180.20 ,$0.00 ,$20.00 ,($30.03),$0.00 ,$0.00 ,$0.00 ,($5.99),$0.00 ,$0.00 ,-30,0,0,134.18,Completed,ach,Marketplace Takeout,,Dispatch,,,
G02-AE2,Embody Her Health,391 Frank Scott Pkwy E B,Fairview Heights,IL,62208,,Shiloh,CBW- Crazy Bowls and Wraps (Shiloh),05/19/2026 11:09 AM,05/18/2026 4:47 PM,$147.00 ,$0.00 ,$20.00 ,($11.69),$12.27 ,($12.27),$0.00 ,($5.36),$0.00 ,$0.00 ,-30,0,-7.35,112.6,Completed,ach,Marketplace Takeout,,Dispatch,,,
EKW-UJM,Forefront Dermatology,501 S 2nd St,Louisville,KY,40202,2,Westport,Wild Eggs #2 (Westport),05/20/2026 7:30 AM,05/19/2026 9:36 PM,$378.00 ,$0.00 ,$35.00 ,($61.95),$24.78 ,($24.78),$20.00 ,($13.09),$0.00 ,$0.00 ,0,0,-18.9,339.06,Completed,ach,Marketplace Delivery,,Taylor Kaman,,,
YHR-117,Associates in Dermatology,4912 US-42 Basement,Louisville,KY,40222,2,Westport,Wild Eggs #2 (Westport),05/20/2026 7:45 AM,05/14/2026 1:55 PM,$171.00 ,$0.00 ,$35.00 ,($30.90),$12.36 ,($12.36),$17.10 ,($6.53),$0.00 ,$0.00 ,0,0,-8.55,177.12,Completed,ach,Marketplace Delivery,,Taylor Kaman,,,
FH7-0QC,KMK Law,32 E Ogden Pl Suite 1400,Cincinnati,OH,45202,9,Queen City Wild Eggs,Wild Eggs #9 (Queen City Wild Eggs),05/20/2026 8:30 AM,05/13/2026 1:43 PM,$256.00 ,$0.00 ,$35.00 ,($43.65),$0.00 ,$0.00 ,$38.40 ,($8.70),$0.00 ,$0.00 ,0,0,0,277.05,Completed,ach,Marketplace Delivery,,Shirelle Bloom,,,
7KH-FQ7,Deaconess West,545 S Boehne Camp Rd,Evansville,IN,47712,17,Evansville,Wild Eggs #17 (Evansville),05/20/2026 7:30 AM,05/18/2026 7:39 PM,$288.00 ,$0.00 ,$35.00 ,($48.45),$25.84 ,($22.61),$0.00 ,($10.43),$0.00 ,$0.00 ,-2.25,0,0,265.1,Completed,ach,Marketplace Delivery,,Brittany 01291985,,,
CVX-A01,Evansville Primary Care,4933 Plaza E Blvd,Evansville,IN,47715,17,Evansville,Wild Eggs #17 (Evansville),05/20/2026 7:45 AM,05/19/2026 11:52 AM,$262.00 ,$0.00 ,$35.00 ,($44.55),$23.76 ,($20.79),$52.40 ,($9.59),$0.00 ,$0.00 ,0,0,0,298.23,Completed,ach,Marketplace Delivery,,Valerie Anderson,,,
VMG-1EC,Hazel Dell Family Practice,14535 Hazel Dell Pkwy Bldg A,Carmel,IN,46033,5,Carmel,Wild Eggs #5 (Carmel),05/20/2026 9:00 AM,05/18/2026 12:46 PM,$241.00 ,$0.00 ,$35.00 ,($41.40),$24.84 ,($19.32),$25.00 ,($9.00),$0.00 ,$0.00 ,0,0,-12.05,244.07,Completed,ach,Marketplace Delivery,,Lesley Rodela,,,
Z8T-QM6,midwest sinus sleep,1179 Fortune Blvd,Shiloh,IL,62269,,Shiloh,CBW- Crazy Bowls and Wraps (Shiloh),05/20/2026 11:12 AM,05/18/2026 2:55 PM,$336.25 ,$0.00 ,$20.00 ,($53.44),$28.08 ,($28.08),$0.00 ,($11.49),$0.00 ,$0.00 ,-33.62,0,-16.81,240.89,Completed,ach,Marketplace Takeout,,Dispatch,,,
PCG-W95,Office buliding 2,70 Jungermann Cir Suite 302,St. Peters,MO,63376,,Lindenwood,CBW- Crazy Bowls and Wraps (Lindenwood),05/20/2026 11:20 AM,05/19/2026 1:30 PM,$244.61 ,$0.00 ,$20.00 ,($39.69),$24.34 ,$0.00 ,$0.00 ,($8.64),$0.00 ,$0.00 ,-30,0,-12.23,198.39,Completed,ach,Marketplace Takeout,,Dispatch,,,
F2Q-R95,CIC,20 S Sarah St,St. Louis,MO,63108,,Lindell/SLU,CBW- Crazy Bowls and Wraps (Lindell/SLU),05/20/2026 11:25 AM,05/15/2026 1:30 PM,$163.95 ,$0.00 ,$20.00 ,($27.59),$21.61 ,$0.00 ,$0.00 ,($6.15),$0.00 ,$0.00 ,-30,0,-8.2,133.62,Completed,ach,Marketplace Takeout,nccv3ezr2,Dispatch,,,
CF2-X34,The Living World Entrance,1 Government Dr,St. Louis,MO,63110,18,South City,CBW- Crazy Bowls and Wraps #18 (South City),05/20/2026 4:20 PM,05/18/2026 2:58 PM,$158.70 ,$0.00 ,$20.00 ,($26.81),$20.92 ,$0.00 ,$0.00 ,($5.97),$0.00 ,$0.00 ,-30,0,0,136.84,Completed,ach,Marketplace Takeout,,Dispatch,,,
20Y-481,Horizon League,129 E Market St 900,Indianapolis,IN,46204,6,Pulliam,Wild Eggs #6 (Pulliam),05/21/2026 7:00 AM,05/12/2026 1:56 PM,$308.00 ,$0.00 ,$35.00 ,($51.45),$30.87 ,($24.01),$30.80 ,($11.18),$0.00 ,$0.00 ,0,0,-15.4,302.63,Completed,ach,Marketplace Delivery,,Vanessa Ablanalp,,,
RXR-UTH,Deaconess,4949 Healthy Wy,Evansville,IN,47715,17,Evansville,Wild Eggs #17 (Evansville),05/21/2026 7:30 AM,05/19/2026 8:56 PM,$606.00 ,$0.00 ,$35.00 ,($96.15),$51.28 ,($44.87),$15.00 ,($20.70),$0.00 ,$0.00 ,0,0,0,545.56,Completed,ach,Marketplace Delivery,,Brittany 01291985,,,
0PK-7ZQ,Allure Medical,2522 Waterbridge Way,Evansville,IN,47710,17,Evansville,Wild Eggs #17 (Evansville),05/21/2026 9:00 AM,05/19/2026 9:00 PM,$288.00 ,$0.00 ,$35.00 ,($48.45),$25.84 ,($22.61),$15.00 ,($10.43),$0.00 ,$0.00 ,0,0,0,282.35,Completed,ach,Marketplace Delivery,,Brittany 01291985,,,
5ZT-05P,Radiation Oncology,10050 Kennerly Rd,St. Louis,MO,63128,,Tesson,CBW- Crazy Bowls and Wraps (Tesson),05/21/2026 10:56 AM,05/20/2026 3:53 PM,$228.00 ,$0.00 ,$20.00 ,($37.20),$17.64 ,$0.00 ,$0.00 ,($7.94),$0.00 ,$0.00 ,-30,0,0,190.5,Completed,ach,Marketplace Takeout,,Dispatch,,,
CC1-M73,Kilkowski,6400 Clayton Rd 303,Richmond Heights,MO,63117,,Forsyth/Clayton,CBW- Crazy Bowls and Wraps (Forsyth/Clayton),05/21/2026 11:23 AM,05/20/2026 1:57 PM,$200.95 ,$0.00 ,$20.00 ,($33.14),$21.08 ,$0.00 ,$0.00 ,($7.24),$0.00 ,$0.00 ,-30,0,0,171.65,Completed,ach,Marketplace Takeout,,Dispatch,,,
0KK-2J9,Mid America Transplant,1110 Highlands Plaza Dr Suite 100,St. Louis,MO,63110,18,South City,CBW- Crazy Bowls and Wraps #18 (South City),05/21/2026 11:25 AM,05/18/2026 11:19 AM,$114.05 ,$0.00 ,$20.00 ,($20.11),$0.00 ,$0.00 ,$0.00 ,($4.01),$0.00 ,$0.00 ,-30,0,0,79.93,Completed,ach,Marketplace Takeout,,Dispatch,,,
U4U-HXJ,Dr. Michael Snyder,12700 Southfork Rd 270,St. Louis,MO,63128,,Tesson,CBW- Crazy Bowls and Wraps (Tesson),05/21/2026 11:27 AM,05/20/2026 11:49 AM,$231.95 ,$0.00 ,$20.00 ,($37.79),$17.95 ,$0.00 ,$0.00 ,($8.07),$0.00 ,$0.00 ,-30,0,0,194.04,Completed,ach,Marketplace Takeout,,Dispatch,,,
CUC-W8W,Cincinnati- GI,7661 Beechmont Ave,Cincinnati,OH,45255,9,Queen City Wild Eggs,Wild Eggs #9 (Queen City Wild Eggs),05/22/2026 7:00 AM,05/21/2026 8:32 AM,$357.00 ,$0.00 ,$35.00 ,($58.80),$0.00 ,$0.00 ,$35.70 ,($11.72),$0.00 ,$0.00 ,-2.25,0,0,354.93,Completed,ach,Marketplace Delivery,,Melissa Barker,,,
JWE-GPF,mastec,10401 N Meridian St suite 300,Indianapolis,IN,46290,5,Carmel,Wild Eggs #5 (Carmel),05/22/2026 7:30 AM,05/19/2026 11:48 AM,$105.00 ,$0.00 ,$35.00 ,($21.00),$12.60 ,($9.80),$10.50 ,($4.56),$0.00 ,$0.00 ,0,0,-5.25,122.49,Completed,ach,Marketplace Delivery,,Lisa Bailey,,,
8WG-Z54,Marathon Health,10 W Market St 2900,Indianapolis,IN,46204,6,Pulliam,Wild Eggs #6 (Pulliam),05/22/2026 7:45 AM,05/19/2026 4:08 PM,$299.00 ,$0.00 ,$35.00 ,($50.10),$30.06 ,($23.38),$29.90 ,($10.89),$0.00 ,$0.00 ,0,0,-14.95,294.64,Completed,ach,Marketplace Delivery,,Vanessa Ablanalp,,,
06Z-Z1Q,Fedex,155 Flex Park Ln,Bowling Green,KY,42101,14,Bowling Green,Wild Eggs #14 (Bowling Green),05/22/2026 9:15 AM,05/21/2026 12:18 PM,$455.00 ,$0.00 ,$35.00 ,($73.50),$29.40 ,($29.40),$68.25 ,($15.53),$0.00 ,$0.00 ,0,0,0,469.22,Completed,ach,Marketplace Delivery,,Jamie Thomas,,,
YRR-PCG,Lemonaid Pharmacy,1701 Macklind Ave Suite 300,St. Louis,MO,63110,,West Oak,CBW- Crazy Bowls and Wraps (West Oak),05/22/2026 11:30 AM,05/05/2026 9:54 AM,$236.85 ,$0.00 ,$25.00 ,($35.53),$21.29 ,$0.00 ,$23.69 ,($8.47),$0.00 ,$0.00 ,0,0,0,262.83,Completed,ach,Meal Program,,,,,
A9T-G7K,St. Louis City Training Facility,218 S 22nd St,St. Louis,MO,63103,18,South City,CBW- Crazy Bowls and Wraps #18 (South City),05/25/2026 7:03 PM,05/22/2026 2:22 PM,$369.00 ,$0.00 ,$20.00 ,($58.35),$48.63 ,$0.00 ,$0.00 ,($13.09),$0.00 ,$0.00 ,-36.9,0,0,329.29,Completed,ach,Marketplace Takeout,,Dispatch,,,
CYY-TJ3,Wiese USA,1435 Woodson Rd attn: Emily Ashby,St. Louis,MO,63132,,Forsyth/Clayton,CBW- Crazy Bowls and Wraps (Forsyth/Clayton),05/26/2026 10:51 AM,05/22/2026 1:29 PM,$172.95 ,$0.00 ,$20.00 ,($28.94),$18.14 ,$0.00 ,$0.00 ,($6.31),$0.00 ,$0.00 ,-30,0,0,145.84,Completed,ach,Marketplace Takeout,,Dispatch,,,
81G-7HP,Centerpointe out patient,4801 Weldon Spring Pkwy,Weldon Spring,MO,63304,,O'Fallon,CBW- Crazy Bowls and Wraps (O'Fallon),05/26/2026 11:27 AM,05/25/2026 4:01 PM,$535.50 ,$0.00 ,$20.00 ,($83.33),$47.93 ,$0.00 ,$0.00 ,($18.04),$0.00 ,$0.00 ,-53.55,0,-26.78,421.73,Completed,ach,Marketplace Takeout,,Dispatch,,,
7KU-2F7,Franciscan Health Oncology & Hematology Specialists,8111 S Emerson Ave 101,Indianapolis,IN,46237,6,Pulliam,Wild Eggs #6 (Pulliam),05/27/2026 7:45 AM,05/26/2026 9:16 AM,$953.00 ,$0.00 ,$35.00 ,($148.20),$88.92 ,($69.16),$20.00 ,($32.20),$0.00 ,$0.00 ,0,0,-47.65,799.71,Completed,ach,Marketplace Delivery,,Vanessa Ablanalp,,,
2VK-GGP,Gastro Health Partners - OneGI,1941 Bishop Ln 2nd floor,Louisville,KY,40218,1,Dupont,Wild Eggs #1 (Dupont),05/27/2026 8:00 AM,05/26/2026 12:22 PM,$426.00 ,$0.00 ,$35.00 ,($69.15),$27.66 ,($27.66),$15.00 ,($14.61),$0.00 ,$0.00 ,0,0,-21.3,370.94,Completed,ach,Marketplace Delivery,,Victoria Carbajal,,,
FHY-EKX,"Talisen Technologies, Inc",12655 Olive Blvd 500,Creve Coeur,MO,63141,,Creve Coeur,CBW- Crazy Bowls and Wraps (Creve Coeur),05/27/2026 7:38 AM,05/26/2026 8:23 AM,$178.90 ,$0.00 ,$20.00 ,($29.84),$15.63 ,$0.00 ,$0.00 ,($6.41),$0.00 ,$0.00 ,-30,0,-8.95,139.33,Completed,ach,Marketplace Takeout,,Dispatch,,,
XG6-445,Kemper CPA Group LLP,7200 Eagle Crest Blvd,Evansville,IN,47715,17,Evansville,Wild Eggs #17 (Evansville),05/27/2026 7:45 AM,05/21/2026 2:11 PM,$312.00 ,$0.00 ,$35.00 ,($52.05),$27.76 ,($24.29),$46.80 ,($11.21),$0.00 ,$0.00 ,0,0,0,334.01,Completed,ach,Marketplace Delivery,,Brittany 01291985,,,
EFX-C62,Clearpath/Harford,9960 Corporate Campus Dr suite 1400,Louisville,KY,40223,2,Westport,Wild Eggs #2 (Westport),05/27/2026 9:15 AM,05/19/2026 9:45 AM,$152.00 ,$0.00 ,$35.00 ,($28.05),$11.22 ,($11.22),$22.80 ,($5.93),$0.00 ,$0.00 ,0,0,-7.6,168.22,Completed,ach,Marketplace Delivery,,Taylor Kaman,,,
8E0-QHK,Clearpath/Harford,9960 Corporate Campus Dr suite 1400,Louisville,KY,40223,2,Westport,Wild Eggs #2 (Westport),05/27/2026 9:15 AM,05/20/2026 9:33 AM,$148.00 ,$0.00 ,$35.00 ,($27.45),$10.98 ,($10.98),$14.80 ,($5.80),$0.00 ,$0.00 ,0,0,-7.4,157.15,Completed,ach,Marketplace Delivery,,Taylor Kaman,,,
2Q1-JPZ,Med Center Health Neurology,350 Park St Suite 206-A Suite 206-A,Bowling Green,KY,42101,14,Bowling Green,Wild Eggs #14 (Bowling Green),05/27/2026 8:15 AM,05/22/2026 12:33 PM,$468.00 ,$0.00 ,$35.00 ,($75.45),$30.18 ,($30.18),$70.20 ,($15.94),$0.00 ,$0.00 ,0,0,0,481.81,Completed,ach,Marketplace Delivery,,Caroline Witty,,,
H69-20G,Solvay,3500 Missouri Ave,East St. Louis,IL,62205,,Lindell/SLU,CBW- Crazy Bowls and Wraps (Lindell/SLU),05/27/2026 10:28 AM,05/26/2026 3:18 PM,$73.50 ,$0.00 ,$20.00 ,($14.03),$9.69 ,$0.00 ,$0.00 ,($3.09),$0.00 ,$0.00 ,-30,0,-3.68,52.39,Completed,ach,Marketplace Takeout,,Dispatch,,,
3YV-V8T,Acera Surgical,1630 Des Peres Rd Training Room,St. Louis,MO,63131,,Manchester,CBW- Crazy Bowls and Wraps (Manchester),05/27/2026 10:52 AM,05/22/2026 10:06 AM,$315.10 ,$0.00 ,$20.00 ,($50.27),$27.53 ,$0.00 ,$0.00 ,($10.84),$0.00 ,$0.00 ,-31.51,0,0,270.01,Completed,ach,Marketplace Takeout,,Dispatch,,,
RA1-JGZ,Peabody Plaza — Mercer,800 Market St 1800,St. Louis,MO,63101,,Lindell/SLU,CBW- Crazy Bowls and Wraps (Lindell/SLU),05/27/2026 11:06 AM,05/25/2026 10:53 PM,$208.49 ,$0.00 ,$20.00 ,($34.27),$27.48 ,$0.00 ,$0.00 ,($7.65),$0.00 ,$0.00 ,-30,0,-10.42,173.63,Completed,ach,Marketplace Takeout,,Dispatch,,,
X4C-WTF,Renaissance Financial,5700 Oakland Ave Suite 400,St. Louis,MO,63110,18,South City,CBW- Crazy Bowls and Wraps #18 (South City),05/27/2026 11:23 AM,05/22/2026 1:20 PM,$227.55 ,$0.00 ,$20.00 ,($37.13),$29.99 ,$0.00 ,$0.00 ,($8.30),$0.00 ,$0.00 ,-30,0,0,202.11,Completed,ach,Marketplace Takeout,,Dispatch,,,
77R-V8Y,Washington University in St. Louis,6475 Forsyth Blvd Floor 1 Room: DUC 150,St. Louis,MO,63105,,Forsyth/Clayton,CBW- Crazy Bowls and Wraps (Forsyth/Clayton),05/27/2026 11:26 AM,05/26/2026 4:35 PM,$174.91 ,$0.00 ,$20.00 ,($29.24),$0.00 ,$0.00 ,$0.00 ,($5.83),$0.00 ,$0.00 ,-30,0,0,129.84,Completed,ach,Marketplace Takeout,,Dispatch,,,
4XW-MRM,Techartista,725 Kingsland Ave,St. Louis,MO,63130,,Forsyth/Clayton,CBW- Crazy Bowls and Wraps (Forsyth/Clayton),05/27/2026 11:39 AM,05/26/2026 7:50 PM,$76.55 ,$0.00 ,$20.00 ,($14.48),$8.03 ,$0.00 ,$0.00 ,($3.13),$0.00 ,$0.00 ,-30,0,0,56.97,Completed,ach,Marketplace Takeout,,Dispatch,,,
127-EE2,LC Rheumatology,3897 Charlestown Rd,New Albany,IN,47150,13,New Albany,Wild Eggs #13 (New Albany),05/28/2026 8:00 AM,05/22/2026 2:41 PM,$421.00 ,$0.00 ,$35.00 ,($68.40),$31.92 ,($31.92),$42.00 ,($14.59),$0.00 ,$0.00 ,-2.25,0,0,412.76,Completed,ach,Marketplace Delivery,,Jacob Hardegree,,,
38W-Y0Z,Sheraton Indianapolis City Centre,31 W Ohio St,Indianapolis,IN,46204,6,Pulliam,Wild Eggs #6 (Pulliam),05/28/2026 8:00 AM,05/25/2026 11:34 AM,$282.00 ,$0.00 ,$35.00 ,($47.55),$28.53 ,($22.19),$42.30 ,($10.33),$0.00 ,$0.00 ,0,0,-14.1,293.66,Completed,ach,Marketplace Delivery,,Vanessa Ablanalp,,,
2MW-2WX,WashU Oncology,4590 Nash Wy Mid Campus Center 11th floor,St. Louis,MO,63110,,Lindell/SLU,CBW- Crazy Bowls and Wraps (Lindell/SLU),05/28/2026 10:36 AM,05/18/2026 9:58 AM,$510.40 ,$0.00 ,$20.00 ,($79.56),$0.00 ,$0.00 ,$0.00 ,($15.86),$0.00 ,$0.00 ,-51.04,0,-25.52,358.42,Completed,ach,Marketplace Takeout,,Dispatch,,,
1UC-9VJ,The Lawrence Group,319 N 4th St 1000,St. Louis,MO,63102,,Lindell/SLU,CBW- Crazy Bowls and Wraps (Lindell/SLU),05/28/2026 11:03 AM,05/26/2026 2:17 PM,$165.80 ,$0.00 ,$20.00 ,($27.87),$21.85 ,$0.00 ,$0.00 ,($6.21),$0.00 ,$0.00 ,-30,0,-8.29,135.28,Completed,ach,Marketplace Takeout,,Dispatch,,,
MZJ-7WF,Mercy Gastroenterology,615 S New Ballas Rd Suite 1200,St. Louis,MO,63141,,West Oak,CBW- Crazy Bowls and Wraps (West Oak),05/28/2026 11:05 AM,05/27/2026 1:17 PM,$362.50 ,$0.00 ,$20.00 ,($57.38),$32.58 ,$0.00 ,$0.00 ,($12.41),$0.00 ,$0.00 ,-36.25,0,-18.13,290.91,Completed,ach,Marketplace Takeout,,Dispatch,,,
Y50-TUK,PHX Creative,555 Washington Ave Floor 5,St. Louis,MO,63101,,Lindell/SLU,CBW- Crazy Bowls and Wraps (Lindell/SLU),05/28/2026 11:17 AM,05/15/2026 11:53 AM,$240.00 ,$0.00 ,$20.00 ,($39.00),$31.63 ,$0.00 ,$0.00 ,($8.72),$0.00 ,$0.00 ,-30,0,-12,201.91,Completed,ach,Marketplace Takeout,,Dispatch,,,
6ZM-J3R,Southern Illinois behavioral health,6805 State Route 162 Suite 201,Maryville,IL,62062,,Edwardsville,CBW- Crazy Bowls and Wraps (Edwardsville),05/28/2026 11:18 AM,05/27/2026 2:56 PM,$376.05 ,$0.00 ,$20.00 ,($59.41),$28.58 ,($28.58),$0.00 ,($12.70),$0.00 ,$0.00 ,-37.6,0,-18.8,267.54,Completed,ach,Marketplace Takeout,,Dispatch,,,
3H9-Y2V,HSHS Family & Sports Medicine,670 Pierce Blvd 200,O'Fallon,IL,62269,,Shiloh,CBW- Crazy Bowls and Wraps (Shiloh),05/28/2026 11:26 AM,05/27/2026 10:48 AM,$223.45 ,$0.00 ,$20.00 ,($36.52),$18.66 ,($18.66),$0.00 ,($7.84),$0.00 ,$0.00 ,-30,0,-11.17,157.92,Completed,ach,Marketplace Takeout,,Dispatch,,,
9VV-H5X,Drury Inn Arnold,3800 MO-141,Arnold,MO,63010,,Tesson,CBW- Crazy Bowls and Wraps (Tesson),05/28/2026 11:30 AM,05/18/2026 1:07 PM,$357.75 ,$0.00 ,$20.00 ,($56.66),$27.68 ,$0.00 ,$0.00 ,($12.12),$0.00 ,$0.00 ,-35.78,0,0,300.87,Completed,ach,Marketplace Takeout,,Dispatch,,,
AQ9-8KV,The Dermatology Center,2857 Charlestown Rd,New Albany,IN,47150,13,New Albany,Wild Eggs #13 (New Albany),05/29/2026 7:45 AM,05/28/2026 10:00 AM,$364.00 ,$0.00 ,$35.00 ,($59.85),$27.93 ,($27.93),$25.00 ,($12.77),$0.00 ,$0.00 ,0,0,0,351.38,Completed,ach,Marketplace Delivery,,Savannah Gilbert,,,
CZ3-UQW,cbc Kresge,4003 Kresge Way,Saint Matthews,KY,40207,1,Dupont,Wild Eggs #1 (Dupont),05/29/2026 7:45 AM,05/28/2026 10:58 AM,$826.00 ,$0.00 ,$35.00 ,($129.15),$51.66 ,($51.66),$82.60 ,($27.29),$0.00 ,$0.00 ,0,0,-41.3,745.86,Completed,ach,Marketplace Delivery,,Victoria Carbajal,,,
CTF-35H,Gastroenterology Health Partners,1941 Bishop Ln 200,Louisville,KY,40218,1,Dupont,Wild Eggs #1 (Dupont),05/29/2026 8:00 AM,05/27/2026 4:09 PM,$284.00 ,$0.00 ,$35.00 ,($47.85),$19.14 ,($19.14),$20.00 ,($10.11),$0.00 ,$0.00 ,0,0,-14.2,266.84,Completed,ach,Marketplace Delivery,,Linda Dera,,,
0CQ-TX4,Dauenhauer Plumbing,3416 Robards Ct,Louisville,KY,40218,1,Dupont,Wild Eggs #1 (Dupont),05/29/2026 8:15 AM,05/19/2026 1:13 PM,$842.00 ,$0.00 ,$35.00 ,($131.55),$52.62 ,($52.62),$0.00 ,($27.80),$0.00 ,$0.00 ,0,0,-42.1,675.55,Completed,ach,Marketplace Delivery,,Carmen Esparza,,,
EJ2-VW9,"Graves Gilbert Clinic, Dr. Gass Brooks Mangold Stice Drexel",201 Park St 2nd Floor,Bowling Green,KY,42101,14,Bowling Green,Wild Eggs #14 (Bowling Green),05/29/2026 8:00 AM,05/27/2026 11:42 AM,$607.00 ,$0.00 ,$35.00 ,($96.30),$38.52 ,($38.52),$15.00 ,($20.35),$0.00 ,$0.00 ,0,0,0,540.35,Completed,ach,Marketplace Delivery,,Lili Hook,,,
KZQ-93M,Caleres Headquarters,8300 Maryland Ave,St. Louis,MO,63105,,Lindell/SLU,CBW- Crazy Bowls and Wraps (Lindell/SLU),05/29/2026 10:45 AM,05/28/2026 5:27 PM,$162.50 ,$0.00 ,$20.00 ,($27.38),$21.42 ,$0.00 ,$0.00 ,($6.10),$0.00 ,$0.00 ,-30,0,-8.13,132.31,Completed,ach,Marketplace Takeout,,Dispatch,,,
0MF-QQY,Racing Louisville,801 Edith Rd,Louisville,KY,40206,4,Mercantile,Wild Eggs #4 (Mercantile),05/30/2026 8:45 AM,05/28/2026 12:13 PM,$325.00 ,$0.00 ,$35.00 ,($54.00),$21.60 ,($21.60),$25.00 ,($11.41),$0.00 ,$0.00 ,0,0,0,319.59,Completed,ach,Marketplace Delivery,,Bayley Brown,,,
PHU-2VR,Traders Point Christian Church - Carmel,1242 W 136th St,Carmel,IN,46032,5,Carmel,Wild Eggs #5 (Carmel),05/31/2026 7:30 AM,04/14/2026 2:00 PM,$307.00 ,$0.00 ,$35.00 ,($51.30),$0.00 ,$0.00 ,$30.70 ,($10.23),$0.00 ,$0.00 ,0,0,-15.35,295.82,Completed,ach,Marketplace Delivery,,Ambria Buce,,,
PXJ-C3P,Pivot,501 W Maryland St,Indianapolis,IN,46225,6,Pulliam,Wild Eggs #6 (Pulliam),05/31/2026 8:45 AM,05/26/2026 6:28 PM,$998.00 ,$0.00 ,$35.00 ,($154.95),$92.97 ,($72.31),$0.00 ,($33.67),$0.00 ,$0.00 ,0,0,-49.9,815.14,Completed,ach,Marketplace Delivery,,Vanessa Ablanalp,,,
853-KVJ,Eureka! Ranch/Dexter-Brain Brew Distillery,3849 Edwards Rd,Newtown,OH,45244,8,Oakley,Wild Eggs #8 (Oakley),06/01/2026 7:00 AM,05/24/2026 8:37 AM,$528.00 ,$0.00 ,$35.00 ,($84.45),$0.00 ,$0.00 ,$105.60 ,($16.83),$0.00 ,$0.00 ,0,0,0,567.32,Completed,ach,Marketplace Delivery,,Maddie Maynard,,,
AFZ-1VA,Lake Cumberland Rheumatology,3897 Charlestown Rd,New Albany,IN,47150,11,Jeffersonville,Wild Eggs #11 (Jeffersonville),06/01/2026 7:45 AM,05/31/2026 9:10 AM,$466.00 ,$0.00 ,$35.00 ,($75.15),$35.07 ,($35.07),$46.60 ,($16.03),$0.00 ,$0.00 ,0,0,0,456.42,Completed,ach,Marketplace Delivery,nccv3ezr2,Christal Vanarsdale,,,
UAT-FY5,Franciscan Oncology & Hematology - Emerson,8111 S Emerson Ave Suite 101,Indianapolis,IN,46237,6,Pulliam,Wild Eggs #6 (Pulliam),06/01/2026 8:00 AM,05/29/2026 12:54 PM,"$1,460.00 ",$0.00 ,$35.00 ,($224.25),$134.55 ,($104.65),$100.00 ,($48.72),$0.00 ,$0.00 ,0,0,-73,1278.93,Completed,ach,Marketplace Delivery,,Vanessa Ablanalp,,,
2H7-YUR,MISO Energy,720 City Center Dr First Floor - Main Entrance,Carmel,IN,46032,5,Carmel,Wild Eggs #5 (Carmel),06/01/2026 8:45 AM,05/29/2026 9:57 AM,$364.00 ,$0.00 ,$35.00 ,($59.85),$35.91 ,($27.93),$36.40 ,($13.00),$0.00 ,$0.00 ,0,0,-18.2,352.33,Completed,ach,Marketplace Delivery,,Lesley Rodela,,,
2UW-6ZA,SLU Doisy College of Health Sciences,3437 Caroline St,St. Louis,MO,63104,,Lindell/SLU,CBW- Crazy Bowls and Wraps (Lindell/SLU),06/01/2026 11:35 AM,05/31/2026 6:14 PM,$362.50 ,$0.00 ,$20.00 ,($57.38),$0.00 ,$0.00 ,$0.00 ,($11.44),$0.00 ,$0.00 ,-36.25,0,-18.13,259.3,Completed,ach,Marketplace Takeout,,Dispatch,,,
1VA-1HU,Drury Hotel Brentwood,8700 Eager Rd,Brentwood,MO,63144,,Lindell/SLU,CBW- Crazy Bowls and Wraps (Lindell/SLU),06/01/2026 5:42 PM,05/22/2026 3:46 PM,$217.50 ,$0.00 ,$20.00 ,($35.63),$28.66 ,$0.00 ,$0.00 ,($7.96),$0.00 ,$0.00 ,-30,0,-10.88,181.69,Completed,ach,Marketplace Takeout,,Dispatch,,,
T2T-KMZ,Baptist Health Cancer Center,2210 Green Valley Rd,New Albany,IN,47150,13,New Albany,Wild Eggs #13 (New Albany),06/02/2026 7:15 AM,06/01/2026 11:49 AM,$544.00 ,$0.00 ,$35.00 ,($86.85),$40.53 ,($40.53),$35.00 ,($18.52),$0.00 ,$0.00 ,-2.25,0,0,506.38,Completed,ach,Marketplace Delivery,,Jacob Hardegree,,,
WA2-CHM,Arcturis,701 Market St 1300,St. Louis,MO,63101,18,South City,CBW- Crazy Bowls and Wraps #18 (South City),06/02/2026 10:47 AM,05/27/2026 2:57 PM,$169.00 ,$0.00 ,$20.00 ,($28.35),$22.27 ,$0.00 ,$0.00 ,($6.32),$0.00 ,$0.00 ,-30,0,0,146.6,Completed,ach,Marketplace Takeout,,Dispatch,,,
C45-QW6,Cass,13001 Hollenberg Dr,Bridgeton,MO,63044,,Lindenwood,CBW- Crazy Bowls and Wraps (Lindenwood),06/02/2026 10:49 AM,06/01/2026 10:23 AM,$76.80 ,$0.00 ,$20.00 ,($14.52),$7.64 ,$0.00 ,$0.00 ,($3.12),$0.00 ,$0.00 ,-30,0,-3.84,52.96,Completed,ach,Marketplace Takeout,,Dispatch,,,
2FF-60M,Fabick Cat,1 Fabick Dr,Fenton,MO,63026,,Sunset Hills,CBW- Crazy Bowls and Wraps (Sunset Hills),06/02/2026 11:37 AM,06/01/2026 1:43 PM,$131.52 ,$0.00 ,$20.00 ,($22.73),$10.18 ,$0.00 ,$0.00 ,($4.83),$0.00 ,$0.00 ,-30,0,0,104.14,Completed,ach,Marketplace Takeout,,Dispatch,,,
ZR3-60A,Mercy,3637 S Geyer Rd,St. Louis,MO,63127,,Sunset Hills,CBW- Crazy Bowls and Wraps (Sunset Hills),06/02/2026 11:55 AM,06/01/2026 2:39 PM,$336.14 ,$0.00 ,$20.00 ,($53.42),$26.01 ,$0.00 ,$0.00 ,($11.43),$0.00 ,$0.00 ,-33.61,0,0,283.69,Completed,ach,Marketplace Takeout,,Dispatch,,,
5KT-CZW,Methodist Hospital Interventional Radiology,1701 N Senate Ave,Indianapolis,IN,46202,6,Pulliam,Wild Eggs #6 (Pulliam),06/03/2026 7:00 AM,06/01/2026 5:03 PM,$649.00 ,$0.00 ,$35.00 ,($102.60),$61.56 ,($47.88),$64.90 ,($22.29),$0.00 ,$0.00 ,0,0,-32.45,605.24,Completed,ach,Marketplace Delivery,,Vanessa Ablanalp,,,
TG6-FGE,BAE Systems,163 Rochester Dr Building 48,Louisville,KY,40214,4,Mercantile,Wild Eggs #4 (Mercantile),06/03/2026 7:30 AM,05/14/2026 11:39 AM,$164.00 ,$0.00 ,$35.00 ,($29.85),$11.94 ,($11.94),$15.00 ,($6.31),$0.00 ,$0.00 ,0,0,0,177.84,Completed,ach,Marketplace Delivery,,Bayley Brown,,,
E8F-408,Graves Gilbert Gastroenterology,484 Golden Autumn Way Suite 201,Bowling Green,KY,42103,14,Bowling Green,Wild Eggs #14 (Bowling Green),06/03/2026 8:00 AM,06/02/2026 9:50 AM,$609.00 ,$0.00 ,$35.00 ,($96.60),$38.64 ,($38.64),$15.00 ,($20.41),$0.00 ,$0.00 ,0,0,0,541.99,Completed,ach,Marketplace Delivery,,Ashley  Walker ,,,
ZQ4-HW8,World Wide Technology,108 Gateway Commerce Center Dr N,Edwardsville,IL,62025,,Edwardsville,CBW- Crazy Bowls and Wraps (Edwardsville),06/03/2026 10:59 AM,05/28/2026 11:02 AM,$268.77 ,$0.00 ,$20.00 ,($43.32),$20.43 ,($20.43),$0.00 ,($9.25),$0.00 ,$0.00 ,-30,0,-13.44,192.76,Completed,ach,Marketplace Takeout,,Dispatch,,,
7J4-R2Z,Aspire Software,390 S Woods Mill Rd ste 300 - 3rd floor,Chesterfield,MO,63017,,West Oak,CBW- Crazy Bowls and Wraps (West Oak),06/03/2026 11:00 AM,05/19/2026 10:10 AM,$173.20 ,$0.00 ,$25.00 ,($30.00),$15.57 ,$0.00 ,$40.00 ,($7.19),$0.00 ,$0.00 ,26.8,0,0,243.38,Completed,ach,Meal Program,,,,,
M4R-AR1,PwC,6 Cardinal Wy 11th Floor,St. Louis,MO,63102,,Lindell/SLU,CBW- Crazy Bowls and Wraps (Lindell/SLU),06/03/2026 11:00 AM,06/01/2026 1:32 PM,$170.20 ,$0.00 ,$20.00 ,($28.53),$22.43 ,$0.00 ,$0.00 ,($6.36),$0.00 ,$0.00 ,-30,0,-8.51,139.23,Completed,ach,Marketplace Takeout,,Dispatch,,,
8F9-U6M,65 Prime Plus by Mercy,2510 Lemay Ferry Rd,St. Louis,MO,63125,,Tesson,CBW- Crazy Bowls and Wraps (Tesson),06/03/2026 11:02 AM,06/01/2026 8:47 AM,$76.00 ,$0.00 ,$20.00 ,($14.40),$5.88 ,$0.00 ,$0.00 ,($3.05),$0.00 ,$0.00 ,-30,0,0,54.43,Completed,ach,Marketplace Takeout,,Dispatch,,,
975-JE1,Grant Medical and Diabetes Associates,4320 Forest Park Ave Suite 1100,St. Louis,MO,63108,,Lindell/SLU,CBW- Crazy Bowls and Wraps (Lindell/SLU),06/03/2026 11:07 AM,06/02/2026 4:58 PM,$622.20 ,$0.00 ,$20.00 ,($96.33),$82.00 ,$0.00 ,$0.00 ,($21.65),$0.00 ,$0.00 ,-62.22,0,-31.11,512.89,Completed,ach,Marketplace Takeout,,Dispatch,,,
A2F-AC8,Arcturis,701 Market St 1300,St. Louis,MO,63101,,Lindell/SLU,CBW- Crazy Bowls and Wraps (Lindell/SLU),06/03/2026 11:20 AM,06/02/2026 2:10 PM,$184.15 ,$0.00 ,$20.00 ,($30.62),$24.27 ,$0.00 ,$0.00 ,($6.83),$0.00 ,$0.00 ,-30,0,-9.21,151.76,Completed,ach,Marketplace Takeout,,Dispatch,,,
RFJ-04F,NOVUS Health,3221 Oak Hill Ave,St. Louis,MO,63116,18,South City,CBW- Crazy Bowls and Wraps #18 (South City),06/03/2026 11:36 AM,06/02/2026 11:37 AM,$175.28 ,$0.00 ,$20.00 ,($29.29),$23.10 ,$0.00 ,$0.00 ,($6.53),$0.00 ,$0.00 ,-30,0,0,152.56,Completed,ach,Marketplace Takeout,,Dispatch,,,
6HM-GQW,MISO,720 City Center Dr,Carmel,IN,46032,5,Carmel,Wild Eggs #5 (Carmel),06/04/2026 7:15 AM,05/27/2026 4:44 PM,$732.00 ,$0.00 ,$35.00 ,($115.05),$69.03 ,($53.69),$73.20 ,($25.00),$0.00 ,$0.00 ,0,0,-36.6,678.89,Completed,ach,Marketplace Delivery,,Lesley Rodela,,,
XZG-QR8,Horizon League,129 E Market St 900,Indianapolis,IN,46204,6,Pulliam,Wild Eggs #6 (Pulliam),06/04/2026 7:30 AM,05/27/2026 10:33 PM,$238.00 ,$0.00 ,$35.00 ,($40.95),$24.57 ,($19.11),$23.80 ,($8.90),$0.00 ,$0.00 ,0,0,-11.9,240.51,Completed,ach,Marketplace Delivery,,Vanessa Ablanalp,,,
A6W-VH5,UofL Endocrinology,6400 Dutchmans Pkwy Suite 345,Louisville,KY,40205,1,Dupont,Wild Eggs #1 (Dupont),06/04/2026 7:45 AM,06/02/2026 9:41 AM,$425.00 ,$0.00 ,$35.00 ,($69.00),$27.60 ,($27.60),$63.75 ,($14.58),$0.00 ,$0.00 ,0,0,-21.25,418.92,Completed,ach,Marketplace Delivery,,Carol Kuhns,,,
UXM-R2T,UofL Brown Cancer Center - Breast Oncology,529 S Jackson St 3rd floor - breakroom (Dr. Brian Dong),Louisville,KY,40202,4,Mercantile,Wild Eggs #4 (Mercantile),06/04/2026 8:15 AM,06/02/2026 1:14 PM,"$1,431.00 ",$0.00 ,$35.00 ,($219.90),$87.96 ,($87.96),$200.00 ,($46.46),$0.00 ,$0.00 ,0,0,0,1399.64,Completed,ach,Marketplace Delivery,,Johnny Snawder,,,
K60-Z62,Cook Medical,1102 Indiana Ave,Indianapolis,IN,46202,6,Pulliam,Wild Eggs #6 (Pulliam),06/04/2026 8:15 AM,06/02/2026 3:06 PM,$345.00 ,$0.00 ,$35.00 ,($57.00),$34.20 ,($26.60),$51.75 ,($12.38),$0.00 ,$0.00 ,0,0,-17.25,352.72,Completed,ach,Marketplace Delivery,,Vanessa Ablanalp,,,
956-F1Q,FLANDERS,8101 Baumgart Rd 8101 Baumgart Rd,Evansville,IN,47725,17,Evansville,Wild Eggs #17 (Evansville),06/04/2026 7:45 AM,05/28/2026 11:15 AM,$184.00 ,$0.00 ,$35.00 ,($32.85),$17.52 ,($15.33),$32.00 ,($7.07),$0.00 ,$0.00 ,0,0,0,213.27,Completed,ach,Marketplace Delivery,,Brittany 01291985,,,
Y84-1CV,Peoples National Bank,14323 S Outer Forty Rd Ste. 600 S,Town and Country,MO,63017,,Chesterfield Valley,CBW- Crazy Bowls and Wraps (Chesterfield Valley),06/04/2026 10:37 AM,06/02/2026 10:57 PM,$137.95 ,$0.00 ,$20.00 ,($23.69),$13.95 ,$0.00 ,$0.00 ,($5.14),$0.00 ,$0.00 ,-30,0,0,113.07,Completed,ach,Marketplace Takeout,,Dispatch,,,
1.3E-305,Ansira - Attn: Heather Reed,7733 Forsyth Blvd 900,St. Louis,MO,63105,,Forsyth/Clayton,CBW- Crazy Bowls and Wraps (Forsyth/Clayton),06/04/2026 10:41 AM,05/01/2026 11:28 AM,$343.50 ,$0.00 ,$20.00 ,($54.53),$36.03 ,$0.00 ,$0.00 ,($11.95),$0.00 ,$0.00 ,-34.35,0,0,298.7,Completed,ach,Marketplace Takeout,,Dispatch,,,
5U7-Z0K,AFB,3 Research Park Dr,Saint Charles,MO,63304,,O'Fallon,CBW- Crazy Bowls and Wraps (O'Fallon),06/04/2026 10:43 AM,05/28/2026 3:50 PM,$307.70 ,$0.00 ,$20.00 ,($49.16),$27.54 ,$0.00 ,$0.00 ,($10.62),$0.00 ,$0.00 ,-30.77,0,-15.39,249.3,Completed,ach,Marketplace Takeout,,Dispatch,,,
PKY-AHF,Yoon dermatology,1060 Meyer Rd,Wentzville,MO,63385,,Wentzville,CBW- Crazy Bowls and Wraps (Wentzville),06/04/2026 11:41 AM,05/29/2026 2:11 PM,$331.05 ,$0.00 ,$20.00 ,($52.66),$34.59 ,$0.00 ,$0.00 ,($11.53),$0.00 ,$0.00 ,-33.1,0,0,288.35,Completed,ach,Marketplace Takeout,,Dispatch,,,
MJM-7C6,Benefits All In,8040 Hosbrook Rd STE 100,Cincinnati,OH,45236,8,Oakley,Wild Eggs #8 (Oakley),06/05/2026 8:00 AM,06/02/2026 3:27 PM,$231.00 ,$0.00 ,$35.00 ,($39.90),$0.00 ,$0.00 ,$23.10 ,($7.95),$0.00 ,$0.00 ,0,0,0,241.25,Completed,ach,Marketplace Delivery,,Maddie Maynard,,,
PTA-EC2,His & Hers,2070 Little Hills Expy,Saint Charles,MO,63301,,Lindenwood,CBW- Crazy Bowls and Wraps (Lindenwood),06/05/2026 10:52 AM,06/03/2026 10:36 AM,$233.54 ,$0.00 ,$20.00 ,($38.03),$23.24 ,$0.00 ,$0.00 ,($8.28),$0.00 ,$0.00 ,-30,0,-11.68,188.79,Completed,ach,Marketplace Takeout,,Dispatch,,,
QG8-JEQ,Racing Louisville FC,801 Edith Rd,Louisville,KY,40206,4,Mercantile,Wild Eggs #4 (Mercantile),06/06/2026 7:45 AM,06/04/2026 2:36 PM,$260.00 ,$0.00 ,$35.00 ,($44.25),$17.70 ,($17.70),$25.00 ,($9.35),$0.00 ,$0.00 ,0,0,0,266.4,Completed,ach,Marketplace Delivery,,Johnny Snawder,,,
677-GKF,Traders Point Christian Church,2002 Stafford Rd,Plainfield,IN,46168,15,Avon,Wild Eggs #15 (Avon),06/07/2026 7:30 AM,06/03/2026 2:18 PM,$153.00 ,$0.00 ,$35.00 ,($28.20),$0.00 ,$0.00 ,$10.00 ,($5.62),$0.00 ,$0.00 ,0,0,0,164.18,Completed,ach,Marketplace Delivery,nccv3ezr3,Laura Diaz,,,
WZP-R5G,Traders Point Christian Church - Carmel,1242 W 136th St,Carmel,IN,46032,5,Carmel,Wild Eggs #5 (Carmel),06/07/2026 7:30 AM,06/04/2026 9:38 AM,$293.00 ,$0.00 ,$35.00 ,($49.20),$0.00 ,$0.00 ,$29.30 ,($9.81),$0.00 ,$0.00 ,0,0,-14.65,283.64,Completed,ach,Marketplace Delivery,,Ambria Buce,,,
AW8-G5E,St. Louis Behavioral Medicine Institute,1129 Macklind Ave,St. Louis,MO,63110,18,South City,CBW- Crazy Bowls and Wraps #18 (South City),06/07/2026 9:36 AM,05/27/2026 3:52 PM,$558.00 ,$0.00 ,$20.00 ,($86.70),$73.54 ,$0.00 ,$0.00 ,($19.48),$0.00 ,$0.00 ,-55.8,0,0,489.56,Completed,ach,Marketplace Takeout,,Dispatch,,,
7XC-0JF,Knights Hall,2001 Newburg Rd,Louisville,KY,40205,2,Westport,Wild Eggs #2 (Westport),06/08/2026 7:15 AM,06/07/2026 1:52 PM,$513.00 ,$0.00 ,$35.00 ,($82.20),$32.88 ,($32.88),$102.60 ,($17.37),$0.00 ,$0.00 ,0,0,-25.65,525.38,Completed,ach,Marketplace Delivery,,Taylor Kaman,,,
X34-CH7,University Endo Center,9275 Montgomery Rd 400,Cincinnati,OH,45242,8,Oakley,Wild Eggs #8 (Oakley),06/08/2026 7:45 AM,06/05/2026 1:22 PM,$269.00 ,$0.00 ,$35.00 ,($45.60),$0.00 ,$0.00 ,$20.00 ,($9.09),$0.00 ,$0.00 ,0,0,0,269.31,Completed,ach,Marketplace Delivery,nccv3ezr3,Maddie Maynard,,,
KJM-WE0,Franciscan Oncology &Hematology,8111 S Emerson Ave,Indianapolis,IN,46237,16,Greenwood,Wild Eggs #16 (Greenwood),06/08/2026 7:45 AM,06/05/2026 3:05 PM,$805.00 ,$0.00 ,$35.00 ,($126.00),$75.60 ,($58.80),$20.00 ,($27.38),$0.00 ,$0.00 ,-2.25,0,0,721.17,Completed,ach,Marketplace Delivery,,Theo Shaw,,,
ZW9-C35,Amdocs,625 Maryville Centre Dr Suite 200,St. Louis,MO,63141,,Creve Coeur,CBW- Crazy Bowls and Wraps (Creve Coeur),06/08/2026 8:35 AM,05/27/2026 8:50 AM,$144.45 ,$0.00 ,$20.00 ,($24.67),$12.62 ,$0.00 ,$0.00 ,($5.29),$0.00 ,$0.00 ,-30,0,-7.22,109.89,Completed,ach,Marketplace Takeout,,Dispatch,,,
PX0-X85,Dr Keller suite 222,300 Winding Woods Dr,O'Fallon,MO,63366,,O'Fallon,CBW- Crazy Bowls and Wraps (O'Fallon),06/08/2026 11:25 AM,06/05/2026 12:02 PM,$239.29 ,$0.00 ,$20.00 ,($38.89),$21.42 ,$0.00 ,$0.00 ,($8.39),$0.00 ,$0.00 ,-30,0,-11.96,191.47,Completed,ach,Marketplace Takeout,,Dispatch,,,
QUZ-KXE,BAE Systems,163 Rochester Dr,Louisville,KY,40214,4,Mercantile,Wild Eggs #4 (Mercantile),06/09/2026 7:30 AM,06/04/2026 3:07 PM,$357.00 ,$0.00 ,$35.00 ,($58.80),$23.52 ,($23.52),$50.00 ,($12.42),$0.00 ,$0.00 ,0,0,0,370.78,Completed,ach,Marketplace Delivery,,Bayley Brown,,,
YEA-M7J,Staffmark,191 Rosa Parks St 10th Floor,Cincinnati,OH,45202,9,Queen City Wild Eggs,Wild Eggs #9 (Queen City Wild Eggs),06/09/2026 8:30 AM,05/21/2026 4:47 PM,"$1,160.00 ",$0.00 ,$35.00 ,($179.25),$0.00 ,$0.00 ,$50.00 ,($35.73),$0.00 ,$0.00 ,-2.25,0,0,1027.77,Completed,ach,Marketplace Delivery,,Shirelle Bloom,,,
P25-PVF,Dr. Palakodeti,484 Golden Autumn Way 201,Bowling Green,KY,42103,14,Bowling Green,Wild Eggs #14 (Bowling Green),06/09/2026 7:30 AM,06/07/2026 11:10 AM,$131.00 ,$0.00 ,$35.00 ,($24.90),$9.96 ,($9.96),$13.10 ,($5.26),$0.00 ,$0.00 ,0,0,0,148.94,Completed,ach,Marketplace Delivery,,Lili Hook,,,
4X7-7MJ,ADP,11405 Bluegrass Pkwy,Louisville,KY,40299,12,Jtown,Wild Eggs #12 (Jtown),06/09/2026 8:45 AM,06/08/2026 8:25 AM,$190.00 ,$0.00 ,$35.00 ,($33.75),$13.50 ,($13.50),$19.00 ,($7.13),$0.00 ,$0.00 ,0,0,0,203.12,Completed,ach,Marketplace Delivery,nccv1261,Mercedes Rosado,,,
8XJ-190,St Mary’s Hospital,6420 Clayton Rd,Richmond Heights,MO,63117,,Forsyth/Clayton,CBW- Crazy Bowls and Wraps (Forsyth/Clayton),06/09/2026 10:21 AM,06/08/2026 9:36 AM,$264.40 ,$0.00 ,$20.00 ,($42.66),$27.73 ,$0.00 ,$0.00 ,($9.33),$0.00 ,$0.00 ,-30,0,0,230.14,Completed,ach,Marketplace Takeout,,Dispatch,,,
FXC-47Z,Dr Pai,2810 Frank Scott Pkwy W Suite 716,Belleville,IL,62223,,Shiloh,CBW- Crazy Bowls and Wraps (Shiloh),06/09/2026 10:28 AM,06/08/2026 11:02 AM,$296.79 ,$0.00 ,$20.00 ,($47.52),$24.78 ,($24.78),$0.00 ,($10.21),$0.00 ,$0.00 ,-30,0,-14.84,214.22,Completed,ach,Marketplace Takeout,,Dispatch,,,
KQA-CZZ,HSHS Maryville Primary Care,2401 S Center St,Maryville,IL,62062,,Edwardsville,CBW- Crazy Bowls and Wraps (Edwardsville),06/09/2026 10:50 AM,06/08/2026 7:33 PM,$304.00 ,$0.00 ,$20.00 ,($48.60),$23.10 ,($23.10),$0.00 ,($10.38),$0.00 ,$0.00 ,-30.4,0,-15.2,219.42,Completed,ach,Marketplace Takeout,,Dispatch,,,
PQP-YRE,Cambridge Air Solutions,760 Long Rd Crossing Dr,Chesterfield,MO,63005,,Chesterfield Valley,CBW- Crazy Bowls and Wraps (Chesterfield Valley),06/09/2026 10:52 AM,06/08/2026 4:42 PM,$254.70 ,$0.00 ,$20.00 ,($41.21),$25.76 ,$0.00 ,$0.00 ,($8.98),$0.00 ,$0.00 ,-30,0,0,220.27,Completed,ach,Marketplace Takeout,,Dispatch,,,
5VF-96V,Gateway Region YMCA,2815 Scott Ave D,St. Louis,MO,63103,,Lindell/SLU,CBW- Crazy Bowls and Wraps (Lindell/SLU),06/09/2026 10:53 AM,06/04/2026 7:15 AM,$93.34 ,$0.00 ,$20.00 ,($17.00),$0.00 ,$0.00 ,$0.00 ,($3.39),$0.00 ,$0.00 ,-30,0,-4.67,58.28,Completed,ach,Marketplace Takeout,,Dispatch,,,
YPV-Q2A,Cummins Inc,301 E Market St Lobby,Indianapolis,IN,46204,6,Pulliam,Wild Eggs #6 (Pulliam),06/10/2026 7:30 AM,06/03/2026 10:50 AM,$358.00 ,$0.00 ,$35.00 ,($58.95),$35.37 ,($27.51),$53.70 ,($12.81),$0.00 ,$0.00 ,0,0,-17.9,364.9,Completed,ach,Marketplace Delivery,,Vanessa Ablanalp,,,
HWK-TK9,TriHealth Gastroenterology - Bethesda North,10600 Montgomery Rd 3,Cincinnati,OH,45242,8,Oakley,Wild Eggs #8 (Oakley),06/10/2026 7:30 AM,06/08/2026 9:31 AM,$320.00 ,$0.00 ,$35.00 ,($53.25),$2.81 ,($2.81),$48.00 ,($10.70),$0.00 ,$0.00 ,0,0,0,339.05,Completed,ach,Marketplace Delivery,,Maddie Maynard,,,
7MV-43M,Baptist Endocrinology,2800 Breckenridge Ln 320,Meadowview Estates,KY,40220,1,Dupont,Wild Eggs #1 (Dupont),06/10/2026 7:30 AM,06/08/2026 7:18 PM,$271.00 ,$0.00 ,$35.00 ,($45.90),$18.36 ,($18.36),$27.10 ,($9.70),$0.00 ,$0.00 ,0,0,-13.55,263.95,Completed,ach,Marketplace Delivery,,Carmen Esparza,,,
P9W-79F,Gastroenterology Office,1941 Bishop Ln 2nd floor,Louisville,KY,40218,1,Dupont,Wild Eggs #1 (Dupont),06/10/2026 7:45 AM,06/09/2026 11:11 AM,$337.00 ,$0.00 ,$35.00 ,($55.80),$22.32 ,($22.32),$0.00 ,($11.79),$0.00 ,$0.00 ,0,0,-16.85,287.56,Completed,ach,Marketplace Delivery,,Linda Dera,,,
W8H-MJF,,,Newburgh,IN,47630,17,Evansville,Wild Eggs #17 (Evansville),06/10/2026 7:00 AM,06/08/2026 8:24 PM,$150.00 ,$0.00 ,$0.00 ,($22.50),$12.00 ,($10.50),$22.50 ,($4.84),$0.00 ,$0.00 ,0,0,0,146.66,Completed,ach,Marketplace Takeout,,N/A,,,
0RF-42X,Christina White Salon,1520 S 5th St Suite 105 105 105,Saint Charles,MO,63303,,Lindenwood,CBW- Crazy Bowls and Wraps (Lindenwood),06/10/2026 7:23 AM,06/06/2026 1:11 PM,$142.45 ,$0.00 ,$20.00 ,($24.37),$14.17 ,$0.00 ,$0.00 ,($5.28),$0.00 ,$0.00 ,-30,0,-7.12,109.85,Completed,ach,Marketplace Takeout,,Dispatch,,,
P6P-Z8J,Stoll Keenon Ogden,One Main St Suite 201,Evansville,IN,47708,17,Evansville,Wild Eggs #17 (Evansville),06/10/2026 7:45 AM,06/04/2026 11:11 AM,$153.00 ,$0.00 ,$35.00 ,($28.20),$15.04 ,($13.16),$30.60 ,($6.07),$0.00 ,$0.00 ,0,0,0,186.21,Completed,ach,Marketplace Delivery,,Valerie Anderson,,,
RT5-2X2,Stoll Keenon Ogden,334 N Senate Ave,Indianapolis,IN,46204,6,Pulliam,Wild Eggs #6 (Pulliam),06/10/2026 8:45 AM,06/04/2026 12:12 PM,$153.00 ,$0.00 ,$35.00 ,($28.20),$16.92 ,($13.16),$30.60 ,($6.13),$0.00 ,$0.00 ,0,0,-7.65,180.38,Completed,ach,Marketplace Delivery,,Vanessa Ablanalp,,,
T9J-6A4,Ameriprise Financial,805 N Whittington Pkwy Suite 100,Louisville,KY,40222,2,Westport,Wild Eggs #2 (Westport),06/10/2026 8:45 AM,06/09/2026 12:58 PM,$324.00 ,$0.00 ,$35.00 ,($53.85),$21.54 ,($21.54),$50.00 ,($11.38),$0.00 ,$0.00 ,0,0,-16.2,327.57,Completed,ach,Marketplace Delivery,,Chelsie Deckard,,,
F2H-1J2,CABA,5694 Shepherdsville Rd,Louisville,KY,40218,2,Westport,Wild Eggs #2 (Westport),06/10/2026 9:30 AM,06/09/2026 9:02 PM,$141.00 ,$0.00 ,$35.00 ,($26.40),$10.56 ,($10.56),$8.00 ,($5.58),$0.00 ,$0.00 ,0,0,-7.05,144.97,Completed,ach,Marketplace Delivery,,Chelsie Deckard,,,
AW3-MEJ,School of Social Work,"3550 Lindell Blvd Tegeler Hall, 200E",St. Louis,MO,63103,,Lindell/SLU,CBW- Crazy Bowls and Wraps (Lindell/SLU),06/10/2026 9:27 AM,06/09/2026 7:39 PM,$108.95 ,$0.00 ,$20.00 ,($19.34),$0.00 ,$0.00 ,$0.00 ,($3.86),$0.00 ,$0.00 ,-30,0,-5.45,70.3,Completed,ach,Marketplace Takeout,,Dispatch,,,
3CM-HJ5,Weissman Photo Studio,6726 Manchester Ave,St. Louis,MO,63139,18,South City,CBW- Crazy Bowls and Wraps #18 (South City),06/10/2026 11:20 AM,06/09/2026 9:39 AM,$392.70 ,$0.00 ,$20.00 ,($61.91),$51.75 ,$0.00 ,$0.00 ,($13.89),$0.00 ,$0.00 ,-39.27,0,0,349.38,Completed,ach,Marketplace Takeout,,Dispatch,,,
G77-AY6,Baptist Health Endocrinology,2800 Breckenridge Ln 320,Meadowview Estates,KY,40220,2,Westport,Wild Eggs #2 (Westport),06/11/2026 7:45 AM,06/10/2026 4:46 PM,$289.00 ,$0.00 ,$35.00 ,($48.60),$19.44 ,($19.44),$25.00 ,($10.27),$0.00 ,$0.00 ,0,0,-14.45,275.68,Completed,ach,Marketplace Delivery,,Carolina Contreras,,,
70C-56M,FPN Oncology & Hematology - Emerson,8111 S Emerson Ave 101,Indianapolis,IN,46237,6,Pulliam,Wild Eggs #6 (Pulliam),06/11/2026 8:00 AM,06/10/2026 10:59 AM,$395.00 ,$0.00 ,$35.00 ,($64.50),$38.70 ,($30.10),$39.50 ,($14.01),$0.00 ,$0.00 ,0,0,-19.75,379.84,Completed,ach,Marketplace Delivery,,Vanessa Ablanalp,,,
HHR-G95,Salesforce,1 East Ohio St,Indianapolis,IN,46204,6,Pulliam,Wild Eggs #6 (Pulliam),06/11/2026 8:15 AM,06/04/2026 5:35 PM,$304.00 ,$0.00 ,$35.00 ,($50.85),$30.51 ,($23.73),$60.80 ,($11.05),$0.00 ,$0.00 ,0,0,-15.2,329.48,Completed,ach,Marketplace Delivery,,Maria Sandoval,,,
2Y3-TUF,Brown cancer center downtown,529 S Jackson St 3rd. Floor break room,Louisville,KY,40202,2,Westport,Wild Eggs #2 (Westport),06/11/2026 8:15 AM,06/10/2026 2:58 PM,$566.00 ,$0.00 ,$35.00 ,($90.15),$36.06 ,($36.06),$10.00 ,($19.05),$0.00 ,$0.00 ,0,0,-28.3,473.5,Completed,ach,Marketplace Delivery,,Julian Soto,,,
W57-4XT,Enterprise Mobility,2281 Ball Dr,St. Louis,MO,63146,,West Oak,CBW- Crazy Bowls and Wraps (West Oak),06/11/2026 10:05 AM,06/10/2026 9:18 AM,$204.70 ,$0.00 ,$20.00 ,($33.71),$18.40 ,$0.00 ,$0.00 ,($7.27),$0.00 ,$0.00 ,-30,0,-10.24,161.88,Completed,ach,Marketplace Takeout,,Dispatch,,,
EQG-YHY,Distinctive Dermatology,390 Office Ct,Fairview Heights,IL,62208,,Shiloh,CBW- Crazy Bowls and Wraps (Shiloh),06/11/2026 10:16 AM,06/02/2026 9:32 PM,$847.35 ,$0.00 ,$20.00 ,($130.10),$70.75 ,($70.75),$0.00 ,($28.05),$0.00 ,$0.00 ,-84.74,0,-42.37,582.09,Completed,ach,Marketplace Takeout,,Dispatch,,,
4WT-P6G,Ballas Dental Care,2821 N Ballas Rd suite 140,St. Louis,MO,63131,,West Oak,CBW- Crazy Bowls and Wraps (West Oak),06/11/2026 11:18 AM,06/08/2026 11:14 AM,$232.50 ,$0.00 ,$20.00 ,($37.88),$20.90 ,$0.00 ,$0.00 ,($8.17),$0.00 ,$0.00 ,-30,0,-11.63,185.72,Completed,ach,Marketplace Takeout,,Dispatch,,,
JZU-135,Peoples Behavioral Health,5669 Delmar Blvd,St. Louis,MO,63112,,Forsyth/Clayton,CBW- Crazy Bowls and Wraps (Forsyth/Clayton),06/11/2026 11:19 AM,06/10/2026 6:35 PM,$421.30 ,$0.00 ,$20.00 ,($66.20),$44.19 ,$0.00 ,$0.00 ,($14.52),$0.00 ,$0.00 ,-42.13,0,0,362.64,Completed,ach,Marketplace Takeout,,Dispatch,,,
GJ1-1MH,Washington University in St. Louis,6618 Shepley Dr,Clayton,MO,63105,,Forsyth/Clayton,CBW- Crazy Bowls and Wraps (Forsyth/Clayton),06/11/2026 1:12 PM,06/10/2026 2:37 PM,$86.28 ,$0.00 ,$20.00 ,($15.94),$9.05 ,$0.00 ,$0.00 ,($3.45),$0.00 ,$0.00 ,-30,0,0,65.94,Completed,ach,Marketplace Takeout,nac5012,Dispatch,,,
9MZ-5JY,Indianapolis Gastroenterology,8051 S Emerson Ave Suite 200,Indianapolis,IN,46237,16,Greenwood,Wild Eggs #16 (Greenwood),06/12/2026 7:15 AM,06/09/2026 3:39 PM,$284.00 ,$0.00 ,$35.00 ,($47.85),$28.71 ,($22.33),$20.00 ,($10.40),$0.00 ,$0.00 ,0,0,0,287.13,Completed,ach,Marketplace Delivery,,Elias Gomez,,,
X1F-CGM,Deaconess Clinic Primary Care - Downtown Fourth Street,120 SE 4th St,Evansville,IN,47713,17,Evansville,Wild Eggs #17 (Evansville),06/12/2026 7:15 AM,06/11/2026 10:36 AM,$650.00 ,$0.00 ,$0.00 ,($97.50),$52.00 ,($45.50),$0.00 ,($20.99),$0.00 ,$0.00 ,0,0,0,538.01,Completed,ach,Marketplace Takeout,,N/A,,,
V7E-KWP,Saint Louis Zoo - The Living World,1 Government Dr,St. Louis,MO,63110,18,South City,CBW- Crazy Bowls and Wraps #18 (South City),06/12/2026 4:16 PM,06/04/2026 7:13 PM,$477.15 ,$0.00 ,$20.00 ,($74.57),$62.88 ,$0.00 ,$0.00 ,($16.74),$0.00 ,$0.00 ,-47.72,0,0,421,Completed,ach,Marketplace Takeout,,Dispatch,,,
M22-V7W,Traders Point Christian Church - Carmel,1242 W 136th St,Carmel,IN,46032,5,Carmel,Wild Eggs #5 (Carmel),06/14/2026 7:30 AM,06/04/2026 9:41 AM,$293.00 ,$0.00 ,$35.00 ,($49.20),$0.00 ,$0.00 ,$29.30 ,($9.81),$0.00 ,$0.00 ,0,0,-14.65,283.64,Completed,ach,Marketplace Delivery,,Ambria Buce,,,
E0J-VC3,Home,6590 Carriage Hill Ln,Cincinnati,OH,45243,8,Oakley,Wild Eggs #8 (Oakley),06/14/2026 11:15 AM,06/08/2026 1:43 PM,$258.00 ,$0.00 ,$35.00 ,($43.95),$0.00 ,$0.00 ,$25.80 ,($8.76),$0.00 ,$0.00 ,0,0,0,266.09,Completed,ach,Marketplace Delivery,,Sydney Metzinger,,,
W7E-GKH,TriHealth Gastro Montgomery,10600 Montgomery Rd 300,Cincinnati,OH,45242,8,Oakley,Wild Eggs #8 (Oakley),06/15/2026 7:15 AM,06/12/2026 9:23 AM,$345.00 ,$0.00 ,$35.00 ,($57.00),$0.00 ,$0.00 ,$25.00 ,($11.36),$0.00 ,$0.00 ,0,0,0,336.64,Completed,ach,Marketplace Delivery,,Sydney Metzinger,,,
7AJ-FM2,Benefits All In,8040 Hosbrook Rd,Cincinnati,OH,45236,8,Oakley,Wild Eggs #8 (Oakley),06/15/2026 8:30 AM,06/10/2026 3:28 PM,"$1,223.00 ",$0.00 ,$35.00 ,($188.70),$0.00 ,$0.00 ,$183.45 ,($37.61),$0.00 ,$0.00 ,0,0,0,1215.14,Completed,ach,Marketplace Delivery,,Emma Burstein,,,
C7P-46J,Equity Medical Dermatology,1802 Rockingham Ave,Bowling Green,KY,42104,14,Bowling Green,Wild Eggs #14 (Bowling Green),06/15/2026 8:45 AM,06/14/2026 8:23 AM,$166.00 ,$0.00 ,$0.00 ,($24.90),$9.96 ,($9.96),$10.00 ,($5.26),$0.00 ,$0.00 ,0,0,0,145.84,Completed,ach,Marketplace Takeout,,N/A,,,
4P8-P3Y,"Takeout from Louisville, KY",,Louisville,KY,,1,Dupont,Wild Eggs #1 (Dupont),06/15/2026 10:00 AM,06/12/2026 3:01 PM,$308.00 ,$0.00 ,$0.00 ,($46.20),$18.48 ,($18.48),$0.00 ,($9.76),$0.00 ,$0.00 ,0,0,-15.4,236.64,Completed,ach,Marketplace Takeout,,N/A,,,
MKQ-0K6,St. Louis Children's Hospital,4590 Nash Wy,St. Louis,MO,63110,18,South City,CBW- Crazy Bowls and Wraps #18 (South City),06/15/2026 10:31 AM,06/09/2026 2:27 PM,$499.50 ,$0.00 ,$20.00 ,($77.93),$0.00 ,$0.00 ,$0.00 ,($15.53),$0.00 ,$0.00 ,-49.95,0,0,376.09,Completed,ach,Marketplace Takeout,,Dispatch,,,
HVJ-0Z1,HSHS FAMILY MEDICINE,1116 Hartman Ln,Swansea,IL,62221,,Shiloh,CBW- Crazy Bowls and Wraps (Shiloh),06/15/2026 11:24 AM,06/12/2026 3:56 PM,$301.90 ,$0.00 ,$20.00 ,($48.29),$25.21 ,($25.21),$0.00 ,($10.38),$0.00 ,$0.00 ,-30.19,0,-15.1,217.94,Completed,ach,Marketplace Takeout,,Dispatch,,,
TAX-ZKT,Knights Hall,Knights Hall Knights Way,Louisville,KY,40205,4,Mercantile,Wild Eggs #4 (Mercantile),06/16/2026 7:00 AM,06/12/2026 11:02 AM,$425.00 ,$0.00 ,$35.00 ,($69.00),$0.00 ,$0.00 ,$0.00 ,($13.75),$0.00 ,$0.00 ,-2.25,0,0,375,Completed,ach,Marketplace Delivery,,Bayley Brown,,,
HEW-VG7,First Urology Continence Center attention Rebecca Embury,101 Hospital Blvd Continence Center,Jeffersonville,IN,47130,4,Mercantile,Wild Eggs #4 (Mercantile),06/16/2026 7:15 AM,06/15/2026 9:59 AM,$245.00 ,$0.00 ,$35.00 ,($42.00),$16.80 ,($16.80),$24.50 ,($8.87),$0.00 ,$0.00 ,0,0,0,253.63,Completed,ach,Marketplace Delivery,,Tori McMahan,,,
Q2T-ZMT,OHC Blue Ash,4350 Malsbary Rd 1st Floor,Cincinnati,OH,45242,8,Oakley,Wild Eggs #8 (Oakley),06/16/2026 7:15 AM,06/15/2026 10:42 AM,$644.00 ,$0.00 ,$35.00 ,($101.85),$0.00 ,$0.00 ,$25.00 ,($20.30),$0.00 ,$0.00 ,0,0,0,581.85,Completed,ach,Marketplace Delivery,,Sydney Metzinger,,,
QU3-EM3,Staffmark Group,191 Rosa Parks St 10th Floor,Cincinnati,OH,45202,9,Queen City Wild Eggs,Wild Eggs #9 (Queen City Wild Eggs),06/16/2026 7:45 AM,06/11/2026 4:04 PM,$105.00 ,$0.00 ,$35.00 ,($21.00),$0.00 ,$0.00 ,$20.00 ,($4.19),$0.00 ,$0.00 ,0,0,0,134.81,Completed,ach,Marketplace Delivery,,Shirelle Bloom,,,
8GQ-MR5,Louisville Pulmonary Care,4003 Kresge Way 312,Saint Matthews,KY,40207,1,Dupont,Wild Eggs #1 (Dupont),06/16/2026 8:00 AM,06/15/2026 1:43 PM,$572.00 ,$0.00 ,$35.00 ,($91.05),$36.42 ,($36.42),$0.00 ,($19.24),$0.00 ,$0.00 ,0,0,-28.6,468.11,Completed,ach,Marketplace Delivery,,Victoria Carbajal,,,
RKX-T1P,Cincinnati GI,7661 Beechmont Ave,Cincinnati,OH,45255,9,Queen City Wild Eggs,Wild Eggs #9 (Queen City Wild Eggs),06/16/2026 8:15 AM,06/15/2026 9:26 AM,$600.00 ,$0.00 ,$35.00 ,($95.25),$0.00 ,$0.00 ,$0.00 ,($18.99),$0.00 ,$0.00 ,-2.25,0,0,518.51,Completed,ach,Marketplace Delivery,,Melissa Barker,,,
9M5-A0V,hinkle fieldhouse,510 W 49th St,Indianapolis,IN,46208,5,Carmel,Wild Eggs #5 (Carmel),06/16/2026 8:15 AM,06/15/2026 6:07 PM,$285.00 ,$0.00 ,$35.00 ,($48.00),$0.00 ,$0.00 ,$28.50 ,($9.57),$0.00 ,$0.00 ,0,0,-14.25,276.68,Completed,ach,Marketplace Delivery,,Lesley Rodela,,,
0GQ-KAE,HUB,645 Maryville Centre Dr 150,St. Louis,MO,63141,,Creve Coeur,CBW- Crazy Bowls and Wraps (Creve Coeur),06/16/2026 10:51 AM,06/11/2026 4:26 PM,$147.74 ,$0.00 ,$20.00 ,($25.16),$12.91 ,$0.00 ,$0.00 ,($5.40),$0.00 ,$0.00 ,-30,0,-7.39,112.7,Completed,ach,Marketplace Takeout,,Dispatch,,,
UYM-5Z8,Nortek Global HVAC - Rheem,8000 Phoenix Parkway,O'Fallon,MO,63368,,O'Fallon,CBW- Crazy Bowls and Wraps (O'Fallon),06/16/2026 11:17 AM,06/10/2026 1:31 PM,$353.00 ,$0.00 ,$20.00 ,($55.95),$31.59 ,$0.00 ,$0.00 ,($12.10),$0.00 ,$0.00 ,-35.3,0,-17.65,283.59,Completed,ach,Marketplace Takeout,,Dispatch,,,
EZX-5X8,Anderson Medical Group,3417 Anderson Healthcare Dr 200,Edwardsville,IL,62025,,Edwardsville,CBW- Crazy Bowls and Wraps (Edwardsville),06/16/2026 12:11 PM,06/15/2026 6:43 PM,$175.75 ,$0.00 ,$20.00 ,($29.36),$13.36 ,($13.36),$0.00 ,($6.25),$0.00 ,$0.00 ,-30,0,-8.79,121.35,Completed,ach,Marketplace Takeout,,Dispatch,,,
G3Q-1P7,Grainger,8701 Minor Lane,Louisville,KY,40219,4,Mercantile,Wild Eggs #4 (Mercantile),06/17/2026 7:45 AM,06/04/2026 10:44 AM,$518.00 ,$0.00 ,$35.00 ,($82.95),$33.18 ,($33.18),$103.60 ,($17.53),$0.00 ,$0.00 ,0,0,0,556.12,Completed,ach,Marketplace Delivery,,Bayley Brown,,,
TUX-FCZ,Associates in dermatology,4912 US-42 Basement,Louisville,KY,40222,2,Westport,Wild Eggs #2 (Westport),06/17/2026 7:45 AM,06/15/2026 5:50 PM,$171.00 ,$0.00 ,$35.00 ,($30.90),$12.36 ,($12.36),$25.65 ,($6.53),$0.00 ,$0.00 ,0,0,-8.55,185.67,Completed,ach,Marketplace Delivery,,Carolina Contreras,,,
A8Z-89U,PricewaterhouseCoopers,201 E 5th St Suite 2400,Cincinnati,OH,45202,9,Queen City Wild Eggs,Wild Eggs #9 (Queen City Wild Eggs),06/17/2026 8:00 AM,05/19/2026 10:34 AM,$462.00 ,$0.00 ,$35.00 ,($74.55),$2.81 ,($2.81),$92.40 ,($14.94),$0.00 ,$0.00 ,0,0,0,499.91,Completed,ach,Marketplace Delivery,,Shirelle Bloom,,,
RFY-R64,Graves Gilbert Dermatology,1065 Ashley St Suite 200,Bowling Green,KY,42103,14,Bowling Green,Wild Eggs #14 (Bowling Green),06/17/2026 7:45 AM,06/16/2026 8:06 AM,$583.00 ,$0.00 ,$35.00 ,($92.70),$37.08 ,($37.08),$87.45 ,($19.59),$0.00 ,$0.00 ,0,0,0,593.16,Completed,ach,Marketplace Delivery,,Lili Hook,,,
U55-WH6,Hartwig,10617 Trenton Ave,St. Louis,MO,63132,,West Oak,CBW- Crazy Bowls and Wraps (West Oak),06/17/2026 11:04 AM,06/16/2026 9:02 AM,$235.40 ,$0.00 ,$20.00 ,($38.31),$21.16 ,$0.00 ,$0.00 ,($8.27),$0.00 ,$0.00 ,-30,0,-11.77,188.21,Completed,ach,Marketplace Takeout,,Dispatch,,,
R4F-1CP,BJC COE Building,4901 Forest Park Ave 10143. 10th floor,St. Louis,MO,63108,,Lindell/SLU,CBW- Crazy Bowls and Wraps (Lindell/SLU),06/17/2026 11:23 AM,06/08/2026 7:11 AM,$132.30 ,$0.00 ,$20.00 ,($22.85),$17.44 ,$0.00 ,$0.00 ,($5.08),$0.00 ,$0.00 ,-30,0,-6.62,105.19,Completed,ach,Marketplace Takeout,,Dispatch,,,
G4A-KJ4,LC Rheumatology& Infusion,3897 Charlestown Rd,New Albany,IN,47150,11,Jeffersonville,Wild Eggs #11 (Jeffersonville),06/18/2026 7:30 AM,06/16/2026 6:57 PM,$595.00 ,$0.00 ,$35.00 ,($94.50),$44.10 ,($44.10),$65.00 ,($20.16),$0.00 ,$0.00 ,0,0,0,580.34,Completed,ach,Marketplace Delivery,,Christal Vanarsdale,,,
976-H69,Washington Family Medicine,7910 E Washington St Ste 200,Indianapolis,IN,46219,6,Pulliam,Wild Eggs #6 (Pulliam),06/18/2026 7:30 AM,06/16/2026 10:27 PM,$585.00 ,$0.00 ,$35.00 ,($93.00),$55.80 ,($43.40),$30.00 ,($20.21),$0.00 ,$0.00 ,0,0,-29.25,519.94,Completed,ach,Marketplace Delivery,,Vanessa Ablanalp,,,
G85-ETX,Dermatologists of Central States,4243 Hunt Rd,Cincinnati,OH,45242,8,Oakley,Wild Eggs #8 (Oakley),06/18/2026 8:00 AM,06/17/2026 10:30 AM,$610.00 ,$0.00 ,$35.00 ,($96.75),$2.81 ,($2.81),$30.00 ,($19.37),$0.00 ,$0.00 ,0,0,0,558.88,Completed,ach,Marketplace Delivery,,Emma Burstein,,,
Q1Z-FKX,"Dr Michael Justin, Internal Medicine",1577 Goodman Ave A,Cincinnati,OH,45224,9,Queen City Wild Eggs,Wild Eggs #9 (Queen City Wild Eggs),06/18/2026 8:15 AM,06/17/2026 10:46 AM,$224.00 ,$0.00 ,$35.00 ,($38.85),$0.00 ,$0.00 ,$22.40 ,($7.74),$0.00 ,$0.00 ,0,0,0,234.81,Completed,ach,Marketplace Delivery,,Mariah Imjalli,,,
372-4RW,The Christ Hosptial Physicians- Primary Care,4803 Montgomery Rd 120,Norwood,OH,45212,8,Oakley,Wild Eggs #8 (Oakley),06/18/2026 8:30 AM,06/17/2026 10:44 AM,$183.00 ,$0.00 ,$0.00 ,($27.45),$0.00 ,$0.00 ,$18.30 ,($5.47),$0.00 ,$0.00 ,0,0,0,168.38,Completed,ach,Marketplace Takeout,,N/A,,,
RZX-M51,Brown Cancer RADIATION ONCOLOGY,529 S Jackson St LOWER LEVEL,Louisville,KY,40202,4,Mercantile,Wild Eggs #4 (Mercantile),06/18/2026 9:15 AM,06/17/2026 8:47 AM,$369.00 ,$0.00 ,$35.00 ,($60.60),$24.24 ,($24.24),$36.90 ,($12.80),$0.00 ,$0.00 ,0,0,0,367.5,Completed,ach,Marketplace Delivery,,Johnny Snawder,,,
RTU-CGP,Ernst and Young,7676 Forsyth Blvd Suite 2600,Clayton,MO,63105,,Forsyth/Clayton,CBW- Crazy Bowls and Wraps (Forsyth/Clayton),06/18/2026 11:10 AM,06/12/2026 3:16 PM,$396.00 ,$0.00 ,$20.00 ,($62.40),$41.53 ,$0.00 ,$0.00 ,($13.68),$0.00 ,$0.00 ,-39.6,0,0,341.85,Completed,ach,Marketplace Takeout,,Dispatch,,,
35T-YYX,McCarthy @ Courtyard Hotel,12815 Daylight Dr,St. Louis,MO,63131,,Manchester,CBW- Crazy Bowls and Wraps (Manchester),06/18/2026 11:22 AM,06/02/2026 9:54 AM,$330.50 ,$0.00 ,$20.00 ,($52.58),$28.88 ,$0.00 ,$0.00 ,($11.34),$0.00 ,$0.00 ,-33.05,0,0,282.41,Completed,ach,Marketplace Takeout,,Dispatch,,,
EQ7-3E5,Baptist Oncology,2210 Green Valley Rd,New Albany,IN,47150,13,New Albany,Wild Eggs #13 (New Albany),06/19/2026 7:45 AM,06/18/2026 11:48 AM,$624.00 ,$0.00 ,$35.00 ,($98.85),$46.13 ,($46.13),$62.40 ,($21.08),$0.00 ,$0.00 ,-2.25,0,0,599.22,Completed,ach,Marketplace Delivery,,Jacob Hardegree,,,
GH4-6Z5,Christy Paddock Advisors,525 S Meridian St,Indianapolis,IN,46225,6,Pulliam,Wild Eggs #6 (Pulliam),06/19/2026 8:00 AM,06/16/2026 11:48 AM,$286.00 ,$0.00 ,$35.00 ,($48.15),$28.89 ,($22.47),$15.00 ,($10.46),$0.00 ,$0.00 ,0,0,-14.3,269.51,Completed,ach,Marketplace Delivery,,Vanessa Ablanalp,,,
KYC-VMR,The Medical Center Home Care Program,1953 Scottsville Rd Suite 200,Bowling Green,KY,42104,14,Bowling Green,Wild Eggs #14 (Bowling Green),06/19/2026 8:00 AM,06/17/2026 10:00 AM,$214.00 ,$0.00 ,$35.00 ,($37.35),$14.94 ,($14.94),$21.40 ,($7.89),$0.00 ,$0.00 ,0,0,0,225.16,Completed,ach,Marketplace Delivery,,Lili Hook,,,
T3V-ZTX,Modern Litho,5001 Southwest Ave,St. Louis,MO,63110,,West Oak,CBW- Crazy Bowls and Wraps (West Oak),06/19/2026 11:08 AM,06/15/2026 2:39 PM,$475.20 ,$0.00 ,$20.00 ,($74.28),$42.71 ,$0.00 ,$0.00 ,($16.08),$0.00 ,$0.00 ,-47.52,0,-23.76,376.27,Completed,ach,Marketplace Takeout,,Dispatch,,,
1GX-TRU,Rosenblum Goldenhersh PC,7733 Forsyth Blvd suite 400 400,Clayton,MO,63105,,Forsyth/Clayton,CBW- Crazy Bowls and Wraps (Forsyth/Clayton),06/19/2026 11:25 AM,06/15/2026 10:27 AM,$410.60 ,$0.00 ,$20.00 ,($64.59),$43.06 ,$0.00 ,$0.00 ,($14.16),$0.00 ,$0.00 ,-41.06,0,0,353.85,Completed,ach,Marketplace Takeout,,Dispatch,,,
3H0-5H0,Racing Louisville FC,801 Edith Rd,Louisville,KY,40206,4,Mercantile,Wild Eggs #4 (Mercantile),06/20/2026 7:45 AM,06/18/2026 11:08 AM,$395.00 ,$0.00 ,$35.00 ,($64.50),$25.80 ,($25.80),$35.00 ,($13.63),$0.00 ,$0.00 ,0,0,0,386.87,Completed,ach,Marketplace Delivery,,Bayley Brown,,,
0M3-JC4,Traders Point Christian Church - Carmel,1242 W 136th St,Carmel,IN,46032,5,Carmel,Wild Eggs #5 (Carmel),06/21/2026 7:30 AM,06/04/2026 9:48 AM,$293.00 ,$0.00 ,$35.00 ,($49.20),$0.00 ,$0.00 ,$29.30 ,($9.81),$0.00 ,$0.00 ,0,0,-14.65,283.64,Completed,ach,Marketplace Delivery,,David Green,,,
6RZ-AUF,Traders Point Christian Church,2002 Stafford Rd,Plainfield,IN,46168,15,Avon,Wild Eggs #15 (Avon),06/21/2026 7:30 AM,06/15/2026 10:06 PM,$140.00 ,$0.00 ,$35.00 ,($26.25),$0.00 ,$0.00 ,$10.00 ,($5.23),$0.00 ,$0.00 ,0,0,0,153.52,Completed,ach,Marketplace Delivery,,Laura Diaz,,,
9MZ-96M,Traders Point Christian Church,2350 E 62nd St,Indianapolis,IN,46220,6,Pulliam,Wild Eggs #6 (Pulliam),06/21/2026 8:45 AM,06/15/2026 4:02 PM,$251.00 ,$0.00 ,$35.00 ,($42.90),$0.00 ,$0.00 ,$25.10 ,($8.55),$0.00 ,$0.00 ,0,0,-12.55,247.1,Completed,ach,Marketplace Delivery,,Vanessa Ablanalp,,,
PQ8-UK9,Hagan Health,4010 Dupont Cir #202,Louisville,KY,40207,2,Westport,Wild Eggs #2 (Westport),06/22/2026 9:45 AM,06/22/2026 8:07 AM,$210.00 ,$0.00 ,$35.00 ,($36.75),$14.70 ,($14.70),$21.00 ,($7.77),$0.00 ,$0.00 ,0,0,-10.5,210.98,Completed,ach,Marketplace Delivery,,Israel luna,,,
X8Y-X7R,SSM Cardinal Glennon Children's Hospital,1465 S Grand Blvd,St. Louis,MO,63104,,Lindell/SLU,CBW- Crazy Bowls and Wraps (Lindell/SLU),06/22/2026 10:58 AM,05/27/2026 9:27 AM,$929.40 ,$0.00 ,$20.00 ,($142.41),$0.00 ,$0.00 ,$0.00 ,($28.39),$0.00 ,$0.00 ,-92.94,0,-46.47,639.19,Completed,ach,Marketplace Takeout,,Dispatch,,,
FX6-9W9,St Louis Rheumatology,520 S Elm Ave,Webster Groves,MO,63119,,Rock Hill/Glendale,CBW- Crazy Bowls and Wraps (Rock Hill/Glendale),06/22/2026 11:02 AM,06/21/2026 3:23 PM,$563.35 ,$0.00 ,$20.00 ,($87.50),$52.04 ,$0.00 ,$0.00 ,($19.00),$0.00 ,$0.00 ,-56.34,0,0,472.55,Completed,ach,Marketplace Takeout,,Dispatch,,,
A96-7TY,,,St. Louis,MO,,18,South City,CBW- Crazy Bowls and Wraps #18 (South City),06/22/2026 11:15 AM,06/18/2026 2:12 PM,$378.00 ,$0.00 ,$0.00 ,($56.70),$49.82 ,$0.00 ,$37.80 ,($12.79),$0.00 ,$0.00 ,0,0,0,396.13,Completed,ach,Marketplace Takeout,,N/A,,,
JWZ-YTT,Mercy- Dr. Christopher Abercrombie,1237 Water Tower Pl,Arnold,MO,63010,,Tesson,CBW- Crazy Bowls and Wraps (Tesson),06/22/2026 11:17 AM,06/21/2026 12:47 PM,$171.00 ,$0.00 ,$20.00 ,($28.65),$13.23 ,$0.00 ,$0.00 ,($6.11),$0.00 ,$0.00 ,-30,0,0,139.47,Completed,ach,Marketplace Takeout,,Dispatch,,,
1PJ-ER5,Norton Cancer Insitute - Dr Park,676 S Floyd St,Louisville,KY,40202,2,Westport,Wild Eggs #2 (Westport),06/23/2026 7:15 AM,06/22/2026 5:42 PM,$297.00 ,$0.00 ,$35.00 ,($49.80),$19.92 ,($19.92),$25.00 ,($10.52),$0.00 ,$0.00 ,0,0,-14.85,281.83,Completed,ach,Marketplace Delivery,,Nelly Lopez,,,
XRC-M3Y,Methodist Hospital,1701 N Senate Ave,Indianapolis,IN,46202,6,Pulliam,Wild Eggs #6 (Pulliam),06/23/2026 7:30 AM,06/22/2026 8:06 AM,$580.00 ,$0.00 ,$35.00 ,($92.25),$55.35 ,($43.05),$87.00 ,($20.04),$0.00 ,$0.00 ,0,0,-29,573.01,Completed,ach,Marketplace Delivery,,Vanessa Ablanalp,,,
EQC-AG0,Baptist Health Neurology,4003 Kresge Way 400,Louisville,KY,40207,2,Westport,Wild Eggs #2 (Westport),06/23/2026 7:30 AM,06/22/2026 1:33 PM,$622.00 ,$0.00 ,$35.00 ,($98.55),$39.42 ,($39.42),$0.00 ,($20.82),$0.00 ,$0.00 ,0,0,-31.1,506.53,Completed,ach,Marketplace Delivery,,Julian Soto,,,
01Q-8H0,"DMG - Divisions Maintenance Group ""Foundry Lobby""","50 West 5th St Lobby ""Foundry Lobby""",Cincinnati,OH,45202,9,Queen City Wild Eggs,Wild Eggs #9 (Queen City Wild Eggs),06/23/2026 8:15 AM,06/17/2026 10:14 AM,$171.00 ,$0.00 ,$35.00 ,($30.90),$0.00 ,$0.00 ,$17.10 ,($6.16),$0.00 ,$0.00 ,0,0,0,186.04,Completed,ach,Marketplace Delivery,,Mariah Imjalli,,,
QE0-56T,Westside Gastroenterology,100 Hospital Ln (door W7 or W8) Suite 120,Danville,IN,46122,15,Avon,Wild Eggs #15 (Avon),06/23/2026 9:00 AM,06/19/2026 1:28 PM,$277.00 ,$0.00 ,$35.00 ,($46.80),$28.08 ,($21.84),$15.00 ,($10.17),$0.00 ,$0.00 ,0,0,0,276.27,Completed,ach,Marketplace Delivery,,Laura Diaz,,,
E3T-MJH,Habitat for Humanity Saint Louis,3830 S Grand Blvd,St. Louis,MO,63118,18,South City,CBW- Crazy Bowls and Wraps #18 (South City),06/23/2026 10:28 AM,06/22/2026 12:54 PM,$421.10 ,$0.00 ,$20.00 ,($66.17),$0.00 ,$0.00 ,$0.00 ,($13.19),$0.00 ,$0.00 ,-42.11,0,0,319.63,Completed,ach,Marketplace Takeout,,Dispatch,,,
961-G1V,Norton Healthcare Sleep Center,4950 Norton Healthcare Blvd 210,Louisville,KY,40241,2,Westport,Wild Eggs #2 (Westport),06/24/2026 7:45 AM,06/21/2026 3:20 PM,$150.00 ,$0.00 ,$35.00 ,($27.75),$11.10 ,($11.10),$15.00 ,($5.86),$0.00 ,$0.00 ,0,0,-7.5,158.89,Completed,ach,Marketplace Delivery,,Taylor Kaman,,,
5JK-J5H,Hilton Downtown Indianapolis,120 W Market St,Indianapolis,IN,46204,6,Pulliam,Wild Eggs #6 (Pulliam),06/24/2026 8:30 AM,06/19/2026 11:06 PM,$113.00 ,$0.00 ,$35.00 ,($22.20),$13.32 ,($10.36),$16.95 ,($4.82),$0.00 ,$0.00 ,0,0,-5.65,135.24,Completed,ach,Marketplace Delivery,,Vanessa Ablanalp,,,
HVH-68E,OMS Photo,1636 Chase Ave,Cincinnati,OH,45223,9,Queen City Wild Eggs,Wild Eggs #9 (Queen City Wild Eggs),06/24/2026 8:45 AM,06/19/2026 8:12 AM,$128.00 ,$0.00 ,$35.00 ,($24.45),$0.00 ,$0.00 ,$19.20 ,($4.87),$0.00 ,$0.00 ,0,0,0,152.88,Completed,ach,Marketplace Delivery,,audie hill,,,
V2T-FPP,Crossroads Church Oakley,3500 Madison Rd,Cincinnati,OH,45209,8,Oakley,Wild Eggs #8 (Oakley),06/24/2026 9:00 AM,06/16/2026 2:30 PM,$222.00 ,$0.00 ,$35.00 ,($38.55),$0.00 ,$0.00 ,$33.30 ,($7.68),$0.00 ,$0.00 ,0,0,0,244.07,Completed,ach,Marketplace Delivery,,Maddie Maynard,,,
6WG-1WY,The Couch Immediate Mental Health Care,2327 Lime Kiln Ln,Northfield,KY,40222,2,Westport,Wild Eggs #2 (Westport),06/24/2026 9:00 AM,06/24/2026 6:21 AM,$205.00 ,$0.00 ,$35.00 ,($36.00),$14.40 ,($14.40),$20.50 ,($7.61),$0.00 ,$0.00 ,0,0,-10.25,206.64,Completed,ach,Marketplace Delivery,,Israel luna,,,
JW3-W8H,Peoples National Bank,14323 S Outer Forty Rd BRANCH-Teller Line,Chesterfield,MO,63017,,West Oak,CBW- Crazy Bowls and Wraps (West Oak),06/24/2026 10:02 AM,06/23/2026 10:04 AM,$145.25 ,$0.00 ,$20.00 ,($24.79),$13.06 ,$0.00 ,$0.00 ,($5.33),($0.37),$0.00 ,-30,0,-7.26,110.56,Completed,ach,Marketplace Takeout,,Dispatch,,,
FYP-MXU,Vista Dermatology,1058 Old Des Peres Rd,St. Louis,MO,63131,,West Oak,CBW- Crazy Bowls and Wraps (West Oak),06/24/2026 11:01 AM,06/22/2026 6:00 PM,$373.00 ,$0.00 ,$20.00 ,($58.95),$33.53 ,$0.00 ,$0.00 ,($12.75),$0.00 ,$0.00 ,-37.3,0,-18.65,298.88,Completed,ach,Marketplace Takeout,,Dispatch,,,
GJ8-H1Y,Dr wang,12200 Weber Hill Rd 200,St. Louis,MO,63127,,Tesson,CBW- Crazy Bowls and Wraps (Tesson),06/24/2026 11:35 AM,06/18/2026 4:07 PM,$457.05 ,$0.00 ,$20.00 ,($71.56),$35.37 ,$0.00 ,$0.00 ,($15.32),$0.00 ,$0.00 ,-45.7,0,0,379.84,Completed,ach,Marketplace Takeout,,Dispatch,,,
YYV-CYZ,"DMG - Divisions Maintenance Group  ""Foundry Lobby""","50 West 5th St Lobby ""Foundry Lobby""",Cincinnati,OH,45202,9,Queen City Wild Eggs,Wild Eggs #9 (Queen City Wild Eggs),06/25/2026 8:15 AM,06/17/2026 10:18 AM,$171.00 ,$0.00 ,$35.00 ,($30.90),$0.00 ,$0.00 ,$17.10 ,($6.16),$0.00 ,$0.00 ,0,0,0,186.04,Completed,ach,Marketplace Delivery,,Mariah Imjalli,,,
KTH-2T8,"Concordia Seminary, St. Louis",801 Seminary Pl Wartburg Hall,St. Louis,MO,63105,18,South City,CBW- Crazy Bowls and Wraps #18 (South City),06/25/2026 7:18 AM,06/24/2026 4:59 PM,$375.00 ,$0.00 ,$20.00 ,($59.25),$0.00 ,$0.00 ,$0.00 ,($11.81),$0.00 ,$0.00 ,-37.5,0,0,286.44,Completed,ach,Marketplace Takeout,,Dispatch,,,
3TX-ZW0,First Urology,101 Hospital Blvd 2nd Floor,Jeffersonville,IN,47130,2,Westport,Wild Eggs #2 (Westport),06/25/2026 11:15 AM,06/25/2026 9:24 AM,$353.00 ,$0.00 ,$35.00 ,($58.20),$23.28 ,($23.28),$35.00 ,($12.30),$0.00 ,$0.00 ,-2.25,0,-17.65,332.6,Completed,ach,Marketplace Delivery,,Carolina Contreras,,,
PCP-XEC,Wiegmann Associates,650 Fountain Lakes Blvd,Saint Charles,MO,63301,,Lindenwood,CBW- Crazy Bowls and Wraps (Lindenwood),06/25/2026 11:04 AM,06/24/2026 1:43 PM,$116.15 ,$0.00 ,$20.00 ,($20.42),$11.56 ,$0.00 ,$0.00 ,($4.42),$0.00 ,$0.00 ,-30,0,-5.81,87.06,Completed,ach,Marketplace Takeout,,Dispatch,,,
C2U-027,Larson Financial Group,100 N Broadway 17,St. Louis,MO,63102,,Lindell/SLU,CBW- Crazy Bowls and Wraps (Lindell/SLU),06/25/2026 11:04 AM,06/24/2026 9:09 AM,$196.00 ,$0.00 ,$20.00 ,($32.40),$25.83 ,$0.00 ,$0.00 ,($7.23),$0.00 ,$0.00 ,-30,0,-9.8,162.4,Completed,ach,Marketplace Takeout,postonb261,Dispatch,,,
HMF-VTA,HSHS St. Elizabeth's Neurology,3 St Elizabeth's Blvd Suite 500,O'Fallon,IL,62269,,Shiloh,CBW- Crazy Bowls and Wraps (Shiloh),06/25/2026 11:08 AM,06/22/2026 12:48 PM,$372.40 ,$0.00 ,$20.00 ,($58.86),$31.10 ,($31.10),$0.00 ,($12.66),$0.00 ,$0.00 ,-37.24,0,0,283.64,Completed,ach,Marketplace Takeout,,Dispatch,,,
ZUP-J8U,BJC Medical Group Orthopedics & Sports Medicine at Belleville,4700 Memorial Dr Suite 340 3rd Floor - Suite 340,Belleville,IL,62226,,Shiloh,CBW- Crazy Bowls and Wraps (Shiloh),06/25/2026 11:15 AM,06/24/2026 2:10 PM,$149.89 ,$0.00 ,$20.00 ,($25.48),$0.00 ,$0.00 ,$0.00 ,($5.08),$0.00 ,$0.00 ,-30,0,-7.49,101.84,Completed,ach,Marketplace Takeout,,Dispatch,,,
G92-HXY,RDG Planning & Design,7415 Manchester Rd,Maplewood,MO,63143,18,South City,CBW- Crazy Bowls and Wraps #18 (South City),06/25/2026 11:22 AM,06/22/2026 10:33 AM,$90.10 ,$0.00 ,$20.00 ,($16.52),$11.87 ,$0.00 ,$0.00 ,($3.65),$0.00 ,$0.00 ,-30,0,0,71.8,Completed,ach,Marketplace Takeout,nccv3ezr2,Dispatch,,,
CGX-ER7,"U Of L Primary Care, Dr. Carter",225 Abraham Flexner Way 304,Louisville,KY,40202,2,Westport,Wild Eggs #2 (Westport),06/26/2026 8:30 AM,06/25/2026 4:23 PM,$130.00 ,$0.00 ,$35.00 ,($24.75),$9.90 ,($9.90),$10.00 ,($5.23),$0.00 ,$0.00 ,0,0,-6.5,138.52,Completed,ach,Marketplace Delivery,,Taylor Kaman,,,
64P-PUY,Traders Point Christian Church - Carmel,1242 W 136th St,Carmel,IN,46032,5,Carmel,Wild Eggs #5 (Carmel),06/28/2026 7:30 AM,06/04/2026 9:50 AM,$293.00 ,$0.00 ,$35.00 ,($49.20),$0.00 ,$0.00 ,$29.30 ,($9.81),$0.00 ,$0.00 ,0,0,-14.65,283.64,Completed,ach,Marketplace Delivery,,Ambria Buce,,,
K68-ZGZ,Hilton Indianapolis Downtown,120 W Market St,Indianapolis,IN,46204,6,Pulliam,Wild Eggs #6 (Pulliam),06/28/2026 8:00 AM,06/27/2026 7:33 AM,$113.00 ,$0.00 ,$35.00 ,($22.20),$13.32 ,($10.36),$16.95 ,($4.82),$0.00 ,$0.00 ,0,0,-5.65,135.24,Completed,ach,Marketplace Delivery,,Vanessa Ablanalp,,,
6ZU-EHJ,University Endo Center,9275 Montgomery Rd 400,Cincinnati,OH,45242,8,Oakley,Wild Eggs #8 (Oakley),06/29/2026 7:45 AM,06/26/2026 10:39 AM,$220.00 ,$0.00 ,$35.00 ,($38.25),$0.00 ,$0.00 ,$33.00 ,($7.62),$0.00 ,$0.00 ,0,0,0,242.13,Completed,ach,Marketplace Delivery,,Kemen Norman,,,
VG6-Q7J,CVR / CDK Global,9225 Priority Way W Dr 120,Indianapolis,IN,46240,5,Carmel,Wild Eggs #5 (Carmel),06/29/2026 8:00 AM,06/26/2026 6:27 PM,$194.00 ,$0.00 ,$35.00 ,($34.35),$20.61 ,($16.03),$19.40 ,($7.46),$0.00 ,$0.00 ,0,0,-9.7,201.47,Completed,ach,Marketplace Delivery,,Lesley Rodela,,,
A67-AQG,Lou Fusz Soccer Complex,2155 Creve Coeur Mill Rd,St. Louis,MO,63146,,Creve Coeur,CBW- Crazy Bowls and Wraps (Creve Coeur),06/29/2026 10:15 AM,06/28/2026 9:58 AM,"$1,122.00 ",$0.00 ,$20.00 ,($171.30),$98.04 ,$0.00 ,$0.00 ,($37.08),$0.00 ,$0.00 ,-112.2,0,-56.1,863.36,Completed,ach,Marketplace Takeout,,Dispatch,,,
FP3-W7A,Creve Couer Soccer Complex,2350 Creve Coeur Mill Rd,Maryland Heights,MO,63043,,Creve Coeur,CBW- Crazy Bowls and Wraps (Creve Coeur),06/29/2026 10:16 AM,06/28/2026 9:52 AM,$596.00 ,$0.00 ,$20.00 ,($92.40),$52.08 ,$0.00 ,$0.00 ,($19.98),$0.00 ,$0.00 ,-59.6,0,-29.8,466.3,Completed,ach,Marketplace Takeout,,Dispatch,,,
FCA-AH1,,,Troy,MO,,,Wentzville,CBW- Crazy Bowls and Wraps (Wentzville),06/29/2026 12:15 PM,06/23/2026 1:36 PM,$532.66 ,$0.00 ,$0.00 ,($79.90),$55.66 ,$0.00 ,$25.00 ,($17.59),$0.00 ,$0.00 ,0,0,0,515.83,Completed,ach,Marketplace Takeout,,N/A,,,
UMK-W04,Horizon League,129 E Market St Ste. 900,Indianapolis,IN,46204,6,Pulliam,Wild Eggs #6 (Pulliam),06/30/2026 7:30 AM,06/09/2026 1:36 PM,$177.00 ,$0.00 ,$35.00 ,($31.80),$19.08 ,($14.84),$17.70 ,($6.91),$0.00 ,$0.00 ,0,0,-8.85,186.38,Completed,ach,Marketplace Delivery,,Vanessa Ablanalp,,,
F85-7MZ,Sheraton Indianapolis City Centre Hotel,31 W Ohio St,Indianapolis,IN,46204,6,Pulliam,Wild Eggs #6 (Pulliam),06/30/2026 8:00 AM,06/13/2026 7:53 PM,$223.00 ,$0.00 ,$35.00 ,($38.70),$23.22 ,($18.06),$22.30 ,($8.41),$0.00 ,$0.00 ,0,0,-11.15,227.2,Completed,ach,Marketplace Delivery,2500comeback,Vanessa Ablanalp,,,
JXZ-JY1,Kentucky Skin Cancer Center,1818 Wallace Ct Unit 301,Bowling Green,KY,42103,14,Bowling Green,Wild Eggs #14 (Bowling Green),06/30/2026 7:45 AM,06/29/2026 11:50 AM,$478.00 ,$0.00 ,$35.00 ,($76.95),$30.78 ,($30.78),$71.70 ,($16.26),$0.00 ,$0.00 ,0,0,0,491.49,Completed,ach,Marketplace Delivery,,Lili Hook,,,
W33-F5Q,Newburgh Dermatology & Skin Cancer and Laser Surgery Center,10788 Stahl Rd,Newburgh,IN,47630,17,Evansville,Wild Eggs #17 (Evansville),06/30/2026 7:45 AM,06/29/2026 12:09 PM,$312.00 ,$0.00 ,$35.00 ,($52.05),$27.76 ,($24.29),$0.00 ,($11.21),$0.00 ,$0.00 ,0,0,0,287.21,Completed,ach,Marketplace Delivery,,Nick Miller,,,
43Q-XG0,Hazel Dell Family Practice,14535 Hazel Dell Pkwy Bldg A,Carmel,IN,46033,5,Carmel,Wild Eggs #5 (Carmel),06/30/2026 9:00 AM,06/26/2026 12:55 PM,$241.00 ,$0.00 ,$35.00 ,($41.40),$24.84 ,($19.32),$20.00 ,($9.00),$0.00 ,$0.00 ,0,0,-12.05,239.07,Completed,ach,Marketplace Delivery,july26,Missy Toney,,,
X4K-GCR,Enterprise Mobility,2281 Ball Dr,St. Louis,MO,63146,,West Oak,CBW- Crazy Bowls and Wraps (West Oak),06/30/2026 10:20 AM,06/29/2026 4:54 PM,$207.80 ,$0.00 ,$20.00 ,($34.17),$18.68 ,$0.00 ,$0.00 ,($7.37),$0.00 ,$0.00 ,-30,0,-10.39,164.55,Completed,ach,Marketplace Takeout,,Dispatch,,,
00V-MX5,Washington University - Pediatric Residency,1 Children's Place St. Louis Children’s Hospital Visitor Garage 2nd Level Drop Off/Pick Up Zone,St. Louis,MO,63110,,Lindell/SLU,CBW- Crazy Bowls and Wraps (Lindell/SLU),06/30/2026 10:44 AM,06/24/2026 10:41 AM,"$1,072.75 ",$0.00 ,$20.00 ,($163.91),$0.00 ,$0.00 ,$0.00 ,($32.67),$0.00 ,$0.00 ,-107.28,0,-53.64,735.25,Completed,ach,Marketplace Takeout,,Dispatch,,,
TT9-YE7,Cardinal Glennon Children's Hospital,1465 S Grand Blvd main entrance,St. Louis,MO,63104,,Lindell/SLU,CBW- Crazy Bowls and Wraps (Lindell/SLU),06/30/2026 11:04 AM,06/25/2026 10:55 AM,$376.20 ,$0.00 ,$20.00 ,($59.43),$0.00 ,$0.00 ,$0.00 ,($11.85),$0.00 ,$0.00 ,-37.62,0,-18.81,268.49,Completed,ach,Marketplace Takeout,,Dispatch,,,
AVR-T4Y,St. Lukes Multispecialty,222 S Woods Mill Rd Suite 750 North building,Chesterfield,MO,63017,,Creve Coeur,CBW- Crazy Bowls and Wraps (Creve Coeur),06/30/2026 11:06 AM,06/28/2026 9:07 PM,$431.53 ,$0.00 ,$20.00 ,($67.73),$37.71 ,$0.00 ,$0.00 ,($14.63),$0.00 ,$0.00 ,-43.15,0,-21.58,342.15,Completed,ach,Marketplace Takeout,,Dispatch,,,
AVK-FHT,Hunter engineering - c/o Jim T,"11250 Hunter Dr Building ""A""",Bridgeton,MO,63044,,West Oak,CBW- Crazy Bowls and Wraps (West Oak),06/30/2026 11:14 AM,06/24/2026 4:23 PM,$348.40 ,$0.00 ,$20.00 ,($55.26),$31.31 ,$0.00 ,$0.00 ,($11.95),$0.00 ,$0.00 ,-34.84,0,-17.42,280.24,Completed,ach,Marketplace Takeout,,Dispatch,,,
6WX-PJV,Confluence Academies,319 N 4th St Suite 500,St. Louis,MO,63102,,Lindell/SLU,CBW- Crazy Bowls and Wraps (Lindell/SLU),06/30/2026 11:19 AM,06/29/2026 3:50 PM,$102.47 ,$0.00 ,$20.00 ,($18.37),$0.00 ,$0.00 ,$0.00 ,($3.66),$0.00 ,$0.00 ,-30,0,-5.12,65.32,Completed,ach,Marketplace Takeout,,Dispatch,,,
QYP-899,Stoll Keenon Ogden,One Main St Suite 201,Evansville,IN,47708,17,Evansville,Wild Eggs #17 (Evansville),07/01/2026 8:00 AM,06/22/2026 12:51 PM,$184.00 ,$0.00 ,$35.00 ,($32.85),$17.52 ,($15.33),$36.80 ,($7.07),$0.00 ,$0.00 ,0,0,0,218.07,Completed,ach,Marketplace Delivery,,Nick Miller,,,
G7P-6P5,Mercy South Hospital - Hospitalist Office,10100 Kennerly Rd,Sappington,MO,63128,,Tesson,CBW- Crazy Bowls and Wraps (Tesson),07/01/2026 11:24 AM,06/30/2026 8:53 AM,$401.10 ,$0.00 ,$20.00 ,($63.17),$31.04 ,$0.00 ,$0.00 ,($13.52),$0.00 ,$0.00 ,-40.11,0,0,335.34,Completed,ach,Marketplace Takeout,,Dispatch,,,
H63-ZP8,Marriott St. Louis West,660 Maryville Centre Dr,St. Louis,MO,63141,,Creve Coeur,CBW- Crazy Bowls and Wraps (Creve Coeur),07/02/2026 11:32 AM,06/30/2026 11:39 AM,$339.60 ,$0.00 ,$20.00 ,($53.94),$29.67 ,$0.00 ,$0.00 ,($11.64),$0.00 ,$0.00 ,-33.96,0,-16.98,272.75,Completed,ach,Marketplace Takeout,,Dispatch,,,
GFP-6RY,Traders Point Christian Church - Carmel,1242 W 136th St,Carmel,IN,46032,5,Carmel,Wild Eggs #5 (Carmel),07/05/2026 7:30 AM,06/15/2026 4:03 PM,$293.00 ,$0.00 ,$35.00 ,($49.20),$0.00 ,$0.00 ,$29.30 ,($9.81),$0.00 ,$0.00 ,0,0,-14.65,283.64,Completed,ach,Marketplace Delivery,,Ambria Buce,,,
ZGQ-GA9,Trihealth Thomas Center,10506A Montgomery Rd Suite 301 (3rd floor),Cincinnati,OH,45242,8,Oakley,Wild Eggs #8 (Oakley),07/06/2026 8:15 AM,07/02/2026 3:59 PM,$541.00 ,$0.00 ,$35.00 ,($86.40),$0.00 ,$0.00 ,$25.00 ,($17.22),$0.00 ,$0.00 ,0,0,0,497.38,Completed,ach,Marketplace Delivery,,Emma Burstein,,,
KQ9-E1U,Miller Care Group,3850 Shore Dr 315,Indianapolis,IN,46254,6,Pulliam,Wild Eggs #6 (Pulliam),07/06/2026 8:30 AM,07/04/2026 8:20 AM,$425.00 ,$0.00 ,$35.00 ,($69.00),$41.40 ,($32.20),$25.00 ,($14.99),$0.00 ,$0.00 ,0,0,-21.25,388.96,Completed,ach,Marketplace Delivery,,Vanessa Ablanalp,,,
380-9RK,Hagan Health,4010 Dupont Cir 202,Louisville,KY,40207,2,Westport,Wild Eggs #2 (Westport),07/06/2026 9:45 AM,07/05/2026 4:52 PM,$211.00 ,$0.00 ,$35.00 ,($36.90),$14.76 ,($14.76),$10.00 ,($7.80),$0.00 ,$0.00 ,0,0,-10.55,200.75,Completed,ach,Marketplace Delivery,,Israel luna,,,
PAV-2ZT,Urology of st louis fairview heights,326 Fountains Pkwy,Fairview Heights,IL,62208,,Shiloh,CBW- Crazy Bowls and Wraps (Shiloh),07/06/2026 11:20 AM,07/02/2026 3:40 PM,$246.00 ,$0.00 ,$20.00 ,($39.90),$20.54 ,($20.54),$0.00 ,($8.57),$0.00 ,$0.00 ,-30,0,-12.3,175.23,Completed,ach,Marketplace Takeout,,Dispatch,,,
6E1-164,Ernst and Young,7676 Forsyth Blvd Suite 2600,Clayton,MO,63105,,Forsyth/Clayton,CBW- Crazy Bowls and Wraps (Forsyth/Clayton),07/06/2026 11:27 AM,06/26/2026 11:21 AM,$121.38 ,$0.00 ,$20.00 ,($21.21),$12.73 ,$0.00 ,$0.00 ,($4.61),$0.00 ,$0.00 ,-30,0,0,98.29,Completed,ach,Marketplace Takeout,,Dispatch,,,
2GM-EZ2,Mercy Dr levey,300 Winding Woods Dr 100,O'Fallon,MO,63366,,O'Fallon,CBW- Crazy Bowls and Wraps (O'Fallon),07/06/2026 11:40 AM,07/05/2026 7:08 PM,$246.08 ,$0.00 ,$20.00 ,($39.91),$22.02 ,$0.00 ,$0.00 ,($8.61),$0.00 ,$0.00 ,-30,0,-12.3,197.28,Completed,ach,Marketplace Takeout,,Dispatch,,,
0FA-T74,Progress Park Air Stream Campground,4503 Progress Blvd,Louisville,KY,40218,1,Dupont,Wild Eggs #1 (Dupont),07/07/2026 7:15 AM,06/30/2026 9:45 AM,$280.00 ,$0.00 ,$35.00 ,($47.25),$18.90 ,($18.90),$56.00 ,($9.98),$0.00 ,$0.00 ,0,0,-14,299.77,Completed,ach,Marketplace Delivery,,Linda Dera,,,
XU7-7MU,Baptist Health Endocrinology,2800 Breckenridge Ln 320,Meadowview Estates,KY,40220,2,Westport,Wild Eggs #2 (Westport),07/07/2026 7:45 AM,07/06/2026 4:14 PM,$213.00 ,$0.00 ,$35.00 ,($37.20),$14.88 ,($14.88),$25.00 ,($7.86),$0.00 ,$0.00 ,0,0,-10.65,217.29,Completed,ach,Marketplace Delivery,,Nelly Lopez,,,
19F-VGZ,UC Cardiology,222 Piedmont Ave Ste 1000,Cincinnati,OH,45219,9,Queen City Wild Eggs,Wild Eggs #9 (Queen City Wild Eggs),07/07/2026 8:00 AM,07/06/2026 12:17 PM,"$1,014.00 ",$0.00 ,$35.00 ,($157.35),$0.00 ,$0.00 ,$0.00 ,($31.37),$0.00 ,$0.00 ,0,0,0,860.28,Completed,ach,Marketplace Delivery,,Mariah Imjalli,,,
KTA-XGX,Cancer Center,395 Westfield Rd Suite #2987,Noblesville,IN,46060,5,Carmel,Wild Eggs #5 (Carmel),07/07/2026 8:00 AM,07/06/2026 1:53 PM,$368.00 ,$0.00 ,$35.00 ,($60.45),$36.27 ,($28.21),$45.00 ,($13.13),$0.00 ,$0.00 ,0,0,-18.4,364.08,Completed,ach,Marketplace Delivery,,Lesley Rodela,,,
KR6-P70,OMS Photo,1636 Chase Ave,Cincinnati,OH,45223,9,Queen City Wild Eggs,Wild Eggs #9 (Queen City Wild Eggs),07/07/2026 8:15 AM,07/06/2026 10:05 AM,$168.00 ,$0.00 ,$35.00 ,($30.45),$0.00 ,$0.00 ,$16.80 ,($6.07),$0.00 ,$0.00 ,0,0,0,183.28,Completed,ach,Marketplace Delivery,,Mia Heaton,,,
FZK-K65,Talisen Technologies Inc,12655 Olive Blvd 500,Creve Coeur,MO,63141,,Creve Coeur,CBW- Crazy Bowls and Wraps (Creve Coeur),07/07/2026 7:38 AM,07/06/2026 7:47 AM,$126.40 ,$0.00 ,$20.00 ,($21.96),$11.04 ,$0.00 ,$0.00 ,($4.71),$0.00 ,$0.00 ,-30,0,-6.32,94.45,Completed,ach,Marketplace Takeout,,Dispatch,,,
AC6-ZXF,Medical Center Health Neurology,350 Park St Suite 206a,Bowling Green,KY,42101,14,Bowling Green,Wild Eggs #14 (Bowling Green),07/07/2026 8:15 AM,07/06/2026 9:08 AM,$245.00 ,$0.00 ,$35.00 ,($42.00),$16.80 ,($16.80),$24.50 ,($8.87),$0.00 ,$0.00 ,0,0,0,253.63,Completed,ach,Marketplace Delivery,,Lili Hook,,,
QFJ-ZVR,Barnes Jewish Hospital POD 5,4969 Barnes Jewish Hospital Plaza POD5,St. Louis,MO,63110,,Lindell/SLU,CBW- Crazy Bowls and Wraps (Lindell/SLU),07/07/2026 10:16 AM,07/06/2026 11:31 AM,$931.99 ,$0.00 ,$20.00 ,($142.80),$122.83 ,$0.00 ,$0.00 ,($32.14),$0.00 ,$0.00 ,-93.2,0,-46.6,760.08,Completed,ach,Marketplace Takeout,,Dispatch,,,
GH5-854,Aspire Software,390 S Woods Mill Rd ste 300 - 3rd floor,Chesterfield,MO,63017,,West Oak,CBW- Crazy Bowls and Wraps (West Oak),07/07/2026 10:31 AM,06/22/2026 12:29 PM,$262.04 ,$0.00 ,$0.00 ,($39.31),$23.55 ,$0.00 ,$0.00 ,($8.54),$0.00 ,$0.00 ,0,0,0,237.74,Completed,ach,Meal Program,,Dispatch,,,
36J-80T,Ernst & Young,7676 Forsyth Blvd 2600,Clayton,MO,63105,,Forsyth/Clayton,CBW- Crazy Bowls and Wraps (Forsyth/Clayton),07/07/2026 11:42 AM,07/06/2026 4:40 PM,$74.70 ,$0.00 ,$20.00 ,($14.21),$7.83 ,$0.00 ,$0.00 ,($3.07),$0.00 ,$0.00 ,-30,0,0,55.25,Completed,ach,Marketplace Takeout,,Dispatch,,,
TZR-C4R,Knights Hall,Knights Hall Knights Way,Louisville,KY,40205,4,Mercantile,Wild Eggs #4 (Mercantile),07/08/2026 7:45 AM,07/02/2026 12:56 PM,$425.00 ,$0.00 ,$35.00 ,($69.00),$0.00 ,$0.00 ,$0.00 ,($13.75),$0.00 ,$0.00 ,-2.25,0,0,375,Completed,ach,Marketplace Delivery,,Bayley Brown,,,
E85-M6Z,Tri Health Gastro,10600 Montgomery Rd suite 101,Cincinnati,OH,45242,8,Oakley,Wild Eggs #8 (Oakley),07/08/2026 7:45 AM,07/07/2026 7:24 AM,$732.00 ,$0.00 ,$35.00 ,($115.05),$0.00 ,$0.00 ,$30.00 ,($22.93),$0.00 ,$0.00 ,0,0,0,659.02,Completed,ach,Marketplace Delivery,,Kemen Norman,,,
1ZY-UP5,Stoll Keenon Ogden,334 N Senate Ave,Indianapolis,IN,46204,6,Pulliam,Wild Eggs #6 (Pulliam),07/08/2026 8:45 AM,06/30/2026 9:14 AM,$184.00 ,$0.00 ,$35.00 ,($32.85),$19.71 ,($15.33),$36.80 ,($7.14),$0.00 ,$0.00 ,0,0,-9.2,210.99,Completed,ach,Marketplace Delivery,,Vanessa Ablanalp,,,
K3E-M42,"World Wide Technology, Inc.",701 Fee Fee Rd,Maryland Heights,MO,63043,,West Oak,CBW- Crazy Bowls and Wraps (West Oak),07/08/2026 11:22 AM,07/07/2026 7:10 PM,$83.70 ,$0.00 ,$20.00 ,($15.56),$7.52 ,$0.00 ,$0.00 ,($3.33),$0.00 ,$0.00 ,-30,0,-4.19,58.14,Completed,ach,Marketplace Takeout,,Dispatch,,,
YU0-38V,Mercy South Hospital - Hospitalist Office,10100 Kennerly Rd,Sappington,MO,63128,,Tesson,CBW- Crazy Bowls and Wraps (Tesson),07/08/2026 11:24 AM,07/07/2026 2:38 PM,$360.00 ,$0.00 ,$20.00 ,($57.00),$27.86 ,$0.00 ,$0.00 ,($12.20),$0.00 ,$0.00 ,-36,0,0,302.66,Completed,ach,Marketplace Takeout,,Dispatch,,,
8PF-XK7,Cambridge Air Solutions,760 Long Rd Crossing Dr,Chesterfield,MO,63005,,Chesterfield Valley,CBW- Crazy Bowls and Wraps (Chesterfield Valley),07/08/2026 12:37 PM,07/06/2026 11:23 AM,$184.95 ,$0.00 ,$20.00 ,($30.74),$18.70 ,$0.00 ,$0.00 ,($6.69),$0.00 ,$0.00 ,-30,0,0,156.22,Completed,ach,Marketplace Takeout,,Dispatch,,,
JA4-YTC,Trihealth Queen City- Western Hills,6350 Glenway Ave 3rd floor,Cincinnati,OH,45211,9,Queen City Wild Eggs,Wild Eggs #9 (Queen City Wild Eggs),07/09/2026 8:30 AM,07/07/2026 10:31 AM,$320.00 ,$0.00 ,$35.00 ,($53.25),$0.00 ,$0.00 ,$10.00 ,($10.61),$0.00 ,$0.00 ,0,0,0,301.14,Completed,ach,Marketplace Delivery,,Mariah Imjalli,,,
YFQ-5YX,Bengals Offices,1 Paycor Stadium,Cincinnati,OH,45202,9,Queen City Wild Eggs,Wild Eggs #9 (Queen City Wild Eggs),07/09/2026 8:30 AM,07/08/2026 12:41 PM,$363.00 ,$0.00 ,$35.00 ,($59.70),$2.81 ,($2.81),$45.00 ,($11.98),$0.00 ,$0.00 ,0,0,0,371.32,Completed,ach,Marketplace Delivery,,Mia Heaton,,,
HVJ-4YT,"Takeout from St. Louis, MO",5034 Griffin Rd,St. Louis,MO,63128,,Tesson,CBW- Crazy Bowls and Wraps (Tesson),07/09/2026 10:45 AM,07/08/2026 3:50 PM,$369.00 ,$0.00 ,$0.00 ,($55.35),$28.55 ,$0.00 ,$5.00 ,($11.89),$0.00 ,$0.00 ,0,0,0,335.31,Completed,ach,Marketplace Takeout,,N/A,,,
JGR-843,Guarantee Electrical Construction Compa,3415 Bent Ave,St. Louis,MO,63116,18,South City,CBW- Crazy Bowls and Wraps #18 (South City),07/09/2026 11:21 AM,07/07/2026 5:26 PM,$140.50 ,$0.00 ,$20.00 ,($24.08),$18.52 ,$0.00 ,$0.00 ,($5.35),$0.00 ,$0.00 ,-30,0,0,119.59,Completed,ach,Marketplace Takeout,,Dispatch,,,
T1T-R0H,Dr. Michael Snyder,12700 Southfork Rd 270,St. Louis,MO,63128,,Tesson,CBW- Crazy Bowls and Wraps (Tesson),07/09/2026 11:25 AM,07/08/2026 12:10 PM,$271.10 ,$0.00 ,$20.00 ,($43.67),$20.98 ,$0.00 ,$0.00 ,($9.33),$0.00 ,$0.00 ,-30,0,0,229.08,Completed,ach,Marketplace Takeout,,Dispatch,,,
XKM-215,Nashville SC,2019 Market St,St. Louis,MO,63103,,Lindell/SLU,CBW- Crazy Bowls and Wraps (Lindell/SLU),07/09/2026 12:34 PM,07/06/2026 3:32 PM,$708.70 ,$0.00 ,$20.00 ,($109.31),$93.40 ,$0.00 ,$0.00 ,($24.58),$0.00 ,$0.00 ,-70.87,0,-35.44,581.9,Completed,ach,Marketplace Takeout,,Dispatch,,,
1R3-TKW,University of Louisville,505 S Hancock St 1st floor room 101,Louisville,KY,40202,4,Mercantile,Wild Eggs #4 (Mercantile),07/10/2026 6:45 AM,07/08/2026 10:52 AM,$161.00 ,$0.00 ,$35.00 ,($29.40),$0.00 ,$0.00 ,$10.00 ,($5.86),$0.00 ,$0.00 ,0,0,0,170.74,Completed,ach,Marketplace Delivery,,Tori McMahan,,,
ACQ-4HF,Tri health Bethesda north Endo,10500 Montgomery Rd,Cincinnati,OH,45242,8,Oakley,Wild Eggs #8 (Oakley),07/10/2026 6:45 AM,07/09/2026 8:40 AM,$600.00 ,$0.00 ,$35.00 ,($95.25),$0.00 ,$0.00 ,$30.00 ,($18.99),$0.00 ,$0.00 ,0,0,0,550.76,Completed,ach,Marketplace Delivery,,Kemen Norman,,,
MJC-ZPP,Forte Orthopedics,10767 Illinois St 2nd floor,Carmel,IN,46032,6,Pulliam,Wild Eggs #6 (Pulliam),07/10/2026 8:30 AM,07/08/2026 3:20 PM,$96.00 ,$0.00 ,$35.00 ,($19.65),$11.79 ,($9.17),$14.40 ,($4.27),$0.00 ,$0.00 ,0,0,0,124.1,Completed,ach,Marketplace Delivery,,Vanessa Ablanalp,,,
RH9-CJQ,Goodwill Outlet,5665 St Louis Mls Blvd Door 9,Bridgeton,MO,63044,,Lindenwood,CBW- Crazy Bowls and Wraps (Lindenwood),07/10/2026 11:05 AM,07/07/2026 9:29 AM,$79.71 ,$0.00 ,$20.00 ,($14.96),$0.00 ,$0.00 ,$0.00 ,($2.98),$0.00 ,$0.00 ,-30,0,-3.99,47.78,Completed,ach,Marketplace Takeout,,Dispatch,,,
9F7-MJA,Heartland Dental,701 Emerson Rd 1st Floor- Straight back upon entry,Creve Coeur,MO,63141,,West Oak,CBW- Crazy Bowls and Wraps (West Oak),07/10/2026 11:39 AM,07/08/2026 2:15 PM,$156.94 ,$0.00 ,$20.00 ,($26.54),$14.11 ,$0.00 ,$0.00 ,($5.71),$0.00 ,$0.00 ,-30,0,-7.85,120.95,Completed,ach,Marketplace Takeout,,Dispatch,,,
4A2-7HE,Racing Louisville FC,801 Edith Rd,Louisville,KY,40206,4,Mercantile,Wild Eggs #4 (Mercantile),07/11/2026 9:00 AM,07/09/2026 10:24 AM,$330.00 ,$0.00 ,$35.00 ,($54.75),$21.90 ,($21.90),$0.00 ,($11.57),$0.00 ,$0.00 ,0,0,0,298.68,Completed,ach,Marketplace Delivery,,Bayley Brown,,,
W8K-8Z9,Traders Point Christian Church - Carmel,1242 W 136th St,Carmel,IN,46032,5,Carmel,Wild Eggs #5 (Carmel),07/12/2026 7:30 AM,07/11/2026 3:41 PM,$293.00 ,$0.00 ,$35.00 ,($49.20),$0.00 ,$0.00 ,$29.30 ,($9.81),$0.00 ,$0.00 ,0,0,-14.65,283.64,Completed,ach,Marketplace Delivery,,Ambria Buce,,,
T16-0FA,Traders Point Christian Church,2350 E 62nd St,Indianapolis,IN,46220,6,Pulliam,Wild Eggs #6 (Pulliam),07/12/2026 8:45 AM,07/09/2026 11:07 AM,$288.00 ,$0.00 ,$35.00 ,($48.45),$0.00 ,$0.00 ,$28.80 ,($9.66),$0.00 ,$0.00 ,0,0,-14.4,279.29,Completed,ach,Marketplace Delivery,,Vanessa Ablanalp,,,
4V7-VWY,Cincinnati Children's Hospital Medical Center,"240 Albert Sabin Way Location T half circle - Clinical Sciences Pavilion - blue awnings, orange poles",Cincinnati,OH,45220,9,Queen City Wild Eggs,Wild Eggs #9 (Queen City Wild Eggs),07/13/2026 7:15 AM,07/10/2026 8:23 AM,$111.00 ,$0.00 ,$35.00 ,($21.90),$0.00 ,$0.00 ,$11.10 ,($4.37),$0.00 ,$0.00 ,0,0,0,130.83,Completed,ach,Marketplace Delivery,,Mariah Imjalli,,,
JE7-1JW,Mercy Health GME,8000 Five Mile Rd - Medical Arts Bldg (MOB) 1 - GME Office Suite 105,Cincinnati,OH,45230,8,Oakley,Wild Eggs #8 (Oakley),07/13/2026 7:45 AM,07/10/2026 11:04 AM,$96.00 ,$0.00 ,$35.00 ,($19.65),$0.00 ,$0.00 ,$0.00 ,($3.92),$0.00 ,$0.00 ,0,0,0,107.43,Completed,ach,Marketplace Delivery,,Maddie Maynard,,,
T6M-EJ2,Mercy Oncology Suite 120,15945 Clayton Rd 150,Ballwin,MO,63011,,Chesterfield Valley,CBW- Crazy Bowls and Wraps (Chesterfield Valley),07/13/2026 11:00 AM,07/11/2026 7:07 PM,$307.20 ,$0.00 ,$20.00 ,($49.08),$31.07 ,$0.00 ,$0.00 ,($10.71),$0.00 ,$0.00 ,-30.72,0,0,267.76,Completed,ach,Marketplace Takeout,,Dispatch,,,
M0E-98W,WashU,7425 Forsyth Blvd,Clayton,MO,63105,18,South City,CBW- Crazy Bowls and Wraps #18 (South City),07/13/2026 11:14 AM,07/10/2026 5:00 PM,$282.00 ,$0.00 ,$20.00 ,($45.30),$37.16 ,$0.00 ,$0.00 ,($10.14),($30.00),$0.00 ,-30,0,0,223.72,Completed,ach,Marketplace Takeout,,Dispatch,,,
EFZ-Z5Z,Bennett & Bloom Eye,9200 Leesgate Rd 100 first,Louisville,KY,40222,2,Westport,Wild Eggs #2 (Westport),07/14/2026 6:45 AM,07/13/2026 12:29 PM,$676.00 ,$0.00 ,$35.00 ,($106.65),$42.66 ,($42.66),$75.00 ,($22.53),$0.00 ,$0.00 ,0,0,-33.8,623.02,Completed,ach,Marketplace Delivery,,Israel luna,,,
Q29-KHU,,10300 Ormsby Park Pl 100,Louisville,KY,40223,3,Landis,Wild Eggs #3 (Landis),07/14/2026 7:15 AM,07/10/2026 3:28 PM,$280.00 ,$0.00 ,$0.00 ,($42.00),$16.80 ,($16.80),$15.00 ,($8.87),$0.00 ,$0.00 ,0,0,0,244.13,Completed,ach,Marketplace Takeout,,N/A,,,
UJ0-5RV,University Endo Center,9275 Montgomery Rd 400,Cincinnati,OH,45242,8,Oakley,Wild Eggs #8 (Oakley),07/14/2026 7:45 AM,07/13/2026 10:30 AM,$370.00 ,$0.00 ,$35.00 ,($60.75),$0.00 ,$0.00 ,$30.00 ,($12.11),$0.00 ,$0.00 ,0,0,0,362.14,Completed,ach,Marketplace Delivery,,Kemen Norman,,,
FHA-HTK,Zaahi Studios,3950 Culligan Ave g #G,Indianapolis,IN,46218,6,Pulliam,Wild Eggs #6 (Pulliam),07/14/2026 8:15 AM,07/08/2026 2:11 PM,$242.00 ,$0.00 ,$35.00 ,($41.55),$24.93 ,($19.39),$24.20 ,($9.03),$0.00 ,$0.00 ,0,0,-12.1,244.06,Completed,ach,Marketplace Delivery,,Vanessa Ablanalp,,,
2PR-PFF,Fueled Collective,3825 Edwards Rd ste 103,Cincinnati,OH,45209,8,Oakley,Wild Eggs #8 (Oakley),07/14/2026 8:30 AM,07/13/2026 10:54 AM,$157.00 ,$0.00 ,$35.00 ,($28.80),$0.00 ,$0.00 ,$31.40 ,($5.74),$0.00 ,$0.00 ,0,0,0,188.86,Completed,ach,Marketplace Delivery,,Maddie Maynard,,,
G7Y-P1K,Matthew 25 AIDS Services,101 NW 1st St #215,Evansville,IN,47713,17,Evansville,Wild Eggs #17 (Evansville),07/14/2026 8:00 AM,07/09/2026 2:04 PM,$183.00 ,$0.00 ,$35.00 ,($32.70),$17.44 ,($15.26),$20.00 ,($7.04),$0.00 ,$0.00 ,0,0,0,200.44,Completed,ach,Marketplace Delivery,,Nick Miller,,,
TUF-JGZ,Dermatology,2857 Charlestown Rd,New Albany,IN,47150,13,New Albany,Wild Eggs #13 (New Albany),07/14/2026 9:15 AM,07/13/2026 2:20 PM,$338.00 ,$0.00 ,$35.00 ,($55.95),$26.11 ,($26.11),$25.00 ,($11.93),$0.00 ,$0.00 ,-2.25,0,0,327.87,Completed,ach,Marketplace Delivery,,Jacob Hardegree,,,
6TH-QTP,Procter and Gamble Mfg,169 E Grand Ave Collaboration Center,St. Louis,MO,63147,,Lindell/SLU,CBW- Crazy Bowls and Wraps (Lindell/SLU),07/14/2026 10:44 AM,07/13/2026 12:03 PM,$232.60 ,$0.00 ,$20.00 ,($37.89),$30.65 ,$0.00 ,$0.00 ,($8.47),$0.00 ,$0.00 ,-30,0,-11.63,195.26,Completed,ach,Marketplace Takeout,,Dispatch,,,
XUV-48H,ArchBridge Family Office,7701 Forsyth Blvd Suite 1100,St. Louis,MO,63105,,Forsyth/Clayton,CBW- Crazy Bowls and Wraps (Forsyth/Clayton),07/14/2026 10:52 AM,07/10/2026 2:56 PM,$584.65 ,$0.00 ,$20.00 ,($90.70),$61.32 ,$0.00 ,$0.00 ,($19.91),$0.00 ,$0.00 ,-58.46,0,0,496.9,Completed,ach,Marketplace Takeout,,Dispatch,,,
396-XA4,St. Louis Music,1400 Ferguson Ave,St. Louis,MO,63133,,Forsyth/Clayton,CBW- Crazy Bowls and Wraps (Forsyth/Clayton),07/14/2026 11:18 AM,07/13/2026 1:38 PM,$106.94 ,$0.00 ,$20.00 ,($19.04),$11.22 ,$0.00 ,$0.00 ,($4.13),$0.00 ,$0.00 ,-30,0,0,84.99,Completed,ach,Marketplace Takeout,nac5012,Dispatch,,,
A67-P0R,Lafayette Preparatory Academy,1900 Lafayette Ave,St. Louis,MO,63104,,Lindell/SLU,CBW- Crazy Bowls and Wraps (Lindell/SLU),07/14/2026 11:18 AM,07/13/2026 5:21 PM,$238.20 ,$0.00 ,$20.00 ,($38.73),$31.39 ,$0.00 ,$0.00 ,($8.66),$0.00 ,$0.00 ,-30,0,-11.91,200.29,Completed,ach,Marketplace Takeout,,Dispatch,,,
HR8-GM8,Carmody MacDonald,120 S Central Ave,Clayton,MO,63105,,Forsyth/Clayton,CBW- Crazy Bowls and Wraps (Forsyth/Clayton),07/14/2026 11:27 AM,07/13/2026 2:07 PM,$134.75 ,$0.00 ,$20.00 ,($23.21),$14.13 ,$0.00 ,$0.00 ,($5.05),$0.00 ,$0.00 ,-30,0,0,110.62,Completed,ach,Marketplace Takeout,,Dispatch,,,
8WA-QQF,ROESLEIN AND ASSOCIATES-,9200 Watson Rd,St. Louis,MO,63126,,Sunset Hills,CBW- Crazy Bowls and Wraps (Sunset Hills),07/14/2026 11:35 AM,07/10/2026 1:23 PM,$293.50 ,$0.00 ,$20.00 ,($47.03),$22.71 ,$0.00 ,$0.00 ,($10.05),$0.00 ,$0.00 ,-30,0,0,249.13,Completed,ach,Marketplace Takeout,,Dispatch,,,
YFR-HC1,MRHFM- St Louis,1015 Locust St Ste 1200,St Louis,MO,63101,,West Oak,CBW- Crazy Bowls and Wraps (West Oak),07/14/2026 12:00 PM,06/29/2026 8:45 AM,$213.58 ,$0.00 ,$25.00 ,($32.04),$19.20 ,$0.00 ,$25.00 ,($7.71),$0.00 ,$0.00 ,0,0,0,243.03,Completed,ach,Meal Program,,,,,
G7U-YZ4,Westport Road Baptist Church,"9705 Westport Rd Louisville, KY 40241",Louisville,KY,40241,2,Westport,Wild Eggs #2 (Westport),07/15/2026 7:15 AM,07/14/2026 10:32 PM,$280.00 ,$0.00 ,$35.00 ,($47.25),$0.00 ,$0.00 ,$28.00 ,($9.42),$0.00 ,$0.00 ,0,0,-14,272.33,Completed,ach,Marketplace Delivery,ncc26v22a,Andrew Gresham,,,
T67-C7Y,Axia Noblesville,18051 River Rd 202,Noblesville,IN,46062,5,Carmel,Wild Eggs #5 (Carmel),07/15/2026 7:30 AM,07/14/2026 3:01 PM,$215.00 ,$0.00 ,$35.00 ,($37.50),$22.50 ,($17.50),$20.00 ,($8.15),$0.00 ,$0.00 ,0,0,-10.75,218.6,Completed,ach,Marketplace Delivery,,Lesley Rodela,,,
PWQ-Q17,Proximo meeting at Fueled Collective,3825 Edwards Rd,Cincinnati,OH,45209,8,Oakley,Wild Eggs #8 (Oakley),07/15/2026 8:00 AM,07/14/2026 11:15 AM,$176.00 ,$0.00 ,$35.00 ,($31.65),$0.00 ,$0.00 ,$26.40 ,($6.31),$0.00 ,$0.00 ,0,0,0,199.44,Completed,ach,Marketplace Delivery,,Kemen Norman,,,
RJZ-994,Stoll Keenon Ogden,One Main St Suite 201,Evansville,IN,47708,17,Evansville,Wild Eggs #17 (Evansville),07/15/2026 8:00 AM,07/07/2026 7:52 AM,$145.00 ,$0.00 ,$35.00 ,($27.00),$14.40 ,($12.60),$29.00 ,($5.81),$0.00 ,$0.00 ,-2.25,0,0,175.74,Completed,ach,Marketplace Delivery,,Brittany 01291985,,,
FPP-7Z9,Enterprise Mobility,2281 Ball Dr,St. Louis,MO,63146,,West Oak,CBW- Crazy Bowls and Wraps (West Oak),07/15/2026 10:19 AM,07/14/2026 12:24 PM,$133.30 ,$0.00 ,$20.00 ,($23.00),$11.98 ,$0.00 ,$0.00 ,($4.94),$0.00 ,$0.00 ,-30,0,-6.67,100.67,Completed,ach,Marketplace Takeout,,Dispatch,,,
Z33-31Z,Washington University,4590 Nash Way,St. Louis,MO,63110,,Lindell/SLU,CBW- Crazy Bowls and Wraps (Lindell/SLU),07/15/2026 10:45 AM,07/13/2026 1:15 PM,$841.75 ,$0.00 ,$20.00 ,($129.26),$0.00 ,$0.00 ,$0.00 ,($25.77),$0.00 ,$0.00 ,-84.18,0,-42.09,580.45,Completed,ach,Marketplace Takeout,,Dispatch,,,
0FX-UPK,Nestle Purina Petcare - E Bldg,800 Chouteau Ave,St. Louis,MO,63102,,Lindell/SLU,CBW- Crazy Bowls and Wraps (Lindell/SLU),07/15/2026 10:50 AM,07/07/2026 9:29 AM,$367.00 ,$0.00 ,$20.00 ,($58.05),$48.37 ,$0.00 ,$0.00 ,($13.02),$0.00 ,$0.00 ,-36.7,0,-18.35,309.25,Completed,ach,Marketplace Takeout,,Dispatch,,,
62H-TM3,St. Louis Music,1400 Ferguson Ave,St. Louis,MO,63133,,Forsyth/Clayton,CBW- Crazy Bowls and Wraps (Forsyth/Clayton),07/15/2026 11:17 AM,07/14/2026 2:10 PM,$212.09 ,$0.00 ,$20.00 ,($34.81),$22.24 ,$0.00 ,$0.00 ,($7.60),$0.00 ,$0.00 ,-30,0,0,181.92,Completed,ach,Marketplace Takeout,nac5012,Dispatch,,,
64Z-38F,PwC,6 Cardinal Wy 11th Floor,St. Louis,MO,63102,,Lindell/SLU,CBW- Crazy Bowls and Wraps (Lindell/SLU),07/15/2026 11:18 AM,07/07/2026 12:23 PM,$233.50 ,$0.00 ,$20.00 ,($38.03),$30.77 ,$0.00 ,$0.00 ,($8.50),$0.00 ,$0.00 ,-30,0,-11.68,196.06,Completed,ach,Marketplace Takeout,,Dispatch,,,
RWU-F0P,WashU Bernard Becker Medical Library,660 S Euclid Ave,St. Louis,MO,63110,18,South City,CBW- Crazy Bowls and Wraps #18 (South City),07/15/2026 11:19 AM,07/13/2026 8:50 PM,$209.35 ,$0.00 ,$20.00 ,($34.40),$0.00 ,$0.00 ,$0.00 ,($6.86),$0.00 ,$0.00 ,-30,0,0,158.09,Completed,ach,Marketplace Takeout,,Dispatch,,,
GVU-2HT,Weissman Photo Studio,6726 Manchester Ave,St. Louis,MO,63139,18,South City,CBW- Crazy Bowls and Wraps #18 (South City),07/15/2026 11:19 AM,07/14/2026 11:13 AM,$454.95 ,$0.00 ,$20.00 ,($71.24),$59.96 ,$0.00 ,$0.00 ,($15.99),$0.00 ,$0.00 ,-45.5,0,0,402.18,Completed,ach,Marketplace Takeout,,Dispatch,,,
6GZ-WGE,Ernst and Young,7676 Forsyth Blvd Suite 2600,Clayton,MO,63105,,Forsyth/Clayton,CBW- Crazy Bowls and Wraps (Forsyth/Clayton),07/15/2026 11:27 AM,07/08/2026 2:01 PM,$121.38 ,$0.00 ,$20.00 ,($21.21),$12.73 ,$0.00 ,$0.00 ,($4.61),$0.00 ,$0.00 ,-30,0,0,98.29,Completed,ach,Marketplace Takeout,,Dispatch,,,
Z9K-Z8E,,,Chesterfield,MO,,,Creve Coeur,CBW- Crazy Bowls and Wraps (Creve Coeur),07/15/2026 11:30 AM,07/14/2026 2:20 PM,$310.40 ,$0.00 ,$0.00 ,($46.56),$27.12 ,$0.00 ,$10.00 ,($10.09),$0.00 ,$0.00 ,0,0,-15.52,275.35,Completed,ach,Marketplace Takeout,,N/A,,,
7TP-TP1,JWM Neurology East,1400 N Ritter Ave Suite 220,Indianapolis,IN,46219,6,Pulliam,Wild Eggs #6 (Pulliam),07/16/2026 7:30 AM,07/14/2026 1:38 PM,$225.00 ,$0.00 ,$35.00 ,($39.00),$23.40 ,($18.20),$22.50 ,($8.47),$0.00 ,$0.00 ,0,0,-11.25,228.98,Completed,ach,Marketplace Delivery,,Vanessa Ablanalp,,,
TC5-V7G,Endocrinology,2800 Breckenridge Ln 320,Meadowview Estates,KY,40220,2,Westport,Wild Eggs #2 (Westport),07/16/2026 7:30 AM,07/15/2026 5:05 PM,$249.00 ,$0.00 ,$35.00 ,($42.60),$17.04 ,($17.04),$24.90 ,($9.00),$0.00 ,$0.00 ,0,0,-12.45,244.85,Completed,ach,Marketplace Delivery,,Taylor Kaman,,,
9ZC-TRU,Neurology,4233 Gateway Blvd Floor 1,Newburgh,IN,47630,17,Evansville,Wild Eggs #17 (Evansville),07/16/2026 7:45 AM,07/14/2026 10:48 PM,$394.00 ,$0.00 ,$35.00 ,($64.35),$34.32 ,($30.03),$0.00 ,($13.85),$0.00 ,$0.00 ,0,0,0,355.09,Completed,ach,Marketplace Delivery,,Valerie Anderson,,,
KY0-Q3F,Deaconess  MOB 6 Cancer Services,4219 Gateway Blvd floor 2,Newburgh,IN,47630,17,Evansville,Wild Eggs #17 (Evansville),07/16/2026 8:00 AM,07/14/2026 7:42 PM,$378.00 ,$0.00 ,$35.00 ,($61.95),$33.04 ,($28.91),$20.00 ,($13.34),$0.00 ,$0.00 ,-2.25,0,0,359.59,Completed,ach,Marketplace Delivery,,Brittany 01291985,,,
W5W-161,St Elizabeths cath lab and ep lab in hospital,1 St Elizabeth's Blvd Second floor,O'Fallon,IL,62269,,Shiloh,CBW- Crazy Bowls and Wraps (Shiloh),07/16/2026 10:36 AM,07/13/2026 12:04 PM,$635.00 ,$0.00 ,$20.00 ,($98.25),$53.02 ,($53.02),$0.00 ,($21.17),$0.00 ,$0.00 ,-63.5,0,-31.75,440.33,Completed,ach,Marketplace Takeout,,Dispatch,,,
7Z1-TAG,St. Louis Music,1400 Ferguson Ave,St. Louis,MO,63133,,Forsyth/Clayton,CBW- Crazy Bowls and Wraps (Forsyth/Clayton),07/16/2026 11:17 AM,07/15/2026 12:29 PM,$107.19 ,$0.00 ,$20.00 ,($19.08),$11.24 ,$0.00 ,$0.00 ,($4.14),$0.00 ,$0.00 ,-30,0,0,85.21,Completed,ach,Marketplace Takeout,nac5012,Dispatch,,,
T1C-5ZR,Dr Melvin,5551 Winghaven Blvd Dr Knox suite 142 142,O'Fallon,MO,63368,,O'Fallon,CBW- Crazy Bowls and Wraps (O'Fallon),07/16/2026 11:17 AM,07/15/2026 4:51 PM,$243.03 ,$0.00 ,$20.00 ,($39.45),$21.75 ,$0.00 ,$0.00 ,($8.51),$0.00 ,$0.00 ,-30,0,-12.15,194.67,Completed,ach,Marketplace Takeout,,Dispatch,,,
H6A-VJW,,1225 S Grand Blvd,St. Louis,MO,63104,,Lindell/SLU,CBW- Crazy Bowls and Wraps (Lindell/SLU),07/16/2026 11:30 AM,07/15/2026 5:05 PM,$223.45 ,$0.00 ,$0.00 ,($15.64),$29.45 ,$0.00 ,$0.00 ,($7.56),$0.00 ,$0.00 ,0,0,-11.17,218.53,Completed,ach,Marketplace Takeout,,N/A,,,
VPH-8PM,All in pediatrics,2305 Green Valley Rd,New Albany,IN,47150,13,New Albany,Wild Eggs #13 (New Albany),07/17/2026 8:00 AM,07/16/2026 11:03 AM,$360.00 ,$0.00 ,$35.00 ,($59.25),$27.65 ,($27.65),$0.00 ,($12.64),$0.00 ,$0.00 ,-2.25,0,0,320.86,Completed,ach,Marketplace Delivery,,Jacob Hardegree,,,
7AM-CT3,Hematology Oncology of Indiana,395 Westfield Rd Suite 2987,Noblesville,IN,46060,7,Fishers,Wild Eggs #07 (Fishers),07/17/2026 8:15 AM,07/16/2026 1:07 PM,$244.00 ,$0.00 ,$35.00 ,($41.85),$25.11 ,($19.53),$20.00 ,($9.09),$0.00 ,$0.00 ,0,0,0,253.64,Completed,ach,Marketplace Delivery,,Melissa Jones,,,
T5U-5KX,HSHS Medical Group,2401 S Center St,Maryville,IL,62062,,Edwardsville,CBW- Crazy Bowls and Wraps (Edwardsville),07/17/2026 11:16 AM,07/13/2026 12:03 PM,$237.75 ,$0.00 ,$20.00 ,($38.66),$18.07 ,($18.07),$0.00 ,($8.25),$0.00 ,$0.00 ,-30,0,-11.89,168.95,Completed,ach,Marketplace Takeout,,Dispatch,,,
P27-XW0,Clementine's Ice Cream,8014 N Broadway,St. Louis,MO,63147,,Lindell/SLU,CBW- Crazy Bowls and Wraps (Lindell/SLU),07/17/2026 11:27 AM,07/16/2026 12:49 PM,$307.50 ,$0.00 ,$20.00 ,($49.13),$40.53 ,$0.00 ,$0.00 ,($11.00),$0.00 ,$0.00 ,-30.75,0,-15.38,261.77,Completed,ach,Marketplace Takeout,julysave40,Dispatch,,,
GV2-CT1,Traders Point Christian Church - Carmel,1242 W 136th St,Carmel,IN,46032,5,Carmel,Wild Eggs #5 (Carmel),07/19/2026 7:30 AM,07/15/2026 10:24 AM,$262.00 ,$0.00 ,$35.00 ,($44.55),$0.00 ,$0.00 ,$26.20 ,($8.88),$0.00 ,$0.00 ,0,0,-13.1,256.67,Completed,ach,Marketplace Delivery,,Ambria Buce,,,
WUZ-JA7,FPN Oncology and Hematology,8111 S Emerson Ave 101,Indianapolis,IN,46237,16,Greenwood,Wild Eggs #16 (Greenwood),07/20/2026 7:45 AM,07/16/2026 11:53 AM,$806.00 ,$0.00 ,$35.00 ,($126.15),$75.69 ,($58.87),$75.00 ,($27.41),$0.00 ,$0.00 ,0,0,0,779.26,Food Delivered,Pending,Marketplace Delivery,,Kali Warren,,,
4JK-3YY,Dr. Markert,1169 H Eastern Pkwy 2265,Louisville,KY,40217,2,Westport,Wild Eggs #2 (Westport),07/20/2026 7:45 AM,07/19/2026 6:07 PM,$130.00 ,$0.00 ,$35.00 ,($24.75),$9.90 ,($9.90),$10.00 ,($5.23),$0.00 ,$0.00 ,0,0,-6.5,138.52,Food Delivered,Pending,Marketplace Delivery,,Nelly Lopez,,,
3Z4-3UV,AAIM Employers' Association,12851 Manchester Rd Suite 150,St. Louis,MO,63131,,Manchester,CBW- Crazy Bowls and Wraps (Manchester),07/20/2026 7:09 AM,07/14/2026 3:54 PM,$112.50 ,$0.00 ,$20.00 ,($19.88),$9.83 ,$0.00 ,$0.00 ,($4.26),$0.00 ,$0.00 ,-30,0,0,88.19,Food Delivered,Pending,Marketplace Takeout,,Dispatch,,,
8GX-MK6,Gatewood Wealth Solutions,1401 S Brentwood Blvd Suite 400,St. Louis,MO,63144,,Rock Hill/Glendale,CBW- Crazy Bowls and Wraps (Rock Hill/Glendale),07/20/2026 7:22 AM,07/02/2026 10:16 AM,$327.45 ,$0.00 ,$20.00 ,($52.12),$30.25 ,$0.00 ,$0.00 ,($11.29),$0.00 ,$0.00 ,-32.74,0,0,281.55,Food Delivered,Pending,Marketplace Takeout,,Dispatch,,,
63C-J96,Dermatology,7691 Five Mile Rd 312,Cincinnati,OH,45230,9,Queen City Wild Eggs,Wild Eggs #9 (Queen City Wild Eggs),07/20/2026 9:00 AM,07/17/2026 5:18 PM,$301.00 ,$0.00 ,$35.00 ,($50.40),$2.81 ,($2.81),$15.00 ,($10.13),$0.00 ,$0.00 ,0,0,0,290.47,Food Delivered,Pending,Marketplace Delivery,,Mariah Imjalli,,,
9TH-JUM,The Couch Immediate Mental Health Care,2327 Lime Kiln Ln,Northfield,KY,40222,2,Westport,Wild Eggs #2 (Westport),07/20/2026 9:00 AM,07/20/2026 2:29 AM,$210.00 ,$0.00 ,$35.00 ,($36.75),$14.70 ,($14.70),$21.00 ,($7.77),$0.00 ,$0.00 ,0,0,-10.5,210.98,Food Delivered,Pending,Marketplace Delivery,,Nelly Lopez,,,
42K-H7Z,Distinctive Dermatology,390 Office Ct,Fairview Heights,IL,62208,,Shiloh,CBW- Crazy Bowls and Wraps (Shiloh),07/20/2026 10:31 AM,07/17/2026 1:42 PM,$430.00 ,$0.00 ,$20.00 ,($67.50),$35.90 ,($35.90),$0.00 ,($14.53),$0.00 ,$0.00 ,-43,0,-21.5,303.47,Food Delivered,Pending,Marketplace Takeout,,Dispatch,,,
E3U-5GP,Benefit Finance Partners,6 Cityplace Dr 6 Cityplace Drive 400,Creve Coeur,MO,63141,,Creve Coeur,CBW- Crazy Bowls and Wraps (Creve Coeur),07/20/2026 10:59 AM,07/17/2026 12:24 PM,$405.20 ,$0.00 ,$20.00 ,($63.78),$35.41 ,$0.00 ,$0.00 ,($13.77),$0.00 ,$0.00 ,-40.52,0,-20.26,322.28,Food Delivered,Pending,Marketplace Takeout,,Dispatch,,,
18F-Q4G,Mercy,3915 Watson Rd Suite 100B,St. Louis,MO,63109,18,South City,CBW- Crazy Bowls and Wraps #18 (South City),07/20/2026 11:06 AM,07/19/2026 5:45 PM,$289.61 ,$0.00 ,$20.00 ,($46.44),$38.17 ,$0.00 ,$0.00 ,($10.40),$0.00 ,$0.00 ,-30,0,0,260.94,Food Delivered,Pending,Marketplace Takeout,,Dispatch,,,
YWM-QHF,Franciscan Indiana Blood & Marrow Transplant,8111 S Emerson Ave Suite 105,Indianapolis,IN,46237,6,Pulliam,Wild Eggs #6 (Pulliam),07/21/2026 7:30 AM,07/20/2026 10:55 AM,$316.00 ,$0.00 ,$35.00 ,($52.65),$31.59 ,($24.57),$23.00 ,($11.44),$0.00 ,$0.00 ,0,0,-15.8,301.13,Food Delivered,Pending,Marketplace Delivery,,Vanessa Ablanalp,,,
0PF-F7A,Christ Dr. Perrino Dr Office,4803 Montgomery Rd 114,Norwood,OH,45212,8,Oakley,Wild Eggs #8 (Oakley),07/21/2026 8:00 AM,07/16/2026 12:05 PM,$304.00 ,$0.00 ,$35.00 ,($50.85),$0.00 ,$0.00 ,$20.00 ,($10.14),$0.00 ,$0.00 ,0,0,0,298.01,Food Delivered,Pending,Marketplace Delivery,,Kemen Norman,,,
MFE-62C,KSM HQ,600 E. 96th St,Indianapolis,IN,46240,5,Carmel,Wild Eggs #5 (Carmel),07/21/2026 8:15 AM,06/17/2026 11:40 AM,$378.00 ,$0.00 ,$35.00 ,($61.95),$37.17 ,($28.91),$56.70 ,($13.46),$0.00 ,$0.00 ,0,0,-18.9,383.65,Food Delivered,Pending,Marketplace Delivery,,Lesley Rodela,,,
UHP-7G3,"DMG - Divisions Maintenance Group  ""Foundry Lobby""","50 West 5th St Lobby ""Foundry Lobby""",Cincinnati,OH,45202,9,Queen City Wild Eggs,Wild Eggs #9 (Queen City Wild Eggs),07/21/2026 8:15 AM,07/20/2026 8:33 AM,$171.00 ,$0.00 ,$35.00 ,($30.90),$0.00 ,$0.00 ,$17.10 ,($6.16),$0.00 ,$0.00 ,0,0,0,186.04,Food Delivered,Pending,Marketplace Delivery,,Mariah Imjalli,,,
PZQ-9RP,Greenwood Innovation Center,2441 E Main St,Greenwood,IN,46143,16,Greenwood,Wild Eggs #16 (Greenwood),07/21/2026 10:45 AM,07/20/2026 10:48 AM,"$1,306.00 ",$0.00 ,$35.00 ,($201.15),$120.69 ,($93.87),$60.00 ,($43.70),$0.00 ,$0.00 ,0,0,0,1182.97,Food Delivered,Pending,Marketplace Delivery,,Kali Warren,,,
J4K-CE5,Crossroads Veterinary Hospital,10253 Highway DD,Wentzville,MO,63385,,O'Fallon,CBW- Crazy Bowls and Wraps (O'Fallon),07/21/2026 11:30 AM,07/20/2026 6:34 PM,$142.75 ,$0.00 ,$20.00 ,($24.41),$12.78 ,$0.00 ,$0.00 ,($5.25),$0.00 ,$0.00 ,-30,0,-7.14,108.73,Food Delivered,Pending,Marketplace Takeout,,Dispatch,,,
Q3F-9E3,Franciscan Health Cancer Center,8111 Emerson Ave Floor 1,Indianapolis,IN,46237,6,Pulliam,Wild Eggs #6 (Pulliam),07/22/2026 7:45 AM,07/21/2026 11:04 AM,"$1,984.00 ",$0.00 ,$35.00 ,($302.85),$181.71 ,($141.33),$150.00 ,($65.80),$0.00 ,$0.00 ,0,0,-99.2,1741.53,Food Delivered,Pending,Marketplace Delivery,,Vanessa Ablanalp,,,
UT7-KKZ,Dr. Olash,3900 Kresge Way 50,Louisville,KY,40207,2,Westport,Wild Eggs #2 (Westport),07/22/2026 8:00 AM,07/21/2026 3:21 PM,$130.00 ,$0.00 ,$35.00 ,($24.75),$9.90 ,($9.90),$11.00 ,($5.23),$0.00 ,$0.00 ,0,0,-6.5,139.52,Food Delivered,Pending,Marketplace Delivery,,Taylor Kaman,,,
WVK-061,Med Center Health Neurology,350 Park St Suite 206-A Suite 206-A,Bowling Green,KY,42101,14,Bowling Green,Wild Eggs #14 (Bowling Green),07/22/2026 8:15 AM,07/20/2026 11:34 AM,$549.00 ,$0.00 ,$35.00 ,($87.60),$35.04 ,($35.04),$82.35 ,($18.51),$0.00 ,$0.00 ,0,0,0,560.24,Food Delivered,Pending,Marketplace Delivery,,Lili Hook,,,
CCF-P1U,Ameren - North Metro Operating Center,4427 Geraldine Ave,St. Louis,MO,63115,,Lindell/SLU,CBW- Crazy Bowls and Wraps (Lindell/SLU),07/22/2026 10:42 AM,07/20/2026 10:07 AM,$302.90 ,$0.00 ,$20.00 ,($48.44),$39.92 ,$0.00 ,$0.00 ,($10.85),$0.00 ,$0.00 ,-30.29,0,-15.15,258.09,Food Delivered,Pending,Marketplace Takeout,,Dispatch,,,
PPU-130,Ess health urology,12255 De Paul Dr 200,Bridgeton,MO,63044,,Lindenwood,CBW- Crazy Bowls and Wraps (Lindenwood),07/22/2026 10:48 AM,07/21/2026 12:31 PM,$164.95 ,$0.00 ,$20.00 ,($27.74),$16.41 ,$0.00 ,$0.00 ,($6.02),$0.00 ,$0.00 ,-30,0,-8.25,129.35,Food Delivered,Pending,Marketplace Takeout,,Dispatch,,,
2CY-PY2,WashU Biology Department Danforth Campus,Tolman Wy,St. Louis County,MO,63105,,Forsyth/Clayton,CBW- Crazy Bowls and Wraps (Forsyth/Clayton),07/22/2026 11:11 AM,07/21/2026 7:26 PM,$204.34 ,$0.00 ,$20.00 ,($33.65),$0.00 ,$0.00 ,$0.00 ,($6.71),$0.00 ,$0.00 ,-30,0,0,153.98,Food Delivered,Pending,Marketplace Takeout,,Dispatch,,,
9C5-94E,,,St. Louis,MO,,,Lindell/SLU,CBW- Crazy Bowls and Wraps (Lindell/SLU),07/22/2026 11:45 AM,07/21/2026 7:28 PM,$218.65 ,$0.00 ,$0.00 ,($32.80),$0.00 ,$0.00 ,$21.87 ,($6.54),$0.00 ,$0.00 ,0,0,-10.93,190.25,Food Delivered,Pending,Marketplace Takeout,,N/A,,,
CJA-CZP,The Pat McAfee Show,18592 Carousel Ln,Westfield,IN,46074,5,Carmel,Wild Eggs #5 (Carmel),07/23/2026 7:30 AM,07/18/2026 1:38 PM,$880.00 ,$0.00 ,$35.00 ,($137.25),$82.35 ,($64.05),$88.00 ,($29.82),$0.00 ,$0.00 ,0,0,-44,810.23,Food Delivered,Pending,Marketplace Delivery,,Lesley Rodela,,,
255-MZ4,Forefront Dermatology,159 S English Station Rd,Louisville,KY,40245,2,Westport,Wild Eggs #2 (Westport),07/23/2026 7:45 AM,07/22/2026 5:58 PM,$394.00 ,$0.00 ,$35.00 ,($64.35),$25.74 ,($25.74),$20.00 ,($13.60),$0.00 ,$0.00 ,0,0,-19.7,351.35,Food Delivered,Pending,Marketplace Delivery,,Taylor Kaman,,,
TT2-0MF,Coke Consolidated,5100 Duck Creek Rd,Cincinnati,OH,45227,8,Oakley,Wild Eggs #8 (Oakley),07/23/2026 9:00 AM,07/21/2026 12:43 PM,$304.00 ,$0.00 ,$35.00 ,($50.85),$0.00 ,$0.00 ,$60.80 ,($10.14),$0.00 ,$0.00 ,0,0,0,338.81,Food Delivered,Pending,Marketplace Delivery,,Maddie Maynard,,,
930-RM7,Nestle Purina Petcare - Tower Building,901 Chouteau Ave,St. Louis,MO,63102,,Lindell/SLU,CBW- Crazy Bowls and Wraps (Lindell/SLU),07/23/2026 10:49 AM,07/20/2026 3:51 PM,$249.75 ,$0.00 ,$20.00 ,($40.46),$32.91 ,$0.00 ,$0.00 ,($9.05),$0.00 ,$0.00 ,-30,0,-12.49,210.66,Food Delivered,Pending,Marketplace Takeout,,Dispatch,,,
VM0-63F,SIEMENS,13690 Riverport Dr 100,Maryland Heights,MO,63043,,Lindenwood,CBW- Crazy Bowls and Wraps (Lindenwood),07/23/2026 11:16 AM,07/01/2026 9:48 PM,$876.00 ,$0.00 ,$20.00 ,($134.40),$87.16 ,$0.00 ,$0.00 ,($29.40),$0.00 ,$0.00 ,-87.6,0,-43.8,687.96,Food Delivered,Pending,Marketplace Takeout,,Dispatch,,,
C9T-U07,Baptist Endocrinology,2800 Breckenridge Ln 3rd floor,Meadowview Estates,KY,40220,2,Westport,Wild Eggs #2 (Westport),07/24/2026 7:30 AM,07/23/2026 4:06 PM,$255.00 ,$0.00 ,$35.00 ,($43.50),$17.40 ,($17.40),$25.50 ,($9.19),$0.00 ,$0.00 ,0,0,-12.75,250.06,Food Delivered,Pending,Marketplace Delivery,,Nelly Lopez,,,
21A-CJ1,BioLife Solutions at Cook,1102 Indiana Ave,Indianapolis,IN,46202,6,Pulliam,Wild Eggs #6 (Pulliam),07/24/2026 8:15 AM,07/23/2026 8:51 AM,$436.00 ,$0.00 ,$35.00 ,($70.65),$42.39 ,($32.97),$43.60 ,($15.35),$0.00 ,$0.00 ,0,0,-21.8,416.22,Food Delivered,Pending,Marketplace Delivery,,Vanessa Ablanalp,,,
E2A-15U,The Pat McAfee Show,651 E 191st St,Westfield,IN,46074,5,Carmel,Wild Eggs #5 (Carmel),07/24/2026 8:15 AM,07/23/2026 10:41 AM,$530.00 ,$0.00 ,$35.00 ,($84.75),$50.85 ,($39.55),$79.50 ,($18.41),$0.00 ,$0.00 ,0,0,-26.5,526.14,Food Delivered,Pending,Marketplace Delivery,,Lesley Rodela,,,
5RC-UQ8,Deaconess Gateway Infusion Center,"4219 Gateway Blvd 3rd Floor, GI Specialty Center, MOB 6",Newburgh,IN,47630,17,Evansville,Wild Eggs #17 (Evansville),07/24/2026 7:30 AM,07/21/2026 9:37 AM,$507.00 ,$0.00 ,$35.00 ,($81.30),$43.36 ,($37.94),$0.00 ,($17.50),$0.00 ,$0.00 ,0,0,0,448.62,Food Delivered,Pending,Marketplace Delivery,,Valerie Anderson,,,
438-5J5,Behavioral health group,1990 Louisville Rd 110,Bowling Green,KY,42101,14,Bowling Green,Wild Eggs #14 (Bowling Green),07/24/2026 9:45 AM,07/23/2026 9:27 AM,$258.00 ,$0.00 ,$35.00 ,($43.95),$17.58 ,($17.58),$25.80 ,($9.29),$0.00 ,$0.00 ,0,0,0,265.56,Food Delivered,Pending,Marketplace Delivery,,Jamie Thomas,,,
8XV-H2R,Mercy Primary Care 2nd FL,7345 Watson Rd 202,St. Louis,MO,63119,18,South City,CBW- Crazy Bowls and Wraps #18 (South City),07/24/2026 11:15 AM,07/23/2026 2:28 PM,$503.95 ,$0.00 ,$20.00 ,($78.59),$66.42 ,$0.00 ,$0.00 ,($17.65),$0.00 ,$0.00 ,-50.4,0,0,443.73,Food Delivered,Pending,Marketplace Takeout,,Dispatch,,,
QYY-19J,Scott Air Force Base,719 Scheel St,Belleville,IL,62220,,Shiloh,CBW- Crazy Bowls and Wraps (Shiloh),07/24/2026 12:55 PM,07/13/2026 11:52 AM,"$1,006.15 ",$0.00 ,$20.00 ,($153.92),$84.01 ,($84.01),$0.00 ,($33.19),$0.00 ,$0.00 ,-100.62,0,-50.31,688.11,Food Delivered,Pending,Marketplace Takeout,,Dispatch,,,
C80-GGR,Complete In Christ Ministries,933 Alston Ln,Avon,IN,46123,15,Avon,Wild Eggs #15 (Avon),07/25/2026 8:06 AM,07/16/2026 9:57 PM,$320.00 ,$0.00 ,$35.00 ,($53.25),$31.95 ,($24.85),$0.00 ,($11.57),$0.00 ,$0.00 ,-32,0,0,265.28,Food Delivered,Pending,Marketplace Takeout,,Dispatch,,,
T4K-ZKH,Traders Point Christian Church - Carmel,1242 W 136th St,Carmel,IN,46032,5,Carmel,Wild Eggs #5 (Carmel),07/26/2026 7:30 AM,07/15/2026 10:26 AM,$293.00 ,$0.00 ,$35.00 ,($49.20),$0.00 ,$0.00 ,$29.30 ,($9.81),$0.00 ,$0.00 ,0,0,-14.65,283.64,Food Delivered,Pending,Marketplace Delivery,,Ambria Buce,,,
06E-MGT,Traders Point Christian Church,2350 E 62nd St,Indianapolis,IN,46220,6,Pulliam,Wild Eggs #6 (Pulliam),07/26/2026 8:45 AM,07/22/2026 10:26 AM,$288.00 ,$0.00 ,$35.00 ,($48.45),$0.00 ,$0.00 ,$28.80 ,($9.66),$0.00 ,$0.00 ,0,0,-14.4,279.29,Food Delivered,Pending,Marketplace Delivery,,Vanessa Ablanalp,,,
T93-RTJ,Eureka Ranch/Brain Brew-Dexter Distillery,3849 Edwards Rd,Newtown,OH,45244,8,Oakley,Wild Eggs #8 (Oakley),07/27/2026 7:00 AM,07/18/2026 9:20 AM,$326.00 ,$0.00 ,$35.00 ,($54.15),$0.00 ,$0.00 ,$65.20 ,($10.79),$0.00 ,$0.00 ,0,0,0,361.26,Food Delivered,Pending,Marketplace Delivery,,Maddie Maynard,,,
55J-GQQ,Fifth Third Bank,38 Fountain Sq Plz,Cincinnati,OH,45202,9,Queen City Wild Eggs,Wild Eggs #9 (Queen City Wild Eggs),07/27/2026 7:00 AM,07/21/2026 12:51 PM,"$7,023.00 ",$0.00 ,$35.00 ,"($1,058.70)",$28.08 ,($28.08),"$1,404.60 ",($211.87),$0.00 ,$0.00 ,0,0,0,7192.03,Food Delivered,Pending,Marketplace Delivery,,Shirelle Bloom,,,
3TQ-Z84,Brown Cancer Center,2401 Terra Crossing Blvd Suite 206,Louisville,KY,40245,2,Westport,Wild Eggs #2 (Westport),07/27/2026 7:45 AM,07/26/2026 3:59 PM,$568.00 ,$0.00 ,$35.00 ,($90.45),$36.18 ,($36.18),$56.80 ,($19.11),$0.00 ,$0.00 ,0,0,-28.4,521.84,Food Delivered,Pending,Marketplace Delivery,,Nelly Lopez,,,
V01-4RY,Washington University,4990 Children's Pl,St. Louis,MO,63110,,Lindell/SLU,CBW- Crazy Bowls and Wraps (Lindell/SLU),07/27/2026 9:51 AM,07/24/2026 11:14 AM,$77.00 ,$0.00 ,$20.00 ,($14.55),$0.00 ,$0.00 ,$0.00 ,($2.90),$0.00 ,$0.00 ,-30,0,-3.85,45.7,Food Delivered,Pending,Marketplace Takeout,,Dispatch,,,
KHY-KEH,The retina institue,5 Country Club Executive Park,Glen Carbon,IL,62034,,Edwardsville,CBW- Crazy Bowls and Wraps (Edwardsville),07/27/2026 10:49 AM,07/17/2026 8:02 AM,$243.95 ,$0.00 ,$20.00 ,($39.59),$18.54 ,($18.54),$0.00 ,($8.45),$0.00 ,$0.00 ,-30,0,-12.2,173.71,Food Delivered,Pending,Marketplace Takeout,,Dispatch,,,
3P5-8QU,Lemonaid Pharmacy,1701 Macklind Ave Suite 300,St. Louis,MO,63110,,West Oak,CBW- Crazy Bowls and Wraps (West Oak),07/27/2026 10:52 AM,07/13/2026 2:35 PM,$215.25 ,$0.00 ,$0.00 ,($32.29),$19.35 ,$0.00 ,$0.00 ,($7.01),$0.00 ,$0.00 ,0,0,0,195.3,Food Delivered,Pending,Meal Program,,Dispatch,,,
VKP-FQK,ArchBridge Family Office,7701 Forsyth Blvd Suite 1100,St. Louis,MO,63105,,Forsyth/Clayton,CBW- Crazy Bowls and Wraps (Forsyth/Clayton),07/27/2026 11:13 AM,07/24/2026 9:06 AM,$148.49 ,$0.00 ,$20.00 ,($25.27),$15.57 ,$0.00 ,$0.00 ,($5.50),$0.00 ,$0.00 ,-30,0,0,123.29,Food Delivered,Pending,Marketplace Takeout,,Dispatch,,,
Total,Count: 2493,,,,,,,,,,"$917,373.69 ",$0.00 ,"$63,312.00 ","($144,262.06)","$57,792.38 ","($27,105.02)","$51,925.14 ","($31,043.42)","($1,476.53)",$0.00 ,-43450.28,-4459.15,-15090.41,823516.34,,,,,,,,
