Order Number,Location,Street Address,City,State,Zip Code,Store Number,Store Name,Caterer Name,Event Date,Submitted At,Food Total,Promotion,Delivery Fee,Commission,Sales Tax,Sales Tax Remitted by ezCater,Tip,Payment Transaction Fee,Adjustments,Discounts,Misc Fees,Preferred Partner Program,Rewards,Caterer Total Due,Status,Order Paid By Caterer Payment Method,Source,Promotion Code,Driver,House Account ID,House Account Tax ID,Campaign Name
7WT-PE8,Amdocs,625 Maryville Centre Dr 200,St. Louis,MO,63141,,Creve Coeur,CBW- Crazy Bowls and Wraps (Creve Coeur),01/02/2025 8:45 AM,11/27/2024 10:42 AM,$383.25 ,$0.00 ,$20.00 ,($60.49),$33.49 ,$0.00 ,$0.00 ,($13.06),$0.00 ,$0.00 ,-38.32,0,0,324.87,Completed,ach,Marketplace Takeout,,Dispatch,,,
KH3-U14,Contemporary Art Museum St. Louis,3750 Washington Blvd St. Louis,St. Louis,MO,63108,,Lindell/SLU,CBW- Crazy Bowls and Wraps (Lindell/SLU),01/03/2025 4:25 PM,12/17/2024 2:56 PM,$241.90 ,$0.00 ,$20.00 ,($18.33),$0.00 ,$0.00 ,$0.00 ,($7.83),$0.00 ,$0.00 ,-30,0,-12.1,193.64,Completed,ach,Marketplace Takeout,,Dispatch,,,
GAM-47X,Drury Inn & Suites,8700 Eager Rd,Brentwood,MO,63144,,Forsyth/Clayton,CBW- Crazy Bowls and Wraps (Forsyth/Clayton),01/04/2025 11:10 AM,12/09/2024 3:15 PM,$636.90 ,$0.00 ,$20.00 ,($98.54),$0.00 ,$0.00 ,$0.00 ,($19.64),$0.00 ,$0.00 ,-63.69,0,-31.85,443.18,Completed,ach,Marketplace Takeout,,Dispatch,,,
2YC-95M,Veterans United,111 Corporate Office Dr Suite 400,Earth City,MO,63045,,West Oak,CBW- Crazy Bowls and Wraps (West Oak),01/08/2025 10:48 AM,12/30/2024 12:38 PM,$137.20 ,$0.00 ,$20.00 ,($23.58),$12.33 ,$0.00 ,$0.00 ,($5.07),$0.00 ,$0.00 ,-30,0,-6.86,104.02,Completed,ach,Marketplace Takeout,,Dispatch,,,
7WQ-RE9,Medical Specialists of St. Lukes,222 S Woods Mill Rd 750 North,Chesterfield,MO,63017,,Creve Coeur,CBW- Crazy Bowls and Wraps (Creve Coeur),01/08/2025 10:51 AM,01/07/2025 10:02 AM,$378.65 ,$0.00 ,$20.00 ,($59.80),$33.09 ,$0.00 ,$0.00 ,($12.91),$0.00 ,$0.00 ,-37.86,0,0,321.17,Completed,ach,Marketplace Takeout,,Dispatch,,,
ZHG-0V6,Advantage Solutions,8001 Forsyth Blvd Suite 1025,Clayton,MO,63105,,Forsyth/Clayton,CBW- Crazy Bowls and Wraps (Forsyth/Clayton),01/09/2025 10:55 AM,12/20/2024 11:11 AM,$266.10 ,$0.00 ,$20.00 ,($42.92),$27.24 ,$0.00 ,$0.00 ,($9.37),$0.00 ,$0.00 ,-30,0,-13.31,217.74,Completed,ach,Marketplace Takeout,,Dispatch,,,
1Y7-ZKJ,Wash U Chemistry,1 Brookings Dr Wrighton Hall 401,St. Louis,MO,63130,,Forsyth/Clayton,CBW- Crazy Bowls and Wraps (Forsyth/Clayton),01/09/2025 11:08 AM,01/07/2025 11:03 AM,$467.40 ,$0.00 ,$20.00 ,($34.12),$0.00 ,$0.00 ,$0.00 ,($14.57),$0.00 ,$0.00 ,-46.74,0,0,391.97,Completed,ach,ezOrdering Takeout,,Dispatch,,,
091-X44,Lemonaid Pharmacy,1701 Macklind Ave Suite 300,St. Louis,MO,63110,,West Oak,CBW- Crazy Bowls and Wraps (West Oak),01/09/2025 11:15 AM,12/27/2024 5:32 PM,$200.75 ,$0.00 ,$25.00 ,($30.11),$18.04 ,$0.00 ,$20.08 ,($7.29),$0.00 ,$0.00 ,0,0,0,226.47,Completed,ach,Meal Program,,,,,
KFT-GCQ,Thompson Street Capital partners,7676 Forsyth Blvd 2700,Clayton,MO,63105,,Forsyth/Clayton,CBW- Crazy Bowls and Wraps (Forsyth/Clayton),01/10/2025 11:08 AM,01/08/2025 10:47 AM,$195.00 ,$0.00 ,$20.00 ,($15.05),$19.96 ,$0.00 ,$0.00 ,($7.03),$0.00 ,$0.00 ,-30,0,0,182.88,Completed,ach,ezOrdering Takeout,,Dispatch,,,
78V-W7R,Cath lab,4500 Memorial Dr,Belleville,IL,62226,,Shiloh,CBW- Crazy Bowls and Wraps (Shiloh),01/13/2025 10:04 AM,01/10/2025 12:40 PM,$406.70 ,$0.00 ,$20.00 ,($64.01),$33.96 ,($33.96),$0.00 ,($13.77),$0.00 ,$0.00 ,-40.67,0,-20.34,287.91,Completed,ach,Marketplace Takeout,,Dispatch,,,
8Z4-9CJ,Distinctive Dermatology,390 Office Ct,Fairview Heights,IL,62208,,Shiloh,CBW- Crazy Bowls and Wraps (Shiloh),01/13/2025 10:34 AM,01/10/2025 3:27 PM,$469.95 ,$0.00 ,$20.00 ,($73.49),$39.24 ,($39.24),$0.00 ,($15.82),$0.00 ,$0.00 ,-47,0,-23.5,330.14,Completed,ach,Marketplace Takeout,,Dispatch,,,
G5P-EE7,Caleres,8300 Maryland Ave co Jennifer Grace,Clayton,MO,63105,,Forsyth/Clayton,CBW- Crazy Bowls and Wraps (Forsyth/Clayton),01/13/2025 10:44 AM,01/10/2025 6:31 PM,$254.45 ,$0.00 ,$20.00 ,($41.17),$26.05 ,$0.00 ,$0.00 ,($8.98),$0.00 ,$0.00 ,-30,0,-12.72,207.63,Completed,ach,Marketplace Takeout,,Dispatch,,,
HP6-UV3,Deluxe Dermatology,1034 S Brentwood Blvd 1000,Richmond Heights,MO,63117,,Rock Hill/Glendale,CBW- Crazy Bowls and Wraps (Rock Hill/Glendale),01/13/2025 10:56 AM,01/12/2025 10:05 AM,$174.04 ,$0.00 ,$20.00 ,($29.11),$16.08 ,$0.00 ,$0.00 ,($6.28),$0.00 ,$0.00 ,-30,0,-8.7,136.03,Completed,ach,Marketplace Takeout,,Dispatch,,,
Y0X-6G5,SWT Design,7722 Big Bend Blvd,St. Louis,MO,63119,,Rock Hill/Glendale,CBW- Crazy Bowls and Wraps (Rock Hill/Glendale),01/13/2025 11:21 AM,01/08/2025 11:56 AM,$169.25 ,$0.00 ,$20.00 ,($13.25),$15.64 ,$0.00 ,$0.00 ,($6.13),$0.00 ,$0.00 ,-30,0,0,155.51,Completed,ach,ezOrdering Takeout,,Dispatch,,,
2QF-PXZ,ATB Technologies,14567 N Outer 40 Rd suite 525,Chesterfield,MO,63017,,West Oak,CBW- Crazy Bowls and Wraps (West Oak),01/13/2025 11:45 AM,12/30/2024 1:20 PM,$319.72 ,$0.00 ,$25.00 ,($47.96),$28.74 ,$0.00 ,$31.97 ,($11.17),$0.00 ,$0.00 ,0,0,0,346.3,Completed,ach,Meal Program,,,,,
MPJ-HZV,Aspire Software,390 S Woods Mill Rd ste 200-2nd floor,Chesterfield,MO,63017,,West Oak,CBW- Crazy Bowls and Wraps (West Oak),01/14/2025 10:45 AM,12/31/2024 12:06 AM,$516.89 ,$0.00 ,$25.00 ,($77.53),$46.46 ,$0.00 ,$103.38 ,($17.59),$0.00 ,$0.00 ,0,0,0,596.61,Completed,ach,Meal Program,,,,,
784-TVK,"McCarthy Building Companies, Inc.",12851 Manchester Rd McCarthy - floor 2,Des Peres,MO,63131,,Manchester,CBW- Crazy Bowls and Wraps (Manchester),01/14/2025 11:10 AM,01/03/2025 9:53 AM,$164.20 ,$0.00 ,$20.00 ,($12.89),$14.35 ,$0.00 ,$0.00 ,($5.94),$0.00 ,$0.00 ,-30,0,0,149.72,Completed,ach,ezOrdering Takeout,,Dispatch,,,
7FP-49U,Less Annoying CRM,1017 Olive St Suite 300 (3rd floor),St. Louis,MO,63101,,Lindell/SLU,CBW- Crazy Bowls and Wraps (Lindell/SLU),01/15/2025 10:40 AM,01/13/2025 4:49 PM,$226.40 ,$0.00 ,$20.00 ,($36.96),$29.84 ,$0.00 ,$0.00 ,($8.26),$0.00 ,$0.00 ,-30,0,-11.32,189.7,Completed,ach,Marketplace Takeout,,Dispatch,,,
CZH-ARA,Target,40 THF Blvd,Chesterfield,MO,63005,,Creve Coeur,CBW- Crazy Bowls and Wraps (Creve Coeur),01/15/2025 10:47 AM,01/14/2025 7:02 AM,$173.90 ,$0.00 ,$20.00 ,($13.57),$15.20 ,$0.00 ,$0.00 ,($6.25),$0.00 ,$0.00 ,-30,0,0,159.28,Completed,ach,ezOrdering Takeout,,Dispatch,,,
73T-8RH,Arcturis,701 Market St Ste 1300,St. Louis,MO,63101,,Lindell/SLU,CBW- Crazy Bowls and Wraps (Lindell/SLU),01/15/2025 11:03 AM,01/09/2025 10:05 AM,$358.00 ,$0.00 ,$20.00 ,($56.70),$47.18 ,$0.00 ,$0.00 ,($12.71),$0.00 ,$0.00 ,-35.8,0,-17.9,302.07,Completed,ach,Marketplace Takeout,,Dispatch,,,
Y7G-MWJ,Pulmonary Consultants,6 Jungermann Cir,St. Peters,MO,63376,,Lindenwood,CBW- Crazy Bowls and Wraps (Lindenwood),01/15/2025 11:03 AM,01/13/2025 2:12 PM,$389.00 ,$0.00 ,$20.00 ,($61.35),$38.71 ,$0.00 ,$0.00 ,($13.39),$0.00 ,$0.00 ,-38.9,0,-19.45,314.62,Completed,ach,Marketplace Takeout,,Dispatch,,,
Y2G-PYQ,St. Louis Trust & Family Office,7701 Forsyth Blvd Suite 1100 Suite 1100,St. Louis,MO,63105,,Forsyth/Clayton,CBW- Crazy Bowls and Wraps (Forsyth/Clayton),01/15/2025 11:13 AM,01/13/2025 1:48 PM,$191.25 ,$0.00 ,$20.00 ,($14.79),$19.58 ,$0.00 ,$0.00 ,($6.90),$0.00 ,$0.00 ,-30,0,0,179.14,Completed,ach,ezOrdering Takeout,,Dispatch,,,
M6E-V3Y,Rural Family Medical Associates,739 N Jefferson St Suite 200,Mascoutah,IL,62258,,Shiloh,CBW- Crazy Bowls and Wraps (Shiloh),01/15/2025 11:14 AM,01/10/2025 2:00 PM,$264.40 ,$0.00 ,$20.00 ,($42.66),$22.08 ,($22.08),$0.00 ,($9.16),$0.00 ,$0.00 ,-30,0,-13.22,189.36,Completed,ach,Marketplace Takeout,,Dispatch,,,
F2E-HK7,Arcturis,701 Market St Ste 1300,St. Louis,MO,63101,,West Oak,CBW- Crazy Bowls and Wraps (West Oak),01/15/2025 12:15 PM,01/15/2025 12:12 PM,$123.00 ,$0.00 ,$27.00 ,($22.50),$11.06 ,$0.00 ,$0.00 ,($4.82),$0.00 ,$0.00 ,0,0,-6.15,127.59,Completed,ach,Marketplace Delivery,,N/A,,,
EJJ-2KM,WashU Child Psychiatry,4444 Forest Park Ave Ste 3400,St. Louis,MO,63108,,Lindell/SLU,CBW- Crazy Bowls and Wraps (Lindell/SLU),01/16/2025 10:25 AM,01/13/2025 3:03 PM,$251.90 ,$0.00 ,$20.00 ,($40.79),$0.00 ,$0.00 ,$0.00 ,($8.13),$0.00 ,$0.00 ,-30,0,-12.6,180.38,Completed,ach,Marketplace Takeout,,Dispatch,,,
R02-1J7,Burns & McDonnell,425 S Woods Mill Rd 3rd Floor,Town and Country,MO,63017,,Creve Coeur,CBW- Crazy Bowls and Wraps (Creve Coeur),01/17/2025 11:07 AM,01/08/2025 3:16 PM,$336.00 ,$0.00 ,$20.00 ,($53.40),$29.36 ,$0.00 ,$0.00 ,($11.52),$0.00 ,$0.00 ,-33.6,0,0,286.84,Completed,ach,Marketplace Takeout,,Dispatch,,,
K4R-2JA,Washington University Field House,One Brookings Dr.,St. Louis,MO,63112,,Forsyth/Clayton,CBW- Crazy Bowls and Wraps (Forsyth/Clayton),01/19/2025 12:38 PM,01/15/2025 9:21 PM,$216.25 ,$0.00 ,$20.00 ,($16.54),$0.00 ,$0.00 ,$0.00 ,($7.06),$0.00 ,$0.00 ,-30,0,0,182.65,Completed,ach,ezOrdering Takeout,,Dispatch,,,
6F9-XWM,UHY Advisors,15 Sunnen Dr Suite 100,Maplewood,MO,63143,,Rock Hill/Glendale,CBW- Crazy Bowls and Wraps (Rock Hill/Glendale),01/20/2025 10:58 AM,01/14/2025 4:00 PM,$392.40 ,$0.00 ,$20.00 ,($61.86),$36.25 ,$0.00 ,$0.00 ,($13.41),$0.00 ,$0.00 ,-39.24,0,-19.62,314.52,Completed,ach,Marketplace Takeout,,Dispatch,,,
XKA-P4T,Cath lab,1 St Elizabeth's Blvd,O'Fallon,IL,62269,,Shiloh,CBW- Crazy Bowls and Wraps (Shiloh),01/21/2025 10:09 AM,01/20/2025 9:08 AM,$370.70 ,$0.00 ,$20.00 ,($58.61),$30.95 ,($30.95),$0.00 ,($12.61),$0.00 ,$0.00 ,-37.07,0,-18.54,263.87,Completed,ach,Marketplace Takeout,,Dispatch,,,
KQ0-C8H,Washington University - DIAN-TU,4488 Forest Park Ave Suite 301,St. Louis,MO,63108,,Lindell/SLU,CBW- Crazy Bowls and Wraps (Lindell/SLU),01/21/2025 10:51 AM,01/16/2025 1:27 PM,$403.50 ,$0.00 ,$20.00 ,($63.53),$0.00 ,$0.00 ,$0.00 ,($12.66),$0.00 ,$0.00 ,-40.35,0,-20.18,286.78,Completed,ach,Marketplace Takeout,,Dispatch,,,
77E-HZW,Moneta,100 S Brentwood Blvd,St. Louis,MO,63105,,Forsyth/Clayton,CBW- Crazy Bowls and Wraps (Forsyth/Clayton),01/21/2025 11:07 AM,01/09/2025 1:35 PM,$523.20 ,$0.00 ,$20.00 ,($81.48),$53.57 ,$0.00 ,$0.00 ,($17.84),$0.00 ,$0.00 ,-52.32,0,-26.16,418.97,Completed,ach,Marketplace Takeout,,Dispatch,,,
C7E-QE6,Mercy Sunset OBGYN,10777 Sunset Office Dr Suite 200,St. Louis,MO,63127,,Sunset Hills,CBW- Crazy Bowls and Wraps (Sunset Hills),01/21/2025 11:07 AM,01/20/2025 10:13 AM,$391.28 ,$0.00 ,$20.00 ,($61.69),$30.28 ,$0.00 ,$0.00 ,($13.20),$0.00 ,$0.00 ,-39.13,0,-19.56,307.98,Completed,ach,Marketplace Takeout,,Dispatch,,,
MME-THZ,Olin Business School,1 Brookings Dr Knight Hall 3rd floor Graduate Programs Office,St. Louis,MO,63130,,Forsyth/Clayton,CBW- Crazy Bowls and Wraps (Forsyth/Clayton),01/21/2025 3:33 PM,01/16/2025 1:21 PM,$672.00 ,$0.00 ,$20.00 ,($48.44),$0.00 ,$0.00 ,$0.00 ,($20.69),$0.00 ,$0.00 ,-67.2,0,0,555.67,Completed,ach,ezOrdering Takeout,,Dispatch,,,
V61-ZYX,Aspire Software,390 S Woods Mill Rd ste 200-2nd floor,Chesterfield,MO,63017,,West Oak,CBW- Crazy Bowls and Wraps (West Oak),01/22/2025 10:45 AM,01/16/2025 3:42 PM,$327.80 ,$0.00 ,$25.00 ,($49.17),$29.46 ,$0.00 ,$65.56 ,($11.43),$0.00 ,$0.00 ,0,0,0,387.22,Completed,ach,Meal Program,,,,,
YX5-98Q,WashU Sam Fox School,Weil Hall Wrighton Way,St. Louis,MO,63105,,Forsyth/Clayton,CBW- Crazy Bowls and Wraps (Forsyth/Clayton),01/22/2025 4:41 PM,01/21/2025 9:00 AM,$84.20 ,$0.00 ,$20.00 ,($15.63),$0.00 ,$0.00 ,$0.00 ,($3.12),$0.00 ,$0.00 ,-30,0,-4.21,51.24,Completed,ach,Marketplace Takeout,,Dispatch,,,
CWG-Q8T,Ideal Eye Surgery,705 Insight Ave,O'Fallon,IL,62269,,Shiloh,CBW- Crazy Bowls and Wraps (Shiloh),01/23/2025 10:20 AM,01/17/2025 10:29 AM,$505.70 ,$0.00 ,$20.00 ,($36.80),$42.23 ,($42.23),$0.00 ,($16.98),$0.00 ,$0.00 ,-50.57,0,0,421.35,Completed,ach,ezOrdering Takeout,,Dispatch,,,
A75-ERC,Distribution Management (DM),5 Research Park Dr,Saint Charles,MO,63304,,O'Fallon,CBW- Crazy Bowls and Wraps (O'Fallon),01/23/2025 10:57 AM,01/21/2025 11:46 AM,$342.40 ,$0.00 ,$20.00 ,($25.37),$30.64 ,$0.00 ,$0.00 ,($11.75),$0.00 ,$0.00 ,-34.24,0,0,321.68,Completed,ach,ezOrdering Takeout,,Dispatch,,,
CJP-GH3,Missouri Baptist Hospital,3015 N Ballas Rd,St. Louis,MO,63131,,West Oak,CBW- Crazy Bowls and Wraps (West Oak),01/23/2025 11:19 AM,01/16/2025 5:33 PM,$278.75 ,$0.00 ,$20.00 ,($44.81),$25.05 ,$0.00 ,$0.00 ,($9.68),$0.00 ,$0.00 ,-30,0,-13.94,225.37,Completed,ach,Marketplace Takeout,,Dispatch,,,
5M6-M8G,,,Kirkwood,MO,63122,,Sunset Hills,CBW- Crazy Bowls and Wraps (Sunset Hills),01/24/2025 11:30 AM,01/22/2025 7:33 PM,$205.40 ,$0.00 ,$0.00 ,($30.81),$15.89 ,$0.00 ,$0.00 ,($6.62),$0.00 ,$0.00 ,0,0,-10.27,173.59,Completed,ach,Marketplace Takeout,,N/A,,,
3WG-QQG,The Ultimate Bride,1115 S Big Bend Blvd,St. Louis,MO,63117,,Forsyth/Clayton,CBW- Crazy Bowls and Wraps (Forsyth/Clayton),01/25/2025 10:39 AM,01/22/2025 3:55 PM,$161.70 ,$0.00 ,$20.00 ,($27.26),$16.55 ,$0.00 ,$0.00 ,($5.93),$0.00 ,$0.00 ,-30,0,-8.08,126.98,Completed,ach,Marketplace Takeout,,Dispatch,,,
J6T-0TE,Enterprise Rent a Car,9636 Natural Bridge Rd,Berkeley,MO,63134,,Forsyth/Clayton,CBW- Crazy Bowls and Wraps (Forsyth/Clayton),01/27/2025 11:15 AM,01/24/2025 1:03 PM,$206.80 ,$0.00 ,$20.00 ,($34.02),$21.17 ,$0.00 ,$0.00 ,($7.41),$0.00 ,$0.00 ,-30,0,-10.34,166.2,Completed,ach,Marketplace Takeout,,Dispatch,,,
9R2-H8P,Washington University- Pediatric Neurology,"4990 Children's Pl 12th Floor, Northwest Tower, Suite 1260",St. Louis,MO,63110,,Lindell/SLU,CBW- Crazy Bowls and Wraps (Lindell/SLU),01/27/2025 11:19 AM,01/24/2025 11:12 AM,$385.28 ,$0.00 ,$20.00 ,($60.79),$0.00 ,$0.00 ,$0.00 ,($12.12),$0.00 ,$0.00 ,-38.53,0,-19.26,274.58,Completed,ach,Marketplace Takeout,ezsave100,Dispatch,,,
X2W-0WU,Enterprise Rent a Car,9636 Natural Bridge Rd,Berkeley,MO,63134,,Forsyth/Clayton,CBW- Crazy Bowls and Wraps (Forsyth/Clayton),01/27/2025 2:51 PM,01/24/2025 1:06 PM,$178.40 ,$0.00 ,$20.00 ,($29.76),$18.26 ,$0.00 ,$0.00 ,($6.48),$0.00 ,$0.00 ,-30,0,-8.92,141.5,Completed,ach,Marketplace Takeout,,Dispatch,,,
33F-23Z,"Lashly & Baer, P.C.",714 Locust St,St. Louis,MO,63101,,Lindell/SLU,CBW- Crazy Bowls and Wraps (Lindell/SLU),01/28/2025 10:39 AM,01/27/2025 10:35 AM,$121.60 ,$0.00 ,$20.00 ,($21.24),$16.03 ,$0.00 ,$0.00 ,($4.71),$0.00 ,$0.00 ,-30,0,-6.08,95.6,Completed,ach,Marketplace Takeout,,Dispatch,,,
EX6-H4H,Mercy Creve Coeur,12855 N Forty Dr Suite 280,St. Louis,MO,63141,,Manchester,CBW- Crazy Bowls and Wraps (Manchester),01/28/2025 11:01 AM,01/27/2025 10:42 AM,$387.98 ,$0.00 ,$20.00 ,($61.20),$33.90 ,$0.00 ,$0.00 ,($13.21),$0.00 ,$0.00 ,-38.8,0,-19.4,309.27,Completed,ach,Marketplace Takeout,,Dispatch,,,
51V-751,Caleres,8300 Maryland Ave co Jennifer Grace,Clayton,MO,63105,,Forsyth/Clayton,CBW- Crazy Bowls and Wraps (Forsyth/Clayton),01/28/2025 11:07 AM,01/26/2025 12:22 PM,$260.40 ,$0.00 ,$20.00 ,($42.06),$26.66 ,$0.00 ,$0.00 ,($9.18),$0.00 ,$0.00 ,-30,0,-13.02,212.8,Completed,ach,Marketplace Takeout,,Dispatch,,,
EM5-9UP,World Wide Technology,108 Gateway Commerce Center Dr N,Edwardsville,IL,62025,,Edwardsville,CBW- Crazy Bowls and Wraps (Edwardsville),01/29/2025 10:14 AM,01/27/2025 8:49 PM,$266.24 ,$0.00 ,$20.00 ,($42.94),$22.90 ,($22.90),$0.00 ,($9.24),$0.00 ,$0.00 ,-30,0,-13.31,190.75,Completed,ach,Marketplace Takeout,,Dispatch,,,
AJ8-5VU,Mercy IBD Center,1001 S Kirkwood Rd Suite 100,Kirkwood,MO,63122,,Sunset Hills,CBW- Crazy Bowls and Wraps (Sunset Hills),01/29/2025 10:54 AM,01/28/2025 7:43 AM,$318.00 ,$0.00 ,$20.00 ,($50.70),$24.61 ,$0.00 ,$0.00 ,($10.84),$0.00 ,$0.00 ,-31.8,0,-15.9,253.37,Completed,ach,Marketplace Takeout,,Dispatch,,,
KEU-GM3,Mercy Clinic Internal Medicine - Dr. Yang,12700 Southfork Rd Suite 200,St. Louis,MO,63128,,Tesson,CBW- Crazy Bowls and Wraps (Tesson),01/29/2025 11:02 AM,01/27/2025 4:53 PM,$232.50 ,$0.00 ,$20.00 ,($37.88),$17.99 ,$0.00 ,$0.00 ,($8.09),$0.00 ,$0.00 ,-30,0,-11.63,182.89,Completed,ach,Marketplace Takeout,,Dispatch,,,
HFZ-Q3X,Lemonaid Pharmacy,1701 Macklind Ave Suite 300,St. Louis,MO,63110,,West Oak,CBW- Crazy Bowls and Wraps (West Oak),01/29/2025 11:15 AM,01/19/2025 4:02 PM,$130.40 ,$0.00 ,$25.00 ,($19.56),$11.72 ,$0.00 ,$13.04 ,($5.00),$0.00 ,$0.00 ,0,0,0,155.6,Completed,ach,Meal Program,,,,,
R9R-A9G,Hunter Engineering,11250 Hunter Dr Bldg A,Bridgeton,MO,63044,,Lindenwood,CBW- Crazy Bowls and Wraps (Lindenwood),01/30/2025 10:59 AM,01/27/2025 8:31 AM,$368.50 ,$0.00 ,$20.00 ,($58.28),$36.67 ,$0.00 ,$0.00 ,($12.71),$0.00 ,$0.00 ,-36.85,0,-18.43,298.9,Completed,ach,Marketplace Takeout,,Dispatch,,,
YRA-JZT,HSHS St. Elizabeth’s Neurology,3 St Elizabeth's Blvd Suite 5000,O'Fallon,IL,62269,,Shiloh,CBW- Crazy Bowls and Wraps (Shiloh),01/31/2025 10:54 AM,01/30/2025 9:20 AM,$286.05 ,$0.00 ,$20.00 ,($45.91),$23.89 ,($23.89),$0.00 ,($9.87),$0.00 ,$0.00 ,-30,0,-14.3,205.97,Completed,ach,Marketplace Takeout,,Dispatch,,,
U0A-082,Microsoft,4220 Duncan Ave Suite 501,St. Louis,MO,63110,,Lindell/SLU,CBW- Crazy Bowls and Wraps (Lindell/SLU),01/31/2025 11:10 AM,01/30/2025 9:59 AM,$81.60 ,$0.00 ,$20.00 ,($15.24),$10.75 ,$0.00 ,$0.00 ,($3.36),$0.00 ,$0.00 ,-30,0,-4.08,59.67,Completed,ach,Marketplace Takeout,,Dispatch,,,
THF-M06,Chesterfield Counseling Associates,15455 Conway Rd Suite 100,Chesterfield,MO,63017,,Creve Coeur,CBW- Crazy Bowls and Wraps (Creve Coeur),01/31/2025 11:18 AM,01/30/2025 10:03 AM,$184.50 ,$0.00 ,$20.00 ,($14.32),$16.12 ,$0.00 ,$0.00 ,($6.60),$0.00 ,$0.00 ,-30,0,0,169.7,Completed,ach,ezOrdering Takeout,,Dispatch,,,
AVZ-JAR,St. Lukes Chesterfield Cardiology Care,222 S Woods Mill Rd Suite 560N,Chesterfield,MO,63017,,Creve Coeur,CBW- Crazy Bowls and Wraps (Creve Coeur),02/03/2025 11:07 AM,01/31/2025 3:17 PM,$232.50 ,$0.00 ,$20.00 ,($37.88),$20.32 ,$0.00 ,$0.00 ,($8.16),$0.00 ,$0.00 ,-30,0,0,196.78,Completed,ach,Marketplace Takeout,,Dispatch,,,
EMA-V74,Obgyn office/Dr. Frank Patrick,10004 Kennerly Rd 230A,St. Louis,MO,63128,,Tesson,CBW- Crazy Bowls and Wraps (Tesson),02/03/2025 11:29 AM,01/29/2025 12:00 PM,$450.98 ,$0.00 ,$20.00 ,($70.65),$34.90 ,$0.00 ,$0.00 ,($15.13),$0.00 ,$0.00 ,-45.1,0,-22.55,352.45,Completed,ach,Marketplace Takeout,,Dispatch,,,
1QP-MUK,Accent Group Solutions,1154 Reco Ave,St. Louis,MO,63126,,Sunset Hills,CBW- Crazy Bowls and Wraps (Sunset Hills),02/04/2025 11:38 AM,02/03/2025 10:48 AM,$140.95 ,$0.00 ,$20.00 ,($11.27),$10.91 ,$0.00 ,$0.00 ,($5.14),$0.00 ,$0.00 ,-30,0,0,125.45,Completed,ach,ezOrdering Takeout,,Dispatch,,,
4F7-EE3,Focus Partners Wealth,190 Carondelet Plaza Suite 600,Clayton,MO,63105,,Forsyth/Clayton,CBW- Crazy Bowls and Wraps (Forsyth/Clayton),02/04/2025 11:43 AM,02/03/2025 10:04 AM,$119.60 ,$0.00 ,$20.00 ,($9.77),$12.24 ,$0.00 ,$0.00 ,($4.54),$0.00 ,$0.00 ,-30,0,0,107.53,Completed,ach,ezOrdering Takeout,,Dispatch,,,
87H-VQF,Enterprise Rent a Car,9636 Natural Bridge Rd,Berkeley,MO,63134,,Forsyth/Clayton,CBW- Crazy Bowls and Wraps (Forsyth/Clayton),02/05/2025 10:15 AM,02/02/2025 8:19 AM,$192.10 ,$0.00 ,$20.00 ,($31.82),$19.67 ,$0.00 ,$0.00 ,($6.93),$0.00 ,$0.00 ,-30,0,-9.61,153.41,Completed,ach,Marketplace Takeout,,Dispatch,,,
MVG-Z9A,Aspire Software,390 S Woods Mill Rd ste 200-2nd floor,Chesterfield,MO,63017,,West Oak,CBW- Crazy Bowls and Wraps (West Oak),02/05/2025 10:45 AM,01/24/2025 10:58 AM,$222.05 ,$0.00 ,$25.00 ,($33.31),$19.96 ,$0.00 ,$44.41 ,($7.98),$0.00 ,$0.00 ,0,0,0,270.13,Completed,ach,Meal Program,,,,,
27J-P0K,SLU Care Plastic and Reconstructive surgery,1034 S Brentwood Blvd Suite 550,Richmond Heights,MO,63117,,Rock Hill/Glendale,CBW- Crazy Bowls and Wraps (Rock Hill/Glendale),02/05/2025 11:07 AM,01/31/2025 3:43 PM,$82.75 ,$0.00 ,$20.00 ,($15.41),$7.64 ,$0.00 ,$0.00 ,($3.30),$0.00 ,$0.00 ,-30,0,-4.14,57.54,Completed,ach,Marketplace Takeout,,Dispatch,,,
WFC-HMQ,Preferred Family Healthcare,4066 Dunnica Ave,St. Louis,MO,63116,,Lindell/SLU,CBW- Crazy Bowls and Wraps (Lindell/SLU),02/06/2025 10:40 AM,02/04/2025 11:14 AM,$252.00 ,$0.00 ,$20.00 ,($19.04),$0.00 ,$0.00 ,$0.00 ,($8.13),$0.00 ,$0.00 ,-30,0,-12.6,202.23,Completed,ach,Marketplace Takeout,,Dispatch,,,
HMW-16C,Wash-U School of Medicine,"4990 Children's Pl Northwest Tower, 15th Floor",St. Louis,MO,63110,,Lindell/SLU,CBW- Crazy Bowls and Wraps (Lindell/SLU),02/06/2025 10:41 AM,02/04/2025 10:37 AM,$342.75 ,$0.00 ,$20.00 ,($25.39),$0.00 ,$0.00 ,$0.00 ,($10.85),$0.00 ,$0.00 ,-34.28,0,-17.14,275.09,Completed,ach,Marketplace Takeout,,Dispatch,,,
PX0-3AQ,SAINT LOUIS UNIVERSITY,"20 North Grand Blvd 319 SUITE, FLOOR 3",St. Louis,MO,63103,,Lindell/SLU,CBW- Crazy Bowls and Wraps (Lindell/SLU),02/06/2025 10:42 AM,01/31/2025 8:50 AM,$81.15 ,$0.00 ,$20.00 ,($15.17),$0.00 ,$0.00 ,$0.00 ,($3.02),$0.00 ,$0.00 ,-30,0,-4.06,48.9,Completed,ach,Marketplace Takeout,,Dispatch,,,
YJG-KWQ,American Family Insurance,800 NW Plz Dr,Saint Ann,MO,63074,,West Oak,CBW- Crazy Bowls and Wraps (West Oak),02/06/2025 11:14 AM,02/03/2025 4:03 PM,$504.06 ,$0.00 ,$20.00 ,($78.61),$45.30 ,$0.00 ,$0.00 ,($17.02),$0.00 ,$0.00 ,-50.41,0,-25.2,398.12,Completed,ach,Marketplace Takeout,,Dispatch,,,
ZK7-89V,,,O'Fallon,IL,,,Shiloh,CBW- Crazy Bowls and Wraps (Shiloh),02/06/2025 1:45 PM,02/05/2025 1:44 PM,$786.75 ,$0.00 ,$0.00 ,($118.01),$0.00 ,$0.00 ,$78.68 ,($23.52),$0.00 ,$0.00 ,0,0,-39.34,684.56,Completed,ach,Marketplace Takeout,tryagain20,N/A,,,
QMH-9AZ,St. Luke's Neurology,"111 St Luke's Center Dr Suite 20 B (Desloge Outpatient Center, Building B)",Chesterfield,MO,63017,,Manchester,CBW- Crazy Bowls and Wraps (Manchester),02/10/2025 10:57 AM,02/08/2025 9:35 AM,$387.37 ,$0.00 ,$20.00 ,($61.11),$33.85 ,$0.00 ,$0.00 ,($13.19),$0.00 ,$0.00 ,-38.74,0,-19.37,308.81,Completed,ach,Marketplace Takeout,,Dispatch,,,
R3G-KQG,The Sheldon (STL),3648 Washington Blvd,St. Louis,MO,63108,,Lindell/SLU,CBW- Crazy Bowls and Wraps (Lindell/SLU),02/10/2025 4:24 PM,02/06/2025 3:35 PM,$307.50 ,$0.00 ,$20.00 ,($22.93),$0.00 ,$0.00 ,$0.00 ,($9.79),$0.00 ,$0.00 ,-30.75,0,0,264.03,Completed,ach,ezOrdering Takeout,,Dispatch,,,
YYK-2VC,P&G,169 E Grand Ave,St. Louis,MO,63147,,Lindell/SLU,CBW- Crazy Bowls and Wraps (Lindell/SLU),02/11/2025 10:03 AM,02/06/2025 10:24 AM,$358.88 ,$0.00 ,$20.00 ,($56.83),$47.30 ,$0.00 ,$0.00 ,($12.74),$0.00 ,$0.00 ,-35.89,0,-17.94,302.78,Completed,ach,Marketplace Takeout,,Dispatch,,,
08G-3ZV,Associated Couriers,4806 Trade Access Blvd Suite 100,Hazelwood,MO,63042,,Lindenwood,CBW- Crazy Bowls and Wraps (Lindenwood),02/11/2025 10:42 AM,02/06/2025 5:22 PM,$441.00 ,$0.00 ,$20.00 ,($69.15),$43.88 ,$0.00 ,$0.00 ,($15.10),$0.00 ,$0.00 ,-44.1,0,-22.05,354.48,Completed,ach,Marketplace Takeout,ezsave100,Dispatch,,,
8FT-U69,Aspire Software,390 S Woods Mill Rd ste 200-2nd floor,Chesterfield,MO,63017,,West Oak,CBW- Crazy Bowls and Wraps (West Oak),02/11/2025 10:45 AM,01/30/2025 11:39 AM,$292.44 ,$0.00 ,$25.00 ,($43.87),$26.28 ,$0.00 ,$58.49 ,($10.28),$0.00 ,$0.00 ,0,0,0,348.06,Completed,ach,Meal Program,,,,,
M6C-J2W,SAINT LOUIS UNIVERSITY,"20 NORTH GRAND BLVD 3rd floor, Busch Student Center, Suite 319",St. Louis,MO,63103,,Lindell/SLU,CBW- Crazy Bowls and Wraps (Lindell/SLU),02/11/2025 10:46 AM,02/07/2025 9:45 AM,$106.65 ,$0.00 ,$20.00 ,($19.00),$0.00 ,$0.00 ,$0.00 ,($3.79),$0.00 ,$0.00 ,-30,0,-5.33,68.53,Completed,ach,Marketplace Takeout,,Dispatch,,,
946-24A,Heartland Women’s Healthcare,1170 Fortune Blvd,Shiloh,IL,62269,,Shiloh,CBW- Crazy Bowls and Wraps (Shiloh),02/11/2025 10:50 AM,02/05/2025 4:29 PM,$455.37 ,$0.00 ,$20.00 ,($71.31),$38.02 ,($38.02),$0.00 ,($15.35),$0.00 ,$0.00 ,-45.54,0,-22.77,320.4,Completed,ach,Marketplace Takeout,,Dispatch,,,
ZVY-EF9,Hunter Engineering - c/o Jim T,"11250 Hunter Dr Building ""A""",Bridgeton,MO,63044,,Lindenwood,CBW- Crazy Bowls and Wraps (Lindenwood),02/11/2025 11:02 AM,02/01/2025 10:42 AM,$323.40 ,$0.00 ,$20.00 ,($51.51),$32.18 ,$0.00 ,$0.00 ,($11.23),$0.00 ,$0.00 ,-32.34,0,-16.17,264.33,Completed,ach,Marketplace Takeout,,Dispatch,,,
FHK-J4W,Washington University Political Science Dept.,1 Brookings Dr Seigle Hall Room 207 Suite 230,St. Louis,MO,63130,,Forsyth/Clayton,CBW- Crazy Bowls and Wraps (Forsyth/Clayton),02/11/2025 11:26 AM,02/10/2025 11:32 AM,$82.80 ,$0.00 ,$20.00 ,($15.42),$0.00 ,$0.00 ,$0.00 ,($3.07),$0.00 ,$0.00 ,-30,0,-4.14,50.17,Completed,ach,Marketplace Takeout,,Dispatch,,,
YC0-XXA,Teach For America St. Louis,5501 Delmar Blvd Suite A280,St. Louis,MO,63112,,Lindell/SLU,CBW- Crazy Bowls and Wraps (Lindell/SLU),02/11/2025 3:25 PM,12/11/2024 6:28 PM,$450.50 ,$0.00 ,$20.00 ,($70.58),$0.00 ,$0.00 ,$0.00 ,($14.07),$0.00 ,$0.00 ,-45.05,0,-22.53,318.27,Completed,ach,Marketplace Takeout,,Dispatch,,,
R9K-4VZ,Maryville Women's Center,2016 Vadalabene Dr,Maryville,IL,62062,,Edwardsville,CBW- Crazy Bowls and Wraps (Edwardsville),02/12/2025 11:00 AM,02/07/2025 1:42 PM,$398.00 ,$0.00 ,$20.00 ,($62.70),$34.23 ,($34.23),$0.00 ,($13.52),$0.00 ,$0.00 ,-39.8,0,-19.9,282.08,Completed,ach,Marketplace Takeout,,Dispatch,,,
1P0-YQJ,Forest Park Dialysis,4205 Forest Park Ave,St. Louis,MO,63108,,Lindell/SLU,CBW- Crazy Bowls and Wraps (Lindell/SLU),02/12/2025 11:10 AM,02/10/2025 1:30 PM,$184.80 ,$0.00 ,$20.00 ,($30.72),$24.35 ,$0.00 ,$0.00 ,($6.85),$0.00 ,$0.00 ,-30,0,-9.24,152.34,Completed,ach,Marketplace Takeout,,Dispatch,,,
JM0-MQJ,St. Louis Lambert international Airport,10701 Lambert International Blvd T1 Upper drive (Departures) Door6,St. Louis,MO,63145,,Lindenwood,CBW- Crazy Bowls and Wraps (Lindenwood),02/12/2025 7:23 PM,02/11/2025 4:53 PM,$793.50 ,$0.00 ,$20.00 ,($122.03),$0.00 ,$0.00 ,$0.00 ,($24.32),$0.00 ,$0.00 ,-79.35,0,-39.68,548.12,Completed,ach,Marketplace Takeout,,Dispatch,,,
FM6-ARZ,Vituity/ SSM St. Charles Emergency Department,300 1st Capitol Dr Emergency Department,Saint Charles,MO,63301,,Lindenwood,CBW- Crazy Bowls and Wraps (Lindenwood),02/13/2025 10:12 AM,02/11/2025 7:04 AM,$103.35 ,$0.00 ,$20.00 ,($18.50),$10.28 ,$0.00 ,$0.00 ,($4.00),$0.00 ,$0.00 ,-30,0,-5.17,75.96,Completed,ach,Marketplace Takeout,,Dispatch,,,
56C-V7C,Cancer Care Specialists of Illinois,321 Regency Park,O'Fallon,IL,62269,,Shiloh,CBW- Crazy Bowls and Wraps (Shiloh),02/13/2025 10:55 AM,02/10/2025 9:37 PM,$652.50 ,$0.00 ,$20.00 ,($100.88),$54.48 ,($54.48),$0.00 ,($21.74),$0.00 ,$0.00 ,-65.25,0,-32.63,452,Completed,ach,Marketplace Takeout,,Dispatch,,,
VFZ-7EC,Washington University School of Medicine,4590 Nash Wy Suite 11000/11th Floor,St. Louis,MO,63110,,Forsyth/Clayton,CBW- Crazy Bowls and Wraps (Forsyth/Clayton),02/13/2025 11:01 AM,02/05/2025 9:34 AM,$280.59 ,$0.00 ,$20.00 ,($45.09),$0.00 ,$0.00 ,$0.00 ,($8.99),$0.00 ,$0.00 ,-30,0,-14.03,202.48,Completed,ach,Marketplace Takeout,,Dispatch,,,
J89-90H,Neurology Associates,3009 N Ballas Rd Ste 102B,St. Louis,MO,63131,,West Oak,CBW- Crazy Bowls and Wraps (West Oak),02/13/2025 11:02 AM,02/12/2025 10:30 AM,$316.20 ,$0.00 ,$20.00 ,($50.43),$28.42 ,$0.00 ,$0.00 ,($10.90),$0.00 ,$0.00 ,-31.62,0,-15.81,255.86,Completed,ach,Marketplace Takeout,,Dispatch,,,
WA0-7VT,BJC Outpatient Center at Edwardsville,2122 Troy Rd,Edwardsville,IL,62025,,Edwardsville,CBW- Crazy Bowls and Wraps (Edwardsville),02/13/2025 11:11 AM,02/11/2025 1:54 PM,$367.50 ,$0.00 ,$20.00 ,($58.13),$31.60 ,($31.60),$0.00 ,($12.53),$0.00 ,$0.00 ,-36.75,0,-18.38,261.71,Completed,ach,Marketplace Takeout,,Dispatch,,,
U7R-8V0,Lemonaid Pharmacy,1701 Macklind Ave Suite 300,St. Louis,MO,63110,,West Oak,CBW- Crazy Bowls and Wraps (West Oak),02/13/2025 11:15 AM,02/02/2025 11:51 PM,$224.70 ,$0.00 ,$25.00 ,($33.71),$20.20 ,$0.00 ,$22.47 ,($8.07),$0.00 ,$0.00 ,0,0,0,250.59,Completed,ach,Meal Program,,,,,
15F-MXT,,,St. Louis,MO,,18,South City,CBW- Crazy Bowls and Wraps #18 (South City),02/13/2025 11:45 AM,02/12/2025 9:15 AM,$226.65 ,$0.00 ,$0.00 ,($15.87),$29.87 ,$0.00 ,$22.67 ,($7.67),$0.00 ,$0.00 ,0,0,0,255.65,Completed,ach,ezOrdering Takeout,,N/A,,,
A56-K6H,Carmody MacDonald,120 S Central Ave 18th Floor,Clayton,MO,63105,,Rock Hill/Glendale,CBW- Crazy Bowls and Wraps (Rock Hill/Glendale),02/14/2025 8:00 AM,02/10/2025 12:04 PM,$437.40 ,$0.00 ,$20.00 ,($68.61),$40.41 ,$0.00 ,$0.00 ,($14.88),$0.00 ,$0.00 ,-43.74,0,-21.87,348.71,Completed,ach,Marketplace Takeout,,Dispatch,,,
24T-5W3,Townplace Suites (UIndy WBB),445 Regency Park,O'Fallon,IL,62269,,Shiloh,CBW- Crazy Bowls and Wraps (Shiloh),02/14/2025 12:39 PM,02/13/2025 9:00 AM,$275.50 ,$0.00 ,$20.00 ,($44.33),$23.00 ,($23.00),$0.00 ,($9.52),$0.00 ,$0.00 ,-30,0,-13.78,197.87,Completed,ach,Marketplace Takeout,,Dispatch,,,
0YM-9WE,St. Louis Ballet,210 E Monroe Ave,Kirkwood,MO,63122,,Sunset Hills,CBW- Crazy Bowls and Wraps (Sunset Hills),02/14/2025 3:29 PM,02/05/2025 3:40 PM,"$1,045.00 ",$0.00 ,$20.00 ,($74.55),$0.00 ,$0.00 ,$0.00 ,($31.84),$0.00 ,$0.00 ,-104.5,0,0,854.11,Completed,ach,ezOrdering Takeout,,Dispatch,,,
140-MKY,Best Western Plus,9730 Hayden Dr,Mascoutah,IL,62258,,Shiloh,CBW- Crazy Bowls and Wraps (Shiloh),02/15/2025 11:15 AM,02/10/2025 12:20 PM,$396.70 ,$0.00 ,$20.00 ,($62.51),$0.00 ,$0.00 ,$0.00 ,($12.46),$0.00 ,$0.00 ,-39.67,0,-19.84,282.22,Completed,ach,Marketplace Takeout,,Dispatch,,,
H6W-V1H,Gulfstream,"6400 Curtiss-Steinberg Dr Hangar A, 2nd floor - Matt Trull",Sauget,IL,62206,,Lindell/SLU,CBW- Crazy Bowls and Wraps (Lindell/SLU),02/17/2025 10:32 AM,02/14/2025 8:56 AM,$115.40 ,$0.00 ,$20.00 ,($20.31),$15.21 ,$0.00 ,$0.00 ,($4.50),$0.00 ,$0.00 ,-30,0,-5.77,90.03,Completed,ach,Marketplace Takeout,,Dispatch,,,
66T-FCX,Potter Global Technologies,13723 Riverport Dr STE 3,Maryland Heights,MO,63043,,Lindenwood,CBW- Crazy Bowls and Wraps (Lindenwood),02/17/2025 11:07 AM,02/14/2025 11:03 AM,$116.98 ,$0.00 ,$20.00 ,($20.55),$11.64 ,$0.00 ,$0.00 ,($4.44),$0.00 ,$0.00 ,-30,0,-5.85,87.78,Completed,ach,Marketplace Takeout,,Dispatch,,,
WTJ-KE8,ZBMidArk,3401 Rider Trail S,Earth City,MO,63045,,Lindenwood,CBW- Crazy Bowls and Wraps (Lindenwood),02/18/2025 11:00 AM,02/13/2025 4:37 PM,$333.10 ,$0.00 ,$20.00 ,($24.72),$33.14 ,$0.00 ,$0.00 ,($11.55),$0.00 ,$0.00 ,-33.31,0,0,316.66,Completed,ach,ezOrdering Takeout,,Dispatch,,,
W4V-EXA,Memorial Hospital,4600 Memorial Dr Building 2 Suite W1,Belleville,IL,62226,,Shiloh,CBW- Crazy Bowls and Wraps (Shiloh),02/18/2025 11:02 AM,02/18/2025 9:32 AM,$260.24 ,$0.00 ,$20.00 ,($42.04),$0.00 ,$0.00 ,$0.00 ,($8.38),$0.00 ,$0.00 ,-30,0,-13.01,186.81,Completed,ach,Marketplace Takeout,,Dispatch,,,
51P-20Q,,,Brentwood,MO,,,Rock Hill/Glendale,CBW- Crazy Bowls and Wraps (Rock Hill/Glendale),02/18/2025 11:15 AM,02/17/2025 10:31 AM,$188.10 ,$0.00 ,$0.00 ,($28.22),$17.38 ,$0.00 ,$18.81 ,($6.14),$0.00 ,$0.00 ,0,0,-9.41,180.52,Completed,ach,Marketplace Takeout,,N/A,,,
5FZ-46T,St. Louis Children's Hospital,1 Children's Pl,St. Louis,MO,63110,,Lindell/SLU,CBW- Crazy Bowls and Wraps (Lindell/SLU),02/18/2025 12:01 PM,02/13/2025 2:32 PM,$527.75 ,$0.00 ,$20.00 ,($82.16),$0.00 ,$0.00 ,$0.00 ,($16.38),$0.00 ,$0.00 ,-52.78,0,-26.39,370.04,Completed,ach,Marketplace Takeout,,Dispatch,,,
8UJ-X2P,Wiese,1435 Woodson Rd,St. Louis,MO,63132,,Forsyth/Clayton,CBW- Crazy Bowls and Wraps (Forsyth/Clayton),02/18/2025 12:02 PM,02/17/2025 12:22 PM,$340.50 ,$0.00 ,$20.00 ,($54.08),$34.86 ,$0.00 ,$0.00 ,($11.82),$0.00 ,$0.00 ,-34.05,0,-17.03,278.38,Completed,ach,Marketplace Takeout,,Dispatch,,,
38T-J06,Bjc o fallon family,310 N 7 Hills Rd 220,O'Fallon,IL,62269,,Shiloh,CBW- Crazy Bowls and Wraps (Shiloh),02/19/2025 10:15 AM,02/18/2025 10:47 AM,$296.90 ,$0.00 ,$20.00 ,($47.54),$24.79 ,($24.79),$0.00 ,($10.22),$0.00 ,$0.00 ,-30,0,-14.85,214.29,Completed,ach,Marketplace Takeout,,Dispatch,,,
0WX-EZQ,,,Sappington,MO,63127,,Tesson,CBW- Crazy Bowls and Wraps (Tesson),02/20/2025 10:45 AM,02/19/2025 6:33 PM,$159.75 ,$0.00 ,$0.00 ,($23.96),$12.36 ,$0.00 ,$0.00 ,($5.15),$0.00 ,$0.00 ,0,0,-7.99,135.01,Completed,ach,Marketplace Takeout,,N/A,,,
X1J-FX8,MilliporeSigma - Ewing,545 S Ewing Ave 1st Floor,St. Louis,MO,63103,,Lindell/SLU,CBW- Crazy Bowls and Wraps (Lindell/SLU),02/20/2025 10:58 AM,02/17/2025 9:30 AM,$110.35 ,$0.00 ,$20.00 ,($19.55),$14.54 ,$0.00 ,$0.00 ,($4.33),$0.00 ,$0.00 ,-30,0,-5.52,85.49,Completed,ach,Marketplace Takeout,,Dispatch,,,
FW4-4A2,Saint Louis MHB,701 Market St Suite 200,St. Louis,MO,63101,,Lindell/SLU,CBW- Crazy Bowls and Wraps (Lindell/SLU),02/20/2025 3:38 PM,02/14/2025 9:15 AM,$188.20 ,$0.00 ,$20.00 ,($31.23),$0.00 ,$0.00 ,$0.00 ,($6.23),$0.00 ,$0.00 ,-30,0,-9.41,131.33,Completed,ach,Marketplace Takeout,,Dispatch,,,
5GM-V8W,,Lindell Blvd,St. Louis,MO,,,Lindell/SLU,CBW- Crazy Bowls and Wraps (Lindell/SLU),02/20/2025 5:30 PM,02/14/2025 10:08 AM,$151.50 ,$0.00 ,$0.00 ,($22.73),$0.00 ,$0.00 ,$0.00 ,($4.53),$0.00 ,$0.00 ,0,0,-7.58,116.66,Completed,ach,Marketplace Takeout,,N/A,,,
9VW-UP4,Dr Pai,2810 Frank Scott Parkway West Suite 716,Belleville,IL,62223,,Shiloh,CBW- Crazy Bowls and Wraps (Shiloh),02/21/2025 10:10 AM,02/19/2025 10:05 AM,$314.28 ,$0.00 ,$20.00 ,($50.14),$26.24 ,($26.24),$0.00 ,($10.78),$0.00 ,$0.00 ,-31.43,0,-15.71,226.22,Completed,ach,Marketplace Takeout,,Dispatch,,,
40M-WUA,Southside Family Practice,1031 Bellevue Ave Suite 300,Richmond Heights,MO,63117,,Forsyth/Clayton,CBW- Crazy Bowls and Wraps (Forsyth/Clayton),02/21/2025 10:39 AM,02/19/2025 7:50 PM,$495.30 ,$0.00 ,$20.00 ,($77.29),$50.71 ,$0.00 ,$0.00 ,($16.92),$0.00 ,$0.00 ,-49.53,0,-24.77,397.5,Completed,ach,Marketplace Takeout,,Dispatch,,,
V6Y-3KJ,TSCP,7676 Forsyth Blvd 2700,Clayton,MO,63105,,Forsyth/Clayton,CBW- Crazy Bowls and Wraps (Forsyth/Clayton),02/21/2025 10:57 AM,02/20/2025 9:23 AM,$159.00 ,$0.00 ,$20.00 ,($12.53),$16.28 ,$0.00 ,$0.00 ,($5.84),$0.00 ,$0.00 ,-30,0,-7.95,138.96,Completed,ach,Marketplace Takeout,,Dispatch,,,
1WV-K3P,RGA,16600 Swingley Ridge Rd,Chesterfield,MO,63017,,Creve Coeur,CBW- Crazy Bowls and Wraps (Creve Coeur),02/23/2025 11:05 AM,02/20/2025 8:16 AM,$177.45 ,$0.00 ,$20.00 ,($29.62),$15.51 ,$0.00 ,$0.00 ,($6.37),$0.00 ,$0.00 ,-30,0,0,146.97,Completed,ach,Marketplace Takeout,,Dispatch,,,
7UR-FW1,Distinctive Dermatology,390 Office Ct,Fairview Heights,IL,62208,,Shiloh,CBW- Crazy Bowls and Wraps (Shiloh),02/24/2025 10:32 AM,02/20/2025 9:08 AM,$469.95 ,$0.00 ,$20.00 ,($73.49),$39.24 ,($39.24),$0.00 ,($15.82),$0.00 ,$0.00 ,-47,0,-23.5,330.14,Completed,ach,Marketplace Takeout,,Dispatch,,,
74Z-5M8,HNTB,211 N Broadway Suite 2975 2975,St. Louis,MO,63102,,Lindell/SLU,CBW- Crazy Bowls and Wraps (Lindell/SLU),02/24/2025 10:53 AM,02/20/2025 11:30 AM,$217.50 ,$0.00 ,$20.00 ,($35.63),$28.66 ,$0.00 ,$0.00 ,($7.96),$0.00 ,$0.00 ,-30,0,-10.88,181.69,Completed,ach,Marketplace Takeout,,Dispatch,,,
K9U-AQF,Chestnut health,12 N 64th St,Belleville,IL,62223,,Shiloh,CBW- Crazy Bowls and Wraps (Shiloh),02/24/2025 11:08 AM,02/07/2025 10:22 PM,$206.70 ,$0.00 ,$20.00 ,($34.01),$17.26 ,($17.26),$0.00 ,($7.29),$0.00 ,$0.00 ,-30,0,-10.34,145.06,Completed,ach,Marketplace Takeout,,Dispatch,,,
935-GJF,Memorial Hospital Belleville,4500 Memorial Dr Main Entrance -Boardroom,Belleville,IL,62226,,Shiloh,CBW- Crazy Bowls and Wraps (Shiloh),02/24/2025 11:15 AM,02/07/2025 3:30 PM,$292.20 ,$0.00 ,$20.00 ,($46.83),$0.00 ,$0.00 ,$0.00 ,($9.33),$0.00 ,$0.00 ,-30,0,-14.61,211.43,Completed,ach,Marketplace Takeout,,Dispatch,,,
U9Y-MKX,Cambridge Air Solutions,760 Long Rd Crossing Dr,Chesterfield,MO,63005,,Creve Coeur,CBW- Crazy Bowls and Wraps (Creve Coeur),02/25/2025 10:30 AM,02/24/2025 3:05 PM,$185.70 ,$0.00 ,$20.00 ,($30.86),$16.23 ,$0.00 ,$0.00 ,($6.64),$0.00 ,$0.00 ,-30,0,0,154.43,Completed,ach,Marketplace Takeout,,Dispatch,,,
FPG-G5P,Caleres,8300 Maryland Ave co Jennifer Grace,Clayton,MO,63105,,Forsyth/Clayton,CBW- Crazy Bowls and Wraps (Forsyth/Clayton),02/25/2025 10:59 AM,02/23/2025 11:00 PM,$192.95 ,$0.00 ,$20.00 ,($31.94),$19.75 ,$0.00 ,$0.00 ,($6.96),$0.00 ,$0.00 ,-30,0,-9.65,154.15,Completed,ach,Marketplace Takeout,,Dispatch,,,
M6G-9J0,Eden Theological Seminary,479 E Lockwood Ave Commons Building,Webster Groves,MO,63119,,Rock Hill/Glendale,CBW- Crazy Bowls and Wraps (Rock Hill/Glendale),02/25/2025 3:57 PM,02/20/2025 11:19 AM,$596.25 ,$0.00 ,$20.00 ,($92.44),$0.00 ,$0.00 ,$0.00 ,($18.43),$0.00 ,$0.00 ,-59.62,0,-29.81,415.95,Completed,ach,Marketplace Takeout,,Dispatch,,,
QJE-FPV,BJC Medical Group of Illinois,310 N 7 Hills Rd,O'Fallon,IL,62269,,Shiloh,CBW- Crazy Bowls and Wraps (Shiloh),02/26/2025 10:32 AM,02/25/2025 10:20 AM,$322.20 ,$0.00 ,$20.00 ,($51.33),$26.90 ,($26.90),$0.00 ,($11.04),$0.00 ,$0.00 ,-32.22,0,-16.11,231.5,Completed,ach,Marketplace Takeout,,Dispatch,,,
Z67-K8G,Education Plus,1460 Craig Rd,St. Louis,MO,63146,,West Oak,CBW- Crazy Bowls and Wraps (West Oak),02/26/2025 10:36 AM,02/25/2025 12:04 PM,$600.16 ,$0.00 ,$20.00 ,($43.41),$53.94 ,$0.00 ,$0.00 ,($20.16),$0.00 ,$0.00 ,-60.02,0,0,550.51,Completed,ach,ezOrdering Takeout,,Dispatch,,,
CP9-G40,Missouri Baptist neurology,3009 N Ballas Rd 102b,St. Louis,MO,63131,,West Oak,CBW- Crazy Bowls and Wraps (West Oak),02/26/2025 11:01 AM,02/25/2025 7:51 AM,$377.00 ,$0.00 ,$20.00 ,($59.55),$33.88 ,$0.00 ,$0.00 ,($12.88),$0.00 ,$0.00 ,-37.7,0,-18.85,301.9,Completed,ach,Marketplace Takeout,,Dispatch,,,
TFR-VH5,Enterprise Mobility,2281 Ball Dr 4th floor,St. Louis,MO,63146,,West Oak,CBW- Crazy Bowls and Wraps (West Oak),02/26/2025 11:06 AM,02/19/2025 1:23 PM,$147.00 ,$0.00 ,$20.00 ,($25.05),$13.21 ,$0.00 ,$0.00 ,($5.39),$0.00 ,$0.00 ,-30,0,-7.35,112.42,Completed,ach,Marketplace Takeout,,Dispatch,,,
6PG-7VM,Lemonaid Pharmacy,1701 Macklind Ave Suite 300,St. Louis,MO,63110,,West Oak,CBW- Crazy Bowls and Wraps (West Oak),02/26/2025 11:15 AM,02/17/2025 7:49 PM,$135.14 ,$0.00 ,$25.00 ,($20.27),$12.15 ,$0.00 ,$13.51 ,($5.15),($1.00),$0.00 ,0,0,0,159.38,Completed,ach,Meal Program,,,,,
GUA-JGP,World Wide Technology,107 Gateway Commerce Center Dr N,Edwardsville,IL,62025,,Edwardsville,CBW- Crazy Bowls and Wraps (Edwardsville),02/26/2025 11:15 AM,02/23/2025 12:33 PM,$82.70 ,$0.00 ,$20.00 ,($15.41),$7.11 ,($7.11),$0.00 ,($3.28),$0.00 ,$0.00 ,-30,0,-4.14,49.87,Completed,ach,Marketplace Takeout,,Dispatch,,,
M2J-0A4,TVS Supply Chain Solutions,635 Maryville Centre Dr Suite 105,St. Louis,MO,63141,,Rock Hill/Glendale,CBW- Crazy Bowls and Wraps (Rock Hill/Glendale),02/26/2025 11:16 AM,02/18/2025 3:33 PM,$177.50 ,$0.00 ,$20.00 ,($29.63),$16.40 ,$0.00 ,$0.00 ,($6.40),$0.00 ,$0.00 ,-30,0,-8.88,138.99,Completed,ach,Marketplace Takeout,,Dispatch,,,
V5H-PZG,,,Sappington,MO,63127,,Tesson,CBW- Crazy Bowls and Wraps (Tesson),02/26/2025 11:30 AM,02/25/2025 7:56 AM,$153.10 ,$0.00 ,$0.00 ,($22.97),$11.85 ,$0.00 ,$0.00 ,($4.93),$0.00 ,$0.00 ,0,0,-7.66,129.39,Completed,ach,Marketplace Takeout,,N/A,,,
00A-Q2J,Bauer Hall/Bauer Leaders Academy,1 Snow Way Dr 5th Floor/Room 550,St. Louis,MO,63130,,Forsyth/Clayton,CBW- Crazy Bowls and Wraps (Forsyth/Clayton),02/26/2025 5:08 PM,02/24/2025 2:45 PM,$297.85 ,$0.00 ,$20.00 ,($47.68),$0.00 ,$0.00 ,$0.00 ,($9.50),$0.00 ,$0.00 ,-30,0,-14.89,215.78,Completed,ach,Marketplace Takeout,,Dispatch,,,
JV9-GEJ,Aspire Software,390 S Woods Mill Rd ste 200-2nd floor,Chesterfield,MO,63017,,West Oak,CBW- Crazy Bowls and Wraps (West Oak),02/27/2025 10:45 AM,02/18/2025 1:00 AM,$319.94 ,$0.00 ,$25.00 ,($47.99),$28.76 ,$0.00 ,$63.99 ,($11.17),$0.00 ,$0.00 ,0,0,0,378.53,Completed,ach,Meal Program,,,,,
WKT-88V,Chestnut Health Systems,2148 Vadalabene Dr,Maryville,IL,62062,,Edwardsville,CBW- Crazy Bowls and Wraps (Edwardsville),02/27/2025 11:02 AM,02/07/2025 10:33 PM,$329.70 ,$0.00 ,$20.00 ,($52.46),$28.35 ,($28.35),$0.00 ,($11.30),$0.00 ,$0.00 ,-32.97,0,-16.49,236.48,Completed,ach,Marketplace Takeout,,Dispatch,,,
XMQ-AJJ,"Takeout from Wentzville, MO",,Wentzville,MO,,,Wentzville,CBW- Crazy Bowls and Wraps (Wentzville),02/28/2025 11:00 AM,02/26/2025 10:50 AM,$274.80 ,$0.00 ,$0.00 ,($41.22),$28.72 ,$0.00 ,$20.00 ,($9.08),$0.00 ,$0.00 ,0,0,0,273.22,Completed,ach,Marketplace Takeout,,N/A,,,
PQ4-49E,,,Fairview Heights,IL,,,Shiloh,CBW- Crazy Bowls and Wraps (Shiloh),02/28/2025 11:00 AM,02/26/2025 7:55 PM,$433.50 ,$0.00 ,$0.00 ,($65.03),$36.20 ,($36.20),$43.35 ,($14.04),$0.00 ,$0.00 ,0,0,-21.68,376.1,Completed,ach,Marketplace Takeout,,N/A,,,
F0R-9EC,The Bud Dome,9711 Green Park Industrial Dr,St. Louis,MO,63123,,Tesson,CBW- Crazy Bowls and Wraps (Tesson),02/28/2025 11:16 AM,02/24/2025 8:33 AM,$178.08 ,$0.00 ,$20.00 ,($29.71),$13.78 ,$0.00 ,$0.00 ,($6.33),$0.00 ,$0.00 ,-30,0,-8.9,136.92,Completed,ach,Marketplace Takeout,,Dispatch,,,
1FM-2XJ,Yoon Dermatology,1060 Meyer Rd,Wentzville,MO,63385,,Wentzville,CBW- Crazy Bowls and Wraps (Wentzville),02/28/2025 11:38 AM,02/26/2025 11:58 AM,$387.95 ,$0.00 ,$20.00 ,($61.19),$40.54 ,$0.00 ,$0.00 ,($13.41),$0.00 ,$0.00 ,-38.8,0,0,335.09,Completed,ach,Marketplace Takeout,,Dispatch,,,
ARH-8CY,Parkcrest Plastic Surgery,845 North New Ballas Court Suite 300,Creve Coeur,MO,63141,,West Oak,CBW- Crazy Bowls and Wraps (West Oak),02/28/2025 11:40 AM,02/26/2025 12:53 PM,$261.80 ,$0.00 ,$20.00 ,($19.73),$23.53 ,$0.00 ,$0.00 ,($9.13),$0.00 ,$0.00 ,-30,0,0,246.47,Completed,ach,ezOrdering Takeout,,Dispatch,,,
3YC-VE1,Washington University,4939 Children's Place 9th Floor,St. Louis,MO,63110,,Lindell/SLU,CBW- Crazy Bowls and Wraps (Lindell/SLU),03/03/2025 11:04 AM,02/26/2025 12:06 PM,$317.75 ,$0.00 ,$20.00 ,($50.66),$0.00 ,$0.00 ,$0.00 ,($10.10),$0.00 ,$0.00 ,-31.78,0,-15.89,229.32,Completed,ach,Marketplace Takeout,,Dispatch,,,
Y3A-6CJ,,,Creve Coeur,MO,63141,,West Oak,CBW- Crazy Bowls and Wraps (West Oak),03/03/2025 11:15 AM,02/28/2025 3:44 PM,$96.55 ,$0.00 ,$0.00 ,($14.48),$8.68 ,$0.00 ,$8.00 ,($3.15),$0.00 ,$0.00 ,0,0,-4.83,90.77,Completed,ach,Marketplace Takeout,,N/A,,,
0QZ-3QU,Evernorth / Cigna,8455 University Pl Dr floor 1.,St. Louis,MO,63121,,Forsyth/Clayton,CBW- Crazy Bowls and Wraps (Forsyth/Clayton),03/04/2025 10:22 AM,03/03/2025 7:56 AM,$278.62 ,$0.00 ,$20.00 ,($44.79),$28.53 ,$0.00 ,$0.00 ,($9.78),$0.00 ,$0.00 ,-30,0,-13.93,228.65,Completed,ach,Marketplace Takeout,,Dispatch,,,
E84-C5Y,Gulfstream,"6400 Curtiss-Steinberg Dr Hangar A, 2nd floor - Matt Trull",Sauget,IL,62206,,Lindell/SLU,CBW- Crazy Bowls and Wraps (Lindell/SLU),03/04/2025 10:30 AM,02/28/2025 11:21 AM,$87.83 ,$0.00 ,$20.00 ,($16.17),$11.58 ,$0.00 ,$0.00 ,($3.57),$0.00 ,$0.00 ,-30,0,-4.39,65.28,Completed,ach,Marketplace Takeout,,Dispatch,,,
1PA-1JR,,,Wentzville,MO,,,Wentzville,CBW- Crazy Bowls and Wraps (Wentzville),03/04/2025 11:00 AM,03/02/2025 7:02 PM,$216.00 ,$0.00 ,$0.00 ,($32.40),$22.57 ,$0.00 ,$20.00 ,($7.13),$0.00 ,$0.00 ,0,0,0,219.04,Completed,ach,Marketplace Takeout,,N/A,,,
EM3-FGJ,"Distribution Management, Inc.",5 Research Park Dr,Saint Charles,MO,63304,,O'Fallon,CBW- Crazy Bowls and Wraps (O'Fallon),03/04/2025 11:14 AM,02/24/2025 12:45 PM,$211.70 ,$0.00 ,$20.00 ,($16.22),$18.95 ,$0.00 ,$0.00 ,($7.49),$0.00 ,$0.00 ,-30,0,0,196.94,Completed,ach,ezOrdering Takeout,,Dispatch,,,
Z9T-4YX,Sysco Foods,3850 Mueller Rd,Saint Charles,MO,63301,,Lindenwood,CBW- Crazy Bowls and Wraps (Lindenwood),03/04/2025 11:15 AM,03/03/2025 9:43 AM,$447.35 ,$0.00 ,$20.00 ,($32.71),$44.51 ,$0.00 ,$0.00 ,($15.30),$0.00 ,$0.00 ,-44.74,0,0,419.11,Completed,ach,ezOrdering Takeout,,Dispatch,,,
WZA-C80,St. Louis Children's Hospital,1 Children's Place,St. Louis,MO,63110,,Lindell/SLU,CBW- Crazy Bowls and Wraps (Lindell/SLU),03/04/2025 11:36 AM,02/24/2025 12:35 PM,$170.20 ,$0.00 ,$20.00 ,($28.53),$0.00 ,$0.00 ,$0.00 ,($5.69),$0.00 ,$0.00 ,-30,0,-8.51,117.47,Completed,ach,Marketplace Takeout,,Dispatch,,,
RUY-919,Silverback Brentwood Studios,1034 S Brentwood Blvd,St. Louis,MO,63117,,Creve Coeur,CBW- Crazy Bowls and Wraps (Creve Coeur),03/05/2025 10:00 AM,02/21/2025 10:24 AM,$269.50 ,$0.00 ,$20.00 ,($43.43),$0.00 ,$0.00 ,$0.00 ,($8.66),$0.00 ,$0.00 ,-30,0,0,207.41,Completed,ach,Marketplace Takeout,,Dispatch,,,
HY4-VW9,World Chess Hall of Fame - Trask,4651 Maryland Ave,St. Louis,MO,63108,,Lindell/SLU,CBW- Crazy Bowls and Wraps (Lindell/SLU),03/06/2025 10:30 AM,02/25/2025 9:40 AM,$328.60 ,$0.00 ,$20.00 ,($52.29),$0.00 ,$0.00 ,$0.00 ,($10.42),$0.00 ,$0.00 ,-32.86,0,-16.43,236.6,Completed,ach,Marketplace Takeout,,Dispatch,,,
AFE-MHA,Remiger Design,2921 Olive St,St. Louis,MO,63103,,Lindell/SLU,CBW- Crazy Bowls and Wraps (Lindell/SLU),03/06/2025 11:41 AM,03/04/2025 2:10 PM,$124.39 ,$0.00 ,$20.00 ,($21.66),$16.39 ,$0.00 ,$0.00 ,($4.81),$0.00 ,$0.00 ,-30,0,-6.22,98.09,Completed,ach,Marketplace Takeout,,Dispatch,,,
45U-F22,ATB Technologies,14567 N Outer 40 Rd suite 525,Chesterfield,MO,63017,,West Oak,CBW- Crazy Bowls and Wraps (West Oak),03/07/2025 11:45 AM,03/05/2025 10:20 AM,$217.30 ,$0.00 ,$25.00 ,($32.60),$19.53 ,$0.00 ,$21.73 ,($7.83),$0.00 ,$0.00 ,0,0,0,243.13,Completed,ach,Meal Program,,,,,
CMV-X9Q,Sysco Foods,3850 Mueller Rd,Saint Charles,MO,63301,,Lindenwood,CBW- Crazy Bowls and Wraps (Lindenwood),03/07/2025 1:31 PM,03/05/2025 3:40 PM,$376.50 ,$0.00 ,$20.00 ,($27.76),$37.46 ,$0.00 ,$0.00 ,($12.98),$0.00 ,$0.00 ,-37.65,0,0,355.57,Completed,ach,ezOrdering Takeout,,Dispatch,,,
5H3-3HM,Best Western Plus - Drury Womens Basketball,1425 S 5th St lobby,Saint Charles,MO,63301,,Lindenwood,CBW- Crazy Bowls and Wraps (Lindenwood),03/08/2025 11:22 AM,03/04/2025 9:07 PM,$257.75 ,$0.00 ,$20.00 ,($41.66),$0.00 ,$0.00 ,$0.00 ,($8.30),$0.00 ,$0.00 ,-30,0,-12.89,184.9,Completed,ach,Marketplace Takeout,,Dispatch,,,
WMF-FZR,America's Center,911 Washington Ave,St. Louis,MO,63101,,Lindell/SLU,CBW- Crazy Bowls and Wraps (Lindell/SLU),03/08/2025 1:55 PM,03/05/2025 6:11 PM,$241.00 ,$0.00 ,$20.00 ,($39.15),$31.76 ,$0.00 ,$0.00 ,($8.75),$0.00 ,$0.00 ,-30,0,-12.05,202.81,Completed,ach,Marketplace Takeout,,Dispatch,,,
XG3-R33,Distinctive Dermatology,390 Office Ct,Fairview Heights,IL,62208,,Shiloh,CBW- Crazy Bowls and Wraps (Shiloh),03/10/2025 10:32 AM,03/07/2025 8:47 AM,$469.95 ,$0.00 ,$20.00 ,($73.49),$39.24 ,($39.24),$0.00 ,($15.82),$0.00 ,$0.00 ,-47,0,-23.5,330.14,Completed,ach,Marketplace Takeout,,Dispatch,,,
Q16-UVF,Core and Main,1830 Craig Park Ct.,St. Louis,MO,63146,,West Oak,CBW- Crazy Bowls and Wraps (West Oak),03/11/2025 11:02 AM,03/10/2025 1:48 PM,"$1,035.00 ",$0.00 ,$20.00 ,($158.25),$93.03 ,$0.00 ,$0.00 ,($34.33),$0.00 ,$0.00 ,-103.5,0,-51.75,800.2,Completed,ach,Marketplace Takeout,,Dispatch,,,
51M-F0G,St. Lukes Chesterfield Cardiology Care,222 S Woods Mill Rd Suite 560N,Chesterfield,MO,63017,,Creve Coeur,CBW- Crazy Bowls and Wraps (Creve Coeur),03/11/2025 11:07 AM,03/10/2025 7:00 PM,$232.50 ,$0.00 ,$20.00 ,($37.88),$20.32 ,$0.00 ,$0.00 ,($8.16),$0.00 ,$0.00 ,-30,0,0,196.78,Completed,ach,Marketplace Takeout,,Dispatch,,,
44H-3Q4,"Mercy clinic , Dr. Moore , Dr Doerr",12348 Old Tesson Rd Suite 240,St. Louis,MO,63128,,Tesson,CBW- Crazy Bowls and Wraps (Tesson),03/11/2025 11:12 AM,03/10/2025 12:23 PM,$139.00 ,$0.00 ,$20.00 ,($23.85),$10.76 ,$0.00 ,$0.00 ,($5.08),$0.00 ,$0.00 ,-30,0,-6.95,103.88,Completed,ach,Marketplace Takeout,,Dispatch,,,
9VX-CGV,Washington University - College Office,1 Brookings Dr,St. Louis,MO,63130,,Forsyth/Clayton,CBW- Crazy Bowls and Wraps (Forsyth/Clayton),03/11/2025 4:41 PM,03/10/2025 12:15 PM,$76.28 ,$0.00 ,$20.00 ,($14.44),$0.00 ,$0.00 ,$0.00 ,($2.88),$0.00 ,$0.00 ,-30,0,-3.81,45.15,Completed,ach,Marketplace Takeout,,Dispatch,,,
W5Z-HZU,"Takeout from Shiloh, IL",,Shiloh,IL,,,Shiloh,CBW- Crazy Bowls and Wraps (Shiloh),03/12/2025 10:30 AM,03/11/2025 1:57 PM,$148.00 ,$0.00 ,$0.00 ,($22.20),$12.36 ,($12.36),$0.00 ,($4.79),$0.00 ,$0.00 ,0,0,-7.4,113.61,Completed,ach,Marketplace Takeout,,N/A,,,
21J-T9F,HSHS Med Group - O'Fallon Family Medicine,1512 N Green Mount Rd Suite 108,O'Fallon,IL,62269,,Shiloh,CBW- Crazy Bowls and Wraps (Shiloh),03/12/2025 10:52 AM,03/10/2025 12:23 PM,$339.70 ,$0.00 ,$20.00 ,($53.96),$28.36 ,($28.36),$0.00 ,($11.60),$0.00 ,$0.00 ,-33.97,0,-16.99,243.18,Completed,ach,Marketplace Takeout,,Dispatch,,,
A8Y-7V2,St. Louis Healthcare (Dr. Muckermann Office),16216 Baxter Rd Suite 100,Chesterfield,MO,63017,,Creve Coeur,CBW- Crazy Bowls and Wraps (Creve Coeur),03/12/2025 11:15 AM,03/11/2025 5:10 PM,$362.50 ,$0.00 ,$20.00 ,($57.38),$31.68 ,$0.00 ,$0.00 ,($12.38),$0.00 ,$0.00 ,-36.25,0,0,308.17,Completed,ach,Marketplace Takeout,,Dispatch,,,
9VE-FC8,Missouri Baptist Cancer Center,3015 N Ballas Rd,St. Louis,MO,63131,,West Oak,CBW- Crazy Bowls and Wraps (West Oak),03/12/2025 11:16 AM,03/10/2025 12:36 PM,$339.93 ,$0.00 ,$20.00 ,($53.99),$30.55 ,$0.00 ,$0.00 ,($11.68),$0.00 ,$0.00 ,-33.99,0,-17,273.82,Completed,ach,Marketplace Takeout,,Dispatch,,,
WVX-8UH,API Innovation Center,20 S Sarah St,St. Louis,MO,63108,,Lindell/SLU,CBW- Crazy Bowls and Wraps (Lindell/SLU),03/13/2025 10:32 AM,03/06/2025 12:04 PM,$184.95 ,$0.00 ,$20.00 ,($30.74),$24.37 ,$0.00 ,$0.00 ,($6.86),$0.00 ,$0.00 ,-30,0,-9.25,152.47,Completed,ach,Marketplace Takeout,,Dispatch,,,
GW4-TGQ,Washington University Medical Campus - UHSP,2 Pharmacy Pl,St. Louis,MO,63110,,Lindell/SLU,CBW- Crazy Bowls and Wraps (Lindell/SLU),03/13/2025 10:40 AM,03/12/2025 11:41 AM,$142.55 ,$0.00 ,$20.00 ,($24.38),$0.00 ,$0.00 ,$0.00 ,($4.86),$0.00 ,$0.00 ,-30,0,-7.13,96.18,Completed,ach,Marketplace Takeout,,Dispatch,,,
6YG-M3Z,"UniGroup, Inc.",1 Premier Dr,Fenton,MO,63026,,Sunset Hills,CBW- Crazy Bowls and Wraps (Sunset Hills),03/13/2025 10:57 AM,03/12/2025 4:10 PM,$168.21 ,$0.00 ,$20.00 ,($28.23),$13.02 ,$0.00 ,$0.00 ,($6.02),$0.00 ,$0.00 ,-30,0,-8.41,128.57,Completed,ach,Marketplace Takeout,,Dispatch,,,
F72-16P,CancerCare Specialist,321 Regency Park,O'Fallon,IL,62269,,Shiloh,CBW- Crazy Bowls and Wraps (Shiloh),03/13/2025 11:04 AM,03/12/2025 2:12 PM,$710.15 ,$0.00 ,$20.00 ,($109.52),$59.30 ,($59.30),$0.00 ,($23.60),$0.00 ,$0.00 ,-71.02,0,-35.51,490.5,Completed,ach,Marketplace Takeout,,Dispatch,,,
GZK-EGV,Bjc primary care,2630 State Hwy K,O'Fallon,MO,63368,,O'Fallon,CBW- Crazy Bowls and Wraps (O'Fallon),03/13/2025 11:06 AM,03/12/2025 3:46 PM,$232.00 ,$0.00 ,$20.00 ,($37.80),$20.76 ,$0.00 ,$0.00 ,($8.16),$0.00 ,$0.00 ,-30,0,-11.6,185.2,Completed,ach,Marketplace Takeout,,Dispatch,,,
U0Q-CAW,Lemonaid Pharmacy,1701 Macklind Ave Suite 300,St. Louis,MO,63110,,West Oak,CBW- Crazy Bowls and Wraps (West Oak),03/13/2025 11:15 AM,03/02/2025 11:32 PM,$214.10 ,$0.00 ,$25.00 ,($32.11),$19.24 ,$0.00 ,$21.41 ,($7.72),$0.00 ,$0.00 ,0,0,0,239.92,Completed,ach,Meal Program,,,,,
0W9-TKR,FORVIS MAZARS,211 N Broadway SUITE 600,St. Louis,MO,63102,,Lindell/SLU,CBW- Crazy Bowls and Wraps (Lindell/SLU),03/13/2025 5:02 PM,03/12/2025 9:23 AM,$197.00 ,$0.00 ,$20.00 ,($32.55),$25.96 ,$0.00 ,$0.00 ,($7.26),$0.00 ,$0.00 ,-30,0,-9.85,163.3,Completed,ach,Marketplace Takeout,,Dispatch,,,
87G-ZFE,BJC Medical Group at St. Peters,201 Bjc-Saint Peters Dr building C (3) suite 200,St. Peters,MO,63376,,Lindenwood,CBW- Crazy Bowls and Wraps (Lindenwood),03/14/2025 10:45 AM,03/07/2025 3:09 PM,$519.11 ,$0.00 ,$20.00 ,($80.87),$51.65 ,$0.00 ,$0.00 ,($17.66),$0.00 ,$0.00 ,-51.91,0,-25.96,414.36,Completed,ach,Marketplace Takeout,,Dispatch,,,
9FQ-MTA,BJC OB-GYN,1414 Cross St 240,Shiloh,IL,62269,,Shiloh,CBW- Crazy Bowls and Wraps (Shiloh),03/14/2025 11:04 AM,03/12/2025 8:17 PM,$406.75 ,$0.00 ,$20.00 ,($29.87),$33.96 ,($33.96),$0.00 ,($13.78),$0.00 ,$0.00 ,-40.68,0,0,342.42,Completed,ach,ezOrdering Takeout,,Dispatch,,,
3VV-PYC,Missouri Baptist Medical Center,3015 N Ballas Rd Lean Briefing Room,St. Louis,MO,63131,,West Oak,CBW- Crazy Bowls and Wraps (West Oak),03/14/2025 11:17 AM,03/13/2025 5:23 PM,$360.75 ,$0.00 ,$20.00 ,($57.11),$0.00 ,$0.00 ,$0.00 ,($11.38),$0.00 ,$0.00 ,-36.08,0,-18.04,258.14,Completed,ach,Marketplace Takeout,,Dispatch,,,
228-Z5P,"Rosenblum Goldenhersh, PC",7733 Forsyth Blvd Suite 400,Clayton,MO,63105,,Forsyth/Clayton,CBW- Crazy Bowls and Wraps (Forsyth/Clayton),03/14/2025 11:24 AM,02/27/2025 10:08 AM,$360.00 ,$0.00 ,$20.00 ,($57.00),$36.86 ,$0.00 ,$0.00 ,($12.46),$0.00 ,$0.00 ,-36,0,-18,293.4,Completed,ach,Marketplace Takeout,,Dispatch,,,
0M4-7J8,Silverback Brentwood Studios,1034 S Brentwood Blvd,Richmond Heights,MO,63117,,West Oak,CBW- Crazy Bowls and Wraps (West Oak),03/15/2025 10:00 AM,03/15/2025 8:15 AM,$246.70 ,$0.00 ,$20.00 ,($40.01),$0.00 ,$0.00 ,$0.00 ,($7.97),$0.00 ,$0.00 ,-30,-4.93,-12.34,171.45,Completed,ach,Marketplace Takeout,,Dispatch,,,
91P-5TU,The Crossing Church at Fenton,1800 Bowles Ave,Fenton,MO,63026,,Sunset Hills,CBW- Crazy Bowls and Wraps (Sunset Hills),03/15/2025 10:52 AM,03/14/2025 1:55 PM,$147.00 ,$0.00 ,$20.00 ,($25.05),$0.00 ,$0.00 ,$0.00 ,($4.99),$0.00 ,$0.00 ,-30,-2.94,-7.35,96.67,Completed,ach,Marketplace Takeout,,Dispatch,,,
ZGU-0XG,America's Center Convention Complex,701 Convention Plaza,St. Louis,MO,63101,,Lindell/SLU,CBW- Crazy Bowls and Wraps (Lindell/SLU),03/16/2025 10:04 AM,03/10/2025 11:44 AM,$208.03 ,$0.00 ,$20.00 ,($34.20),$27.42 ,$0.00 ,$0.00 ,($7.64),$0.00 ,$0.00 ,-30,0,-10.4,173.21,Completed,ach,Marketplace Takeout,,Dispatch,,,
27H-U5W,World Chess Hall of Fame - Chester,4652 Maryland Ave,St. Louis,MO,63108,,Lindell/SLU,CBW- Crazy Bowls and Wraps (Lindell/SLU),03/16/2025 10:35 AM,03/06/2025 5:51 PM,$361.75 ,$0.00 ,$20.00 ,($57.26),$0.00 ,$0.00 ,$0.00 ,($11.41),$0.00 ,$0.00 ,-36.18,0,-18.09,258.81,Completed,ach,Marketplace Takeout,,Dispatch,,,
7HQ-C44,Insperity,3 Cityplace Dr,Creve Coeur,MO,63141,,West Oak,CBW- Crazy Bowls and Wraps (West Oak),03/17/2025 11:11 AM,03/16/2025 4:54 PM,$167.30 ,$0.00 ,$20.00 ,($28.10),$15.04 ,$0.00 ,$0.00 ,($6.05),$0.00 ,$0.00 ,-30,-3.35,-8.37,126.47,Completed,ach,Marketplace Takeout,,Dispatch,,,
HH3-2P7,BJCMG Cardiology Wentzville - Metro Heart Group,1520 Wentzville Pkwy,Wentzville,MO,63385,,Wentzville,CBW- Crazy Bowls and Wraps (Wentzville),03/17/2025 11:25 AM,03/16/2025 11:50 AM,$362.10 ,$0.00 ,$20.00 ,($57.32),$37.84 ,$0.00 ,$0.00 ,($12.56),$0.00 ,$0.00 ,-36.21,-7.24,0,306.61,Completed,ach,Marketplace Takeout,,Dispatch,,,
YC2-THP,ATI Restoration,13586 NW Industrial Dr,Bridgeton,MO,63044,,Lindenwood,CBW- Crazy Bowls and Wraps (Lindenwood),03/17/2025 11:34 AM,03/14/2025 4:51 PM,$92.70 ,$0.00 ,$20.00 ,($16.91),$9.22 ,$0.00 ,$0.00 ,($3.65),$0.00 ,$0.00 ,-30,-1.85,-4.64,64.87,Completed,ach,Marketplace Takeout,,Dispatch,,,
77M-WXW,Spectrum/Charter Communications,13736 Riverport Dr 5th floor ; Training Room #1,Maryland Heights,MO,63043,,Lindenwood,CBW- Crazy Bowls and Wraps (Lindenwood),03/18/2025 10:43 AM,03/12/2025 12:44 PM,"$1,421.00 ",$0.00 ,$20.00 ,($216.15),$141.39 ,$0.00 ,$0.00 ,($47.31),$0.00 ,$0.00 ,-142.1,0,-71.05,1105.78,Completed,ach,Marketplace Takeout,,Dispatch,,,
YTA-J4F,Aspire Software,390 S Woods Mill Rd ste 200-2nd floor,Chesterfield,MO,63017,,West Oak,CBW- Crazy Bowls and Wraps (West Oak),03/18/2025 10:45 AM,03/11/2025 9:40 PM,$335.90 ,$0.00 ,$25.00 ,($50.39),$30.19 ,$0.00 ,$67.18 ,($11.69),$0.00 ,$0.00 ,0,0,0,396.19,Completed,ach,Meal Program,,,,,
7E2-49M,Core and Main,1830 Craig Park Ct.,St. Louis,MO,63146,,West Oak,CBW- Crazy Bowls and Wraps (West Oak),03/18/2025 11:17 AM,03/17/2025 1:58 PM,$710.25 ,$0.00 ,$20.00 ,($109.54),$63.84 ,$0.00 ,$0.00 ,($23.74),$0.00 ,$0.00 ,-71.02,-14.21,-35.51,540.07,Completed,ach,Marketplace Takeout,,Dispatch,,,
CHE-18A,Weissman Theatrical,6750 Manchester Ave,St. Louis,MO,63139,18,South City,CBW- Crazy Bowls and Wraps #18 (South City),03/18/2025 11:18 AM,03/13/2025 12:58 PM,$520.20 ,$0.00 ,$20.00 ,($81.03),$68.56 ,$0.00 ,$0.00 ,($18.20),$0.00 ,$0.00 ,-52.02,0,0,457.51,Completed,ach,Marketplace Takeout,,Dispatch,,,
ERK-GVW,SIHF Belleville,311 W Lincoln St Suite 200,Belleville,IL,62220,,Shiloh,CBW- Crazy Bowls and Wraps (Shiloh),03/18/2025 11:25 AM,03/17/2025 3:20 PM,$301.90 ,$0.00 ,$20.00 ,($48.29),$25.21 ,($25.21),$0.00 ,($10.38),$0.00 ,$0.00 ,-30.19,-6.04,-15.1,211.9,Completed,ach,Marketplace Takeout,,Dispatch,,,
3G2-MA8,Hunter Engineering,11250 Hunter Dr Building A,Bridgeton,MO,63044,,Lindenwood,CBW- Crazy Bowls and Wraps (Lindenwood),03/18/2025 11:44 AM,03/17/2025 9:39 AM,$360.00 ,$0.00 ,$20.00 ,($57.00),$35.82 ,$0.00 ,$0.00 ,($12.43),$0.00 ,$0.00 ,-36,-7.2,-18,285.19,Completed,ach,Marketplace Takeout,,Dispatch,,,
YR3-HJE,Chestnut Health Systems,2148 Vadalabene Dr,Maryville,IL,62062,,Edwardsville,CBW- Crazy Bowls and Wraps (Edwardsville),03/18/2025 12:00 PM,03/17/2025 9:55 AM,$329.70 ,$0.00 ,$0.00 ,($49.46),$28.35 ,($28.35),$0.00 ,($10.71),$0.00 ,$0.00 ,0,-6.59,-16.49,246.45,Completed,ach,Marketplace Takeout,,N/A,,,
4UJ-C7C,FM,12645 Olive Blvd Suite 400,Creve Coeur,MO,63141,,West Oak,CBW- Crazy Bowls and Wraps (West Oak),03/19/2025 10:33 AM,03/14/2025 3:36 PM,$465.00 ,$0.00 ,$20.00 ,($72.75),$41.79 ,$0.00 ,$0.00 ,($15.75),$0.00 ,$0.00 ,-46.5,-9.3,-23.25,359.24,Completed,ach,Marketplace Takeout,,Dispatch,,,
PHU-2PU,Rabo Agrifinance,14767 N Outer 40 Rd Ste 400,Chesterfield,MO,63017,,Creve Coeur,CBW- Crazy Bowls and Wraps (Creve Coeur),03/19/2025 11:06 AM,03/18/2025 12:05 PM,$96.45 ,$0.00 ,$20.00 ,($8.15),$8.43 ,$0.00 ,$0.00 ,($3.73),$0.00 ,$0.00 ,-30,0,0,83,Completed,ach,ezOrdering Takeout,,Dispatch,,,
XYX-08X,Forefront Dermatology,130 Richardson Crossing,Arnold,MO,63010,,Tesson,CBW- Crazy Bowls and Wraps (Tesson),03/19/2025 11:06 AM,03/18/2025 6:45 PM,$167.99 ,$0.00 ,$20.00 ,($28.20),$13.00 ,$0.00 ,$0.00 ,($6.01),$0.00 ,$0.00 ,-30,-3.36,-8.4,125.02,Completed,ach,Marketplace Takeout,,Dispatch,,,
4XV-M3Z,Mercy Clinic Oncology and hematology,2227 Vadalabene Dr 200,Maryville,IL,62062,,Edwardsville,CBW- Crazy Bowls and Wraps (Edwardsville),03/19/2025 11:17 AM,03/17/2025 11:03 AM,$323.65 ,$0.00 ,$20.00 ,($51.55),$27.83 ,($27.83),$0.00 ,($11.11),$0.00 ,$0.00 ,-32.36,-6.47,-16.18,225.98,Completed,ach,Marketplace Takeout,,Dispatch,,,
VT3-4KA,Fabick Cat,1 Fabick Dr,Fenton,MO,63026,,Sunset Hills,CBW- Crazy Bowls and Wraps (Sunset Hills),03/19/2025 11:38 AM,03/14/2025 1:43 PM,$129.52 ,$0.00 ,$20.00 ,($22.43),$10.02 ,$0.00 ,$0.00 ,($4.77),$0.00 ,$0.00 ,-30,-2.59,-6.48,93.27,Completed,ach,Marketplace Takeout,,Dispatch,,,
MCU-7TJ,AFB International,3 Research Park Dr,Lake Saint Louis,MO,63367,,O'Fallon,CBW- Crazy Bowls and Wraps (O'Fallon),03/20/2025 10:40 AM,03/06/2025 12:24 PM,$521.90 ,$0.00 ,$20.00 ,($81.29),$46.71 ,$0.00 ,$0.00 ,($17.60),$0.00 ,$0.00 ,-52.19,0,-26.1,411.43,Completed,ach,Marketplace Takeout,,Dispatch,,,
5Q6-UF2,Vodaland,3120 Riverport Tech Center Dr,Maryland Heights,MO,63043,,Lindenwood,CBW- Crazy Bowls and Wraps (Lindenwood),03/20/2025 10:50 AM,03/19/2025 4:48 PM,$226.85 ,$0.00 ,$20.00 ,($37.03),$22.57 ,$0.00 ,$0.00 ,($8.06),$0.00 ,$0.00 ,-30,-4.54,-11.34,178.45,Completed,ach,Marketplace Takeout,,Dispatch,,,
JFY-EYQ,FGM Architects,475 Regency Park Dr. Suite 325,O'Fallon,IL,62269,,Shiloh,CBW- Crazy Bowls and Wraps (Shiloh),03/20/2025 11:12 AM,03/19/2025 11:58 AM,$77.29 ,$0.00 ,$20.00 ,($14.59),$6.45 ,($6.45),$0.00 ,($3.10),$0.00 ,$0.00 ,-30,-1.55,-3.86,44.19,Completed,ach,Marketplace Takeout,,Dispatch,,,
61U-VXG,St. Louis Trust & Family Office,7701 Forsyth Blvd Suite 1100,Clayton,MO,63105,,Forsyth/Clayton,CBW- Crazy Bowls and Wraps (Forsyth/Clayton),03/21/2025 10:10 AM,03/18/2025 3:53 PM,$363.70 ,$0.00 ,$20.00 ,($26.86),$37.24 ,$0.00 ,$0.00 ,($12.59),$0.00 ,$0.00 ,-36.37,-7.27,-18.19,319.66,Completed,ach,Marketplace Takeout,,Dispatch,,,
6PX-15P,Mercy IM,12680 Olive Blvd Ste 100,St. Louis,MO,63141,,Creve Coeur,CBW- Crazy Bowls and Wraps (Creve Coeur),03/21/2025 11:20 AM,03/20/2025 12:44 PM,$378.00 ,$0.00 ,$20.00 ,($59.70),$33.03 ,$0.00 ,$0.00 ,($12.89),$0.00 ,$0.00 ,-37.8,0,0,320.64,Completed,ach,Marketplace Takeout,,Dispatch,,,
VQK-AZM,STLCC & Silverback Brentwood Studios,1034 S Brentwood Blvd,Richmond Heights,MO,63117,,Creve Coeur,CBW- Crazy Bowls and Wraps (Creve Coeur),03/24/2025 9:55 AM,03/13/2025 9:55 PM,$291.45 ,$0.00 ,$20.00 ,($46.72),$0.00 ,$0.00 ,$0.00 ,($9.31),$0.00 ,$0.00 ,-30,0,0,225.42,Completed,ach,Marketplace Takeout,,Dispatch,,,
9J0-QT1,World Wide Technology,108 Gateway Commerce Center Dr N,Edwardsville,IL,62025,,Edwardsville,CBW- Crazy Bowls and Wraps (Edwardsville),03/24/2025 10:59 AM,03/22/2025 5:09 PM,$163.39 ,$0.00 ,$20.00 ,($27.51),$14.05 ,($14.05),$0.00 ,($5.90),$0.00 ,$0.00 ,-30,-3.27,-8.17,108.54,Completed,ach,Marketplace Takeout,,Dispatch,,,
AWZ-J63,Family health care center,4352 Manchester Ave,St. Louis,MO,63110,,Lindell/SLU,CBW- Crazy Bowls and Wraps (Lindell/SLU),03/24/2025 11:24 AM,03/21/2025 2:03 PM,$135.00 ,$0.00 ,$20.00 ,($23.25),$17.79 ,$0.00 ,$0.00 ,($5.17),$0.00 ,$0.00 ,-30,-2.7,-6.75,104.92,Completed,ach,Marketplace Takeout,tryagain20,Dispatch,,,
6GU-HM1,Burns & McDonnell,425 South Woods Mill Rd,Town and Country,MO,63017,,Manchester,CBW- Crazy Bowls and Wraps (Manchester),03/25/2025 10:13 AM,03/19/2025 4:42 PM,$392.20 ,$0.00 ,$20.00 ,($61.83),$34.27 ,$0.00 ,$0.00 ,($13.35),($24.00),$0.00 ,-39.22,-7.84,-19.61,280.62,Completed,ach,Marketplace Takeout,,Dispatch,,,
K0Q-PPV,Cardiac cath lab,1404 Cross St,Shiloh,IL,62269,,Shiloh,CBW- Crazy Bowls and Wraps (Shiloh),03/25/2025 10:36 AM,03/24/2025 7:46 PM,$254.40 ,$0.00 ,$20.00 ,($41.16),$21.24 ,($21.24),$0.00 ,($8.84),$0.00 ,$0.00 ,-30,-5.09,-12.72,176.59,Completed,ach,Marketplace Takeout,,Dispatch,,,
WUU-XWZ,Center For Career Engagement,6475 Forsyth Blvd. Danforth University Center Suite 110,St. Louis,MO,63105,,Forsyth/Clayton,CBW- Crazy Bowls and Wraps (Forsyth/Clayton),03/25/2025 2:25 PM,03/21/2025 4:41 PM,$80.65 ,$0.00 ,$20.00 ,($15.10),$8.26 ,$0.00 ,$0.00 ,($3.26),$0.00 ,$0.00 ,-30,-1.61,-4.03,54.91,Completed,ach,Marketplace Takeout,,Dispatch,,,
PAM-UJU,Aspire Software,390 S Woods Mill Rd ste 200-2nd floor,Chesterfield,MO,63017,,West Oak,CBW- Crazy Bowls and Wraps (West Oak),03/26/2025 10:45 AM,03/16/2025 8:26 PM,$375.14 ,$0.00 ,$25.00 ,($56.27),$33.72 ,$0.00 ,$75.03 ,($12.97),$0.00 ,$0.00 ,0,0,0,439.65,Completed,ach,Meal Program,,,,,
PFK-ZZH,SIHF Healthcare,311 W Lincoln St 200,Belleville,IL,62220,,Shiloh,CBW- Crazy Bowls and Wraps (Shiloh),03/26/2025 10:57 AM,03/25/2025 3:12 PM,$296.82 ,$0.00 ,$20.00 ,($47.52),$24.78 ,($24.78),$0.00 ,($10.21),$0.00 ,$0.00 ,-30,-5.94,-14.84,208.31,Completed,ach,Marketplace Takeout,,Dispatch,,,
2HF-09A,Family Practice Belleville,4600 Memorial Dr Suite 400,Belleville,IL,62226,,Shiloh,CBW- Crazy Bowls and Wraps (Shiloh),03/26/2025 10:58 AM,03/20/2025 11:48 AM,$368.95 ,$0.00 ,$20.00 ,($58.34),$30.81 ,($30.81),$0.00 ,($12.55),$0.00 ,$0.00 ,-36.9,-7.38,-18.45,255.33,Completed,ach,Marketplace Takeout,,Dispatch,,,
YVH-VTU,BJC Edwardsville,2122 Troy Rd,Edwardsville,IL,62025,,Edwardsville,CBW- Crazy Bowls and Wraps (Edwardsville),03/26/2025 10:59 AM,03/24/2025 2:38 PM,$94.99 ,$0.00 ,$20.00 ,($17.25),$8.17 ,($8.17),$0.00 ,($3.68),$0.00 ,$0.00 ,-30,-1.9,-4.75,57.41,Completed,ach,Marketplace Takeout,,Dispatch,,,
CF1-FP4,BJC Wentzville,1520 Wentzville Pkwy,Wentzville,MO,63385,,Wentzville,CBW- Crazy Bowls and Wraps (Wentzville),03/26/2025 11:09 AM,03/25/2025 3:46 PM,$435.00 ,$0.00 ,$20.00 ,($68.25),$45.46 ,$0.00 ,$0.00 ,($14.96),$0.00 ,$0.00 ,-43.5,-8.7,0,365.05,Completed,ach,Marketplace Takeout,,Dispatch,,,
C4M-MXC,Faith Oakville,6101 Telegraph Rd,St. Louis,MO,63129,,Tesson,CBW- Crazy Bowls and Wraps (Tesson),03/26/2025 11:14 AM,03/25/2025 3:47 PM,$203.95 ,$0.00 ,$20.00 ,($33.59),$0.00 ,$0.00 ,$0.00 ,($6.70),$0.00 ,$0.00 ,-30,-4.08,-10.2,139.38,Completed,ach,Marketplace Takeout,,Dispatch,,,
5J5-5M7,Thompson Street Capital Partners,7676 Forsyth Blvd Suite 2700,Clayton,MO,63105,,Forsyth/Clayton,CBW- Crazy Bowls and Wraps (Forsyth/Clayton),03/26/2025 11:27 AM,03/25/2025 1:50 PM,$176.25 ,$0.00 ,$20.00 ,($13.74),$18.04 ,$0.00 ,$0.00 ,($6.41),$0.00 ,$0.00 ,-30,0,0,164.14,Completed,ach,ezOrdering Takeout,,Dispatch,,,
A07-VHQ,Dr Alonso - neurology,3009 N Ballas Rd Suite 102 bldg B,St. Louis,MO,63131,,West Oak,CBW- Crazy Bowls and Wraps (West Oak),03/27/2025 11:02 AM,03/25/2025 8:34 AM,$316.20 ,$0.00 ,$20.00 ,($50.43),$28.42 ,$0.00 ,$0.00 ,($10.90),$0.00 ,$0.00 ,-31.62,-6.32,-15.81,249.54,Completed,ach,Marketplace Takeout,,Dispatch,,,
P03-TK1,Cancer Care Specialists,321 Regency Park,O'Fallon,IL,62269,,Shiloh,CBW- Crazy Bowls and Wraps (Shiloh),03/27/2025 11:05 AM,03/24/2025 12:52 PM,$578.50 ,$0.00 ,$20.00 ,($89.78),$48.30 ,($48.30),$0.00 ,($19.34),($18.00),$0.00 ,-57.85,-11.57,-28.93,373.03,Completed,ach,Marketplace Takeout,,Dispatch,,,
WG8-V5U,scott morrison,310 N 7 Hills Rd,O'Fallon,IL,62269,,Shiloh,CBW- Crazy Bowls and Wraps (Shiloh),03/28/2025 10:31 AM,03/27/2025 4:08 PM,$346.00 ,$0.00 ,$20.00 ,($54.90),$28.89 ,($28.89),$0.00 ,($11.81),$0.00 ,$0.00 ,-34.6,-6.92,-17.3,240.47,Completed,ach,Marketplace Takeout,,Dispatch,,,
89J-5CF,Fabick Cat,1 Fabick Dr,Fenton,MO,63026,,Sunset Hills,CBW- Crazy Bowls and Wraps (Sunset Hills),03/28/2025 10:35 AM,03/19/2025 10:35 AM,$242.85 ,$0.00 ,$20.00 ,($39.43),$18.79 ,$0.00 ,$0.00 ,($8.42),$0.00 ,$0.00 ,-30,-4.86,-12.14,186.79,Completed,ach,Marketplace Takeout,,Dispatch,,,
KA5-26Y,Sensient Colors LLC,2515 North Jefferson Ave,St. Louis,MO,63106,,Lindell/SLU,CBW- Crazy Bowls and Wraps (Lindell/SLU),03/28/2025 11:15 AM,02/28/2025 10:02 AM,$530.00 ,$0.00 ,$20.00 ,($82.50),$69.85 ,$0.00 ,$0.00 ,($18.53),$0.00 ,$0.00 ,-53,0,-26.5,439.32,Completed,ach,Marketplace Takeout,,Dispatch,,,
PGV-K5E,,,St. Louis,MO,,,Forsyth/Clayton,CBW- Crazy Bowls and Wraps (Forsyth/Clayton),03/28/2025 4:15 PM,03/25/2025 1:31 PM,$637.90 ,$0.00 ,$0.00 ,($44.65),$65.31 ,$0.00 ,$95.68 ,($21.03),$0.00 ,$0.00 ,0,0,0,733.21,Completed,ach,ezOrdering Takeout,,N/A,,,
VEQ-AKF,Impact Group,12977 N Forty Dr Ste 300,Creve Coeur,MO,63141,,West Oak,CBW- Crazy Bowls and Wraps (West Oak),03/31/2025 11:18 AM,03/27/2025 5:53 PM,$343.95 ,$0.00 ,$20.00 ,($54.59),$30.91 ,$0.00 ,$0.00 ,($11.81),$0.00 ,$0.00 ,-34.4,-6.88,-17.2,269.98,Completed,ach,Marketplace Takeout,,Dispatch,,,
676-EM7,Anheuser-Busch,2800 S 9th St,St. Louis,MO,63118,,Lindell/SLU,CBW- Crazy Bowls and Wraps (Lindell/SLU),03/31/2025 11:18 AM,03/27/2025 1:55 PM,$129.79 ,$0.00 ,$20.00 ,($22.47),$17.11 ,$0.00 ,$0.00 ,($4.99),$0.00 ,$0.00 ,-30,-2.6,-6.49,100.35,Completed,ach,Marketplace Takeout,,Dispatch,,,
ECQ-HM5,WashU School of Medicine: Couch Medical Research Building,"4515 McKinley Ave Dantas Lab: 5th Floor, Room 5313",St. Louis,MO,63110,,Lindell/SLU,CBW- Crazy Bowls and Wraps (Lindell/SLU),03/31/2025 11:36 AM,03/30/2025 1:39 PM,$152.98 ,$0.00 ,$20.00 ,($25.95),$0.00 ,$0.00 ,$0.00 ,($5.17),$0.00 ,$0.00 ,-30,-3.06,-7.65,101.15,Completed,ach,Marketplace Takeout,,Dispatch,,,
7W3-YWR,Mercy south wound care center,12700 Southfork Rd 175,St. Louis,MO,63128,,Tesson,CBW- Crazy Bowls and Wraps (Tesson),04/01/2025 10:56 AM,03/28/2025 3:31 PM,$190.45 ,$0.00 ,$20.00 ,($31.57),$14.74 ,$0.00 ,$0.00 ,($6.73),$0.00 ,$0.00 ,-30,-3.81,-9.52,143.56,Completed,ach,Marketplace Takeout,,Dispatch,,,
0K8-R9Q,Dr wade sihf,311 W Lincoln St,Belleville,IL,62220,,Shiloh,CBW- Crazy Bowls and Wraps (Shiloh),04/01/2025 11:13 AM,03/31/2025 1:43 PM,$304.50 ,$0.00 ,$20.00 ,($48.68),$25.43 ,($25.43),$0.00 ,($10.46),$0.00 ,$0.00 ,-30.45,-6.09,-15.23,213.59,Completed,ach,Marketplace Takeout,,Dispatch,,,
3UC-UWG,Perimeter Solutions,8000 Maryland Ave Suite 350,Clayton,MO,63105,,Forsyth/Clayton,CBW- Crazy Bowls and Wraps (Forsyth/Clayton),04/01/2025 11:24 AM,03/31/2025 2:47 PM,$245.82 ,$0.00 ,$20.00 ,($39.87),$25.17 ,$0.00 ,$0.00 ,($8.70),$0.00 ,$0.00 ,-30,-4.92,-12.29,195.21,Completed,ach,Marketplace Takeout,,Dispatch,,,
W75-JEG,,,St. Louis,MO,,,Lindell/SLU,CBW- Crazy Bowls and Wraps (Lindell/SLU),04/01/2025 4:30 PM,03/31/2025 1:57 PM,$478.08 ,$0.00 ,$0.00 ,($71.71),$0.00 ,$0.00 ,$0.00 ,($14.29),$0.00 ,$0.00 ,0,-9.56,-23.9,358.62,Completed,ach,Marketplace Takeout,,N/A,,,
CTY-TGE,Barnes Jewish,1 Barnes Jewish Hospital Plaza,St. Louis,MO,63110,,Lindell/SLU,CBW- Crazy Bowls and Wraps (Lindell/SLU),04/02/2025 10:49 AM,03/14/2025 3:48 PM,$266.10 ,$0.00 ,$20.00 ,($42.92),$35.07 ,$0.00 ,$0.00 ,($9.60),$0.00 ,$0.00 ,-30,-5.32,-13.31,220.02,Completed,ach,Marketplace Takeout,,Dispatch,,,
2V2-J59,Washington Unviersity,One Brookings Dr Knight Hall intersection of Throop & Snow Way next to Charles F Knight Center,St. Louis,MO,63130,,Forsyth/Clayton,CBW- Crazy Bowls and Wraps (Forsyth/Clayton),04/02/2025 10:53 AM,03/31/2025 3:09 PM,$214.45 ,$0.00 ,$20.00 ,($35.17),$0.00 ,$0.00 ,$0.00 ,($7.01),$0.00 ,$0.00 ,-30,-4.29,-10.72,147.26,Completed,ach,Marketplace Takeout,,Dispatch,,,
23C-Q4M,Center for Advanced Medicine,4921 Parkview Pl,St. Louis,MO,63110,,Lindell/SLU,CBW- Crazy Bowls and Wraps (Lindell/SLU),04/02/2025 11:06 AM,03/14/2025 3:37 PM,$207.10 ,$0.00 ,$20.00 ,($34.07),$27.29 ,$0.00 ,$0.00 ,($7.61),$0.00 ,$0.00 ,-30,-4.14,-10.36,168.21,Completed,ach,Marketplace Takeout,,Dispatch,,,
G96-4FR,Sysco Foods,3850 Mueller Rd,Saint Charles,MO,63301,,Lindenwood,CBW- Crazy Bowls and Wraps (Lindenwood),04/03/2025 10:32 AM,04/01/2025 11:45 AM,$309.00 ,$0.00 ,$20.00 ,($23.03),$30.75 ,$0.00 ,$0.00 ,($10.76),$0.00 ,$0.00 ,-30.9,0,0,295.06,Completed,ach,ezOrdering Takeout,,Dispatch,,,
FFA-AQT,Curium,2703 Wagner Pl,Maryland Heights,MO,63043,,West Oak,CBW- Crazy Bowls and Wraps (West Oak),04/03/2025 11:16 AM,04/02/2025 12:49 PM,$216.75 ,$0.00 ,$20.00 ,($35.51),$19.48 ,$0.00 ,$0.00 ,($7.66),$0.00 ,$0.00 ,-30,-4.34,-10.84,167.88,Completed,ach,Marketplace Takeout,,Dispatch,,,
GGW-4JU,ATB Technologies,14567 N Outer 40 Rd suite 525,Chesterfield,MO,63017,,West Oak,CBW- Crazy Bowls and Wraps (West Oak),04/04/2025 11:45 AM,03/20/2025 9:17 AM,$221.13 ,$0.00 ,$25.00 ,($33.17),$19.88 ,$0.00 ,$22.11 ,($7.95),$0.00 ,$0.00 ,0,0,0,247,Completed,ach,Meal Program,,,,,
T7R-J7H,Distinctive Dermatology,390 Office Ct,Fairview Heights,IL,62208,,Shiloh,CBW- Crazy Bowls and Wraps (Shiloh),04/07/2025 10:32 AM,03/14/2025 7:38 AM,$469.95 ,$0.00 ,$20.00 ,($73.49),$39.24 ,($39.24),$0.00 ,($15.82),$0.00 ,$0.00 ,-47,0,-23.5,330.14,Completed,ach,Marketplace Takeout,march500,Dispatch,,,
79K-PEV,"Cancer center, 2nd floor",10050 Kennerly Rd,Sappington,MO,63128,,Tesson,CBW- Crazy Bowls and Wraps (Tesson),04/07/2025 10:50 AM,03/27/2025 1:51 PM,$537.01 ,$0.00 ,$20.00 ,($83.55),$41.55 ,$0.00 ,$0.00 ,($17.90),$0.00 ,$0.00 ,-53.7,-10.74,-26.85,405.82,Completed,ach,Marketplace Takeout,,Dispatch,,,
81G-06T,University Club Medical,1520 S Brentwood Blvd,Brentwood,MO,63144,,Rock Hill/Glendale,CBW- Crazy Bowls and Wraps (Rock Hill/Glendale),04/07/2025 11:07 AM,04/04/2025 2:31 PM,$260.10 ,$0.00 ,$20.00 ,($42.02),$24.03 ,$0.00 ,$0.00 ,($9.09),$0.00 ,$0.00 ,-30,-5.2,-13.01,204.81,Completed,ach,Marketplace Takeout,,Dispatch,,,
0T4-R9K,Washington University,4939 Children's Place 9th Floor,St. Louis,MO,63110,,Lindell/SLU,CBW- Crazy Bowls and Wraps (Lindell/SLU),04/07/2025 11:18 AM,04/02/2025 11:37 AM,$377.50 ,$0.00 ,$20.00 ,($59.63),$0.00 ,$0.00 ,$0.00 ,($11.89),$0.00 ,$0.00 ,-37.75,-7.55,-18.88,261.8,Completed,ach,Marketplace Takeout,,Dispatch,,,
KF6-20J,METRO EAST DERMATOLOGY,331 Regency Park,O'Fallon,IL,62269,,Shiloh,CBW- Crazy Bowls and Wraps (Shiloh),04/07/2025 11:22 AM,04/04/2025 11:58 AM,$415.70 ,$0.00 ,$20.00 ,($30.50),$34.71 ,($34.71),$0.00 ,($14.07),$0.00 ,$0.00 ,-41.57,0,0,349.56,Completed,ach,ezOrdering Takeout,,Dispatch,,,
7U1-A35,Clayton Police Department,10 S Brentwood Blvd,Clayton,MO,63105,,Forsyth/Clayton,CBW- Crazy Bowls and Wraps (Forsyth/Clayton),04/08/2025 9:50 AM,04/02/2025 10:35 AM,$628.18 ,$0.00 ,$20.00 ,($97.23),$64.31 ,$0.00 ,$0.00 ,($21.30),$0.00 ,$0.00 ,-62.82,-12.56,-31.41,487.17,Completed,ach,Marketplace Takeout,,Dispatch,,,
4AU-8GM,TREX,911 Washington Ave Suite 500,St. Louis,MO,63101,,Lindell/SLU,CBW- Crazy Bowls and Wraps (Lindell/SLU),04/08/2025 10:35 AM,04/04/2025 10:26 AM,$140.20 ,$0.00 ,$20.00 ,($24.03),$18.48 ,$0.00 ,$0.00 ,($5.34),$0.00 ,$0.00 ,-30,-2.8,-7.01,109.5,Completed,ach,Marketplace Takeout,,Dispatch,,,
QYQ-JZY,Associated Couriers,4806 Trade Access Blvd Ste 100 100,Hazelwood,MO,63042,,Lindenwood,CBW- Crazy Bowls and Wraps (Lindenwood),04/08/2025 10:57 AM,04/04/2025 2:38 PM,$514.50 ,$0.00 ,$20.00 ,($80.18),$51.19 ,$0.00 ,$0.00 ,($17.51),$0.00 ,$0.00 ,-51.45,-10.29,-25.73,400.53,Completed,ach,Marketplace Takeout,,Dispatch,,,
Y8W-QPQ,,,Manchester,MO,63021,,Manchester,CBW- Crazy Bowls and Wraps (Manchester),04/09/2025 11:30 AM,04/07/2025 1:24 PM,$173.20 ,$0.00 ,$0.00 ,($25.98),$15.13 ,$0.00 ,$0.00 ,($5.63),$0.00 ,$0.00 ,0,-3.46,-8.66,144.6,Completed,ach,Marketplace Takeout,,N/A,,,
ZF7-G4U,Weissman,6750 Manchester Ave,St. Louis,MO,63139,,Rock Hill/Glendale,CBW- Crazy Bowls and Wraps (Rock Hill/Glendale),04/10/2025 8:02 AM,04/04/2025 12:46 PM,$187.50 ,$0.00 ,$20.00 ,($14.53),$17.32 ,$0.00 ,$0.00 ,($6.72),$0.00 ,$0.00 ,-30,0,0,173.57,Completed,ach,ezOrdering Takeout,,Dispatch,,,
322-14E,Aspire Software,390 S Woods Mill Rd ste 200-2nd floor,Chesterfield,MO,63017,,West Oak,CBW- Crazy Bowls and Wraps (West Oak),04/10/2025 10:45 AM,03/26/2025 1:28 PM,$137.39 ,$0.00 ,$25.00 ,($20.61),$12.35 ,$0.00 ,$27.48 ,($5.22),$0.00 ,$0.00 ,0,0,0,176.39,Completed,ach,Meal Program,,,,,
ACQ-ART,Hunter Engineering - c/o Jim Tworek,11250 Hunter Dr,Bridgeton,MO,63044,,West Oak,CBW- Crazy Bowls and Wraps (West Oak),04/10/2025 11:13 AM,04/05/2025 1:41 PM,$308.70 ,$0.00 ,$20.00 ,($49.31),$27.75 ,$0.00 ,$0.00 ,($10.66),$0.00 ,$0.00 ,-30.87,-6.17,-15.44,244,Completed,ach,Marketplace Takeout,,Dispatch,,,
49Q-P0A,Sysco Foods,3850 Mueller Rd,Saint Charles,MO,63301,,Lindenwood,CBW- Crazy Bowls and Wraps (Lindenwood),04/10/2025 11:18 AM,04/09/2025 11:23 AM,$169.50 ,$0.00 ,$20.00 ,($13.27),$16.87 ,$0.00 ,$0.00 ,($6.17),$0.00 ,$0.00 ,-30,-3.39,-8.48,145.06,Completed,ach,Marketplace Takeout,,Dispatch,,,
7H9-4W6,St Elizabeths cath lab and ep lab in hospital,1 St Elizabeth's Blvd Second floor,O'Fallon,IL,62269,,Shiloh,CBW- Crazy Bowls and Wraps (Shiloh),04/11/2025 10:35 AM,04/10/2025 1:46 PM,$577.00 ,$0.00 ,$20.00 ,($89.55),$48.18 ,($48.18),$0.00 ,($19.29),$0.00 ,$0.00 ,-57.7,-11.54,-28.85,390.07,Completed,ach,Marketplace Takeout,,Dispatch,,,
7A9-PWU,UMSL Recreation and Wellness Center,11 Arnold B Grobman Dr,St. Louis,MO,63121,,Forsyth/Clayton,CBW- Crazy Bowls and Wraps (Forsyth/Clayton),04/12/2025 10:17 AM,04/08/2025 9:26 AM,$97.49 ,$0.00 ,$20.00 ,($17.62),$9.98 ,$0.00 ,$0.00 ,($3.81),$0.00 ,$0.00 ,-30,-1.95,-4.87,69.22,Completed,ach,Marketplace Takeout,,Dispatch,,,
09E-Q7A,Korte Stadium,3345 Stadium Dr,Edwardsville,IL,62025,,Edwardsville,CBW- Crazy Bowls and Wraps (Edwardsville),04/12/2025 3:58 PM,04/11/2025 12:25 PM,$855.16 ,$0.00 ,$20.00 ,($131.27),$0.00 ,$0.00 ,$0.00 ,($26.17),$0.00 ,$0.00 ,-85.52,-17.1,-42.76,572.34,Completed,ach,Marketplace Takeout,,Dispatch,,,
KJK-JK6,Urology of STL,112 Piper Hill Dr Suite 12,St. Peters,MO,63376,,Lindenwood,CBW- Crazy Bowls and Wraps (Lindenwood),04/14/2025 11:03 AM,04/13/2025 7:55 PM,$191.25 ,$0.00 ,$20.00 ,($31.69),$19.03 ,$0.00 ,$0.00 ,($6.89),$0.00 ,$0.00 ,-30,-3.83,-9.56,148.31,Completed,ach,Marketplace Takeout,,Dispatch,,,
6CW-9R2,"Urology Specialists, Dr. Berni and Glaser",70 Jungermann Rd,St. Peters,MO,63376,,Lindenwood,CBW- Crazy Bowls and Wraps (Lindenwood),04/14/2025 11:20 AM,04/12/2025 10:54 PM,$152.10 ,$0.00 ,$20.00 ,($25.82),$15.13 ,$0.00 ,$0.00 ,($5.60),$0.00 ,$0.00 ,-30,-3.04,-7.61,115.16,Completed,ach,Marketplace Takeout,,Dispatch,,,
49V-9V0,Woodard & Curran,1520 South 5th St Suite 273,Saint Charles,MO,63303,,Lindenwood,CBW- Crazy Bowls and Wraps (Lindenwood),04/14/2025 11:36 AM,04/11/2025 1:11 PM,$217.50 ,$0.00 ,$20.00 ,($35.63),$21.64 ,$0.00 ,$0.00 ,($7.75),$0.00 ,$0.00 ,-30,-4.35,-10.88,170.53,Completed,ach,Marketplace Takeout,,Dispatch,,,
A7J-9TX,Dr Pai,2810 Frank Scott Parkway West Suite 716,Belleville,IL,62223,,Shiloh,CBW- Crazy Bowls and Wraps (Shiloh),04/15/2025 10:27 AM,04/14/2025 3:44 PM,$382.83 ,$0.00 ,$20.00 ,($60.42),$31.97 ,($31.97),$0.00 ,($13.00),$0.00 ,$0.00 ,-38.28,-7.66,-19.14,264.33,Completed,ach,Marketplace Takeout,,Dispatch,,,
7ZY-34A,Acera Surgical,1650 Des Peres Rd Suite 120,Des Peres,MO,63131,,West Oak,CBW- Crazy Bowls and Wraps (West Oak),04/15/2025 11:05 AM,04/14/2025 12:13 PM,$125.18 ,$0.00 ,$20.00 ,($21.78),$11.25 ,$0.00 ,$0.00 ,($4.68),$0.00 ,$0.00 ,-30,-2.5,-6.26,91.21,Completed,ach,Marketplace Takeout,,Dispatch,,,
3Q1-9CE,Anheuser-Busch,2800 S 9th St,St. Louis,MO,63118,,Lindell/SLU,CBW- Crazy Bowls and Wraps (Lindell/SLU),04/15/2025 11:10 AM,03/19/2025 11:04 AM,$380.32 ,$0.00 ,$20.00 ,($60.05),$50.12 ,$0.00 ,$0.00 ,($13.47),$0.00 ,$0.00 ,-38.03,-7.61,-19.02,312.26,Completed,ach,Marketplace Takeout,,Dispatch,,,
9WM-1RV,Lemonaid Pharmacy,1701 Macklind Ave Suite 300,St. Louis,MO,63110,,West Oak,CBW- Crazy Bowls and Wraps (West Oak),04/15/2025 11:15 AM,04/03/2025 12:30 PM,$235.29 ,$0.00 ,$25.00 ,($35.29),$21.15 ,$0.00 ,$23.53 ,($8.42),$0.00 ,$0.00 ,0,0,0,261.26,Completed,ach,Meal Program,,,,,
GE9-KG2,ISC,9777 Reavis Rd,Affton,MO,63123,,Tesson,CBW- Crazy Bowls and Wraps (Tesson),04/15/2025 11:19 AM,04/14/2025 12:28 PM,$142.53 ,$0.00 ,$20.00 ,($24.38),$11.03 ,$0.00 ,$0.00 ,($5.19),$0.00 ,$0.00 ,-30,-2.85,-7.13,104.01,Completed,ach,Marketplace Takeout,,Dispatch,,,
YKP-Q2Z,Utah Hockey Club,1401 Clark Ave,St. Louis,MO,63103,,Lindell/SLU,CBW- Crazy Bowls and Wraps (Lindell/SLU),04/15/2025 8:32 PM,04/14/2025 4:13 PM,$504.05 ,$0.00 ,$20.00 ,($78.61),$66.43 ,$0.00 ,$0.00 ,($17.66),$0.00 ,$0.00 ,-50.4,-10.08,-25.2,408.53,Completed,ach,Marketplace Takeout,,Dispatch,,,
3ZH-8T7,Visiting Clubhouse - Houston Astros,430 South Seventh St,St. Louis,MO,63102,,Lindell/SLU,CBW- Crazy Bowls and Wraps (Lindell/SLU),04/16/2025 9:27 AM,04/09/2025 12:56 PM,$257.50 ,$0.00 ,$20.00 ,($41.63),$33.94 ,$0.00 ,$0.00 ,($9.31),$0.00 ,$0.00 ,-30,-5.15,-12.88,212.47,Completed,ach,Marketplace Takeout,,Dispatch,,,
GRE-UZ7,Microsoft Cortex,4220 Duncan Ave Suite 501,St. Louis,MO,63110,,Lindell/SLU,CBW- Crazy Bowls and Wraps (Lindell/SLU),04/16/2025 10:39 AM,04/10/2025 10:04 AM,$152.83 ,$0.00 ,$20.00 ,($25.92),$20.14 ,$0.00 ,$0.00 ,($5.77),$0.00 ,$0.00 ,-30,-3.06,-7.64,120.58,Completed,ach,Marketplace Takeout,,Dispatch,,,
PZR-G6E,World Wide Technology,3971 Lakeview Corporate Dr,Hartford,IL,62048,,Edwardsville,CBW- Crazy Bowls and Wraps (Edwardsville),04/16/2025 10:54 AM,04/11/2025 12:42 PM,$507.23 ,$0.00 ,$20.00 ,($79.08),$43.62 ,($43.62),$0.00 ,($17.07),$0.00 ,$0.00 ,-50.72,-10.14,-25.36,344.86,Completed,ach,Marketplace Takeout,,Dispatch,,,
29V-TP2,Arcturis,701 Market St Ste 1300,St. Louis,MO,63101,,Lindell/SLU,CBW- Crazy Bowls and Wraps (Lindell/SLU),04/16/2025 11:00 AM,03/28/2025 11:46 AM,$358.00 ,$0.00 ,$20.00 ,($56.70),$47.18 ,$0.00 ,$0.00 ,($12.71),$0.00 ,$0.00 ,-35.8,-7.16,-17.9,294.91,Completed,ach,Marketplace Takeout,,Dispatch,,,
6EV-9X6,Dr joshua Binek,"621 S New Ballas Rd Suite 507, tower A",St. Louis,MO,63141,,West Oak,CBW- Crazy Bowls and Wraps (West Oak),04/16/2025 11:21 AM,04/15/2025 6:16 PM,$196.50 ,$0.00 ,$20.00 ,($32.48),$17.66 ,$0.00 ,$0.00 ,($7.00),$0.00 ,$0.00 ,-30,-3.93,-9.83,150.92,Completed,ach,Marketplace Takeout,,Dispatch,,,
H4P-TJZ,Washington University Medical Campus - UHSP,2 Pharmacy Pl,St. Louis,MO,63110,,Lindell/SLU,CBW- Crazy Bowls and Wraps (Lindell/SLU),04/17/2025 10:24 AM,04/16/2025 10:32 AM,$97.50 ,$0.00 ,$20.00 ,($17.63),$0.00 ,$0.00 ,$0.00 ,($3.51),$0.00 ,$0.00 ,-30,-1.95,-4.88,59.53,Completed,ach,Marketplace Takeout,,Dispatch,,,
6JM-TPU,University Eye Center,7840 Natural Bridge Rd,St. Louis,MO,63121,,Forsyth/Clayton,CBW- Crazy Bowls and Wraps (Forsyth/Clayton),04/17/2025 11:16 AM,04/16/2025 10:21 AM,$132.30 ,$0.00 ,$20.00 ,($10.66),$13.54 ,$0.00 ,$0.00 ,($4.96),$0.00 ,$0.00 ,-30,-2.65,-6.62,110.95,Completed,ach,Marketplace Takeout,,Dispatch,,,
KVW-F4M,Saint Louis MHB,701 Market St Suite 200,St. Louis,MO,63101,,Lindell/SLU,CBW- Crazy Bowls and Wraps (Lindell/SLU),04/17/2025 3:47 PM,04/11/2025 11:50 AM,$199.45 ,$0.00 ,$20.00 ,($32.92),$0.00 ,$0.00 ,$0.00 ,($6.56),$0.00 ,$0.00 ,-30,-3.99,-9.97,136.01,Completed,ach,Marketplace Takeout,,Dispatch,,,
Z5G-2KW,Carmody MacDonald,120 S. Central Ave. 7TH FLOOR,Clayton,MO,63105,,Forsyth/Clayton,CBW- Crazy Bowls and Wraps (Forsyth/Clayton),04/18/2025 8:08 AM,04/15/2025 10:01 AM,$359.90 ,$0.00 ,$20.00 ,($56.99),$36.85 ,$0.00 ,$0.00 ,($12.46),$0.00 ,$0.00 ,-35.99,-7.2,-18,286.11,Completed,ach,Marketplace Takeout,,Dispatch,,,
EVP-W4W,St Clare Hospital,1015 Bowles Ave front entrance,Fenton,MO,63026,,Sunset Hills,CBW- Crazy Bowls and Wraps (Sunset Hills),04/18/2025 10:31 AM,04/17/2025 6:43 PM,$389.70 ,$0.00 ,$20.00 ,$0.00 ,$30.15 ,$0.00 ,$0.00 ,$0.00 ,$0.00 ,$0.00 ,-38.97,-7.79,-19.49,373.6,Completed,ach,Marketplace Takeout,,Dispatch,,,
M2W-VMM,WashU/Center for Experiential Learning,"Forsyth Blvd Simon Hall, Suite 100",St. Louis,MO,63130,,Forsyth/Clayton,CBW- Crazy Bowls and Wraps (Forsyth/Clayton),04/18/2025 10:57 AM,04/15/2025 10:47 AM,$97.50 ,$0.00 ,$20.00 ,($17.63),$0.00 ,$0.00 ,$0.00 ,($3.51),$0.00 ,$0.00 ,-30,-1.95,-4.88,59.53,Completed,ach,Marketplace Takeout,,Dispatch,,,
ARZ-J5Z,Mercy Clinic Primary Care – Jungermann,1325 Queens Ct,St. Peters,MO,63376,,Lindenwood,CBW- Crazy Bowls and Wraps (Lindenwood),04/21/2025 11:18 AM,04/20/2025 3:38 PM,$165.58 ,$0.00 ,$20.00 ,($27.84),$16.48 ,$0.00 ,$0.00 ,($6.04),$0.00 ,$0.00 ,-30,-3.31,-8.28,126.59,Completed,ach,Marketplace Takeout,ts7n4ftsb6,Dispatch,,,
HYQ-F0Y,Ernst & Young,7676 Forsyth Blvd Suite 2600,Clayton,MO,63105,,Forsyth/Clayton,CBW- Crazy Bowls and Wraps (Forsyth/Clayton),04/21/2025 12:11 PM,04/17/2025 4:04 PM,$177.50 ,$0.00 ,$20.00 ,($29.63),$18.17 ,$0.00 ,$0.00 ,($6.45),$0.00 ,$0.00 ,-30,-3.55,-8.88,137.16,Completed,ach,Marketplace Takeout,,Dispatch,,,
FZ4-QJR,Vituity,1015 Bowles Ave Main Enterence,Fenton,MO,63026,,Sunset Hills,CBW- Crazy Bowls and Wraps (Sunset Hills),04/22/2025 10:47 AM,04/07/2025 10:08 AM,$233.03 ,$0.00 ,$20.00 ,($37.95),$18.03 ,$0.00 ,$0.00 ,($8.10),$0.00 ,$0.00 ,-30,-4.66,-11.65,178.7,Completed,ach,Marketplace Takeout,,Dispatch,,,
912-0M5,Washington University in St. Louis,"1 Brookings Dr Lopata Hall, room 203",St. Louis,MO,63130,,Forsyth/Clayton,CBW- Crazy Bowls and Wraps (Forsyth/Clayton),04/22/2025 10:53 AM,04/18/2025 1:48 PM,$234.25 ,$0.00 ,$20.00 ,($38.14),$0.00 ,$0.00 ,$0.00 ,($7.60),$0.00 ,$0.00 ,-30,-4.69,-11.71,162.11,Completed,ach,Marketplace Takeout,,Dispatch,,,
03G-53M,WashU  School of Medicine Pathology,509 S Euclid Ave,St. Louis,MO,63110,,Forsyth/Clayton,CBW- Crazy Bowls and Wraps (Forsyth/Clayton),04/22/2025 11:01 AM,04/17/2025 4:22 PM,$158.85 ,$0.00 ,$20.00 ,($26.83),$0.00 ,$0.00 ,$0.00 ,($5.35),$0.00 ,$0.00 ,-30,-3.18,-7.94,105.55,Completed,ach,Marketplace Takeout,,Dispatch,,,
Q4X-4YT,HNTB,211 N Broadway 13th floor,St. Louis,MO,63102,,Lindell/SLU,CBW- Crazy Bowls and Wraps (Lindell/SLU),04/22/2025 11:11 AM,04/18/2025 8:18 AM,$243.90 ,$0.00 ,$20.00 ,($39.58),$32.14 ,$0.00 ,$0.00 ,($8.85),$0.00 ,$0.00 ,-30,-4.88,-12.2,200.53,Completed,ach,Marketplace Takeout,,Dispatch,,,
GRY-HV8,Schweiger Derm,4575 Benes St,Glen Carbon,IL,62034,,Edwardsville,CBW- Crazy Bowls and Wraps (Edwardsville),04/22/2025 11:18 AM,04/21/2025 1:14 PM,$368.25 ,$0.00 ,$20.00 ,($58.24),$31.67 ,($31.67),$0.00 ,($12.56),$0.00 ,$0.00 ,-36.82,-7.37,-18.41,254.85,Completed,ach,Marketplace Takeout,,Dispatch,,,
8A6-R5F,Community And Long Term Care Psychiatry (Dr. Graypel office),10004 Kennerly Rd Suite 362 B,St. Louis,MO,63128,,Tesson,CBW- Crazy Bowls and Wraps (Tesson),04/22/2025 11:22 AM,04/21/2025 3:05 PM,$281.39 ,$0.00 ,$20.00 ,($45.21),$21.77 ,$0.00 ,$0.00 ,($9.66),$0.00 ,$0.00 ,-30,-5.63,-14.07,218.59,Completed,ach,Marketplace Takeout,,Dispatch,,,
YKE-4P8,Nestle Purina,800 Chouteau Ave E Building,St. Louis,MO,63102,,Lindell/SLU,CBW- Crazy Bowls and Wraps (Lindell/SLU),04/22/2025 11:23 AM,04/21/2025 8:35 AM,$75.97 ,$0.00 ,$20.00 ,($14.40),$10.01 ,$0.00 ,$0.00 ,($3.17),$0.00 ,$0.00 ,-30,-1.52,-3.8,53.09,Completed,ach,Marketplace Takeout,,Dispatch,,,
0J8-CTQ,WashU Advancement,7425 Forsyth Blvd Suite 3100,Clayton,MO,63105,,Rock Hill/Glendale,CBW- Crazy Bowls and Wraps (Rock Hill/Glendale),04/23/2025 7:18 AM,03/25/2025 11:32 AM,$262.50 ,$0.00 ,$20.00 ,($19.78),$0.00 ,$0.00 ,$0.00 ,($8.45),$0.00 ,$0.00 ,-30,0,0,224.27,Completed,ach,ezOrdering Takeout,,Dispatch,,,
UMQ-R4C,Enterprise Mobility,2281 Ball Dr,St. Louis,MO,63146,,West Oak,CBW- Crazy Bowls and Wraps (West Oak),04/23/2025 10:36 AM,04/21/2025 11:58 AM,$149.00 ,$0.00 ,$20.00 ,($25.35),$13.39 ,$0.00 ,$0.00 ,($5.45),$0.00 ,$0.00 ,-30,-2.98,-7.45,111.16,Completed,ach,Marketplace Takeout,,Dispatch,,,
7MA-1JQ,Ernst & Young,7676 Forsyth Blvd Suite 2600,Clayton,MO,63105,,Forsyth/Clayton,CBW- Crazy Bowls and Wraps (Forsyth/Clayton),04/23/2025 10:39 AM,04/17/2025 12:01 PM,$493.37 ,$0.00 ,$20.00 ,($77.01),$50.51 ,$0.00 ,$0.00 ,($16.86),$0.00 ,$0.00 ,-49.34,-9.87,-24.67,386.13,Completed,ach,Marketplace Takeout,,Dispatch,,,
9E3-8W3,Aspire Software,390 S Woods Mill Rd ste 200-2nd floor,Chesterfield,MO,63017,,West Oak,CBW- Crazy Bowls and Wraps (West Oak),04/23/2025 10:45 AM,04/08/2025 10:04 AM,$292.15 ,$0.00 ,$25.00 ,($43.82),$26.26 ,$0.00 ,$58.43 ,($10.27),$0.00 ,$0.00 ,0,0,0,347.75,Completed,ach,Meal Program,,,,,
YZ7-R6F,[REMOVED],2314866 Ezcater St,Ezcater,MA,63105,,Forsyth/Clayton,CBW- Crazy Bowls and Wraps (Forsyth/Clayton),04/23/2025 10:58 AM,04/17/2025 12:18 PM,$121.50 ,$0.00 ,$20.00 ,($21.23),$12.44 ,$0.00 ,$0.00 ,($4.60),$0.00 ,$0.00 ,-30,-2.43,-6.08,89.6,Completed,ach,Marketplace Takeout,,Dispatch,,,
59X-JWV,"Washington University, School of Public Health",Brookings Dr Goldfarb Hall,St. Louis,MO,63130,,Forsyth/Clayton,CBW- Crazy Bowls and Wraps (Forsyth/Clayton),04/23/2025 11:06 AM,04/22/2025 10:47 AM,$388.90 ,$0.00 ,$20.00 ,($61.34),$0.00 ,$0.00 ,$0.00 ,($12.23),$0.00 ,$0.00 ,-38.89,-7.78,-19.45,269.21,Completed,ach,Marketplace Takeout,,Dispatch,,,
13R-E9W,FTL Finance,820 S Main St Suite 300,Saint Charles,MO,63301,,Lindenwood,CBW- Crazy Bowls and Wraps (Lindenwood),04/23/2025 11:17 AM,04/02/2025 3:06 PM,$842.25 ,$0.00 ,$20.00 ,($129.34),$83.80 ,$0.00 ,$0.00 ,($28.29),$0.00 ,$0.00 ,-84.22,-16.85,-42.11,645.24,Completed,ach,Marketplace Takeout,,Dispatch,,,
372-HVF,Affinia Healthcare,1717 Biddle St Women's Health Dept.,St. Louis,MO,63106,,Lindell/SLU,CBW- Crazy Bowls and Wraps (Lindell/SLU),04/23/2025 11:36 AM,04/21/2025 12:09 PM,$104.29 ,$0.00 ,$20.00 ,($18.64),$13.74 ,$0.00 ,$0.00 ,($4.13),$0.00 ,$0.00 ,-30,-2.09,-5.21,77.96,Completed,ach,Marketplace Takeout,,Dispatch,,,
FT0-C8F,CIC @ CET,20 S Sarah St 1st Floor,St. Louis,MO,63108,,Lindell/SLU,CBW- Crazy Bowls and Wraps (Lindell/SLU),04/23/2025 4:36 PM,04/22/2025 10:24 AM,$599.40 ,$0.00 ,$20.00 ,($92.91),$78.99 ,$0.00 ,$0.00 ,($20.88),($11.90),$0.00 ,-59.94,-11.99,-29.97,470.8,Completed,ach,Marketplace Takeout,,Dispatch,,,
TMQ-R1J,Meramec Dermatology,3783 Vogel Rd,Arnold,MO,63010,,Tesson,CBW- Crazy Bowls and Wraps (Tesson),04/24/2025 10:28 AM,04/22/2025 3:45 PM,$292.20 ,$0.00 ,$20.00 ,($46.83),$22.61 ,$0.00 ,$0.00 ,($10.01),$0.00 ,$0.00 ,-30,-5.84,-14.61,227.52,Completed,ach,Marketplace Takeout,,Dispatch,,,
7KK-RA8,Dr. Lottes and Houser,1820 Zumbehl Rd 120,Saint Charles,MO,63303,,Lindenwood,CBW- Crazy Bowls and Wraps (Lindenwood),04/24/2025 11:21 AM,04/22/2025 5:52 PM,$310.50 ,$0.00 ,$20.00 ,($49.58),$30.89 ,$0.00 ,$0.00 ,($10.81),$0.00 ,$0.00 ,-31.05,-6.21,-15.53,248.21,Completed,ach,Marketplace Takeout,,Dispatch,,,
ZUZ-MQ7,Boeing Institute of IB at SLU,3674 Lindell Blvd Room 330,St. Louis,MO,63108,,Lindell/SLU,CBW- Crazy Bowls and Wraps (Lindell/SLU),04/24/2025 5:09 PM,04/22/2025 12:41 PM,$325.35 ,$0.00 ,$20.00 ,($51.80),$0.00 ,$0.00 ,$0.00 ,($10.33),$0.00 ,$0.00 ,-32.54,-6.51,-16.27,227.9,Completed,ach,Marketplace Takeout,,Dispatch,,,
7QP-ETU,Washington University School of Medicine,4990 Children's Pl,St. Louis,MO,63110,,Lindell/SLU,CBW- Crazy Bowls and Wraps (Lindell/SLU),04/25/2025 11:04 AM,04/23/2025 1:36 PM,$232.94 ,$0.00 ,$20.00 ,($37.94),$0.00 ,$0.00 ,$0.00 ,($7.56),$0.00 ,$0.00 ,-30,-4.66,-11.65,161.13,Completed,ach,Marketplace Takeout,,Dispatch,,,
VQ3-RTG,Mercy Clinic Primary Care - Suite 214,300 Winding Woods Dr Suite 214,O'Fallon,MO,63366,,O'Fallon,CBW- Crazy Bowls and Wraps (O'Fallon),04/28/2025 11:08 AM,04/25/2025 8:52 AM,$356.50 ,$0.00 ,$20.00 ,($56.48),$31.91 ,$0.00 ,$0.00 ,($12.21),$0.00 ,$0.00 ,-35.65,-7.13,-17.83,279.11,Completed,ach,Marketplace Takeout,,Dispatch,,,
ZU6-JH8,Washington University - College Office,1 Brookings Dr,St. Louis,MO,63130,,Forsyth/Clayton,CBW- Crazy Bowls and Wraps (Forsyth/Clayton),04/28/2025 11:11 AM,04/25/2025 8:31 PM,$77.75 ,$0.00 ,$20.00 ,($14.66),$0.00 ,$0.00 ,$0.00 ,($2.92),$0.00 ,$0.00 ,-30,-1.56,-3.89,44.72,Completed,ach,Marketplace Takeout,,Dispatch,,,
60X-9J5,SIHF,180 S 3rd St 104,Belleville,IL,62220,,Shiloh,CBW- Crazy Bowls and Wraps (Shiloh),04/28/2025 11:12 AM,04/25/2025 11:56 AM,$249.90 ,$0.00 ,$20.00 ,($40.48),$20.87 ,($20.87),$0.00 ,($8.69),$0.00 ,$0.00 ,-30,-5,-12.5,173.23,Completed,ach,Marketplace Takeout,,Dispatch,,,
QPY-811,Yoon Dermatology,1060 Meyer Rd,Wentzville,MO,63385,,Wentzville,CBW- Crazy Bowls and Wraps (Wentzville),04/28/2025 11:24 AM,04/27/2025 12:45 PM,$239.25 ,$0.00 ,$20.00 ,($38.89),$25.00 ,$0.00 ,$0.00 ,($8.50),$0.00 ,$0.00 ,-30,-4.79,-11.96,190.11,Completed,ach,Marketplace Takeout,,Dispatch,,,
RM0-TUX,Distinctive Dermatology,390 Office Ct,Fairview Heights,IL,62208,,Shiloh,CBW- Crazy Bowls and Wraps (Shiloh),04/29/2025 10:16 AM,04/28/2025 2:22 PM,$527.50 ,$0.00 ,$20.00 ,($82.13),$44.05 ,($44.05),$0.00 ,($17.69),$0.00 ,$0.00 ,-52.75,-10.55,-26.38,358,Completed,ach,Marketplace Takeout,,Dispatch,,,
Y2Q-1R1,Mackey Mitchell Architects,900 Spruce St. #500,St. Louis,MO,63102,,Lindell/SLU,CBW- Crazy Bowls and Wraps (Lindell/SLU),04/29/2025 11:05 AM,04/28/2025 1:46 PM,$215.73 ,$0.00 ,$20.00 ,($35.36),$28.43 ,$0.00 ,$0.00 ,($7.90),$0.00 ,$0.00 ,-30,-4.31,-10.79,175.8,Completed,ach,Marketplace Takeout,,Dispatch,,,
TE1-PWP,Advantage Solutions,8001 Forsyth Blvd 10th floor - Suite 1025,Clayton,MO,63105,,Forsyth/Clayton,CBW- Crazy Bowls and Wraps (Forsyth/Clayton),04/29/2025 11:12 AM,04/28/2025 11:10 AM,$87.80 ,$0.00 ,$20.00 ,($16.17),$8.99 ,$0.00 ,$0.00 ,($3.49),$0.00 ,$0.00 ,-30,-1.76,-4.39,60.98,Completed,ach,Marketplace Takeout,,Dispatch,,,
R0T-5ME,"Takeout from Wentzville, MO",,Wentzville,MO,,,Wentzville,CBW- Crazy Bowls and Wraps (Wentzville),04/29/2025 11:15 AM,04/28/2025 11:42 AM,$313.80 ,$0.00 ,$0.00 ,($47.07),$32.79 ,$0.00 ,$0.00 ,($10.36),$0.00 ,$0.00 ,0,-6.28,-15.69,267.19,Completed,ach,Marketplace Takeout,,N/A,,,
Z74-4ZM,AdaptHealth / Mercy Clinic Primary Care - Water Tower Place,1237 Water Tower Place,Arnold,MO,63010,,Tesson,CBW- Crazy Bowls and Wraps (Tesson),04/29/2025 11:16 AM,04/25/2025 3:02 PM,$197.60 ,$0.00 ,$20.00 ,($32.64),$15.29 ,$0.00 ,$0.00 ,($6.96),$0.00 ,$0.00 ,-30,-3.95,-9.88,149.46,Completed,ach,Marketplace Takeout,nccv21to2,Dispatch,,,
Q8J-HC6,Corporate Hill - Training Room - DiningRD,1630 Des Peres Rd First Floor Training Room,St. Louis,MO,63131,,Manchester,CBW- Crazy Bowls and Wraps (Manchester),04/29/2025 11:30 AM,04/28/2025 10:40 AM,$886.50 ,$0.00 ,$20.00 ,($135.98),$77.46 ,$0.00 ,$0.00 ,($29.42),$0.00 ,$0.00 ,-88.65,-17.73,-44.33,667.85,Completed,ach,Marketplace Takeout,,Dispatch,,,
CC7-H6E,CEDARHURST SENIOR LIVING,300 Hunter Ave Suite 200,St. Louis,MO,63124,,Forsyth/Clayton,CBW- Crazy Bowls and Wraps (Forsyth/Clayton),04/29/2025 11:36 AM,04/23/2025 3:31 PM,$229.50 ,$0.00 ,$20.00 ,($37.43),$23.50 ,$0.00 ,$0.00 ,($8.16),$0.00 ,$0.00 ,-30,-4.59,-11.48,181.34,Completed,ach,Marketplace Takeout,,Dispatch,,,
THV-AF8,Steffenauer Residence,511 Corley Dr,Chesterfield,MO,63017,,Manchester,CBW- Crazy Bowls and Wraps (Manchester),04/29/2025 4:24 PM,04/27/2025 4:48 PM,$353.98 ,$0.00 ,$20.00 ,($56.10),$30.93 ,$0.00 ,$0.00 ,($12.11),$0.00 ,$0.00 ,-35.4,-7.08,-17.7,276.52,Completed,ach,Marketplace Takeout,,Dispatch,,,
Z0K-RMF,"Takeout from Town and Country, MO",,Town and Country,MO,,,Manchester,CBW- Crazy Bowls and Wraps (Manchester),04/30/2025 10:15 AM,04/24/2025 10:21 AM,$195.05 ,$0.00 ,$0.00 ,($29.26),$17.04 ,$0.00 ,$15.00 ,($6.34),$0.00 ,$0.00 ,0,-3.9,-9.75,177.84,Completed,ach,Marketplace Takeout,,N/A,,,
QRX-2H4,St. Louis Heart and Vascular,3550 McKelvey Rd,Bridgeton,MO,63044,,Lindenwood,CBW- Crazy Bowls and Wraps (Lindenwood),04/30/2025 10:26 AM,04/28/2025 6:14 PM,$710.50 ,$0.00 ,$20.00 ,($109.58),$70.69 ,$0.00 ,$0.00 ,($23.96),$0.00 ,$0.00 ,-71.05,-14.21,-35.53,546.86,Completed,ach,Marketplace Takeout,,Dispatch,,,
3H9-PE0,"The Clayton Engineering Company, Inc.",2268 Welsch Industrial Court,St. Louis,MO,63146,,Lindenwood,CBW- Crazy Bowls and Wraps (Lindenwood),04/30/2025 10:30 AM,04/28/2025 3:28 PM,$92.04 ,$0.00 ,$20.00 ,($16.81),$9.16 ,$0.00 ,$0.00 ,($3.62),$0.00 ,$0.00 ,-30,-1.84,-4.6,64.33,Completed,ach,Marketplace Takeout,,Dispatch,,,
UZG-5M6,Enterprise Mobilit,2281 Ball Dr 4th floor,St. Louis,MO,63146,,West Oak,CBW- Crazy Bowls and Wraps (West Oak),04/30/2025 10:34 AM,04/29/2025 4:15 PM,$155.50 ,$0.00 ,$20.00 ,($26.33),$13.98 ,$0.00 ,$0.00 ,($5.67),$0.00 ,$0.00 ,-30,-3.11,-7.78,116.59,Completed,ach,Marketplace Takeout,,Dispatch,,,
CGP-F3R,EyeCare Partners,15933 Clayton Rd 210,Ballwin,MO,63011,,Creve Coeur,CBW- Crazy Bowls and Wraps (Creve Coeur),05/01/2025 7:45 AM,04/30/2025 3:28 PM,$847.75 ,$0.00 ,$20.00 ,($130.16),$74.08 ,$0.00 ,$0.00 ,($28.16),$0.00 ,$0.00 ,-84.78,0,0,698.73,Completed,ach,Marketplace Takeout,,Dispatch,,,
5P8-JWE,Distinctive Dermatology,390 Office Ct,Fairview Heights,IL,62208,,Shiloh,CBW- Crazy Bowls and Wraps (Shiloh),05/01/2025 10:32 AM,04/28/2025 11:51 AM,$469.95 ,$0.00 ,$20.00 ,($73.49),$39.24 ,($39.24),$0.00 ,($15.82),$0.00 ,$0.00 ,-47,-9.4,-23.5,320.74,Completed,ach,Marketplace Takeout,,Dispatch,,,
2M3-MHV,Mercy Hyperbaric and wound care,12700 Southfork Rd 175,St. Louis,MO,63128,,Tesson,CBW- Crazy Bowls and Wraps (Tesson),05/01/2025 10:40 AM,04/30/2025 12:05 PM,$238.45 ,$0.00 ,$20.00 ,($38.77),$20.84 ,$0.00 ,$0.00 ,($8.35),$0.00 ,$0.00 ,-30,-4.77,-11.92,185.48,Completed,ach,Marketplace Takeout,,Dispatch,,,
8F8-58P,Wash-U School of Medicine,"4990 Children's Pl Northwest Tower, 15th Floor",St. Louis,MO,63110,,Rock Hill/Glendale,CBW- Crazy Bowls and Wraps (Rock Hill/Glendale),05/01/2025 10:58 AM,04/29/2025 10:54 AM,$344.88 ,$0.00 ,$20.00 ,($25.54),$0.00 ,$0.00 ,$0.00 ,($10.91),$0.00 ,$0.00 ,-34.49,-6.9,-17.24,269.8,Completed,ach,Marketplace Takeout,,Dispatch,,,
2UC-9F7,Chesterfield Cardiology-Dr. Baig,222 S. Woods Mill Rd. North Medical Building Suite 560 Ste 560,Chesterfield,MO,63017,,Manchester,CBW- Crazy Bowls and Wraps (Manchester),05/01/2025 11:14 AM,04/30/2025 10:49 AM,$253.90 ,$0.00 ,$20.00 ,($41.09),$22.19 ,$0.00 ,$0.00 ,($8.85),$0.00 ,$0.00 ,-30,-5.08,-12.7,198.37,Completed,ach,Marketplace Takeout,,Dispatch,,,
FG1-9GH,Mercy endocrinology,621 S New Ballas Rd Tower a ste 460a,Creve Coeur,MO,63141,,West Oak,CBW- Crazy Bowls and Wraps (West Oak),05/01/2025 11:19 AM,04/28/2025 1:17 PM,$232.50 ,$0.00 ,$20.00 ,($37.88),$20.90 ,$0.00 ,$0.00 ,($8.17),$0.00 ,$0.00 ,-30,-4.65,-11.63,181.07,Completed,ach,Marketplace Takeout,,Dispatch,,,
FZ3-HPF,Alberici,8800 Page Ave,St. Louis,MO,63114,,Forsyth/Clayton,CBW- Crazy Bowls and Wraps (Forsyth/Clayton),05/01/2025 11:20 AM,04/21/2025 2:09 PM,$220.50 ,$0.00 ,$20.00 ,($36.08),$22.57 ,$0.00 ,$0.00 ,($7.87),$0.00 ,$0.00 ,-30,-4.41,-11.03,173.68,Completed,ach,Marketplace Takeout,,Dispatch,,,
KEH-G53,HSHS - Fairview Heights - Family Medicine,5 Ludwig Dr,Fairview Heights,IL,62208,,Shiloh,CBW- Crazy Bowls and Wraps (Shiloh),05/01/2025 11:23 AM,04/29/2025 10:45 AM,$124.35 ,$0.00 ,$20.00 ,($21.65),$10.38 ,($10.38),$0.00 ,($4.63),$0.00 ,$0.00 ,-30,-2.49,-6.22,79.36,Completed,ach,Marketplace Takeout,,Dispatch,,,
P51-29U,SAINT LOUIS UNIVERSITY,3674 Lindell Blvd Floor 2/Shanahan Atrium,St. Louis,MO,63108,,Lindell/SLU,CBW- Crazy Bowls and Wraps (Lindell/SLU),05/02/2025 10:06 AM,04/25/2025 10:56 AM,$700.20 ,$0.00 ,$20.00 ,($108.03),$0.00 ,$0.00 ,$0.00 ,($21.53),$0.00 ,$0.00 ,-70.02,-14,-35.01,471.61,Completed,ach,Marketplace Takeout,,Dispatch,,,
XUM-EMZ,Sensient Colors,2515 N Jefferson Ave Executive Building/Orange,St. Louis,MO,63106,,Lindell/SLU,CBW- Crazy Bowls and Wraps (Lindell/SLU),05/02/2025 11:34 AM,04/16/2025 9:43 AM,$356.30 ,$0.00 ,$20.00 ,($56.45),$46.96 ,$0.00 ,$0.00 ,($12.66),$0.00 ,$0.00 ,-35.63,-7.13,-17.82,293.57,Completed,ach,Marketplace Takeout,,Dispatch,,,
RQV-607,Contemporary Art Museum St. Louis,3750 Washington Ave St. Louis,St. Louis,MO,63108,,Lindell/SLU,CBW- Crazy Bowls and Wraps (Lindell/SLU),05/02/2025 6:11 PM,04/21/2025 3:19 PM,$187.95 ,$0.00 ,$20.00 ,($14.56),$0.00 ,$0.00 ,$0.00 ,($6.22),$0.00 ,$0.00 ,-30,-3.76,-9.4,144.01,Completed,ach,Marketplace Takeout,,Dispatch,,,
283-QU3,Touhill Performing Arts Center,1 University Blvd,St. Louis,MO,63121,,Forsyth/Clayton,CBW- Crazy Bowls and Wraps (Forsyth/Clayton),05/03/2025 9:59 AM,04/22/2025 12:26 PM,$176.40 ,$0.00 ,$20.00 ,($29.46),$27.68 ,$0.00 ,$0.00 ,($6.70),$0.00 ,$0.00 ,-30,-3.53,-8.82,145.57,Completed,ach,Marketplace Takeout,,Dispatch,,,
9QQ-GZV,The Residence Inn Downtown St. Louis,525 S Jefferson Ave,St. Louis,MO,63103,,Lindell/SLU,CBW- Crazy Bowls and Wraps (Lindell/SLU),05/03/2025 10:21 AM,05/01/2025 1:22 PM,$291.80 ,$0.00 ,$20.00 ,($46.77),$38.46 ,$0.00 ,$0.00 ,($10.47),$0.00 ,$0.00 ,-30,-5.84,-14.59,242.59,Completed,ach,Marketplace Takeout,,Dispatch,,,
4HY-YRE,The Residence Inn Downtown St. Louis,525 S Jefferson Ave,St. Louis,MO,63103,,Lindell/SLU,CBW- Crazy Bowls and Wraps (Lindell/SLU),05/03/2025 12:20 PM,05/01/2025 1:26 PM,$291.80 ,$0.00 ,$20.00 ,($46.77),$38.46 ,$0.00 ,$0.00 ,($10.47),$0.00 ,$0.00 ,-30,-5.84,-14.59,242.59,Completed,ach,Marketplace Takeout,,Dispatch,,,
CYQ-YC7,Houston Dynamo 2 - Energizer Stadium,2100 Market St,St. Louis,MO,63103,,Lindell/SLU,CBW- Crazy Bowls and Wraps (Lindell/SLU),05/04/2025 5:19 PM,04/18/2025 10:46 AM,$439.50 ,$0.00 ,$20.00 ,($68.93),$57.92 ,$0.00 ,$0.00 ,($15.47),$0.00 ,$0.00 ,-43.95,-8.79,-21.98,358.3,Completed,ach,Marketplace Takeout,,Dispatch,,,
C3Z-132,Amdocs,625 Maryville Centre Dr 200,St. Louis,MO,63141,,Creve Coeur,CBW- Crazy Bowls and Wraps (Creve Coeur),05/05/2025 8:32 AM,04/09/2025 1:29 PM,$292.45 ,$0.00 ,$20.00 ,($46.87),$25.55 ,$0.00 ,$0.00 ,($10.11),$0.00 ,$0.00 ,-30,0,0,251.02,Completed,ach,Marketplace Takeout,,Dispatch,,,
PQJ-WKF,Distinctive Dermatology,390 Office Ct,Fairview Heights,IL,62208,,Shiloh,CBW- Crazy Bowls and Wraps (Shiloh),05/05/2025 10:16 AM,04/30/2025 12:33 PM,$535.00 ,$0.00 ,$20.00 ,($83.25),$44.67 ,($44.67),$0.00 ,($17.93),$0.00 ,$0.00 ,-53.5,-10.7,-26.75,362.87,Completed,ach,Marketplace Takeout,,Dispatch,,,
4V8-JZQ,The Crossing at Grant's Trail,2760 Union Rd,St. Louis,MO,63125,,Sunset Hills,CBW- Crazy Bowls and Wraps (Sunset Hills),05/05/2025 4:58 PM,05/03/2025 5:53 PM,$100.70 ,$0.00 ,$20.00 ,($18.11),$0.00 ,$0.00 ,$0.00 ,($3.61),$0.00 ,$0.00 ,-30,-2.01,-5.04,61.93,Completed,ach,Marketplace Takeout,,Dispatch,,,
WA3-4AF,Enterprise Rent A Car,9636 Natural Bridge Rd,Berkeley,MO,63134,,Forsyth/Clayton,CBW- Crazy Bowls and Wraps (Forsyth/Clayton),05/06/2025 10:15 AM,05/02/2025 4:28 PM,$186.35 ,$0.00 ,$20.00 ,($30.95),$29.24 ,$0.00 ,$0.00 ,($7.04),$0.00 ,$0.00 ,-30,-3.73,-9.32,154.55,Completed,ach,Marketplace Takeout,,Dispatch,,,
4P9-6JE,Geneoscopy,2220 Welsch Industrial Ct,St. Louis,MO,63146,,West Oak,CBW- Crazy Bowls and Wraps (West Oak),05/06/2025 10:58 AM,04/28/2025 11:33 AM,$990.00 ,$0.00 ,$20.00 ,($151.50),$157.83 ,$0.00 ,$0.00 ,($34.92),$0.00 ,$0.00 ,-99,-19.8,-49.5,813.11,Completed,ach,Marketplace Takeout,,Dispatch,,,
KRG-2RP,Washington University in St. Louis,700 Rosedale Ave,St. Louis,MO,63112,,Forsyth/Clayton,CBW- Crazy Bowls and Wraps (Forsyth/Clayton),05/06/2025 11:23 AM,05/02/2025 10:43 AM,$111.84 ,$0.00 ,$20.00 ,($19.78),$17.55 ,$0.00 ,$0.00 ,($4.47),$0.00 ,$0.00 ,-30,-2.24,-5.59,87.31,Completed,ach,Marketplace Takeout,,Dispatch,,,
5JM-T53,Musick Dermatology,4948 Benchmark Centre Dr,Swansea,IL,62226,,Shiloh,CBW- Crazy Bowls and Wraps (Shiloh),05/06/2025 11:25 AM,05/01/2025 2:18 PM,$136.80 ,$0.00 ,$20.00 ,($23.52),$11.42 ,($11.42),$0.00 ,($5.03),$0.00 ,$0.00 ,-30,-2.74,-6.84,88.67,Completed,ach,Marketplace Takeout,,Dispatch,,,
0E9-QZU,Dr coyne,1502 W Meyer Rd,Wentzville,MO,63385,,Wentzville,CBW- Crazy Bowls and Wraps (Wentzville),05/06/2025 11:26 AM,05/05/2025 2:13 PM,$192.48 ,$0.00 ,$20.00 ,($31.87),$20.11 ,$0.00 ,$0.00 ,($6.95),$0.00 ,$0.00 ,-30,-3.85,-9.62,150.3,Completed,ach,Marketplace Takeout,,Dispatch,,,
GW9-QRU,Pear Tree Inn,711 N Broadway Market Ballroom,St. Louis,MO,63102,,Lindell/SLU,CBW- Crazy Bowls and Wraps (Lindell/SLU),05/06/2025 4:26 PM,04/29/2025 11:08 AM,$432.50 ,$0.00 ,$20.00 ,($67.88),$57.00 ,$0.00 ,$0.00 ,($15.23),$0.00 ,$0.00 ,-43.25,-8.65,-21.63,352.86,Completed,ach,Marketplace Takeout,,Dispatch,,,
2HX-MR4,"Takeout from Shiloh, IL",,Shiloh,IL,,,Shiloh,CBW- Crazy Bowls and Wraps (Shiloh),05/07/2025 10:15 AM,05/05/2025 10:02 AM,$125.50 ,$0.00 ,$0.00 ,($18.83),$10.48 ,($10.48),$0.00 ,($4.07),$0.00 ,$0.00 ,0,-2.51,-6.28,93.81,Completed,ach,Marketplace Takeout,,N/A,,,
HC4-U64,Kennedy Capital Management,10829 Olive Blvd 1st floor receptionist,Creve Coeur,MO,63141,,West Oak,CBW- Crazy Bowls and Wraps (West Oak),05/07/2025 10:39 AM,05/01/2025 2:02 PM,$253.40 ,$0.00 ,$20.00 ,($41.01),$40.40 ,$0.00 ,$0.00 ,($9.38),$0.00 ,$0.00 ,-30,-5.07,-12.67,215.67,Completed,ach,Marketplace Takeout,,Dispatch,,,
E80-AKX,Aspire Software,390 S Woods Mill Rd ste 300 - 3rd floor,Chesterfield,MO,63017,,West Oak,CBW- Crazy Bowls and Wraps (West Oak),05/07/2025 10:45 AM,04/22/2025 9:10 AM,$345.79 ,$0.00 ,$25.00 ,($51.87),$35.40 ,$0.00 ,$69.16 ,($12.15),$0.00 ,$0.00 ,0,0,0,411.33,Completed,ach,Meal Program,,,,,
UA4-ZHA,Cardio-Pulmonary Consultants,222 S Woods Mill Rd 310,Creve Coeur,MO,63141,,Creve Coeur,CBW- Crazy Bowls and Wraps (Creve Coeur),05/07/2025 11:06 AM,05/05/2025 12:16 PM,$256.50 ,$0.00 ,$20.00 ,($41.48),$22.41 ,$0.00 ,$0.00 ,($8.94),$0.00 ,$0.00 ,-30,0,0,218.49,Completed,ach,Marketplace Takeout,,Dispatch,,,
Q4W-J01,Esse Health,1027 Bellevue Ave Suite 107,St. Louis,MO,63117,,Forsyth/Clayton,CBW- Crazy Bowls and Wraps (Forsyth/Clayton),05/07/2025 11:06 AM,05/06/2025 9:19 AM,$363.70 ,$0.00 ,$20.00 ,($57.56),$42.69 ,$0.00 ,$0.00 ,($12.75),$0.00 ,$0.00 ,-36.37,-7.27,-18.19,294.25,Completed,ach,Marketplace Takeout,,Dispatch,,,
9MR-34K,Weissman,6726 Manchester Ave Photo Studio Lounge,St. Louis,MO,63139,18,South City,CBW- Crazy Bowls and Wraps #18 (South City),05/07/2025 11:17 AM,05/06/2025 9:58 AM,$709.50 ,$0.00 ,$20.00 ,($109.43),$93.51 ,$0.00 ,$0.00 ,($24.61),$0.00 ,$0.00 ,-70.95,0,0,618.02,Completed,ach,Marketplace Takeout,,Dispatch,,,
PMC-XK7,CEDARHURST SENIOR LIVING,300 Hunter Ave Suite 200,St. Louis,MO,63124,,Forsyth/Clayton,CBW- Crazy Bowls and Wraps (Forsyth/Clayton),05/07/2025 11:21 AM,05/05/2025 2:56 PM,$232.50 ,$0.00 ,$20.00 ,($37.88),$27.29 ,$0.00 ,$0.00 ,($8.37),$0.00 ,$0.00 ,-30,-4.65,-11.63,187.26,Completed,ach,Marketplace Takeout,,Dispatch,,,
Y44-868,Fabick Cat,1 Fabick Dr,Fenton,MO,63026,,Sunset Hills,CBW- Crazy Bowls and Wraps (Sunset Hills),05/08/2025 10:51 AM,04/29/2025 1:38 PM,$210.47 ,$0.00 ,$20.00 ,($34.57),$24.18 ,$0.00 ,$0.00 ,($7.61),($20.00),$0.00 ,-30,-4.21,-10.52,147.74,Completed,ach,Marketplace Takeout,,Dispatch,,,
C6A-UP2,Axiom Administration Services,1 Progress Point Pkwy Ste 101,O'Fallon,MO,63368,,O'Fallon,CBW- Crazy Bowls and Wraps (O'Fallon),05/08/2025 10:59 AM,05/06/2025 3:06 PM,$353.00 ,$0.00 ,$20.00 ,($55.95),$31.59 ,$0.00 ,$0.00 ,($12.10),$0.00 ,$0.00 ,-35.3,-7.06,-17.65,276.53,Completed,ach,Marketplace Takeout,,Dispatch,,,
PY2-GK4,DermCare,"12200 Weber Hill Rd 200, 2nd floor",St. Louis,MO,63127,,Sunset Hills,CBW- Crazy Bowls and Wraps (Sunset Hills),05/08/2025 11:03 AM,05/02/2025 11:56 AM,$434.05 ,$0.00 ,$20.00 ,($68.11),$68.11 ,$0.00 ,$0.00 ,($15.61),$0.00 ,$0.00 ,-43.4,-8.68,-21.7,364.66,Completed,ach,Marketplace Takeout,cincodemayo25,Dispatch,,,
1W0-W6M,Optimist International,4494 Lindell Blvd,St. Louis,MO,63108,,Lindell/SLU,CBW- Crazy Bowls and Wraps (Lindell/SLU),05/08/2025 11:11 AM,05/07/2025 1:55 PM,$108.44 ,$0.00 ,$20.00 ,($19.27),$14.29 ,$0.00 ,$0.00 ,($4.27),$0.00 ,$0.00 ,-30,-2.17,-5.42,81.6,Completed,ach,Marketplace Takeout,ts7n4ftsb6,Dispatch,,,
AFF-9T0,Curium,2703 Wagner Pl,Maryland Heights,MO,63043,,West Oak,CBW- Crazy Bowls and Wraps (West Oak),05/08/2025 11:16 AM,05/07/2025 2:04 PM,$216.75 ,$0.00 ,$20.00 ,($35.51),$22.19 ,$0.00 ,$0.00 ,($7.74),$0.00 ,$0.00 ,-30,-4.34,-10.84,170.51,Completed,ach,Marketplace Takeout,,Dispatch,,,
C4Q-4QK,Southern Illinois Associates,6805 IL-162 2nd Floor,Maryville,IL,62062,,Edwardsville,CBW- Crazy Bowls and Wraps (Edwardsville),05/08/2025 11:28 AM,05/06/2025 11:00 AM,$258.40 ,$0.00 ,$20.00 ,($41.76),$22.22 ,($22.22),$0.00 ,($8.99),$0.00 ,$0.00 ,-30,-5.17,-12.92,179.56,Completed,ach,Marketplace Takeout,,Dispatch,,,
1UG-HV6,"Takeout from O'Fallon, IL",100 Springfield Ct,O'Fallon,IL,62269,,Shiloh,CBW- Crazy Bowls and Wraps (Shiloh),05/08/2025 11:30 AM,05/07/2025 4:13 PM,$138.25 ,$0.00 ,$0.00 ,($20.74),$11.54 ,($11.54),$0.00 ,($4.48),$0.00 ,$0.00 ,0,-2.77,-6.91,103.35,Completed,ach,Marketplace Takeout,,N/A,,,
J09-5PR,Midwest Chest,330 1st Capitol Dr 470,Saint Charles,MO,63301,,Lindenwood,CBW- Crazy Bowls and Wraps (Lindenwood),05/09/2025 10:38 AM,05/08/2025 3:39 PM,$349.00 ,$0.00 ,$20.00 ,($55.35),$34.73 ,$0.00 ,$0.00 ,($12.07),$0.00 ,$0.00 ,-34.9,-6.98,-17.45,276.98,Completed,ach,Marketplace Takeout,,Dispatch,,,
1PC-3CM,Sevens Building/Maryville Consulting Group,7777 Bonhomme Ave Suite 2300,Clayton,MO,63105,,Rock Hill/Glendale,CBW- Crazy Bowls and Wraps (Rock Hill/Glendale),05/09/2025 10:59 AM,05/07/2025 1:37 PM,$648.90 ,$0.00 ,$20.00 ,($100.34),$59.95 ,$0.00 ,$0.00 ,($21.79),$0.00 ,$0.00 ,-64.89,-12.98,-32.45,496.4,Completed,ach,Marketplace Takeout,,Dispatch,,,
G0Z-XH8,STLCC & Silverback Brentwood Studios,1034 S Brentwood Blvd,Richmond Heights,MO,63117,,Rock Hill/Glendale,CBW- Crazy Bowls and Wraps (Rock Hill/Glendale),05/09/2025 11:03 AM,05/07/2025 2:00 PM,$239.15 ,$0.00 ,$20.00 ,($38.87),$0.00 ,$0.00 ,$0.00 ,($7.75),$0.00 ,$0.00 ,-30,-4.78,-11.96,165.79,Completed,ach,Marketplace Takeout,,Dispatch,,,
4HM-X7E,Enterprise Rent A Car,9636 Natural Bridge Rd,Berkeley,MO,63134,,Forsyth/Clayton,CBW- Crazy Bowls and Wraps (Forsyth/Clayton),05/09/2025 3:44 PM,05/06/2025 1:39 PM,$171.65 ,$0.00 ,$20.00 ,($28.75),$20.15 ,$0.00 ,$0.00 ,($6.33),$0.00 ,$0.00 ,-30,-3.43,-8.58,134.71,Completed,ach,Marketplace Takeout,,Dispatch,,,
9M6-JAU,Easterseals Midwest,11933 Westline Industrial Dr,St. Louis,MO,63146,,West Oak,CBW- Crazy Bowls and Wraps (West Oak),05/12/2025 10:36 AM,04/30/2025 12:36 PM,$283.25 ,$0.00 ,$20.00 ,($45.49),$0.00 ,$0.00 ,$0.00 ,($9.07),$0.00 ,$0.00 ,-30,-5.67,-14.16,198.86,Completed,ach,Marketplace Takeout,,Dispatch,,,
H2U-1UR,St. Louis Children's Hospital,1 Children's Place M.S. 90-49-042,St. Louis,MO,63110,,Lindell/SLU,CBW- Crazy Bowls and Wraps (Lindell/SLU),05/12/2025 10:51 AM,05/05/2025 10:25 AM,$218.90 ,$0.00 ,$20.00 ,($35.84),$0.00 ,$0.00 ,$0.00 ,($7.14),$0.00 ,$0.00 ,-30,-4.38,-10.95,150.59,Completed,ach,Marketplace Takeout,,Dispatch,,,
Y4E-9Z2,"Benefit Finance Partners, LLC",6 Cityplace Dr 4th floor suite 400,Creve Coeur,MO,63141,,Creve Coeur,CBW- Crazy Bowls and Wraps (Creve Coeur),05/12/2025 10:57 AM,05/12/2025 9:20 AM,$595.90 ,$0.00 ,$20.00 ,($92.39),$52.07 ,$0.00 ,$0.00 ,($19.97),$0.00 ,$0.00 ,-59.59,0,0,496.02,Completed,ach,Marketplace Takeout,,Dispatch,,,
XPQ-JWK,Chestnut health,12 N 64th St,Belleville,IL,62223,,Shiloh,CBW- Crazy Bowls and Wraps (Shiloh),05/12/2025 11:13 AM,05/10/2025 5:17 PM,$206.70 ,$0.00 ,$20.00 ,($34.01),$17.26 ,($17.26),$0.00 ,($7.29),$0.00 ,$0.00 ,-30,-4.13,-10.34,140.93,Completed,ach,Marketplace Takeout,,Dispatch,,,
P23-UGM,pink,,Fairview Heights,IL,,,Shiloh,CBW- Crazy Bowls and Wraps (Shiloh),05/13/2025 10:30 AM,05/12/2025 4:54 PM,$612.00 ,$0.00 ,$0.00 ,($91.80),$51.10 ,($51.10),$61.20 ,($19.83),$0.00 ,$0.00 ,0,-12.24,-30.6,518.73,Completed,ach,Marketplace Takeout,,N/A,,,
RGG-YJY,Thompson Coburn LLP,505 N 7th St 35th Floor,St. Louis,MO,63101,,Lindell/SLU,CBW- Crazy Bowls and Wraps (Lindell/SLU),05/13/2025 10:48 AM,05/09/2025 10:22 AM,$217.50 ,$0.00 ,$20.00 ,($35.63),$28.66 ,$0.00 ,$0.00 ,($7.96),$0.00 ,$0.00 ,-30,-4.35,-10.88,177.34,Completed,ach,Marketplace Takeout,,Dispatch,,,
602-7WT,Medical specialists of st. Lukes,222 S Woods Mill Rd 750 North Building,Chesterfield,MO,63017,,Creve Coeur,CBW- Crazy Bowls and Wraps (Creve Coeur),05/13/2025 11:05 AM,05/12/2025 1:04 PM,$379.50 ,$0.00 ,$20.00 ,($59.93),$33.16 ,$0.00 ,$0.00 ,($12.94),$0.00 ,$0.00 ,-37.95,0,0,321.84,Completed,ach,Marketplace Takeout,,Dispatch,,,
U9M-C9E,"Takeout from Town and Country, MO",,Town and Country,MO,,,Manchester,CBW- Crazy Bowls and Wraps (Manchester),05/13/2025 11:15 AM,05/12/2025 9:24 AM,$379.30 ,$0.00 ,$0.00 ,($56.90),$33.14 ,$0.00 ,$25.00 ,($12.33),$0.00 ,$0.00 ,0,-7.59,-18.97,341.65,Completed,ach,Marketplace Takeout,,N/A,,,
RJG-CJ9,,4972 Benchmark Centre Dr,Swansea,IL,62226,,Shiloh,CBW- Crazy Bowls and Wraps (Shiloh),05/13/2025 11:30 AM,05/12/2025 2:51 PM,$191.10 ,$0.00 ,$0.00 ,($28.67),$15.96 ,($15.96),$0.00 ,($6.19),$0.00 ,$0.00 ,0,-3.82,-9.56,142.86,Completed,ach,Marketplace Takeout,,N/A,,,
QWQ-TQU,The City of St. Charles School District,400 N 6th St,Saint Charles,MO,63301,,Lindenwood,CBW- Crazy Bowls and Wraps (Lindenwood),05/14/2025 10:37 AM,05/11/2025 9:59 PM,$405.65 ,$0.00 ,$20.00 ,($63.85),$40.36 ,$0.00 ,$0.00 ,($13.93),$0.00 ,$0.00 ,-40.56,-8.11,-20.28,319.28,Completed,ach,Marketplace Takeout,ez50125,Dispatch,,,
0FY-XQ5,TechArtista Foundation,4220 Duncan Ave 2nd Floor,St. Louis,MO,63110,,Lindell/SLU,CBW- Crazy Bowls and Wraps (Lindell/SLU),05/14/2025 10:54 AM,05/13/2025 1:15 PM,$206.70 ,$0.00 ,$20.00 ,($34.01),$27.24 ,$0.00 ,$0.00 ,($7.59),$0.00 ,$0.00 ,-30,-4.13,-10.34,167.87,Completed,ach,Marketplace Takeout,,Dispatch,,,
TJF-PKK,JP Morgan Chase,7700 Forsyth Blvd 1200,St. Louis,MO,63105,,Forsyth/Clayton,CBW- Crazy Bowls and Wraps (Forsyth/Clayton),05/14/2025 11:14 AM,05/12/2025 8:15 AM,$91.70 ,$0.00 ,$20.00 ,($16.76),$10.76 ,$0.00 ,$0.00 ,($3.66),$0.00 ,$0.00 ,-30,-1.83,-4.59,65.62,Completed,ach,Marketplace Takeout,,Dispatch,,,
CPY-V9C,Ashley Homstore/DSG,4432 Lemay Ferry Rd Ashley Homestore,St. Louis,MO,63129,,Tesson,CBW- Crazy Bowls and Wraps (Tesson),05/14/2025 11:34 AM,05/12/2025 1:12 PM,$278.18 ,$0.00 ,$20.00 ,($44.73),$24.31 ,$0.00 ,$0.00 ,($9.64),$0.00 ,$0.00 ,-30,-5.56,-13.91,218.65,Completed,ach,Marketplace Takeout,,Dispatch,,,
FV1-J3Y,Ladue School District,1201 Warson Rd,St. Louis,MO,63124,,Rock Hill/Glendale,CBW- Crazy Bowls and Wraps (Rock Hill/Glendale),05/14/2025 4:03 PM,05/13/2025 1:47 PM,$198.10 ,$0.00 ,$20.00 ,($32.72),$0.00 ,$0.00 ,$0.00 ,($6.52),$0.00 ,$0.00 ,-30,-3.96,-9.91,134.99,Completed,ach,Marketplace Takeout,,Dispatch,,,
82K-EMY,Sihf cardiology,180 S 3rd St 3,Belleville,IL,62220,,Shiloh,CBW- Crazy Bowls and Wraps (Shiloh),05/15/2025 10:57 AM,05/14/2025 1:34 PM,$321.90 ,$0.00 ,$20.00 ,($51.29),$26.88 ,($26.88),$0.00 ,($11.03),$0.00 ,$0.00 ,-32.19,-6.44,-16.1,224.85,Completed,ach,Marketplace Takeout,,Dispatch,,,
TRW-7CT,Lemonaid Pharmacy,1701 Macklind Ave Suite 300,St. Louis,MO,63110,,West Oak,CBW- Crazy Bowls and Wraps (West Oak),05/16/2025 11:15 AM,04/28/2025 4:09 PM,$245.84 ,$0.00 ,$25.00 ,($36.88),$25.17 ,$0.00 ,$24.58 ,($8.85),$0.00 ,$0.00 ,0,0,0,274.86,Completed,ach,Meal Program,,,,,
Y7U-XH4,Physicians pain services,114 Piper Hill Dr Ste 103,St. Peters,MO,63376,,Lindenwood,CBW- Crazy Bowls and Wraps (Lindenwood),05/16/2025 11:17 AM,05/15/2025 5:14 PM,$252.03 ,$0.00 ,$20.00 ,($40.80),$25.08 ,$0.00 ,$0.00 ,($8.88),$0.00 ,$0.00 ,-30,-5.04,-12.6,199.79,Completed,ach,Marketplace Takeout,,Dispatch,,,
929-5VR,SLU Baseball Field,1 S Compton Ave,St. Louis,MO,63103,,Lindell/SLU,CBW- Crazy Bowls and Wraps (Lindell/SLU),05/16/2025 4:35 PM,05/15/2025 10:04 AM,$529.10 ,$0.00 ,$20.00 ,($82.37),$0.00 ,$0.00 ,$0.00 ,($16.42),$0.00 ,$0.00 ,-52.91,-10.58,-26.46,360.36,Completed,ach,Marketplace Takeout,,Dispatch,,,
FYZ-H5X,"McCarthy Building Companies, Inc.",12851 Manchester Rd McCarthy,Des Peres,MO,63131,,Manchester,CBW- Crazy Bowls and Wraps (Manchester),05/19/2025 10:18 AM,05/14/2025 10:39 AM,$643.80 ,$0.00 ,$20.00 ,($99.57),$56.26 ,$0.00 ,$0.00 ,($21.53),$0.00 ,$0.00 ,-64.38,-12.88,-32.19,489.51,Completed,ach,Marketplace Takeout,,Dispatch,,,
P7Q-AG8,Forefront Dermatology,816 S Kirkwood Rd Suite 210,St. Louis,MO,63122,,Sunset Hills,CBW- Crazy Bowls and Wraps (Sunset Hills),05/19/2025 11:08 AM,05/16/2025 10:15 AM,$254.40 ,$0.00 ,$20.00 ,($41.16),$29.23 ,$0.00 ,$0.00 ,($9.08),$0.00 ,$0.00 ,-30,-5.09,-12.72,205.58,Completed,ach,Marketplace Takeout,,Dispatch,,,
4FM-JCV,Mercy South Gastroenterology,10012 Kennerly Rd Suite 102,St. Louis,MO,63128,,Tesson,CBW- Crazy Bowls and Wraps (Tesson),05/19/2025 11:08 AM,05/18/2025 11:32 AM,$376.08 ,$0.00 ,$20.00 ,($59.41),$32.86 ,$0.00 ,$0.00 ,($12.83),$0.00 ,$0.00 ,-37.61,-7.52,-18.8,292.77,Completed,ach,Marketplace Takeout,,Dispatch,,,
64Q-4YF,Ernst & Young,7676 Forsyth Blvd 2600,Clayton,MO,63105,,Lindell/SLU,CBW- Crazy Bowls and Wraps (Lindell/SLU),05/19/2025 11:14 AM,05/19/2025 9:31 AM,$241.04 ,$0.00 ,$20.00 ,($39.16),$31.77 ,$0.00 ,$0.00 ,($8.76),$0.00 ,$0.00 ,-30,-4.82,-12.05,198.02,Completed,ach,Marketplace Takeout,,Dispatch,,,
3CA-AYC,Chestnut Health Systems,2148 Vadalabene Dr,Maryville,IL,62062,,Edwardsville,CBW- Crazy Bowls and Wraps (Edwardsville),05/19/2025 11:29 AM,05/18/2025 12:17 PM,$405.00 ,$0.00 ,$20.00 ,($63.75),$34.83 ,($34.83),$0.00 ,($13.75),$0.00 ,$0.00 ,-40.5,-8.1,-20.25,278.65,Completed,ach,Marketplace Takeout,,Dispatch,,,
RV2-X68,Gulfstream,"6400 Curtiss-Steinberg Dr Hangar A, 2nd floor",Sauget,IL,62206,,Lindell/SLU,CBW- Crazy Bowls and Wraps (Lindell/SLU),05/20/2025 10:30 AM,05/19/2025 11:32 AM,$220.04 ,$0.00 ,$20.00 ,($36.01),$29.00 ,$0.00 ,$0.00 ,($8.04),$0.00 ,$0.00 ,-30,-4.4,-11,179.59,Completed,ach,Marketplace Takeout,,Dispatch,,,
UVF-578,,17300 N Outer 40 Rd,Chesterfield,MO,63005,,Creve Coeur,CBW- Crazy Bowls and Wraps (Creve Coeur),05/20/2025 10:45 AM,05/19/2025 7:44 AM,$274.90 ,$0.00 ,$0.00 ,($41.24),$24.02 ,$0.00 ,$0.00 ,($8.94),$0.00 ,$0.00 ,0,0,0,248.74,Completed,ach,Marketplace Takeout,,N/A,,,
Z56-QV2,WorldWide Technology,108 Gateway Commerce Center Dr N,Edwardsville,IL,62025,,Edwardsville,CBW- Crazy Bowls and Wraps (Edwardsville),05/20/2025 10:58 AM,05/15/2025 11:20 AM,$287.33 ,$0.00 ,$20.00 ,($46.10),$24.71 ,($24.71),$0.00 ,($9.93),$0.00 ,$0.00 ,-30,-5.75,-14.37,201.18,Completed,ach,Marketplace Takeout,,Dispatch,,,
700-EWR,WorldWide Technology,108 Gateway Commerce Center Dr N,Edwardsville,IL,62025,,Edwardsville,CBW- Crazy Bowls and Wraps (Edwardsville),05/20/2025 11:28 AM,05/15/2025 11:37 AM,$281.24 ,$0.00 ,$20.00 ,($45.19),$24.19 ,($24.19),$0.00 ,($9.73),$0.00 ,$0.00 ,-30,-5.62,-14.06,196.64,Completed,ach,Marketplace Takeout,,Dispatch,,,
WFF-7AY,Champions Center/Chaifetz Arena,3330 Laclede Ave,St. Louis,MO,63103,,Lindell/SLU,CBW- Crazy Bowls and Wraps (Lindell/SLU),05/20/2025 11:40 AM,05/19/2025 11:24 AM,$105.85 ,$0.00 ,$20.00 ,($18.88),$0.00 ,$0.00 ,$0.00 ,($3.76),$0.00 ,$0.00 ,-30,-2.12,-5.29,65.8,Completed,ach,Marketplace Takeout,,Dispatch,,,
258-TA3,CRB Group,721 Emerson Rd Suite 600,St. Louis,MO,63141,,West Oak,CBW- Crazy Bowls and Wraps (West Oak),05/21/2025 10:41 AM,05/20/2025 1:11 PM,$128.95 ,$0.00 ,$20.00 ,($22.34),$13.20 ,$0.00 ,$0.00 ,($4.85),$0.00 ,$0.00 ,-30,-2.58,-6.45,95.93,Completed,ach,Marketplace Takeout,,Dispatch,,,
VX9-3RE,Aspire Software,390 S Woods Mill Rd ste 300 - 3rd floor,Chesterfield,MO,63017,,West Oak,CBW- Crazy Bowls and Wraps (West Oak),05/21/2025 10:45 AM,05/05/2025 3:39 PM,$314.59 ,$0.00 ,$25.00 ,($47.19),$32.21 ,$0.00 ,$62.92 ,($11.12),$0.00 ,$0.00 ,0,0,0,376.41,Completed,ach,Meal Program,,,,,
6TZ-EKX,Wiese,1435 Woodson Rd,St. Louis,MO,63132,,West Oak,CBW- Crazy Bowls and Wraps (West Oak),05/21/2025 10:59 AM,05/20/2025 1:32 PM,$326.00 ,$0.00 ,$20.00 ,($51.90),$33.38 ,$0.00 ,$0.00 ,($11.34),$0.00 ,$0.00 ,-32.6,-6.52,-16.3,260.72,Completed,ach,Marketplace Takeout,,Dispatch,,,
TC1-2YY,Cancer Care Specialists of Illinois,321 Regency Park,O'Fallon,IL,62269,,Shiloh,CBW- Crazy Bowls and Wraps (Shiloh),05/21/2025 11:05 AM,05/15/2025 6:05 PM,$544.50 ,$0.00 ,$20.00 ,($84.68),$45.47 ,($45.47),$0.00 ,($18.24),$0.00 ,$0.00 ,-54.45,-10.89,-27.23,369.01,Completed,ach,Marketplace Takeout,,Dispatch,,,
WA7-ZUZ,Nestle Purina PetCare,801 Chouteau Ave Building Administrative 1st Floor Lobby,St. Louis,MO,63102,,Lindell/SLU,CBW- Crazy Bowls and Wraps (Lindell/SLU),05/21/2025 11:05 AM,05/19/2025 4:35 PM,$316.25 ,$0.00 ,$20.00 ,($50.44),$41.68 ,$0.00 ,$0.00 ,($11.30),$0.00 ,$0.00 ,-31.62,-6.33,-15.81,262.43,Completed,ach,Marketplace Takeout,,Dispatch,,,
090-GKR,Washington University Orthopedics,4590 Nash Way,St. Louis,MO,63110,,Lindell/SLU,CBW- Crazy Bowls and Wraps (Lindell/SLU),05/21/2025 3:51 PM,05/19/2025 11:24 AM,$241.00 ,$0.00 ,$20.00 ,($39.15),$0.00 ,$0.00 ,$0.00 ,($7.80),$0.00 ,$0.00 ,-30,-4.82,-12.05,167.18,Completed,ach,Marketplace Takeout,,Dispatch,,,
ME6-Q6U,MLB Network Apple TV - St. Louis,700 Clark Ave,St. Louis,MO,63102,,Lindell/SLU,CBW- Crazy Bowls and Wraps (Lindell/SLU),05/22/2025 1:20 PM,05/19/2025 3:03 PM,$315.00 ,$0.00 ,$20.00 ,($50.25),$41.51 ,$0.00 ,$0.00 ,($11.26),$0.00 ,$0.00 ,-31.5,-6.3,-15.75,261.45,Completed,ach,Marketplace Takeout,,Dispatch,,,
G7P-T0C,Alberici,8800 Page Ave,St. Louis,MO,63114,,Forsyth/Clayton,CBW- Crazy Bowls and Wraps (Forsyth/Clayton),05/22/2025 3:03 PM,05/20/2025 3:28 PM,$346.53 ,$0.00 ,$20.00 ,($54.98),$40.68 ,$0.00 ,$0.00 ,($12.18),$0.00 ,$0.00 ,-34.65,-6.93,-17.33,281.14,Completed,ach,Marketplace Takeout,,Dispatch,,,
JKF-Z9X,Enterprise Rent A Car,9636 Natural Bridge Rd,Berkeley,MO,63134,,Forsyth/Clayton,CBW- Crazy Bowls and Wraps (Forsyth/Clayton),05/22/2025 3:29 PM,05/15/2025 1:45 PM,$177.40 ,$0.00 ,$20.00 ,($29.61),$20.82 ,$0.00 ,$0.00 ,($6.52),$0.00 ,$0.00 ,-30,-3.55,-8.87,139.67,Completed,ach,Marketplace Takeout,,Dispatch,,,
H3Q-JYR,Dr Wood MD Endocrine,"10345 Watson Rd If you pull to back of building, enter via back door is the easiest",St. Louis,MO,63127,,Sunset Hills,CBW- Crazy Bowls and Wraps (Sunset Hills),05/23/2025 11:11 AM,05/22/2025 3:01 PM,$200.40 ,$0.00 ,$20.00 ,($33.06),$23.02 ,$0.00 ,$0.00 ,($7.28),$0.00 ,$0.00 ,-30,-4.01,-10.02,159.05,Completed,ach,Marketplace Takeout,may1000,Dispatch,,,
XA2-HWX,Enterprise Rent A Car,9636 Natural Bridge Rd,Berkeley,MO,63134,,Forsyth/Clayton,CBW- Crazy Bowls and Wraps (Forsyth/Clayton),05/23/2025 3:29 PM,05/15/2025 2:15 PM,$158.45 ,$0.00 ,$20.00 ,($26.77),$18.60 ,$0.00 ,$0.00 ,($5.89),$0.00 ,$0.00 ,-30,-3.17,-7.92,123.3,Completed,ach,Marketplace Takeout,,Dispatch,,,
Y3A-23P,Distinctive Dermatology,390 Office Ct,Fairview Heights,IL,62208,,Shiloh,CBW- Crazy Bowls and Wraps (Shiloh),05/27/2025 10:16 AM,05/15/2025 6:58 PM,$553.35 ,$0.00 ,$20.00 ,($86.00),$46.20 ,($46.20),$0.00 ,($18.52),$0.00 ,$0.00 ,-55.34,-11.07,-27.67,374.75,Completed,ach,Marketplace Takeout,,Dispatch,,,
1RY-FE4,Mercy Internal Med,12855 N Forty Dr Ste 280,St. Louis,MO,63141,,Manchester,CBW- Crazy Bowls and Wraps (Manchester),05/27/2025 11:00 AM,05/26/2025 11:30 AM,$421.40 ,$0.00 ,$20.00 ,($66.21),$36.82 ,$0.00 ,$0.00 ,($14.30),$0.00 ,$0.00 ,-42.14,-8.43,-21.07,326.07,Completed,ach,Marketplace Takeout,,Dispatch,,,
U7E-PAV,MG+M The Law Firm,1405 N Green Mt Rd 400,O'Fallon,IL,62269,,Shiloh,CBW- Crazy Bowls and Wraps (Shiloh),05/27/2025 11:07 AM,05/20/2025 3:48 PM,$500.70 ,$0.00 ,$20.00 ,($78.11),$41.81 ,($41.81),$0.00 ,($16.82),$0.00 ,$0.00 ,-50.07,-10.01,-25.04,340.65,Completed,ach,Marketplace Takeout,,Dispatch,,,
GAT-E6T,,3417 Anderson Healthcare Dr,Edwardsville,IL,62025,,Edwardsville,CBW- Crazy Bowls and Wraps (Edwardsville),05/27/2025 11:45 AM,05/26/2025 12:10 PM,$132.30 ,$0.00 ,$0.00 ,($19.85),$11.38 ,($11.38),$10.00 ,($4.30),$0.00 ,$0.00 ,0,-2.65,-6.62,108.88,Completed,ach,Marketplace Takeout,,N/A,,,
8QC-UXA,Erin Hogg @ Washington University School of Medicine,517 S Euclid Ave,St. Louis,MO,63110,,Lindell/SLU,CBW- Crazy Bowls and Wraps (Lindell/SLU),05/27/2025 1:37 PM,05/23/2025 11:14 AM,$75.25 ,$0.00 ,$20.00 ,($14.29),$0.00 ,$0.00 ,$0.00 ,($2.85),$0.00 ,$0.00 ,-30,-1.51,-3.76,42.84,Completed,ach,Marketplace Takeout,,Dispatch,,,
3J1-9U9,Meramac Dermatology,3783 Vogel Rd,Arnold,MO,63010,,Tesson,CBW- Crazy Bowls and Wraps (Tesson),05/28/2025 10:25 AM,05/27/2025 11:12 AM,$619.40 ,$0.00 ,$20.00 ,($95.91),$54.12 ,$0.00 ,$0.00 ,($20.74),$0.00 ,$0.00 ,-61.94,-12.39,-30.97,471.57,Completed,ach,Marketplace Takeout,,Dispatch,,,
YWG-1CF,Saint Louis Rheumatology,520 S Elm Ave,Webster Groves,MO,63119,,Rock Hill/Glendale,CBW- Crazy Bowls and Wraps (Rock Hill/Glendale),05/28/2025 11:03 AM,05/23/2025 5:02 PM,$434.95 ,$0.00 ,$20.00 ,($68.24),$40.18 ,$0.00 ,$0.00 ,($14.80),$0.00 ,$0.00 ,-43.5,-8.7,-21.75,338.14,Completed,ach,Marketplace Takeout,,Dispatch,,,
EY9-Y9U,FARNSWORTH GROUP,300 E Main St STE 101,Belleville,IL,62220,,Shiloh,CBW- Crazy Bowls and Wraps (Shiloh),05/28/2025 11:16 AM,05/19/2025 6:24 AM,$72.00 ,$0.00 ,$20.00 ,($13.80),$6.01 ,($6.01),$0.00 ,($2.93),$0.00 ,$0.00 ,-30,-1.44,-3.6,40.23,Completed,ach,Marketplace Takeout,,Dispatch,,,
VM6-M0X,Physicians pain services,114 Piper Hill Dr Ste 103,St. Peters,MO,63376,,Lindenwood,CBW- Crazy Bowls and Wraps (Lindenwood),05/29/2025 11:17 AM,05/28/2025 5:05 PM,$237.03 ,$0.00 ,$20.00 ,($38.55),$23.58 ,$0.00 ,$0.00 ,($8.39),$0.00 ,$0.00 ,-30,-4.74,-11.85,187.08,Completed,ach,Marketplace Takeout,,Dispatch,,,
44Q-QJY,Mercy IBD Center,1001 S Kirkwood Rd Suite 100,Kirkwood,MO,63122,,Sunset Hills,CBW- Crazy Bowls and Wraps (Sunset Hills),05/29/2025 11:23 AM,05/28/2025 10:29 AM,$256.50 ,$0.00 ,$20.00 ,($41.48),$29.47 ,$0.00 ,$0.00 ,($9.15),$0.00 ,$0.00 ,-30,-5.13,-12.83,207.38,Completed,ach,Marketplace Takeout,,Dispatch,,,
44C-CTC,Esse primary care,1078 Wentzville Pkwy,Wentzville,MO,63385,,Wentzville,CBW- Crazy Bowls and Wraps (Wentzville),05/29/2025 11:28 AM,05/28/2025 6:19 PM,$132.00 ,$0.00 ,$20.00 ,($22.80),$13.79 ,$0.00 ,$0.00 ,($4.96),$0.00 ,$0.00 ,-30,-2.64,-6.6,98.79,Completed,ach,Marketplace Takeout,,Dispatch,,,
T3Y-VYV,The Spa at Mid America Plastic Surgery,4955 IL-159,Glen Carbon,IL,62034,,Edwardsville,CBW- Crazy Bowls and Wraps (Edwardsville),05/29/2025 11:30 AM,05/28/2025 11:14 AM,$279.90 ,$0.00 ,$20.00 ,($44.99),$24.07 ,($24.07),$20.00 ,($9.69),$0.00 ,$0.00 ,0,-5.6,-14,245.62,Completed,ach,Marketplace Delivery,,N/A,,,
V8J-98M,Washington University in St. Louis,1 Brookings Dr Jubel Hall,St. Louis,MO,63130,,Forsyth/Clayton,CBW- Crazy Bowls and Wraps (Forsyth/Clayton),05/29/2025 11:45 AM,05/27/2025 2:38 PM,$282.52 ,$0.00 ,$20.00 ,($45.38),$0.00 ,$0.00 ,$56.50 ,($9.05),$0.00 ,$0.00 ,0,-5.65,-14.13,284.81,Completed,ach,Marketplace Delivery,,KIM KNOX,,,
CFT-ERJ,Mercy Sindelar Cancer Center,10050 Kennerly Rd Oncology cancer center,Sappington,MO,63128,,Tesson,CBW- Crazy Bowls and Wraps (Tesson),06/02/2025 11:04 AM,05/31/2025 8:46 PM,$653.14 ,$0.00 ,$20.00 ,($100.97),$57.07 ,$0.00 ,$0.00 ,($21.83),$0.00 ,$0.00 ,-65.31,-13.06,-32.66,496.38,Completed,ach,Marketplace Takeout,,Dispatch,,,
EGW-JF2,Nestle Purina Petcare Company,901 Chouteau Ave Main Tower Building - T,St. Louis,MO,63102,,Lindell/SLU,CBW- Crazy Bowls and Wraps (Lindell/SLU),06/02/2025 11:06 AM,05/30/2025 12:52 PM,$116.50 ,$0.00 ,$20.00 ,($20.48),$15.35 ,$0.00 ,$0.00 ,($4.54),$0.00 ,$0.00 ,-30,-2.33,-5.83,88.67,Completed,ach,Marketplace Takeout,,Dispatch,,,
KKM-1CC,Mercy Clinic Pediatrics,1203 Smizer Mill Rd Suite 108,Fenton,MO,63026,,Sunset Hills,CBW- Crazy Bowls and Wraps (Sunset Hills),06/02/2025 11:16 AM,05/30/2025 3:10 PM,$217.50 ,$0.00 ,$20.00 ,($35.63),$24.99 ,$0.00 ,$0.00 ,($7.85),$0.00 ,$0.00 ,-30,-4.35,-10.88,173.78,Completed,ach,Marketplace Takeout,,Dispatch,,,
68U-MUE,SLU,3330 Laclede Ave Dead end of Laclede Ave,St. Louis,MO,63103,,Lindell/SLU,CBW- Crazy Bowls and Wraps (Lindell/SLU),06/02/2025 11:22 AM,06/01/2025 10:50 AM,$255.80 ,$0.00 ,$20.00 ,($41.37),$0.00 ,$0.00 ,$0.00 ,($8.25),$0.00 ,$0.00 ,-30,-5.12,-12.79,178.27,Completed,ach,Marketplace Takeout,,Dispatch,,,
WPF-ZP7,Chestnut health,12 N 64th St,Belleville,IL,62223,,Shiloh,CBW- Crazy Bowls and Wraps (Shiloh),06/02/2025 11:27 AM,05/29/2025 6:33 PM,$232.50 ,$0.00 ,$20.00 ,($37.88),$19.41 ,($19.41),$0.00 ,($8.13),$0.00 ,$0.00 ,-30,-4.65,-11.63,160.21,Completed,ach,Marketplace Takeout,,Dispatch,,,
T5K-HA4,"Washington University School of Medicine, Mid Campus Center (MCC)",4590 Nash Way 11th floor,St. Louis,MO,63110,,Lindell/SLU,CBW- Crazy Bowls and Wraps (Lindell/SLU),06/03/2025 11:06 AM,06/02/2025 4:30 PM,$269.59 ,$0.00 ,$20.00 ,($43.44),$0.00 ,$0.00 ,$0.00 ,($8.66),$0.00 ,$0.00 ,-30,-5.39,-13.48,188.62,Completed,ach,Marketplace Takeout,,Dispatch,,,
E6F-A86,Mercy Urology,12700 Southfork Rd Suite 260 Suite 260,St. Louis,MO,63128,,Tesson,CBW- Crazy Bowls and Wraps (Tesson),06/03/2025 11:08 AM,06/02/2025 1:32 PM,$484.72 ,$0.00 ,$20.00 ,($75.71),$42.35 ,$0.00 ,$0.00 ,($16.36),($20.37),$0.00 ,-48.47,-9.69,-24.24,352.23,Completed,ach,Marketplace Takeout,,Dispatch,,,
UCE-1CP,PwC,6 Cardinal Wy 11th Floor,St. Louis,MO,63102,,Lindell/SLU,CBW- Crazy Bowls and Wraps (Lindell/SLU),06/03/2025 11:21 AM,06/02/2025 9:43 AM,$96.20 ,$0.00 ,$20.00 ,($17.43),$12.68 ,$0.00 ,$0.00 ,($3.85),$0.00 ,$0.00 ,-30,-1.92,-4.81,70.87,Completed,ach,Marketplace Takeout,,Dispatch,,,
X0J-WVJ,HSHS Medical Group Wound Clinic - O'Fallon,1 St Elizabeth's Blvd #3000,O'Fallon,IL,62269,,Shiloh,CBW- Crazy Bowls and Wraps (Shiloh),06/03/2025 11:23 AM,06/02/2025 3:45 PM,$176.40 ,$0.00 ,$20.00 ,($29.46),$14.73 ,($14.73),$0.00 ,($6.31),$0.00 ,$0.00 ,-30,-3.53,-8.82,118.28,Completed,ach,Marketplace Takeout,,Dispatch,,,
0AZ-60E,Sound Health Services,1010 Old Des Peres Rd,Des Peres,MO,63131,,Manchester,CBW- Crazy Bowls and Wraps (Manchester),06/04/2025 10:39 AM,06/03/2025 4:08 PM,$85.70 ,$0.00 ,$20.00 ,($15.86),$7.49 ,$0.00 ,$0.00 ,($3.38),$0.00 ,$0.00 ,-30,0,0,63.95,Completed,ach,Marketplace Takeout,,Dispatch,,,
PV4-CZ9,The Retina Institute,226 S Woods Mill Rd 50W,Chesterfield,MO,63017,,Manchester,CBW- Crazy Bowls and Wraps (Manchester),06/04/2025 10:45 AM,05/19/2025 9:07 AM,$246.00 ,$0.00 ,$20.00 ,($39.90),$21.50 ,$0.00 ,$0.00 ,($8.60),$0.00 ,$0.00 ,-30,-4.92,-12.3,191.78,Completed,ach,Marketplace Takeout,,Dispatch,,,
WP4-8YV,Quantum Vision Center-Dr Wigton,3990 N Illinois St,Swansea,IL,62226,,Shiloh,CBW- Crazy Bowls and Wraps (Shiloh),06/04/2025 11:01 AM,06/03/2025 7:43 AM,$550.50 ,$0.00 ,$20.00 ,($85.58),$45.97 ,($45.97),$0.00 ,($18.43),$0.00 ,$0.00 ,-55.05,-11.01,-27.53,372.9,Completed,ach,Marketplace Takeout,,Dispatch,,,
70H-44Z,Colibri Group,399 S Spring Ave # 108,St. Louis,MO,63110,,Lindell/SLU,CBW- Crazy Bowls and Wraps (Lindell/SLU),06/04/2025 11:07 AM,05/28/2025 5:31 PM,$279.70 ,$0.00 ,$20.00 ,($44.96),$36.86 ,$0.00 ,$0.00 ,($10.06),$0.00 ,$0.00 ,-30,-5.59,-13.99,231.96,Completed,ach,Marketplace Takeout,,Dispatch,,,
R0P-U60,Rung for Women,2717 Sidney St,St. Louis,MO,63104,,Lindell/SLU,CBW- Crazy Bowls and Wraps (Lindell/SLU),06/04/2025 4:13 PM,06/03/2025 3:52 PM,$433.80 ,$0.00 ,$20.00 ,($68.07),$0.00 ,$0.00 ,$0.00 ,($13.57),$0.00 ,$0.00 ,-43.38,0,0,328.78,Completed,ach,Marketplace Takeout,,Dispatch,,,
J9J-5R6,Enterprise Mobility,2281 Ball Dr,St. Louis,MO,63146,,West Oak,CBW- Crazy Bowls and Wraps (West Oak),06/05/2025 10:18 AM,06/03/2025 11:42 AM,$264.60 ,$0.00 ,$20.00 ,($42.69),$27.09 ,$0.00 ,$0.00 ,($9.32),$0.00 ,$0.00 ,-30,0,0,229.68,Completed,ach,Marketplace Takeout,,Dispatch,,,
Z5U-WY6,Tarlton Corporation,5500 W Park Ave,St. Louis,MO,63110,,Rock Hill/Glendale,CBW- Crazy Bowls and Wraps (Rock Hill/Glendale),06/05/2025 10:30 AM,06/04/2025 2:22 PM,$220.50 ,$0.00 ,$20.00 ,($36.08),$20.37 ,$0.00 ,$0.00 ,($7.80),$0.00 ,$0.00 ,-30,0,0,186.99,Completed,ach,Marketplace Takeout,ez40325,Dispatch,,,
7UQ-X62,AFB,3 Research Park Dr,Weldon Spring,MO,63304,,O'Fallon,CBW- Crazy Bowls and Wraps (O'Fallon),06/05/2025 10:41 AM,05/28/2025 2:46 PM,$487.10 ,$0.00 ,$20.00 ,($76.07),$43.60 ,$0.00 ,$0.00 ,($16.47),$0.00 ,$0.00 ,-48.71,-9.74,-24.36,375.35,Completed,ach,Marketplace Takeout,,Dispatch,,,
02H-J0F,Aspire Software,390 S Woods Mill Rd ste 300 - 3rd floor,Chesterfield,MO,63017,,West Oak,CBW- Crazy Bowls and Wraps (West Oak),06/05/2025 10:45 AM,05/20/2025 8:37 AM,$234.14 ,$0.00 ,$25.00 ,($35.12),$23.97 ,$0.00 ,$46.83 ,($8.46),$0.00 ,$0.00 ,0,0,0,286.36,Completed,ach,Meal Program,,,,,
9ZQ-1UY,HSHS St. Elizabeth’s Neurology,3 St Elizabeth's Blvd Suite 5000,O'Fallon,IL,62269,,Shiloh,CBW- Crazy Bowls and Wraps (Shiloh),06/05/2025 10:53 AM,06/04/2025 10:29 AM,$266.15 ,$0.00 ,$20.00 ,($42.92),$22.22 ,($22.22),$0.00 ,($9.22),$0.00 ,$0.00 ,-30,0,0,204.01,Completed,ach,Marketplace Takeout,,Dispatch,,,
ZKG-H95,CEDARHURST SENIOR LIVING,300 Hunter Ave SUITE 200,St. Louis,MO,63124,,Forsyth/Clayton,CBW- Crazy Bowls and Wraps (Forsyth/Clayton),06/05/2025 11:15 AM,06/04/2025 11:44 AM,$88.20 ,$0.00 ,$20.00 ,($16.23),$10.35 ,$0.00 ,$13.23 ,($3.54),$0.00 ,$0.00 ,0,0,0,112.01,Completed,ach,Marketplace Delivery,,N/A,,,
7E8-91J,Hunter Engineering,11250 Hunter Dr A building,Bridgeton,MO,63044,,Lindenwood,CBW- Crazy Bowls and Wraps (Lindenwood),06/05/2025 11:16 AM,06/03/2025 12:00 PM,$73.49 ,$0.00 ,$20.00 ,($14.02),$7.31 ,$0.00 ,$0.00 ,($3.01),$0.00 ,$0.00 ,-30,0,0,53.77,Completed,ach,Marketplace Takeout,,Dispatch,,,
CAA-X7H,World Wide Technology,1 World Wide Way,St. Louis,MO,63146,,West Oak,CBW- Crazy Bowls and Wraps (West Oak),06/05/2025 11:20 AM,05/20/2025 10:23 AM,$159.00 ,$0.00 ,$20.00 ,($26.85),$16.28 ,$0.00 ,$0.00 ,($5.84),$0.00 ,$0.00 ,-30,-3.18,-7.95,121.46,Completed,ach,Marketplace Takeout,,Dispatch,,,
UWG-TZF,Westside Pediatrics,100 Brevco Plaza 101,Lake Saint Louis,MO,63367,,Wentzville,CBW- Crazy Bowls and Wraps (Wentzville),06/05/2025 11:30 AM,06/04/2025 7:35 PM,$226.45 ,$0.00 ,$0.00 ,($33.97),$23.66 ,$0.00 ,$0.00 ,($7.48),$0.00 ,$0.00 ,0,0,0,208.66,Completed,ach,Marketplace Takeout,,N/A,,,
44T-JRZ,,10806 Olive Blvd,Creve Coeur,MO,63141,,West Oak,CBW- Crazy Bowls and Wraps (West Oak),06/05/2025 11:45 AM,06/04/2025 4:49 PM,$253.50 ,$0.00 ,$0.00 ,($38.03),$25.95 ,$0.00 ,$25.00 ,($8.36),$0.00 ,$0.00 ,0,0,0,258.06,Completed,ach,Marketplace Takeout,,N/A,,,
ZK0-2VG,Rung for Women,2717 Sidney St,St. Louis,MO,63104,,Lindell/SLU,CBW- Crazy Bowls and Wraps (Lindell/SLU),06/05/2025 4:11 PM,06/03/2025 4:00 PM,$644.85 ,$0.00 ,$20.00 ,($99.73),$0.00 ,$0.00 ,$0.00 ,($19.88),$0.00 ,$0.00 ,-64.48,0,0,480.76,Completed,ach,Marketplace Takeout,,Dispatch,,,
9JV-QZF,CUSD 187,1700 Jerome Lane,Sauget,IL,62206,,Lindell/SLU,CBW- Crazy Bowls and Wraps (Lindell/SLU),06/06/2025 10:53 AM,06/02/2025 1:25 PM,$276.18 ,$0.00 ,$20.00 ,($44.43),$0.00 ,$0.00 ,$0.00 ,($8.86),$0.00 ,$0.00 ,-30,-5.52,-13.81,193.56,Completed,ach,Marketplace Takeout,nccv21to2,Dispatch,,,
J7M-296,World Wide Technology,108 Gateway Commerce Center Dr N,Edwardsville,IL,62025,,Edwardsville,CBW- Crazy Bowls and Wraps (Edwardsville),06/06/2025 11:14 AM,05/20/2025 10:20 AM,$220.50 ,$0.00 ,$20.00 ,($36.08),$18.96 ,($18.96),$0.00 ,($7.76),$0.00 ,$0.00 ,-30,-4.41,-11.03,151.22,Completed,ach,Marketplace Takeout,,Dispatch,,,
AYF-K95,Musick Dermatology,4948 Benchmark Centre Dr,Swansea,IL,62226,,Shiloh,CBW- Crazy Bowls and Wraps (Shiloh),06/06/2025 11:25 AM,06/04/2025 12:33 PM,$103.05 ,$0.00 ,$20.00 ,($18.46),$8.60 ,($8.60),$0.00 ,($3.94),$0.00 ,$0.00 ,-30,0,0,70.65,Completed,ach,Marketplace Takeout,,Dispatch,,,
K34-TKT,Chase Park Plaza/Saint Louis Chess Club,212 N Kingshighway Blvd,St. Louis,MO,63108,,Lindell/SLU,CBW- Crazy Bowls and Wraps (Lindell/SLU),06/07/2025 3:38 PM,06/06/2025 11:21 AM,$88.75 ,$0.00 ,$20.00 ,($16.31),$0.00 ,$0.00 ,$0.00 ,($3.25),$0.00 ,$0.00 ,-30,0,0,59.19,Completed,ach,Marketplace Takeout,,Dispatch,,,
QJ7-3GF,Distinctive Dermatology,390 Office Ct,Fairview Heights,IL,62208,,Shiloh,CBW- Crazy Bowls and Wraps (Shiloh),06/09/2025 10:32 AM,06/04/2025 3:57 PM,$469.95 ,$0.00 ,$20.00 ,($73.49),$39.24 ,($39.24),$0.00 ,($15.82),$0.00 ,$0.00 ,-47,0,0,353.64,Completed,ach,Marketplace Takeout,,Dispatch,,,
6K9-CW4,Anderson Med Group - Dr. Dean Schueler,20 Professional Park Dr Suite B,Maryville,IL,62062,,Edwardsville,CBW- Crazy Bowls and Wraps (Edwardsville),06/09/2025 11:03 AM,06/06/2025 9:43 AM,$265.45 ,$0.00 ,$20.00 ,($42.82),$22.83 ,($22.83),$0.00 ,($9.22),$0.00 ,$0.00 ,-30,0,0,203.41,Completed,ach,Marketplace Takeout,,Dispatch,,,
K6H-FA7,Nestle IT,800 Chouteau Ave Building E,St. Louis,MO,63102,,Lindell/SLU,CBW- Crazy Bowls and Wraps (Lindell/SLU),06/09/2025 11:06 AM,06/06/2025 11:55 AM,$151.05 ,$0.00 ,$20.00 ,($25.66),$19.91 ,$0.00 ,$0.00 ,($5.71),$0.00 ,$0.00 ,-30,0,0,129.59,Completed,ach,Marketplace Takeout,,Dispatch,,,
MG0-944,Vodaland,3120 Riverport Tech Center Dr,Maryland Heights,MO,63043,,Lindenwood,CBW- Crazy Bowls and Wraps (Lindenwood),06/10/2025 10:31 AM,06/09/2025 1:32 PM,$386.95 ,$0.00 ,$20.00 ,($61.04),$38.50 ,$0.00 ,$0.00 ,($13.32),$0.00 ,$0.00 ,-38.7,0,0,332.39,Completed,ach,Marketplace Takeout,,Dispatch,,,
32W-68R,"Takeout from Wentzville, MO",,Wentzville,MO,,,Wentzville,CBW- Crazy Bowls and Wraps (Wentzville),06/10/2025 11:00 AM,06/09/2025 3:15 PM,$313.80 ,$0.00 ,$0.00 ,($47.07),$32.79 ,$0.00 ,$0.00 ,($10.36),$0.00 ,$0.00 ,0,0,0,289.16,Completed,ach,Marketplace Takeout,,N/A,,,
3XP-QEA,CPM Urology (3rd floor) suite 330,701 S New Ballas Rd Suite 330 Urology 3rd floor,St. Louis,MO,63141,,West Oak,CBW- Crazy Bowls and Wraps (West Oak),06/10/2025 11:02 AM,06/04/2025 10:40 AM,$327.87 ,$0.00 ,$20.00 ,($52.18),$33.57 ,$0.00 ,$0.00 ,($11.41),$0.00 ,$0.00 ,-32.79,0,0,285.06,Completed,ach,Marketplace Takeout,,Dispatch,,,
5E1-1J9,Counsilman-Hunsaker,12851 Manchester Rd 120,Des Peres,MO,63131,,Manchester,CBW- Crazy Bowls and Wraps (Manchester),06/10/2025 11:06 AM,06/05/2025 12:50 PM,$374.70 ,$0.00 ,$20.00 ,($59.21),$32.74 ,$0.00 ,$0.00 ,($12.78),$0.00 ,$0.00 ,-37.47,0,0,317.98,Completed,ach,Marketplace Takeout,,Dispatch,,,
1EZ-2J4,Washington University - South 40,6614 Shepley Dr,Clayton,MO,63105,,Forsyth/Clayton,CBW- Crazy Bowls and Wraps (Forsyth/Clayton),06/10/2025 11:15 AM,06/06/2025 4:31 PM,$131.50 ,$0.00 ,$20.00 ,($22.73),$0.00 ,$0.00 ,$19.72 ,($4.53),$0.00 ,$0.00 ,0,0,0,143.96,Completed,ach,Marketplace Delivery,,N/A,,,
VGP-K4J,Legal Concierge,7700 Bonhomme Ave Suite 300,Clayton,MO,63105,,Forsyth/Clayton,CBW- Crazy Bowls and Wraps (Forsyth/Clayton),06/10/2025 11:30 AM,06/08/2025 4:33 PM,$383.65 ,$0.00 ,$20.00 ,($60.55),$45.03 ,$0.00 ,$57.55 ,($13.42),$0.00 ,$0.00 ,0,0,0,432.26,Completed,ach,Marketplace Delivery,,N/A,,,
YZ2-76Y,O'Fallon Dermatology Specialists,7136 S Outer Rd 364,O'Fallon,MO,63368,,O'Fallon,CBW- Crazy Bowls and Wraps (O'Fallon),06/11/2025 11:03 AM,06/10/2025 11:13 AM,$252.00 ,$0.00 ,$20.00 ,($40.80),$22.55 ,$0.00 ,$0.00 ,($8.81),$0.00 ,$0.00 ,-30,0,0,214.94,Completed,ach,Marketplace Takeout,,Dispatch,,,
X95-V22,World Wide Technology,1 World Wide Wy,St. Louis,MO,63146,,West Oak,CBW- Crazy Bowls and Wraps (West Oak),06/11/2025 11:35 AM,06/06/2025 9:24 AM,$240.75 ,$0.00 ,$20.00 ,($39.11),$24.65 ,$0.00 ,$0.00 ,($8.53),$0.00 ,$0.00 ,-30,0,0,207.76,Completed,ach,Marketplace Takeout,,Dispatch,,,
188-G9Z,Kindeva,1945 Craig Rd,St. Louis,MO,63146,,West Oak,CBW- Crazy Bowls and Wraps (West Oak),06/11/2025 11:37 AM,06/09/2025 10:58 PM,$324.87 ,$0.00 ,$20.00 ,($51.73),$33.26 ,$0.00 ,$0.00 ,($11.31),$0.00 ,$0.00 ,-32.49,0,0,282.6,Completed,ach,Marketplace Takeout,,Dispatch,,,
5FX-C4R,World Wide Technology,108 Gateway Commerce Center Dr N,Edwardsville,IL,62025,,Edwardsville,CBW- Crazy Bowls and Wraps (Edwardsville),06/11/2025 11:56 AM,06/05/2025 2:20 PM,$373.83 ,$0.00 ,$20.00 ,($59.07),$32.15 ,($32.15),$0.00 ,($12.74),$0.00 ,$0.00 ,-37.38,0,0,284.64,Completed,ach,Marketplace Takeout,,Dispatch,,,
U5G-G7Y,Target O'Fallon,2300 State Hwy K,O'Fallon,MO,63368,,O'Fallon,CBW- Crazy Bowls and Wraps (O'Fallon),06/12/2025 9:45 AM,05/29/2025 2:05 PM,"$1,035.50 ",$0.00 ,$20.00 ,($73.89),$92.68 ,$0.00 ,$103.55 ,($34.33),$0.00 ,$0.00 ,0,-20.71,-51.78,1071.02,Completed,ach,Marketplace Delivery,,N/A,,,
U2G-2TA,World Chess Hall of Fame,4652 Maryland Ave,St. Louis,MO,63108,,Forsyth/Clayton,CBW- Crazy Bowls and Wraps (Forsyth/Clayton),06/12/2025 10:32 AM,06/03/2025 11:00 AM,$313.25 ,$0.00 ,$20.00 ,($49.99),$0.00 ,$0.00 ,$0.00 ,($9.96),$0.00 ,$0.00 ,-31.32,0,0,241.98,Completed,ach,Marketplace Takeout,,Dispatch,,,
7PQ-AU0,,,St. Louis,MO,,18,South City,CBW- Crazy Bowls and Wraps #18 (South City),06/12/2025 11:00 AM,06/10/2025 9:06 PM,$103.45 ,$0.00 ,$0.00 ,($15.52),$13.63 ,$0.00 ,$0.00 ,($3.50),$0.00 ,$0.00 ,0,0,0,98.06,Completed,ach,Marketplace Takeout,,N/A,,,
H9J-RT7,Curium,2703 Wagner Pl,Maryland Heights,MO,63043,,West Oak,CBW- Crazy Bowls and Wraps (West Oak),06/12/2025 11:15 AM,06/11/2025 10:21 AM,$241.50 ,$0.00 ,$20.00 ,($39.23),$24.72 ,$0.00 ,$0.00 ,($8.56),($24.00),$0.00 ,-30,0,0,184.43,Completed,ach,Marketplace Takeout,,Dispatch,,,
EKM-ZA5,Gateway Region YMCA,2815 Scott Ave Suite D,St. Louis,MO,63103,,Lindell/SLU,CBW- Crazy Bowls and Wraps (Lindell/SLU),06/12/2025 11:39 AM,06/04/2025 3:52 PM,$104.88 ,$0.00 ,$20.00 ,($18.73),$0.00 ,$0.00 ,$0.00 ,($3.73),$0.00 ,$0.00 ,-30,0,0,72.42,Completed,ach,Marketplace Takeout,,Dispatch,,,
KVA-5EV,,10806 Olive Blvd,Creve Coeur,MO,63141,,West Oak,CBW- Crazy Bowls and Wraps (West Oak),06/12/2025 11:45 AM,06/11/2025 5:11 PM,$253.50 ,$0.00 ,$0.00 ,($38.03),$25.95 ,$0.00 ,$20.00 ,($8.36),$0.00 ,$0.00 ,0,0,0,253.06,Completed,ach,Marketplace Takeout,,N/A,,,
JA3-4J9,Cancer Care Specialists,321 Regency Park,O'Fallon,IL,62269,,Shiloh,CBW- Crazy Bowls and Wraps (Shiloh),06/12/2025 11:53 AM,06/09/2025 4:33 PM,$233.60 ,$0.00 ,$20.00 ,($38.04),$19.51 ,($19.51),$0.00 ,($8.17),$0.00 ,$0.00 ,-30,0,0,177.39,Completed,ach,Marketplace Takeout,bonus15x,Dispatch,,,
K8C-MMG,,,O'Fallon,MO,,,O'Fallon,CBW- Crazy Bowls and Wraps (O'Fallon),06/13/2025 11:00 AM,06/12/2025 11:48 AM,$61.50 ,$0.00 ,$0.00 ,($9.23),$5.50 ,$0.00 ,$0.00 ,($2.00),$0.00 ,$0.00 ,0,0,0,55.77,Completed,ach,Marketplace Takeout,,N/A,,,
AQC-M2J,Ernst & Young,7676 Forsyth Blvd 2600,Clayton,MO,63105,,Forsyth/Clayton,CBW- Crazy Bowls and Wraps (Forsyth/Clayton),06/13/2025 11:30 AM,06/05/2025 3:24 PM,$308.79 ,$0.00 ,$20.00 ,($49.32),$36.25 ,$0.00 ,$30.88 ,($10.91),$0.00 ,$0.00 ,0,0,0,335.69,Completed,ach,Marketplace Delivery,,N/A,,,
XJ3-V72,Contemporary Art Museum St. Louis,3750 Washington Blvd 3750 Washington Boulevard,St. Louis,MO,63108,,Rock Hill/Glendale,CBW- Crazy Bowls and Wraps (Rock Hill/Glendale),06/13/2025 4:08 PM,06/10/2025 7:23 PM,$216.10 ,$0.00 ,$20.00 ,($16.53),$0.00 ,$0.00 ,$0.00 ,($7.06),$0.00 ,$0.00 ,-30,0,0,182.51,Completed,ach,Marketplace Takeout,,Dispatch,,,
5W8-6VA,STLCC & Silverback Brentwood Studios,1034 S Brentwood Blvd,Richmond Heights,MO,63117,,Forsyth/Clayton,CBW- Crazy Bowls and Wraps (Forsyth/Clayton),06/14/2025 10:36 AM,06/03/2025 1:15 PM,$274.85 ,$0.00 ,$20.00 ,($44.23),$0.00 ,$0.00 ,$0.00 ,($8.82),$0.00 ,$0.00 ,-30,0,0,211.8,Completed,ach,Marketplace Takeout,,Dispatch,,,
3A8-31R,AFB International,3 Research Park Dr,Weldon Spring,MO,63304,,O'Fallon,CBW- Crazy Bowls and Wraps (O'Fallon),06/16/2025 10:41 AM,06/13/2025 2:38 PM,$254.70 ,$0.00 ,$20.00 ,($41.21),$22.80 ,$0.00 ,$0.00 ,($8.90),$0.00 ,$0.00 ,-30,0,0,217.39,Completed,ach,Marketplace Takeout,,Dispatch,,,
05M-A7T,Washington University,4939 Children's Pl 9th Floor,St. Louis,MO,63110,,Lindell/SLU,CBW- Crazy Bowls and Wraps (Lindell/SLU),06/16/2025 11:03 AM,06/12/2025 11:47 AM,$377.50 ,$0.00 ,$20.00 ,($59.63),$0.00 ,$0.00 ,$0.00 ,($11.89),$0.00 ,$0.00 ,-37.75,0,0,288.23,Completed,ach,Marketplace Takeout,,Dispatch,,,
T13-VPR,Faith Oakville,6101 Telegraph Rd 6101 Telegraph Road,St. Louis,MO,63129,,Tesson,CBW- Crazy Bowls and Wraps (Tesson),06/16/2025 4:00 PM,06/15/2025 8:53 AM,$112.30 ,$0.00 ,$20.00 ,($19.85),$0.00 ,$0.00 ,$0.00 ,($3.96),$0.00 ,$0.00 ,-30,0,0,78.49,Completed,ach,Marketplace Takeout,,Dispatch,,,
W8Z-8GT,PwC,6 Cardinal Wy Floor 11,St. Louis,MO,63102,,Lindell/SLU,CBW- Crazy Bowls and Wraps (Lindell/SLU),06/17/2025 10:20 AM,06/11/2025 12:13 PM,$76.94 ,$0.00 ,$20.00 ,($14.54),$10.14 ,$0.00 ,$0.00 ,($3.20),$0.00 ,$0.00 ,-30,0,0,59.34,Completed,ach,Marketplace Takeout,,Dispatch,,,
416-G5E,St. Louis Trust & Family Office,7701 Forsyth Blvd Suite 1100,Clayton,MO,63105,,Forsyth/Clayton,CBW- Crazy Bowls and Wraps (Forsyth/Clayton),06/17/2025 10:39 AM,06/10/2025 12:44 PM,$514.45 ,$0.00 ,$20.00 ,($37.41),$60.39 ,$0.00 ,$0.00 ,($17.79),$0.00 ,$0.00 ,-51.44,0,0,488.2,Completed,ach,Marketplace Takeout,,Dispatch,,,
3WP-M5C,Advanced Heart Care,5020 N Illinois St,Fairview Heights,IL,62208,,Shiloh,CBW- Crazy Bowls and Wraps (Shiloh),06/17/2025 11:08 AM,06/16/2025 3:57 PM,$125.80 ,$0.00 ,$20.00 ,($21.87),$10.50 ,($10.50),$0.00 ,($4.67),$0.00 ,$0.00 ,-30,0,0,89.26,Completed,ach,Marketplace Takeout,,Dispatch,,,
Z6W-MYG,Subtext,3000 Locust St,St. Louis,MO,63103,,Lindell/SLU,CBW- Crazy Bowls and Wraps (Lindell/SLU),06/17/2025 11:39 AM,06/12/2025 2:29 PM,$174.75 ,$0.00 ,$20.00 ,($29.21),$23.03 ,$0.00 ,$0.00 ,($6.51),$0.00 ,$0.00 ,-30,0,0,152.06,Completed,ach,Marketplace Takeout,,Dispatch,,,
AU4-3XP,Moneta,100 South Brentwood Blvd,St. Louis,MO,63105,18,South City,CBW- Crazy Bowls and Wraps #18 (South City),06/18/2025 10:27 AM,06/16/2025 3:04 PM,$555.30 ,$0.00 ,$20.00 ,($86.30),$73.18 ,$0.00 ,$0.00 ,($19.39),$0.00 ,$0.00 ,-55.53,0,0,487.26,Completed,ach,Marketplace Takeout,,Dispatch,,,
UU0-FXY,Aspire Software,390 S Woods Mill Rd ste 300 - 3rd floor,Chesterfield,MO,63017,,West Oak,CBW- Crazy Bowls and Wraps (West Oak),06/18/2025 10:45 AM,06/02/2025 2:39 PM,$308.04 ,$0.00 ,$25.00 ,($46.21),$31.54 ,$0.00 ,$61.61 ,($10.90),$0.00 ,$0.00 ,0,0,0,369.08,Completed,ach,Meal Program,,,,,
MEA-Y2C,TVS Supply Chain Solutions,201 Logistics Center Dr,Wentzville,MO,63385,,Wentzville,CBW- Crazy Bowls and Wraps (Wentzville),06/18/2025 10:49 AM,06/10/2025 3:44 PM,$151.75 ,$0.00 ,$20.00 ,($25.76),$15.86 ,$0.00 ,$0.00 ,($5.61),$0.00 ,$0.00 ,-30,0,0,126.24,Completed,ach,Marketplace Takeout,,Dispatch,,,
G26-0K3,ARCO Business Services,8300 Eager Rd Ste. 500,Brentwood,MO,63144,,Forsyth/Clayton,CBW- Crazy Bowls and Wraps (Forsyth/Clayton),06/18/2025 10:51 AM,06/17/2025 4:53 PM,$300.78 ,$0.00 ,$20.00 ,($48.12),$35.31 ,$0.00 ,$0.00 ,($10.65),$0.00 ,$0.00 ,-30.08,0,0,267.24,Completed,ach,Marketplace Takeout,,Dispatch,,,
RUE-3VM,Royal Canin,4 Cityplace Dr 1st Floor,St. Louis,MO,63141,,West Oak,CBW- Crazy Bowls and Wraps (West Oak),06/18/2025 11:00 AM,06/06/2025 12:12 PM,$458.75 ,$0.00 ,$20.00 ,($71.81),$46.97 ,$0.00 ,$45.88 ,($15.72),$0.00 ,$0.00 ,0,0,0,484.07,Completed,ach,Marketplace Delivery,,N/A,,,
E4A-WW1,,,Saint Charles,MO,,,Lindenwood,CBW- Crazy Bowls and Wraps (Lindenwood),06/18/2025 11:00 AM,06/16/2025 2:28 PM,$115.45 ,$0.00 ,$0.00 ,($8.08),$11.49 ,$0.00 ,$0.00 ,($3.80),$0.00 ,$0.00 ,0,0,0,115.06,Completed,ach,Marketplace Takeout,,N/A,,,
QC1-MKZ,World Wide Technology,108 Gateway Commerce Center Dr N,Edwardsville,IL,62025,,Edwardsville,CBW- Crazy Bowls and Wraps (Edwardsville),06/18/2025 12:15 PM,06/11/2025 7:22 AM,$386.25 ,$0.00 ,$20.00 ,($60.94),$33.22 ,($33.22),$20.00 ,($13.14),$0.00 ,$0.00 ,0,0,0,352.17,Completed,ach,Marketplace Delivery,,N/A,,,
AHT-GVY,Wash-U School of Medicine,"4990 Children's Pl Northwest Tower, 15th Floor",St. Louis,MO,63110,,Lindell/SLU,CBW- Crazy Bowls and Wraps (Lindell/SLU),06/19/2025 11:04 AM,06/18/2025 10:53 AM,$300.90 ,$0.00 ,$20.00 ,($22.46),$0.00 ,$0.00 ,$0.00 ,($9.59),$0.00 ,$0.00 ,-30.09,0,0,258.76,Completed,ach,Marketplace Takeout,,Dispatch,,,
XJ9-7X3,Cardinal Glennon Children's Hospital,1465 S Grand Blvd,St. Louis,MO,63104,,Lindell/SLU,CBW- Crazy Bowls and Wraps (Lindell/SLU),06/20/2025 10:59 AM,06/16/2025 12:21 PM,"$1,005.60 ",$0.00 ,$20.00 ,($153.84),$0.00 ,$0.00 ,$0.00 ,($30.67),$0.00 ,$0.00 ,-100.56,0,0,740.53,Completed,ach,Marketplace Takeout,postonb25,Dispatch,,,
TGF-C6X,Saint Louis Zoo - The Living World,1 Government Dr,St. Louis,MO,63110,18,South City,CBW- Crazy Bowls and Wraps #18 (South City),06/20/2025 4:46 PM,06/11/2025 9:52 AM,$472.70 ,$0.00 ,$20.00 ,($73.91),$62.30 ,$0.00 ,$0.00 ,($16.59),$0.00 ,$0.00 ,-47.27,0,0,417.23,Completed,ach,Marketplace Takeout,,Dispatch,,,
32J-H89,Busch Stadium - Visiting Clubhouse,700 Clark Ave,St. Louis,MO,63102,,Lindell/SLU,CBW- Crazy Bowls and Wraps (Lindell/SLU),06/22/2025 10:08 AM,06/18/2025 2:56 PM,$133.00 ,$0.00 ,$20.00 ,($22.95),$17.53 ,$0.00 ,$0.00 ,($5.10),($10.00),$0.00 ,-30,0,0,102.48,Completed,ach,Marketplace Takeout,,Dispatch,,,
GP0-Y5Z,Specialists in Dermatology,222 S Woods Mill Rd #480n,Chesterfield,MO,63017,,Creve Coeur,CBW- Crazy Bowls and Wraps (Creve Coeur),06/23/2025 11:21 AM,06/20/2025 3:08 PM,$291.50 ,$0.00 ,$20.00 ,($46.73),$25.47 ,$0.00 ,$0.00 ,($10.08),$0.00 ,$0.00 ,-30,0,0,250.16,Completed,ach,Marketplace Takeout,,Dispatch,,,
Q3E-JVK,Hope Clinic,1602 21st St,Granite City,IL,62040,18,South City,CBW- Crazy Bowls and Wraps #18 (South City),06/24/2025 7:36 AM,06/13/2025 3:41 PM,$164.50 ,$0.00 ,$20.00 ,($27.68),$21.68 ,$0.00 ,$0.00 ,($6.16),$0.00 ,$0.00 ,-30,0,0,142.34,Completed,ach,Marketplace Takeout,,Dispatch,,,
Y9E-3G9,Ernst & Young,7676 Forsyth Blvd 2600,Clayton,MO,63105,,Forsyth/Clayton,CBW- Crazy Bowls and Wraps (Forsyth/Clayton),06/24/2025 11:11 AM,06/20/2025 12:18 PM,$314.72 ,$0.00 ,$20.00 ,($50.21),$36.94 ,$0.00 ,$0.00 ,($11.11),$0.00 ,$0.00 ,-31.47,0,0,278.87,Completed,ach,Marketplace Takeout,,Dispatch,,,
0JY-KM5,Cardiac cath lab- first floor,2 Progress Point Pkwy,O'Fallon,MO,63368,,O'Fallon,CBW- Crazy Bowls and Wraps (O'Fallon),06/24/2025 11:14 AM,06/23/2025 9:39 AM,$295.90 ,$0.00 ,$20.00 ,($47.39),$26.48 ,$0.00 ,$0.00 ,($10.24),$0.00 ,$0.00 ,-30,0,0,254.75,Completed,ach,Marketplace Takeout,,Dispatch,,,
K9F-TPH,Midwest Sleep Sinus and Allergy,1179 Fortune Blvd,Shiloh,IL,62269,,Shiloh,CBW- Crazy Bowls and Wraps (Shiloh),06/24/2025 11:25 AM,06/19/2025 4:33 PM,$286.98 ,$0.00 ,$20.00 ,($46.05),$23.96 ,($23.96),$0.00 ,($9.90),$0.00 ,$0.00 ,-30,0,0,221.03,Completed,ach,Marketplace Takeout,,Dispatch,,,
UME-8AR,fit-flavors,14824 Clayton Rd Suite 22,Chesterfield,MO,63017,,Rock Hill/Glendale,CBW- Crazy Bowls and Wraps (Rock Hill/Glendale),06/24/2025 5:47 PM,06/17/2025 11:16 AM,$429.95 ,$0.00 ,$20.00 ,($67.49),$39.72 ,$0.00 ,$0.00 ,($14.64),$0.00 ,$0.00 ,-43,0,0,364.54,Completed,ach,Marketplace Takeout,,Dispatch,,,
PJ3-MRY,Distribution Management,5 Research Park Dr,Saint Charles,MO,63304,,O'Fallon,CBW- Crazy Bowls and Wraps (O'Fallon),06/25/2025 11:00 AM,06/20/2025 3:35 PM,$280.90 ,$0.00 ,$20.00 ,($21.06),$25.14 ,$0.00 ,$56.18 ,($9.75),$0.00 ,$0.00 ,0,0,0,351.41,Completed,ach,Marketplace Delivery,,N/A,,,
0MT-RKQ,Lemonaid Pharmacy,1701 Macklind Ave Suite 300,St. Louis,MO,63110,,West Oak,CBW- Crazy Bowls and Wraps (West Oak),06/25/2025 11:15 AM,06/09/2025 3:42 PM,$265.47 ,$0.00 ,$25.00 ,($39.82),$27.18 ,$0.00 ,$26.55 ,($9.50),$0.00 ,$0.00 ,0,0,0,294.88,Completed,ach,Meal Program,,,,,
2TZ-37K,Nestle Purina,901 Chouteau Ave Tower Lobby Security,St. Louis,MO,63102,,Lindell/SLU,CBW- Crazy Bowls and Wraps (Lindell/SLU),06/26/2025 10:06 AM,06/04/2025 10:06 AM,$175.90 ,$0.00 ,$20.00 ,($29.39),$23.18 ,$0.00 ,$0.00 ,($6.55),$0.00 ,$0.00 ,-30,0,0,153.14,Completed,ach,Marketplace Takeout,,Dispatch,,,
TJQ-8GK,MilliporeSigma _ Broadway,3506 S Broadway,St. Louis,MO,63118,,Lindell/SLU,CBW- Crazy Bowls and Wraps (Lindell/SLU),06/26/2025 11:32 AM,06/18/2025 3:44 PM,$76.00 ,$0.00 ,$20.00 ,($14.40),$10.02 ,$0.00 ,$0.00 ,($3.17),$0.00 ,$0.00 ,-30,0,0,58.45,Completed,ach,Marketplace Takeout,,Dispatch,,,
R7C-2PK,[REMOVED],4277686 Ezcater St,Ezcater,MA,63366,,O'Fallon,CBW- Crazy Bowls and Wraps (O'Fallon),06/27/2025 11:23 AM,06/25/2025 12:27 PM,$341.00 ,$0.00 ,$20.00 ,($54.15),$30.52 ,$0.00 ,$0.00 ,($11.71),$0.00 ,$0.00 ,-34.1,0,0,291.56,Completed,ach,Marketplace Takeout,nccv22to3,Dispatch,,,
W7A-93H,"Washington University School of Medicine, Mid Campus Center (MCC)",4590 Nash Way 11th floor,St. Louis,MO,63110,,Lindell/SLU,CBW- Crazy Bowls and Wraps (Lindell/SLU),06/30/2025 11:07 AM,06/28/2025 10:36 AM,$159.24 ,$0.00 ,$20.00 ,($26.89),$0.00 ,$0.00 ,$0.00 ,($5.36),$0.00 ,$0.00 ,-30,0,0,116.99,Completed,ach,Marketplace Takeout,,Dispatch,,,
CGX-119,Dr Hill,2090 Vadalabene Dr,Maryville,IL,62062,,Edwardsville,CBW- Crazy Bowls and Wraps (Edwardsville),07/01/2025 10:47 AM,06/30/2025 6:38 PM,$232.00 ,$0.00 ,$20.00 ,($37.80),$19.95 ,($19.95),$0.00 ,($8.13),$0.00 ,$0.00 ,-30,0,0,176.07,Completed,ach,Marketplace Takeout,,Dispatch,,,
1G4-UC2,Washington University,1 Brookings Dr Jubel Hall,St. Louis,MO,63130,,Lindell/SLU,CBW- Crazy Bowls and Wraps (Lindell/SLU),07/01/2025 10:58 AM,06/28/2025 5:13 PM,$621.91 ,$0.00 ,$20.00 ,($96.29),$0.00 ,$0.00 ,$0.00 ,($19.19),$0.00 ,$0.00 ,-62.19,0,0,464.24,Completed,ach,Marketplace Takeout,,Dispatch,,,
XWM-W60,Ladue Fifth Grade Center,10900 Ladue Rd,Creve Coeur,MO,63141,,West Oak,CBW- Crazy Bowls and Wraps (West Oak),07/02/2025 11:09 AM,06/30/2025 10:54 AM,$83.80 ,$0.00 ,$20.00 ,($15.57),$0.00 ,$0.00 ,$0.00 ,($3.10),$0.00 ,$0.00 ,-30,0,0,55.13,Completed,ach,Marketplace Takeout,,Dispatch,,,
4R3-683,Aspire Software,390 S Woods Mill Rd ste 300 - 3rd floor,Chesterfield,MO,63017,,West Oak,CBW- Crazy Bowls and Wraps (West Oak),07/03/2025 10:45 AM,06/16/2025 3:09 PM,$98.95 ,$0.00 ,$25.00 ,($15.00),$10.13 ,$0.00 ,$20.00 ,($4.04),$0.00 ,$0.00 ,1.05,0,0,136.09,Completed,ach,Meal Program,,,,,
3QF-362,Hidden Arches,811 Sontag Rd,Ballwin,MO,63021,,Manchester,CBW- Crazy Bowls and Wraps (Manchester),07/05/2025 10:43 AM,07/04/2025 11:48 AM,$139.36 ,$0.00 ,$20.00 ,($23.90),$12.18 ,$0.00 ,$0.00 ,($5.13),$0.00 ,$0.00 ,-30,0,0,112.51,Completed,ach,Marketplace Takeout,,Dispatch,,,
A59-0W7,STLCC & Silverback Brentwood Studios,1034 S Brentwood Blvd,Richmond Heights,MO,63117,,Rock Hill/Glendale,CBW- Crazy Bowls and Wraps (Rock Hill/Glendale),07/06/2025 9:55 AM,05/23/2025 4:48 PM,$257.15 ,$0.00 ,$20.00 ,($41.57),$0.00 ,$0.00 ,$0.00 ,($8.29),$0.00 ,$0.00 ,-30,-5.14,-12.86,179.29,Completed,ach,Marketplace Takeout,,Dispatch,,,
1F2-PTV,NESTLE PURINA PETCARE,801 Chouteau Ave 1st Floor Lobby,St. Louis,MO,63102,,Lindell/SLU,CBW- Crazy Bowls and Wraps (Lindell/SLU),07/07/2025 10:05 AM,07/03/2025 9:20 AM,$185.02 ,$0.00 ,$20.00 ,($30.75),$24.38 ,$0.00 ,$0.00 ,($6.86),$0.00 ,$0.00 ,-30,0,0,161.79,Completed,ach,Marketplace Takeout,,Dispatch,,,
5VP-ZK7,Nestle Purina Pet Care,801 Chouteau Ave Administration Building/1st Floor Lobby,St. Louis,MO,63102,,Lindell/SLU,CBW- Crazy Bowls and Wraps (Lindell/SLU),07/07/2025 11:07 AM,07/01/2025 3:37 PM,$97.29 ,$0.00 ,$20.00 ,($17.59),$12.82 ,$0.00 ,$0.00 ,($3.89),$0.00 ,$0.00 ,-30,0,0,78.63,Completed,ach,Marketplace Takeout,,Dispatch,,,
H8Y-Y68,Alltru CU,1232 Wentzville Parkway 1,Wentzville,MO,63385,,Wentzville,CBW- Crazy Bowls and Wraps (Wentzville),07/08/2025 11:43 AM,07/03/2025 2:50 PM,$105.64 ,$0.00 ,$20.00 ,($18.85),$11.04 ,$0.00 ,$0.00 ,($4.09),$0.00 ,$0.00 ,-30,0,0,83.74,Completed,ach,Marketplace Takeout,,Dispatch,,,
JRZ-UCR,World Wide Technology,107 Gateway Commerce Center Dr N,Edwardsville,IL,62025,,Edwardsville,CBW- Crazy Bowls and Wraps (Edwardsville),07/09/2025 11:00 AM,07/07/2025 12:37 PM,$192.10 ,$0.00 ,$20.00 ,($31.82),$16.52 ,($16.52),$20.00 ,($6.84),$0.00 ,$0.00 ,0,0,0,193.44,Completed,ach,Marketplace Delivery,,N/A,,,
R79-JGE,Cardinal Glennon Children's Hospital,1465 S Grand Blvd Main entrance,St. Louis,MO,63104,,Lindell/SLU,CBW- Crazy Bowls and Wraps (Lindell/SLU),07/10/2025 11:04 AM,07/09/2025 9:52 AM,$376.20 ,$0.00 ,$20.00 ,($59.43),$0.00 ,$0.00 ,$0.00 ,($11.85),$0.00 ,$0.00 ,-37.62,0,0,287.3,Completed,ach,Marketplace Takeout,,Dispatch,,,
18M-Z86,"McCarthy Building Companies, Inc.",12851 Manchester Rd McCarthy - floor 2,Des Peres,MO,63131,,Manchester,CBW- Crazy Bowls and Wraps (Manchester),07/10/2025 11:07 AM,07/07/2025 4:07 PM,$254.35 ,$0.00 ,$20.00 ,($41.15),$22.23 ,$0.00 ,$0.00 ,($8.87),$0.00 ,$0.00 ,-30,0,0,216.56,Completed,ach,Marketplace Takeout,summerbonus,Dispatch,,,
KMT-FCG,SIHF Bellivelle Circle II,311 W Lincoln St 200,Belleville,IL,62220,,Shiloh,CBW- Crazy Bowls and Wraps (Shiloh),07/10/2025 11:12 AM,07/09/2025 1:26 PM,$323.40 ,$0.00 ,$20.00 ,($51.51),$27.00 ,($27.00),$0.00 ,($11.07),$0.00 ,$0.00 ,-32.34,0,0,248.48,Completed,ach,Marketplace Takeout,,Dispatch,,,
HQR-1X8,Wash U Urology,"70 Jungermann Circle medical office bulding 2 Building 2, suite 402",St. Peters,MO,63376,,Lindenwood,CBW- Crazy Bowls and Wraps (Lindenwood),07/10/2025 11:15 AM,07/09/2025 1:44 PM,$164.95 ,$0.00 ,$20.00 ,($27.74),$16.41 ,$0.00 ,$10.00 ,($6.02),$0.00 ,$0.00 ,0,0,0,177.6,Completed,ach,Marketplace Delivery,,N/A,,,
94F-VKZ,Dr usry suite 142,5551 Winghaven Blvd Dr usry suite 142,O'Fallon,MO,63368,,O'Fallon,CBW- Crazy Bowls and Wraps (O'Fallon),07/10/2025 11:18 AM,07/09/2025 10:42 AM,$189.69 ,$0.00 ,$20.00 ,($31.45),$16.98 ,$0.00 ,$0.00 ,($6.78),$0.00 ,$0.00 ,-30,0,0,158.44,Completed,ach,Marketplace Takeout,,Dispatch,,,
49Q-5PV,,,Richmond Heights,MO,,,Forsyth/Clayton,CBW- Crazy Bowls and Wraps (Forsyth/Clayton),07/10/2025 11:30 AM,07/09/2025 3:56 PM,$215.35 ,$0.00 ,$0.00 ,($32.30),$25.28 ,$0.00 ,$0.00 ,($7.19),$0.00 ,$0.00 ,0,0,0,201.14,Completed,ach,Marketplace Takeout,,N/A,,,
44R-C6X,Counselors associates LTC,7348 state route 162,Troy,IL,62294,,Edwardsville,CBW- Crazy Bowls and Wraps (Edwardsville),07/10/2025 11:32 AM,07/09/2025 4:26 PM,$245.25 ,$0.00 ,$20.00 ,($39.79),$21.09 ,($21.09),$0.00 ,($8.56),$0.00 ,$0.00 ,-30,0,0,186.9,Completed,ach,Marketplace Takeout,,Dispatch,,,
GA4-HJM,Dowd Bennett Law Firm,7676 Forsyth Blvd 1900,Clayton,MO,63105,,Forsyth/Clayton,CBW- Crazy Bowls and Wraps (Forsyth/Clayton),07/10/2025 4:42 PM,07/09/2025 12:43 PM,$204.67 ,$0.00 ,$20.00 ,($33.70),$24.02 ,$0.00 ,$0.00 ,($7.44),$0.00 ,$0.00 ,-30,0,0,177.55,Completed,ach,Marketplace Takeout,,Dispatch,,,
FH1-8G2,Carmody MacDonald,120 S Central Ave 7TH FLOOR,Clayton,MO,63105,,Forsyth/Clayton,CBW- Crazy Bowls and Wraps (Forsyth/Clayton),07/11/2025 8:07 AM,07/09/2025 3:08 PM,$434.90 ,$0.00 ,$20.00 ,($68.24),$51.05 ,$0.00 ,$0.00 ,($15.13),$0.00 ,$0.00 ,-43.49,0,0,379.09,Completed,ach,Marketplace Takeout,,Dispatch,,,
56U-J7M,Distinctive Dermatology,390 Office Ct,Fairview Heights,IL,62208,,Shiloh,CBW- Crazy Bowls and Wraps (Shiloh),07/14/2025 10:17 AM,07/13/2025 3:49 PM,$426.70 ,$0.00 ,$20.00 ,($67.01),$35.63 ,($35.63),$0.00 ,($14.42),$0.00 ,$0.00 ,-42.67,0,0,322.6,Completed,ach,Marketplace Takeout,,Dispatch,,,
W3A-AQH,World Wide Technology,108 Gateway Commerce Center Dr N,Edwardsville,IL,62025,,Edwardsville,CBW- Crazy Bowls and Wraps (Edwardsville),07/14/2025 10:26 AM,07/11/2025 8:50 AM,$448.98 ,$0.00 ,$20.00 ,($70.35),$38.61 ,($38.61),$0.00 ,($15.18),$0.00 ,$0.00 ,-44.9,0,0,338.55,Completed,ach,Marketplace Takeout,,Dispatch,,,
JP8-8PC,Worldwide Technology,108 Gateway Commerce Center Dr N,Edwardsville,IL,62025,,Edwardsville,CBW- Crazy Bowls and Wraps (Edwardsville),07/14/2025 10:27 AM,07/11/2025 7:35 AM,$396.25 ,$0.00 ,$20.00 ,($62.44),$34.08 ,($34.08),$0.00 ,($13.46),$0.00 ,$0.00 ,-39.62,0,0,300.73,Completed,ach,Marketplace Takeout,,Dispatch,,,
XX2-WVU,FTL Finance,820 S Main St Suite 307,Saint Charles,MO,63301,,Lindenwood,CBW- Crazy Bowls and Wraps (Lindenwood),07/15/2025 11:07 AM,07/11/2025 8:48 PM,$300.70 ,$0.00 ,$20.00 ,($48.11),$29.92 ,$0.00 ,$0.00 ,($10.48),$0.00 ,$0.00 ,-30.07,0,0,261.96,Completed,ach,Marketplace Takeout,,Dispatch,,,
EU2-HC4,SLUCare Physician Group,1034 S Brentwood Blvd Suite 1120,Richmond Heights,MO,63117,,Rock Hill/Glendale,CBW- Crazy Bowls and Wraps (Rock Hill/Glendale),07/15/2025 11:15 AM,07/14/2025 12:32 PM,$563.45 ,$0.00 ,$20.00 ,($87.52),$52.05 ,$0.00 ,$0.00 ,($19.00),$0.00 ,$0.00 ,-56.34,0,0,472.64,Completed,ach,Marketplace Takeout,,Dispatch,,,
JX3-0FA,Hermann Statdium,3330 Laclede Ave Dead end of Laclede Ave,St. Louis,MO,63103,,Lindell/SLU,CBW- Crazy Bowls and Wraps (Lindell/SLU),07/15/2025 11:22 AM,07/13/2025 9:50 PM,$269.80 ,$0.00 ,$20.00 ,($43.47),$0.00 ,$0.00 ,$0.00 ,($8.67),$0.00 ,$0.00 ,-30,0,0,207.66,Completed,ach,Marketplace Takeout,,Dispatch,,,
5MT-83E,Aspire Software,390 S Woods Mill Rd ste 300 - 3rd floor,Chesterfield,MO,63017,,West Oak,CBW- Crazy Bowls and Wraps (West Oak),07/16/2025 10:45 AM,06/30/2025 12:59 PM,$332.08 ,$0.00 ,$25.00 ,($49.81),$34.00 ,$0.00 ,$66.42 ,($11.69),$0.00 ,$0.00 ,0,0,0,396,Completed,ach,Meal Program,,,,,
4GY-WP5,Tarlton Corporation,5500 W Park Ave,St. Louis,MO,63110,18,South City,CBW- Crazy Bowls and Wraps #18 (South City),07/16/2025 10:45 AM,07/15/2025 4:24 PM,$898.75 ,$0.00 ,$20.00 ,($137.81),$118.45 ,$0.00 ,$0.00 ,($31.01),$0.00 ,$0.00 ,-89.88,0,0,778.5,Completed,ach,Marketplace Takeout,postonb25,Dispatch,,,
3MQ-RM2,Color Art Integrated Interiors,1325 North Warson Rd Front Desk,St. Louis,MO,63132,,West Oak,CBW- Crazy Bowls and Wraps (West Oak),07/16/2025 10:52 AM,07/15/2025 4:29 PM,$104.00 ,$0.00 ,$20.00 ,($18.60),$10.65 ,$0.00 ,$0.00 ,($4.03),$0.00 ,$0.00 ,-30,0,0,82.02,Completed,ach,Marketplace Takeout,,Dispatch,,,
J8F-AMK,Castle Contracting,345 Marshall Ave Suite 302,Webster Groves,MO,63119,,Rock Hill/Glendale,CBW- Crazy Bowls and Wraps (Rock Hill/Glendale),07/16/2025 10:55 AM,07/15/2025 7:29 AM,$88.20 ,$0.00 ,$20.00 ,($16.23),$8.15 ,$0.00 ,$0.00 ,($3.48),$0.00 ,$0.00 ,-30,0,0,66.64,Completed,ach,Marketplace Takeout,,Dispatch,,,
CEP-FMM,Saint Louis Rheumatology,520 S Elm Ave,Webster Groves,MO,63119,,Rock Hill/Glendale,CBW- Crazy Bowls and Wraps (Rock Hill/Glendale),07/16/2025 11:03 AM,07/14/2025 1:29 PM,$444.70 ,$0.00 ,$20.00 ,($69.71),$41.08 ,$0.00 ,$0.00 ,($15.12),$0.00 ,$0.00 ,-44.47,0,0,376.48,Completed,ach,Marketplace Takeout,,Dispatch,,,
XGM-MYW,World Wide Technology,58 Weldon Pkwy Building 58,Maryland Heights,MO,63043,,West Oak,CBW- Crazy Bowls and Wraps (West Oak),07/16/2025 11:16 AM,07/11/2025 8:25 PM,$683.20 ,$0.00 ,$20.00 ,($105.48),$69.95 ,$0.00 ,$0.00 ,($23.12),$0.00 ,$0.00 ,-68.32,0,0,576.23,Completed,ach,Marketplace Takeout,,Dispatch,,,
Y54-3K7,KCI CONSTRUCTION COMPANY,1260 Andes Blvd,St. Louis,MO,63132,,West Oak,CBW- Crazy Bowls and Wraps (West Oak),07/16/2025 11:21 AM,07/14/2025 8:15 AM,$184.50 ,$0.00 ,$20.00 ,($30.68),$18.89 ,$0.00 ,$0.00 ,($6.68),$0.00 ,$0.00 ,-30,0,0,156.03,Completed,ach,Marketplace Takeout,,Dispatch,,,
1G5-PTV,Christner Architects,621 Skinker Blvd Suite 220,St. Louis,MO,63130,,Forsyth/Clayton,CBW- Crazy Bowls and Wraps (Forsyth/Clayton),07/16/2025 11:35 AM,07/14/2025 2:38 PM,$232.50 ,$0.00 ,$20.00 ,($37.88),$27.29 ,$0.00 ,$0.00 ,($8.37),$0.00 ,$0.00 ,-30,0,0,203.54,Completed,ach,Marketplace Takeout,,Dispatch,,,
RCW-CA0,Renaissance Plastic Surgery,145 St Peters Centre Blvd,St. Peters,MO,63376,,Lindenwood,CBW- Crazy Bowls and Wraps (Lindenwood),07/17/2025 11:00 AM,07/11/2025 1:09 PM,$345.50 ,$0.00 ,$20.00 ,($54.83),$34.38 ,$0.00 ,$0.00 ,($11.96),$0.00 ,$0.00 ,-34.55,0,0,298.54,Completed,ach,Marketplace Takeout,,Dispatch,,,
ERJ-RQK,SIEMENS,13690 Riverport Dr,Maryland Heights,MO,63043,,Lindenwood,CBW- Crazy Bowls and Wraps (Lindenwood),07/17/2025 11:15 AM,06/26/2025 9:20 AM,$665.75 ,$0.00 ,$20.00 ,($102.86),$66.24 ,$0.00 ,$0.00 ,($22.48),($131.15),$0.00 ,-66.58,0,0,428.92,Completed,ach,Marketplace Takeout,,Dispatch,,,
U7X-M8R,Mercy endocrinology,621 S New Ballas Rd Tower a ste 460a,Creve Coeur,MO,63141,,West Oak,CBW- Crazy Bowls and Wraps (West Oak),07/17/2025 11:20 AM,07/14/2025 11:59 AM,$226.45 ,$0.00 ,$20.00 ,($36.97),$23.18 ,$0.00 ,$0.00 ,($8.06),$0.00 ,$0.00 ,-30,0,0,194.6,Completed,ach,Marketplace Takeout,,Dispatch,,,
Q9P-FGU,Dowd Bennett Law Firm,7676 Forsyth Blvd 1900,Clayton,MO,63105,,Forsyth/Clayton,CBW- Crazy Bowls and Wraps (Forsyth/Clayton),07/17/2025 5:59 PM,07/15/2025 6:18 PM,$76.10 ,$0.00 ,$20.00 ,($14.42),$8.93 ,$0.00 ,$0.00 ,($3.14),$0.00 ,$0.00 ,-30,0,0,57.47,Completed,ach,Marketplace Takeout,,Dispatch,,,
FEU-JX0,,,O'Fallon,IL,,,Shiloh,CBW- Crazy Bowls and Wraps (Shiloh),07/21/2025 10:30 AM,07/20/2025 5:33 PM,$300.05 ,$0.00 ,$0.00 ,($45.01),$25.05 ,($25.05),$0.00 ,($9.72),$0.00 ,$0.00 ,0,0,0,245.32,Completed,ach,Marketplace Takeout,,N/A,,,
50E-RZT,Forefront Dermatology,816 S Kirkwood Rd 210,St. Louis,MO,63122,,Sunset Hills,CBW- Crazy Bowls and Wraps (Sunset Hills),07/21/2025 11:09 AM,07/19/2025 2:08 PM,$260.20 ,$0.00 ,$20.00 ,($42.03),$29.89 ,$0.00 ,$0.00 ,($9.27),$0.00 ,$0.00 ,-30,0,0,228.79,Completed,ach,Marketplace Takeout,,Dispatch,,,
YU8-TRE,Dr. Capps Office,12445 Dorsett Rd,Maryland Heights,MO,63043,,West Oak,CBW- Crazy Bowls and Wraps (West Oak),07/21/2025 11:30 AM,07/20/2025 1:28 PM,$174.90 ,$0.00 ,$0.00 ,($26.24),$17.91 ,$0.00 ,$10.00 ,($5.77),$0.00 ,$0.00 ,0,0,0,170.8,Completed,ach,Marketplace Takeout,,N/A,,,
7GU-M7M,STLCC & Silverback Brentwood Studios,1034 S Brentwood Blvd,Richmond Heights,MO,63117,,Rock Hill/Glendale,CBW- Crazy Bowls and Wraps (Rock Hill/Glendale),07/22/2025 10:04 AM,06/28/2025 1:21 PM,$444.15 ,$0.00 ,$20.00 ,($69.62),$0.00 ,$0.00 ,$0.00 ,($13.88),$0.00 ,$0.00 ,-44.42,0,0,336.23,Completed,ach,Marketplace Takeout,,Dispatch,,,
3W5-XXR,,,O'Fallon,MO,,,O'Fallon,CBW- Crazy Bowls and Wraps (O'Fallon),07/22/2025 11:15 AM,07/21/2025 6:43 PM,$229.40 ,$0.00 ,$0.00 ,($34.41),$20.53 ,$0.00 ,$22.94 ,($7.47),$0.00 ,$0.00 ,0,0,0,230.99,Completed,ach,Marketplace Takeout,,N/A,,,
P0C-HCT,Lift for Life Academy,1709 S Broadway,St. Louis,MO,63104,,Lindell/SLU,CBW- Crazy Bowls and Wraps (Lindell/SLU),07/22/2025 11:20 AM,07/21/2025 4:02 PM,$111.54 ,$0.00 ,$20.00 ,($19.73),$0.00 ,$0.00 ,$0.00 ,($3.93),$0.00 ,$0.00 ,-30,0,0,77.88,Completed,ach,Marketplace Takeout,,Dispatch,,,
8JY-J5K,,,O'Fallon,IL,,,Shiloh,CBW- Crazy Bowls and Wraps (Shiloh),07/23/2025 10:15 AM,07/22/2025 4:17 PM,$154.00 ,$0.00 ,$0.00 ,($23.10),$12.86 ,($12.86),$20.00 ,($4.99),$0.00 ,$0.00 ,0,0,0,145.91,Completed,ach,Marketplace Takeout,,N/A,,,
RQE-3KA,Distinctive Dermatology,390 Office Ct,Fairview Heights,IL,62208,,Shiloh,CBW- Crazy Bowls and Wraps (Shiloh),07/23/2025 10:32 AM,07/21/2025 7:37 AM,$469.95 ,$0.00 ,$20.00 ,($73.49),$39.24 ,($39.24),$0.00 ,($15.82),$0.00 ,$0.00 ,-47,0,0,353.64,Completed,ach,Marketplace Takeout,,Dispatch,,,
MWK-Z7H,St Lukes urology suite 24B,111 St Luke's Center Dr 24B,Chesterfield,MO,63017,,Creve Coeur,CBW- Crazy Bowls and Wraps (Creve Coeur),07/23/2025 10:54 AM,07/21/2025 11:14 AM,$184.50 ,$0.00 ,$20.00 ,($30.68),$16.12 ,$0.00 ,$0.00 ,($6.60),$0.00 ,$0.00 ,-30,0,0,153.34,Completed,ach,Marketplace Takeout,,Dispatch,,,
CFM-FYG,Contemporary Art Museum St. Louis,3750 Washington Ave St. Louis,St. Louis,MO,63108,,Lindell/SLU,CBW- Crazy Bowls and Wraps (Lindell/SLU),07/23/2025 11:15 AM,07/17/2025 9:22 AM,$218.81 ,$0.00 ,$20.00 ,($16.72),$0.00 ,$0.00 ,$32.82 ,($7.14),$0.00 ,$0.00 ,0,0,0,247.77,Completed,ach,Marketplace Delivery,,N/A,,,
CGE-92Z,Vista Dermatology,1058 Old Des Peres Rd,St. Louis,MO,63131,,Manchester,CBW- Crazy Bowls and Wraps (Manchester),07/23/2025 11:39 AM,07/22/2025 1:49 PM,$237.75 ,$0.00 ,$20.00 ,($38.66),$20.77 ,$0.00 ,$0.00 ,($8.33),$0.00 ,$0.00 ,-30,0,0,201.53,Completed,ach,Marketplace Takeout,,Dispatch,,,
F32-292,Amazon STL8,4000 Premier Pkwy,St. Peters,MO,63376,,O'Fallon,CBW- Crazy Bowls and Wraps (O'Fallon),07/23/2025 3:08 PM,07/15/2025 11:30 AM,$452.46 ,$0.00 ,$20.00 ,($70.87),$40.50 ,$0.00 ,$0.00 ,($15.34),$0.00 ,$0.00 ,-45.25,0,0,381.5,Completed,ach,Marketplace Takeout,,Dispatch,,,
T8C-72M,[REMOVED],4277686 Ezcater St,Ezcater,MA,63368,,O'Fallon,CBW- Crazy Bowls and Wraps (O'Fallon),07/24/2025 11:02 AM,07/23/2025 6:48 PM,$310.00 ,$0.00 ,$20.00 ,($49.50),$27.74 ,$0.00 ,$0.00 ,($10.70),$0.00 ,$0.00 ,-31,0,0,266.54,Completed,ach,Marketplace Takeout,,Dispatch,,,
14V-WW1,Nestle Purina Pet Care,801 Chouteau Ave Administration Building/1st Floor Lobby,St. Louis,MO,63102,,Lindell/SLU,CBW- Crazy Bowls and Wraps (Lindell/SLU),07/24/2025 11:06 AM,07/16/2025 10:02 AM,$190.29 ,$0.00 ,$20.00 ,($31.54),$25.08 ,$0.00 ,$0.00 ,($7.04),$0.00 ,$0.00 ,-30,0,0,166.79,Completed,ach,Marketplace Takeout,,Dispatch,,,
KRJ-14J,Heart Care Institute,1020 N Mason Rd,Creve Coeur,MO,63141,,Creve Coeur,CBW- Crazy Bowls and Wraps (Creve Coeur),07/24/2025 11:09 AM,07/16/2025 8:05 AM,$148.85 ,$0.00 ,$20.00 ,($25.33),$13.01 ,$0.00 ,$0.00 ,($5.44),$0.00 ,$0.00 ,-30,0,0,121.09,Completed,ach,Marketplace Takeout,,Dispatch,,,
U3U-9C7,Forefront Dermatology,1800 Wentzville Pkwy,Wentzville,MO,63385,,Wentzville,CBW- Crazy Bowls and Wraps (Wentzville),07/24/2025 11:16 AM,07/23/2025 11:26 AM,$241.25 ,$0.00 ,$20.00 ,($39.19),$25.21 ,$0.00 ,$0.00 ,($8.57),$0.00 ,$0.00 ,-30,0,0,208.7,Completed,ach,Marketplace Takeout,,Dispatch,,,
PHH-YAR,JEMA,2823 Olive St,St. Louis,MO,63103,,Lindell/SLU,CBW- Crazy Bowls and Wraps (Lindell/SLU),07/25/2025 11:39 AM,07/23/2025 1:56 PM,$186.85 ,$0.00 ,$20.00 ,($31.03),$24.62 ,$0.00 ,$0.00 ,($6.92),$0.00 ,$0.00 ,-30,0,0,163.52,Completed,ach,Marketplace Takeout,,Dispatch,,,
711-PKE,,6300 Enright Ave,St. Louis,MO,63130,,Forsyth/Clayton,CBW- Crazy Bowls and Wraps (Forsyth/Clayton),07/28/2025 7:55 AM,07/17/2025 11:00 AM,$34.20 ,$0.00 ,$20.00 ,($8.13),$0.00 ,$0.00 ,$0.00 ,($1.62),$0.00 ,$0.00 ,-30,0,0,14.45,Completed,ach,Marketplace Takeout,,Dispatch,,,
3AQ-UUP,Compass Retirement Solutions,10326 Old Olive St Rd,Creve Coeur,MO,63141,,West Oak,CBW- Crazy Bowls and Wraps (West Oak),07/28/2025 11:39 AM,07/22/2025 11:11 AM,$224.05 ,$0.00 ,$20.00 ,($36.61),$22.94 ,$0.00 ,$0.00 ,($7.98),$0.00 ,$0.00 ,-30,0,0,192.4,Completed,ach,Marketplace Takeout,,Dispatch,,,
1RR-C15,Saint Peters Pharmacy,4885 Mexico Rd,St. Peters,MO,63376,,Lindenwood,CBW- Crazy Bowls and Wraps (Lindenwood),07/29/2025 9:04 AM,07/28/2025 3:23 PM,$115.45 ,$0.00 ,$20.00 ,($20.32),$11.49 ,$0.00 ,$0.00 ,($4.39),$0.00 ,$0.00 ,-30,0,0,92.23,Completed,ach,Marketplace Takeout,,Dispatch,,,
GHY-9E2,KIPP High School,706 N Jefferson Ave 1st floor outside of 143,St. Louis,MO,63103,,Lindell/SLU,CBW- Crazy Bowls and Wraps (Lindell/SLU),07/29/2025 10:15 AM,07/23/2025 11:58 AM,"$1,105.00 ",$0.00 ,$20.00 ,($168.75),$145.63 ,$0.00 ,$0.00 ,($37.99),$0.00 ,$0.00 ,-110.5,0,0,953.39,Completed,ach,Marketplace Takeout,,Dispatch,,,
FKP-Y96,Ernst & Young,7676 Forsyth Blvd 2600,Clayton,MO,63105,,Forsyth/Clayton,CBW- Crazy Bowls and Wraps (Forsyth/Clayton),07/29/2025 10:58 AM,07/28/2025 11:09 AM,$238.29 ,$0.00 ,$20.00 ,($38.74),$27.97 ,$0.00 ,$0.00 ,($8.56),$0.00 ,$0.00 ,-30,0,0,208.96,Completed,ach,Marketplace Takeout,,Dispatch,,,
GRP-VQ0,"Plancorp, LLC",540 Maryville Centre Dr 105,St. Louis,MO,63141,,Rock Hill/Glendale,CBW- Crazy Bowls and Wraps (Rock Hill/Glendale),07/30/2025 10:55 AM,07/16/2025 9:53 AM,$702.70 ,$0.00 ,$20.00 ,($108.41),$64.92 ,$0.00 ,$0.00 ,($23.55),$0.00 ,$0.00 ,-70.27,0,0,585.39,Completed,ach,Marketplace Takeout,,Dispatch,,,
6EF-CPA,Mercy Internal Med,12855 N Forty Dr Ste 280,St. Louis,MO,63141,,Manchester,CBW- Crazy Bowls and Wraps (Manchester),07/30/2025 11:02 AM,07/28/2025 10:43 AM,$443.60 ,$0.00 ,$20.00 ,($69.54),$38.76 ,$0.00 ,$0.00 ,($15.02),$0.00 ,$0.00 ,-44.36,0,0,373.44,Completed,ach,Marketplace Takeout,,Dispatch,,,
3VV-KP3,NESTLE PURINA PETCARE,801 Chouteau Ave Administration Building/1st Floor Lobby,St. Louis,MO,63102,,Lindell/SLU,CBW- Crazy Bowls and Wraps (Lindell/SLU),07/30/2025 11:06 AM,07/25/2025 1:40 PM,$151.55 ,$0.00 ,$20.00 ,($25.73),$19.97 ,$0.00 ,$0.00 ,($5.73),$0.00 ,$0.00 ,-30,0,0,130.06,Completed,ach,Marketplace Takeout,,Dispatch,,,
9K2-93M,Lemonaid Pharmacy,1701 Macklind Ave Suite 300,St. Louis,MO,63110,,West Oak,CBW- Crazy Bowls and Wraps (West Oak),07/30/2025 11:15 AM,07/14/2025 3:36 PM,$242.19 ,$0.00 ,$25.00 ,($36.33),$24.80 ,$0.00 ,$24.22 ,($8.73),$0.00 ,$0.00 ,0,0,0,271.15,Completed,ach,Meal Program,,,,,
44T-T06,"Takeout from St. Peters, MO",,Wentzville,MO,,,Wentzville,CBW- Crazy Bowls and Wraps (Wentzville),07/30/2025 11:30 AM,07/29/2025 4:41 PM,$148.90 ,$0.00 ,$0.00 ,($22.34),$15.56 ,$0.00 ,$14.89 ,($4.92),$0.00 ,$0.00 ,0,0,0,152.09,Completed,ach,Marketplace Takeout,,N/A,,,
X6W-JQ9,Meramec Dermatology,3783 Vogel Rd,Arnold,MO,63010,,Tesson,CBW- Crazy Bowls and Wraps (Tesson),07/31/2025 10:44 AM,07/28/2025 9:38 AM,$290.00 ,$0.00 ,$20.00 ,($46.50),$25.34 ,$0.00 ,$0.00 ,($10.03),$0.00 ,$0.00 ,-30,0,0,248.81,Completed,ach,Marketplace Takeout,,Dispatch,,,
44P-EK6,Rung for Women,2717 Sidney St,St. Louis,MO,63104,,Lindell/SLU,CBW- Crazy Bowls and Wraps (Lindell/SLU),08/01/2025 10:16 AM,07/30/2025 11:27 AM,$312.75 ,$0.00 ,$20.00 ,($49.91),$0.00 ,$0.00 ,$0.00 ,($9.95),$0.00 ,$0.00 ,-31.28,0,0,241.61,Completed,ach,Marketplace Takeout,,Dispatch,,,
MR1-X7J,Rosenblum Goldenhersh PC,7733 Forsyth Blvd Suite 400,Clayton,MO,63105,,Forsyth/Clayton,CBW- Crazy Bowls and Wraps (Forsyth/Clayton),08/01/2025 11:25 AM,07/25/2025 12:22 PM,$360.00 ,$0.00 ,$20.00 ,($57.00),$42.26 ,$0.00 ,$0.00 ,($12.63),$0.00 ,$0.00 ,-36,0,0,316.63,Completed,ach,Marketplace Takeout,,Dispatch,,,
2UT-KX2,Contemporary Art Museum St. Louis,3750 Washington Blvd St. Louis,St. Louis,MO,63108,,Lindell/SLU,CBW- Crazy Bowls and Wraps (Lindell/SLU),08/01/2025 4:40 PM,07/17/2025 1:39 PM,$241.90 ,$0.00 ,$20.00 ,($18.33),$0.00 ,$0.00 ,$0.00 ,($7.83),$0.00 ,$0.00 ,-30,0,0,205.74,Completed,ach,Marketplace Takeout,,Dispatch,,,
HYF-1KJ,The Crossing Church,114 N Eatherton Rd,Chesterfield,MO,63005,,Chesterfield Valley,CBW- Crazy Bowls and Wraps (Chesterfield Valley),08/03/2025 10:59 AM,08/02/2025 6:41 PM,$85.50 ,$0.00 ,$20.00 ,($15.83),$0.00 ,$0.00 ,$0.00 ,($3.15),$0.00 ,$0.00 ,-30,0,0,56.52,Completed,ach,Marketplace Takeout,,Dispatch,,,
G97-QZH,KIPP St. Louis High,706 N Jefferson Ave,St. Louis,MO,63103,,Lindell/SLU,CBW- Crazy Bowls and Wraps (Lindell/SLU),08/04/2025 10:45 AM,07/23/2025 12:07 PM,"$4,710.00 ",$0.00 ,$20.00 ,($709.50),$620.73 ,$0.00 ,$0.00 ,($159.99),$0.00 ,$0.00 ,0,0,0,4481.24,Completed,ach,Marketplace Delivery,,N/A,,,
38Y-MW7,"Takeout from Brentwood, MO",,Brentwood,MO,,,Rock Hill/Glendale,CBW- Crazy Bowls and Wraps (Rock Hill/Glendale),08/04/2025 11:15 AM,08/01/2025 11:11 AM,$223.45 ,$0.00 ,$0.00 ,($33.52),$20.64 ,$0.00 ,$22.35 ,($7.30),$0.00 ,$0.00 ,0,0,0,225.62,Completed,ach,Marketplace Takeout,,N/A,,,
GUY-APY,Baram Psychiatry,10420 Old Olive St Rd Suite 205,Creve Coeur,MO,63141,,West Oak,CBW- Crazy Bowls and Wraps (West Oak),08/04/2025 11:24 AM,08/03/2025 12:56 PM,$103.45 ,$0.00 ,$20.00 ,($18.52),$10.59 ,$0.00 ,$0.00 ,($4.01),$0.00 ,$0.00 ,-30,0,0,81.51,Completed,ach,Marketplace Takeout,,Dispatch,,,
Z8W-722,Dr Terkonda,121 St Luke's Center Dr Suite 504,Chesterfield,MO,63017,,Creve Coeur,CBW- Crazy Bowls and Wraps (Creve Coeur),08/04/2025 11:37 AM,07/31/2025 3:34 PM,$263.50 ,$0.00 ,$20.00 ,($42.53),$23.02 ,$0.00 ,$0.00 ,($9.16),$0.00 ,$0.00 ,-30,0,0,224.83,Completed,ach,Marketplace Takeout,,Dispatch,,,
3A9-HJZ,Aspire Software,390 S Woods Mill Rd ste 300 - 3rd floor,Chesterfield,MO,63017,,West Oak,CBW- Crazy Bowls and Wraps (West Oak),08/05/2025 10:45 AM,07/21/2025 1:39 PM,$284.28 ,$0.00 ,$25.00 ,($42.64),$29.10 ,$0.00 ,$56.86 ,($10.12),$0.00 ,$0.00 ,0,0,0,342.48,Completed,ach,Meal Program,,,,,
6RJ-12G,Fabick Cat,1 Fabick Dr,Fenton,MO,63026,,Sunset Hills,CBW- Crazy Bowls and Wraps (Sunset Hills),08/05/2025 11:05 AM,08/04/2025 3:01 PM,$275.23 ,$0.00 ,$20.00 ,($44.28),$31.62 ,$0.00 ,$0.00 ,($9.77),$0.00 ,$0.00 ,-30,0,0,242.8,Completed,ach,Marketplace Takeout,,Dispatch,,,
1YG-0ZF,Trivers assoc.,380 N. 18th St Suite 100,St. Louis,MO,63103,,Lindell/SLU,CBW- Crazy Bowls and Wraps (Lindell/SLU),08/06/2025 11:06 AM,08/04/2025 11:59 AM,$319.62 ,$0.00 ,$20.00 ,($50.94),$42.12 ,$0.00 ,$0.00 ,($11.41),$0.00 ,$0.00 ,-31.96,0,0,287.43,Completed,ach,Marketplace Takeout,,Dispatch,,,
4AC-TG5,City of Sunset Hills,3915 S Lindbergh Blvd,St. Louis,MO,63127,,Manchester,CBW- Crazy Bowls and Wraps (Manchester),08/06/2025 11:14 AM,06/05/2025 9:29 AM,$264.00 ,$0.00 ,$20.00 ,($42.60),$0.00 ,$0.00 ,$0.00 ,($8.49),$0.00 ,$0.00 ,-30,0,0,202.91,Completed,ach,Marketplace Takeout,,Dispatch,,,
H1Y-QJ6,Lexicon,600 Kellwood Pkwy Suite 300,Chesterfield,MO,63017,,Creve Coeur,CBW- Crazy Bowls and Wraps (Creve Coeur),08/06/2025 11:20 AM,08/04/2025 9:54 AM,$313.54 ,$0.00 ,$20.00 ,($50.03),$27.40 ,$0.00 ,$0.00 ,($10.79),$0.00 ,$0.00 ,-31.35,0,0,268.77,Completed,ach,Marketplace Takeout,,Dispatch,,,
XXJ-GC5,Winland Foods,611 E Marceau St,St. Louis,MO,63111,,Tesson,CBW- Crazy Bowls and Wraps (Tesson),08/06/2025 11:28 AM,08/05/2025 11:20 AM,$259.53 ,$0.00 ,$20.00 ,($41.93),$22.68 ,$0.00 ,$0.00 ,($9.04),$0.00 ,$0.00 ,-30,0,0,221.24,Completed,ach,Marketplace Takeout,,Dispatch,,,
XHV-4EK,Thermo Fisher,4766 La Guardia Dr,Berkeley,MO,63134,,Forsyth/Clayton,CBW- Crazy Bowls and Wraps (Forsyth/Clayton),08/07/2025 10:32 AM,07/30/2025 2:21 PM,$80.64 ,$0.00 ,$20.00 ,($15.10),$9.47 ,$0.00 ,$0.00 ,($3.29),$0.00 ,$0.00 ,-30,0,0,61.72,Completed,ach,Marketplace Takeout,,Dispatch,,,
ZYY-3UG,Advantage Solutions,8001 Forsyth Blvd Suite 1025 Suite 1025 / 10th floor,Clayton,MO,63105,,Rock Hill/Glendale,CBW- Crazy Bowls and Wraps (Rock Hill/Glendale),08/07/2025 11:00 AM,08/06/2025 3:46 PM,$294.55 ,$0.00 ,$20.00 ,($47.18),$27.21 ,$0.00 ,$0.00 ,($10.22),$0.00 ,$0.00 ,-30,0,0,254.36,Completed,ach,Marketplace Takeout,postonb25,Dispatch,,,
EJW-X5Q,"Washington University School of Medicine, Mid Campus Center (MCC)",4590 Nash Way 11th floor,St. Louis,MO,63110,,Lindell/SLU,CBW- Crazy Bowls and Wraps (Lindell/SLU),08/07/2025 11:05 AM,08/05/2025 6:10 PM,$326.75 ,$0.00 ,$20.00 ,($52.01),$0.00 ,$0.00 ,$0.00 ,($10.37),$0.00 ,$0.00 ,-32.68,0,0,251.69,Completed,ach,Marketplace Takeout,,Dispatch,,,
9ZC-PW0,,100 Brevco Plaza,Lake Saint Louis,MO,63367,,Wentzville,CBW- Crazy Bowls and Wraps (Wentzville),08/08/2025 11:15 AM,08/07/2025 10:25 AM,$220.50 ,$0.00 ,$0.00 ,($33.08),$23.04 ,$0.00 ,$10.00 ,($7.28),$0.00 ,$0.00 ,0,0,0,213.18,Completed,ach,Marketplace Takeout,,N/A,,,
2HE-HZE,Gateway Region YMCA,2815 Scott Ave D,St. Louis,MO,63103,,Lindell/SLU,CBW- Crazy Bowls and Wraps (Lindell/SLU),08/12/2025 10:38 AM,08/11/2025 8:13 AM,$126.35 ,$0.00 ,$20.00 ,($21.95),$0.00 ,$0.00 ,$0.00 ,($4.38),$0.00 ,$0.00 ,-30,0,0,90.02,Completed,ach,Marketplace Takeout,,Dispatch,,,
MR8-RFX,Hunter Engineering,11250 Hunter Dr Building A,Bridgeton,MO,63044,,Lindenwood,CBW- Crazy Bowls and Wraps (Lindenwood),08/12/2025 10:44 AM,08/05/2025 1:34 PM,$287.10 ,$0.00 ,$20.00 ,($46.07),$28.57 ,$0.00 ,$0.00 ,($10.04),$0.00 ,$0.00 ,-30,0,0,249.56,Completed,ach,Marketplace Takeout,,Dispatch,,,
GYM-45Z,"Takeout from Wentzville, MO",,Wentzville,MO,,,Wentzville,CBW- Crazy Bowls and Wraps (Wentzville),08/13/2025 10:00 AM,08/12/2025 7:31 PM,$259.35 ,$0.00 ,$0.00 ,($38.90),$27.10 ,$0.00 ,$25.94 ,($8.56),$0.00 ,$0.00 ,0,0,0,264.93,Completed,ach,Marketplace Takeout,,N/A,,,
EZ6-209,City Academy,4175 Kingshighway Blvd,St. Louis,MO,63115,,Lindell/SLU,CBW- Crazy Bowls and Wraps (Lindell/SLU),08/13/2025 10:43 AM,08/06/2025 12:22 PM,$878.25 ,$0.00 ,$20.00 ,($134.74),$0.00 ,$0.00 ,$0.00 ,($26.86),$0.00 ,$0.00 ,-87.82,0,0,648.83,Completed,ach,Marketplace Takeout,,Dispatch,,,
W6R-TJU,Royal Canin,4 Cityplace Dr 1st Floor,St. Louis,MO,63141,,West Oak,CBW- Crazy Bowls and Wraps (West Oak),08/13/2025 11:12 AM,08/05/2025 4:35 PM,$220.30 ,$0.00 ,$20.00 ,($36.05),$22.55 ,$0.00 ,$0.00 ,($7.86),$0.00 ,$0.00 ,-30,0,0,188.94,Completed,ach,Marketplace Takeout,,Dispatch,,,
89H-2EE,Hunter Engineering - c/o Jim T.,"11250 Hunter Dr Building ""A""",Bridgeton,MO,63044,,West Oak,CBW- Crazy Bowls and Wraps (West Oak),08/13/2025 11:14 AM,08/08/2025 2:27 PM,$238.20 ,$0.00 ,$20.00 ,($38.73),$24.39 ,$0.00 ,$0.00 ,($8.45),$0.00 ,$0.00 ,-30,0,0,205.41,Completed,ach,Marketplace Takeout,,Dispatch,,,
06R-QMW,Drury Hotels Corporate Office,13075 Manchester Rd,Des Peres,MO,63131,,Manchester,CBW- Crazy Bowls and Wraps (Manchester),08/13/2025 11:24 AM,08/12/2025 7:02 PM,$231.32 ,$0.00 ,$20.00 ,($37.70),$20.21 ,$0.00 ,$0.00 ,($8.12),$0.00 ,$0.00 ,-30,0,0,195.71,Completed,ach,Marketplace Takeout,nccv3doll1,Dispatch,,,
3CW-EYM,Cambridge Air Solutions,760 Long Rd Crossing Dr,Chesterfield,MO,63005,,Chesterfield Valley,CBW- Crazy Bowls and Wraps (Chesterfield Valley),08/14/2025 11:06 AM,08/13/2025 4:25 PM,$254.70 ,$0.00 ,$20.00 ,($41.21),$25.76 ,$0.00 ,$0.00 ,($8.98),$0.00 ,$0.00 ,-30,0,0,220.27,Completed,ach,Marketplace Takeout,,Dispatch,,,
E0T-KQ4,HSHS St. Elizabeth’s Neurology,3 St Elizabeth's Blvd Suite 5000,O'Fallon,IL,62269,,Shiloh,CBW- Crazy Bowls and Wraps (Shiloh),08/14/2025 11:23 AM,08/11/2025 1:29 PM,$266.95 ,$0.00 ,$20.00 ,($43.04),$22.29 ,($22.29),$0.00 ,($9.25),$0.00 ,$0.00 ,-30,0,0,204.66,Completed,ach,Marketplace Takeout,,Dispatch,,,
V97-JPQ,Southampton Healthcare,2340 Hampton Ave,St. Louis,MO,63128,18,South City,CBW- Crazy Bowls and Wraps #18 (South City),08/14/2025 11:27 AM,08/13/2025 4:33 PM,$355.95 ,$0.00 ,$20.00 ,($56.39),$46.91 ,$0.00 ,$0.00 ,($12.64),$0.00 ,$0.00 ,-35.6,0,0,318.23,Completed,ach,Marketplace Takeout,,Dispatch,,,
AUA-UWG,University Tower/STLCC,1034 S Brentwood Blvd Floor 16,Richmond Heights,MO,63117,,Lindell/SLU,CBW- Crazy Bowls and Wraps (Lindell/SLU),08/15/2025 10:15 AM,08/08/2025 1:00 PM,$406.15 ,$0.00 ,$20.00 ,($63.92),$0.00 ,$0.00 ,$0.00 ,($12.74),$0.00 ,$0.00 ,-40.62,0,0,308.87,Completed,ach,Marketplace Takeout,,Dispatch,,,
9H1-9T0,Mercy Clinic Pediatrics,1203 Smizer Mill Rd Suite 108,Fenton,MO,63026,,Sunset Hills,CBW- Crazy Bowls and Wraps (Sunset Hills),08/15/2025 11:17 AM,08/12/2025 4:49 PM,$217.50 ,$0.00 ,$20.00 ,($35.63),$24.99 ,$0.00 ,$0.00 ,($7.85),$0.00 ,$0.00 ,-30,0,0,189.01,Completed,ach,Marketplace Takeout,,Dispatch,,,
RZ3-A31,Distinctive Dermatology,390 Office Ct,Fairview Heights,IL,62208,,Shiloh,CBW- Crazy Bowls and Wraps (Shiloh),08/18/2025 10:32 AM,08/15/2025 10:27 AM,$469.95 ,$0.00 ,$20.00 ,($73.49),$39.24 ,($39.24),$0.00 ,($15.82),$0.00 ,$0.00 ,-47,0,0,353.64,Completed,ach,Marketplace Takeout,,Dispatch,,,
W58-XZV,Spectrum Brands,1 Rider Trl Plz Dr,Earth City,MO,63045,,Lindenwood,CBW- Crazy Bowls and Wraps (Lindenwood),08/18/2025 11:07 AM,08/17/2025 5:17 PM,$117.59 ,$0.00 ,$20.00 ,($20.64),$11.70 ,$0.00 ,$0.00 ,($4.46),$0.00 ,$0.00 ,-30,0,0,94.19,Completed,ach,Marketplace Takeout,,Dispatch,,,
0GA-VRC,Woodard & Curran,1520 South 5th St Suite 273,Saint Charles,MO,63303,,Lindenwood,CBW- Crazy Bowls and Wraps (Lindenwood),08/18/2025 11:21 AM,08/15/2025 12:01 PM,$255.95 ,$0.00 ,$20.00 ,($41.39),$25.47 ,$0.00 ,$0.00 ,($9.01),$0.00 ,$0.00 ,-30,0,0,221.02,Completed,ach,Marketplace Takeout,,Dispatch,,,
5Z0-M3Y,Serenity health,5000 Cedar Plaza Pkwy 350,St. Louis,MO,63128,,Tesson,CBW- Crazy Bowls and Wraps (Tesson),08/18/2025 11:24 AM,08/17/2025 5:44 PM,$236.33 ,$0.00 ,$20.00 ,($38.45),$20.65 ,$0.00 ,$0.00 ,($8.28),$0.00 ,$0.00 ,-30,0,0,200.25,Completed,ach,Marketplace Takeout,,Dispatch,,,
J8Q-Z75,Subtext,3000 Locust St,St. Louis,MO,63103,,Lindell/SLU,CBW- Crazy Bowls and Wraps (Lindell/SLU),08/18/2025 11:25 AM,08/13/2025 4:13 PM,$81.70 ,$0.00 ,$20.00 ,($15.26),$10.77 ,$0.00 ,$0.00 ,($3.36),$0.00 ,$0.00 ,-30,0,0,63.85,Completed,ach,Marketplace Takeout,,Dispatch,,,
HVZ-JJC,Specialists in Gastroenterology,11525 Olde Cabin Rd,Creve Coeur,MO,63141,,West Oak,CBW- Crazy Bowls and Wraps (West Oak),08/19/2025 11:10 AM,08/18/2025 3:10 PM,$533.10 ,$0.00 ,$20.00 ,($82.97),$54.58 ,$0.00 ,$0.00 ,($18.17),$0.00 ,$0.00 ,-53.31,0,0,453.23,Completed,ach,Marketplace Takeout,,Dispatch,,,
JQV-Q8Z,Equifax,11432 Lackland Rd,St. Louis,MO,63146,,West Oak,CBW- Crazy Bowls and Wraps (West Oak),08/19/2025 11:19 AM,08/14/2025 2:27 PM,$285.85 ,$0.00 ,$20.00 ,($45.88),$29.27 ,$0.00 ,$0.00 ,($10.02),$0.00 ,$0.00 ,-30,0,0,249.22,Completed,ach,Marketplace Takeout,,Dispatch,,,
ZKJ-JCY,Talisen Technologies Inc,12655 Olive Blvd 500,St. Louis,MO,63141,,Creve Coeur,CBW- Crazy Bowls and Wraps (Creve Coeur),08/20/2025 7:38 AM,08/18/2025 8:23 AM,$192.80 ,$0.00 ,$20.00 ,($31.92),$16.85 ,$0.00 ,$0.00 ,($6.87),$0.00 ,$0.00 ,-30,0,0,160.86,Completed,ach,Marketplace Takeout,,Dispatch,,,
636-AWR,Aspire Software,390 S Woods Mill Rd ste 300 - 3rd floor,Chesterfield,MO,63017,,West Oak,CBW- Crazy Bowls and Wraps (West Oak),08/20/2025 10:45 AM,08/04/2025 2:38 PM,$184.69 ,$0.00 ,$25.00 ,($27.70),$18.91 ,$0.00 ,$36.94 ,($6.84),$0.00 ,$0.00 ,0,0,0,231,Completed,ach,Meal Program,,,,,
J18-R1Q,Willis Towers Watson (WTW),7733 Forsyth Blvd Suite 1350,St. Louis,MO,63105,,Rock Hill/Glendale,CBW- Crazy Bowls and Wraps (Rock Hill/Glendale),08/20/2025 11:02 AM,08/17/2025 8:50 AM,$224.81 ,$0.00 ,$20.00 ,($36.72),$20.77 ,$0.00 ,$0.00 ,($7.94),$0.00 ,$0.00 ,-30,0,0,190.92,Completed,ach,Marketplace Takeout,,Dispatch,,,
K8Q-TVV,Arnold Eyecare,Water Tower Pl,Arnold,MO,63010,,Tesson,CBW- Crazy Bowls and Wraps (Tesson),08/20/2025 11:17 AM,08/19/2025 6:25 PM,$178.95 ,$0.00 ,$20.00 ,($29.84),$15.64 ,$0.00 ,$0.00 ,($6.42),$0.00 ,$0.00 ,-30,0,0,148.33,Completed,ach,Marketplace Takeout,,Dispatch,,,
440-73G,MilliporeSigma - Dekalb,3500 Dekalb St,St. Louis,MO,63118,,Lindell/SLU,CBW- Crazy Bowls and Wraps (Lindell/SLU),08/20/2025 11:30 AM,08/16/2025 7:24 AM,$133.15 ,$0.00 ,$20.00 ,($22.97),$17.55 ,$0.00 ,$0.00 ,($5.10),$0.00 ,$0.00 ,-30,0,0,112.63,Completed,ach,Marketplace Takeout,,Dispatch,,,
RMY-1K2,Fabick Cat,1 Fabick Dr,Fenton,MO,63026,,Sunset Hills,CBW- Crazy Bowls and Wraps (Sunset Hills),08/20/2025 11:36 AM,08/13/2025 9:12 AM,$210.47 ,$0.00 ,$20.00 ,($34.57),$24.18 ,$0.00 ,$0.00 ,($7.61),$0.00 ,$0.00 ,-30,0,0,182.47,Completed,ach,Marketplace Takeout,,Dispatch,,,
F75-P13,,,O'Fallon,MO,,,O'Fallon,CBW- Crazy Bowls and Wraps (O'Fallon),08/20/2025 12:15 PM,08/19/2025 4:16 PM,$169.20 ,$0.00 ,$0.00 ,($25.38),$15.14 ,$0.00 ,$10.00 ,($5.51),$0.00 ,$0.00 ,0,0,0,163.45,Completed,ach,Marketplace Takeout,,N/A,,,
ZJU-R2X,Caduceus Corporation Pulmonary and Sleep Medicine,11200 Tesson Ferry Rd Suite 100,St. Louis,MO,63123,,Tesson,CBW- Crazy Bowls and Wraps (Tesson),08/21/2025 11:05 AM,08/14/2025 9:39 AM,$285.00 ,$0.00 ,$20.00 ,($45.75),$24.90 ,$0.00 ,$0.00 ,($9.86),$0.00 ,$0.00 ,-30,0,0,244.29,Completed,ach,Marketplace Takeout,,Dispatch,,,
JXH-G8U,Curium,2703 Wagner Pl,Maryland Heights,MO,63043,,West Oak,CBW- Crazy Bowls and Wraps (West Oak),08/21/2025 11:17 AM,08/19/2025 12:25 PM,$241.50 ,$0.00 ,$20.00 ,($39.23),$24.72 ,$0.00 ,$0.00 ,($8.56),$0.00 ,$0.00 ,-30,0,0,208.43,Completed,ach,Marketplace Takeout,,Dispatch,,,
QPJ-ERT,Saint Louis University School of Medicine,3545 Vista Ave 1st floor,St. Louis,MO,63104,,Lindell/SLU,CBW- Crazy Bowls and Wraps (Lindell/SLU),08/21/2025 11:20 AM,08/20/2025 11:50 AM,$421.34 ,$0.00 ,$20.00 ,($66.20),$0.00 ,$0.00 ,$0.00 ,($13.20),$0.00 ,$0.00 ,-42.13,0,0,319.81,Completed,ach,Marketplace Takeout,,Dispatch,,,
MH3-E2M,NUTRIFORMANCE,1033 Corporate Square Dr,St. Louis,MO,63132,,West Oak,CBW- Crazy Bowls and Wraps (West Oak),08/21/2025 11:21 AM,08/18/2025 11:59 AM,$397.20 ,$0.00 ,$20.00 ,($62.58),$40.67 ,$0.00 ,$0.00 ,($13.69),$0.00 ,$0.00 ,-39.72,0,0,341.88,Completed,ach,Marketplace Takeout,,Dispatch,,,
0F7-GQH,Saint Louis MHB,701 Market St Suite 200,St. Louis,MO,63101,,Lindell/SLU,CBW- Crazy Bowls and Wraps (Lindell/SLU),08/21/2025 4:02 PM,08/14/2025 2:41 PM,$200.45 ,$0.00 ,$20.00 ,($33.07),$0.00 ,$0.00 ,$0.00 ,($6.59),$0.00 ,$0.00 ,-30,0,0,150.79,Completed,ach,Marketplace Takeout,,Dispatch,,,
H9P-JX5,STL Zoo Living World,1 Government Dr,St. Louis,MO,63110,18,South City,CBW- Crazy Bowls and Wraps #18 (South City),08/22/2025 4:50 PM,08/19/2025 4:50 PM,$170.20 ,$0.00 ,$20.00 ,($28.53),$22.43 ,$0.00 ,$0.00 ,($6.36),$0.00 ,$0.00 ,-30,0,0,147.74,Completed,ach,Marketplace Takeout,,Dispatch,,,
8G3-Z1Q,Saint Louis University,20 N Grand Blvd,St. Louis,MO,63103,,Lindell/SLU,CBW- Crazy Bowls and Wraps (Lindell/SLU),08/22/2025 6:11 PM,08/21/2025 4:23 PM,$166.64 ,$0.00 ,$20.00 ,($28.00),$0.00 ,$0.00 ,$0.00 ,($5.58),$0.00 ,$0.00 ,-30,0,0,123.06,Completed,ach,Marketplace Takeout,,Dispatch,,,
JQ7-JXW,Hermann Statdium,3330 Laclede Ave Dead end of Laclede Ave,St. Louis,MO,63103,,Lindell/SLU,CBW- Crazy Bowls and Wraps (Lindell/SLU),08/24/2025 1:00 PM,08/23/2025 11:43 AM,$428.76 ,$0.00 ,$0.00 ,($64.31),$0.00 ,$0.00 ,$64.31 ,($12.82),($214.38),$0.00 ,0,0,0,201.56,Completed,ach,Marketplace Takeout,,N/A,,,
7PC-TVA,Robert R. Hermann Stadium,1 S Compton Ave,St. Louis,MO,63103,,Lindell/SLU,CBW- Crazy Bowls and Wraps (Lindell/SLU),08/24/2025 6:38 PM,08/22/2025 11:57 AM,$490.15 ,$0.00 ,$20.00 ,($76.52),$0.00 ,$0.00 ,$0.00 ,($15.25),$0.00 ,$0.00 ,-49.02,0,0,369.36,Completed,ach,Marketplace Takeout,,Dispatch,,,
K2C-J59,World Wide Technology,108 Gateway Commerce Center Dr N,Edwardsville,IL,62025,,Edwardsville,CBW- Crazy Bowls and Wraps (Edwardsville),08/25/2025 10:27 AM,08/14/2025 8:40 AM,$320.25 ,$0.00 ,$20.00 ,($51.04),$27.54 ,($27.54),$0.00 ,($11.00),$0.00 ,$0.00 ,-32.02,0,0,246.19,Completed,ach,Marketplace Takeout,,Dispatch,,,
GWK-X89,Washington University in St. Louis,517 S Euclid Ave Washington University - Anesthesiology Fl 3,St. Louis,MO,63110,,Lindell/SLU,CBW- Crazy Bowls and Wraps (Lindell/SLU),08/26/2025 11:12 AM,08/20/2025 2:47 PM,$207.00 ,$0.00 ,$20.00 ,($34.05),$0.00 ,$0.00 ,$0.00 ,($6.79),$0.00 ,$0.00 ,-30,0,0,156.16,Completed,ach,Marketplace Takeout,,Dispatch,,,
XCR-ZKG,PwC,6 Cardinal Way 11th Floor,St. Louis,MO,63102,,Lindell/SLU,CBW- Crazy Bowls and Wraps (Lindell/SLU),08/27/2025 11:20 AM,08/25/2025 4:54 PM,$155.00 ,$0.00 ,$20.00 ,($26.25),$20.43 ,$0.00 ,$0.00 ,($5.84),$0.00 ,$0.00 ,-30,0,0,133.34,Completed,ach,Marketplace Takeout,,Dispatch,,,
13H-MH9,Becker Library  - WashU Medical School,660 S Euclid Ave,St. Louis,MO,63110,,Lindell/SLU,CBW- Crazy Bowls and Wraps (Lindell/SLU),08/28/2025 11:21 AM,08/27/2025 3:21 PM,$246.90 ,$0.00 ,$20.00 ,($40.04),$0.00 ,$0.00 ,$0.00 ,($7.98),$0.00 ,$0.00 ,-30,0,0,188.88,Completed,ach,Marketplace Takeout,,Dispatch,,,
6TU-67V,Champions Center--Chaifeitz Arena,1 S Compton Ave Go through gate to back entrance,St. Louis,MO,63103,,Lindell/SLU,CBW- Crazy Bowls and Wraps (Lindell/SLU),08/28/2025 5:52 PM,08/27/2025 10:27 AM,$249.65 ,$0.00 ,$20.00 ,($40.45),$0.00 ,$0.00 ,$0.00 ,($8.06),$0.00 ,$0.00 ,-30,0,0,191.14,Completed,ach,Marketplace Takeout,,Dispatch,,,
HHM-7GP,"Washington University School of Medicine, Mid Campus Center (MCC)",4590 Nash Way 11th floor,St. Louis,MO,63110,,Lindell/SLU,CBW- Crazy Bowls and Wraps (Lindell/SLU),08/29/2025 11:06 AM,08/26/2025 11:54 AM,$264.04 ,$0.00 ,$20.00 ,($42.61),$0.00 ,$0.00 ,$0.00 ,($8.49),$0.00 ,$0.00 ,-30,0,0,202.94,Completed,ach,Marketplace Takeout,,Dispatch,,,
QT4-M5Z,Building B suite 40- urology,111 St Luke's Center Dr,Chesterfield,MO,63017,,Creve Coeur,CBW- Crazy Bowls and Wraps (Creve Coeur),08/29/2025 11:08 AM,08/26/2025 11:25 AM,$246.00 ,$0.00 ,$20.00 ,($39.90),$21.50 ,$0.00 ,$0.00 ,($8.60),$0.00 ,$0.00 ,-30,0,0,209,Completed,ach,Marketplace Takeout,,Dispatch,,,
MRA-AAM,Aspire Software,390 S Woods Mill Rd ste 300 - 3rd floor,Chesterfield,MO,63017,,West Oak,CBW- Crazy Bowls and Wraps (West Oak),09/02/2025 10:45 AM,08/19/2025 3:29 PM,$115.34 ,$0.00 ,$25.00 ,($17.30),$11.81 ,$0.00 ,$23.07 ,($4.55),$0.00 ,$0.00 ,0,0,0,153.37,Completed,ach,Meal Program,,,,,
JYM-U8J,"Benefit Finance Partners, LLC",6 Cityplace Dr 4th floor suite 400,Creve Coeur,MO,63141,,West Oak,CBW- Crazy Bowls and Wraps (West Oak),09/02/2025 11:10 AM,08/27/2025 10:30 AM,$459.20 ,$0.00 ,$20.00 ,($71.88),$47.01 ,$0.00 ,$0.00 ,($15.73),$0.00 ,$0.00 ,-45.92,0,0,392.68,Completed,ach,Marketplace Takeout,,Dispatch,,,
QC0-4KP,Sound Health Services,1010 Old Des Peres Rd,Des Peres,MO,63131,,Manchester,CBW- Crazy Bowls and Wraps (Manchester),09/02/2025 4:53 PM,08/27/2025 12:55 PM,$150.65 ,$0.00 ,$20.00 ,($25.60),$13.16 ,$0.00 ,$0.00 ,($5.50),$0.00 ,$0.00 ,-30,0,0,122.71,Completed,ach,Marketplace Takeout,,Dispatch,,,
JJH-M2A,ArchBridge Family Office,7700 Forsyth Blvd Suite 1100,St. Louis,MO,63105,,Rock Hill/Glendale,CBW- Crazy Bowls and Wraps (Rock Hill/Glendale),09/03/2025 10:14 AM,08/26/2025 2:57 PM,$564.40 ,$0.00 ,$20.00 ,($87.66),$52.14 ,$0.00 ,$0.00 ,($19.03),$0.00 ,$0.00 ,-56.44,0,0,473.41,Completed,ach,Marketplace Takeout,,Dispatch,,,
V2U-200,Ernst & Young,7676 Forsyth Blvd 2600,Clayton,MO,63105,,Rock Hill/Glendale,CBW- Crazy Bowls and Wraps (Rock Hill/Glendale),09/03/2025 10:46 AM,08/28/2025 1:51 PM,$405.50 ,$0.00 ,$20.00 ,($63.83),$37.46 ,$0.00 ,$0.00 ,($13.84),$0.00 ,$0.00 ,-40.55,0,0,344.74,Completed,ach,Marketplace Takeout,,Dispatch,,,
WCR-CAV,Whitebridge Pet Brands,11330 Olive Blvd Suite 300,Creve Coeur,MO,63141,,West Oak,CBW- Crazy Bowls and Wraps (West Oak),09/03/2025 11:23 AM,09/01/2025 9:33 AM,$875.65 ,$0.00 ,$20.00 ,($134.35),$89.65 ,$0.00 ,$0.00 ,($29.46),$0.00 ,$0.00 ,-87.56,0,0,733.93,Completed,ach,Marketplace Takeout,,Dispatch,,,
PAX-VY2,"Takeout from Shiloh, IL",,Shiloh,IL,,,Shiloh,CBW- Crazy Bowls and Wraps (Shiloh),09/04/2025 10:30 AM,09/03/2025 5:37 PM,$131.10 ,$0.00 ,$0.00 ,($19.67),$10.95 ,($10.95),$0.00 ,($4.25),$0.00 ,$0.00 ,0,0,0,107.18,Completed,ach,Marketplace Takeout,,N/A,,,
PUH-2WC,AFB International,3 Research Park Dr,Weldon Spring,MO,63304,,O'Fallon,CBW- Crazy Bowls and Wraps (O'Fallon),09/04/2025 10:43 AM,08/21/2025 2:36 PM,$464.50 ,$0.00 ,$20.00 ,($72.68),$41.57 ,$0.00 ,$0.00 ,($15.73),$0.00 ,$0.00 ,-46.45,0,0,391.21,Completed,ach,Marketplace Takeout,,Dispatch,,,
HGY-4Q8,Plancorp Wealth Management,540 Maryville Centre Dr Suite 105,St. Louis,MO,63141,,Creve Coeur,CBW- Crazy Bowls and Wraps (Creve Coeur),09/04/2025 11:00 AM,08/21/2025 10:43 AM,$825.00 ,$0.00 ,$20.00 ,($126.75),$72.09 ,$0.00 ,$0.00 ,($27.42),$0.00 ,$0.00 ,-82.5,0,0,680.42,Completed,ach,Marketplace Takeout,,Dispatch,,,
U22-Q8R,Westside Pediatrics,100 Brevco Plaza 101,Lake Saint Louis,MO,63367,,Wentzville,CBW- Crazy Bowls and Wraps (Wentzville),09/04/2025 11:19 AM,09/03/2025 12:19 PM,$191.10 ,$0.00 ,$20.00 ,($31.67),$19.97 ,$0.00 ,$0.00 ,($6.91),$0.00 ,$0.00 ,-30,0,0,162.49,Completed,ach,Marketplace Takeout,,Dispatch,,,
3YA-5XY,Dr. Sills Powell Podiatry,1776 Crosswinds Dr,Wentzville,MO,63385,,Wentzville,CBW- Crazy Bowls and Wraps (Wentzville),09/04/2025 11:21 AM,09/03/2025 8:36 AM,$79.20 ,$0.00 ,$20.00 ,($14.88),$8.28 ,$0.00 ,$0.00 ,($3.21),$0.00 ,$0.00 ,-30,0,0,59.39,Completed,ach,Marketplace Takeout,,Dispatch,,,
W8P-FM7,Distinctive Dermatology,390 Office Ct,Fairview Heights,IL,62208,,Shiloh,CBW- Crazy Bowls and Wraps (Shiloh),09/08/2025 10:32 AM,09/04/2025 12:27 PM,$469.95 ,$0.00 ,$20.00 ,($73.49),$39.24 ,($39.24),$0.00 ,($15.82),$0.00 ,$0.00 ,-47,0,0,353.64,Completed,ach,Marketplace Takeout,,Dispatch,,,
KGV-0E5,CapyBio,4340 Duncan Ave 290,St. Louis,MO,63110,,Lindell/SLU,CBW- Crazy Bowls and Wraps (Lindell/SLU),09/09/2025 10:24 AM,09/08/2025 9:05 AM,$164.82 ,$0.00 ,$20.00 ,($27.72),$21.72 ,$0.00 ,$0.00 ,($6.18),$0.00 ,$0.00 ,-30,0,0,142.64,Completed,ach,Marketplace Takeout,,Dispatch,,,
58G-ZKR,Derm Care,12200 Weber Hill Rd 200,St. Louis,MO,63127,,Tesson,CBW- Crazy Bowls and Wraps (Tesson),09/09/2025 11:20 AM,09/08/2025 11:06 AM,$457.50 ,$0.00 ,$20.00 ,($71.63),$35.40 ,$0.00 ,$0.00 ,($15.34),($45.00),$0.00 ,-45.75,0,0,335.18,Completed,ach,Marketplace Takeout,,Dispatch,,,
P9P-9QZ,Christina White Salon,1520 S 5th st. 105,Saint Charles,MO,63303,,Creve Coeur,CBW- Crazy Bowls and Wraps (Creve Coeur),09/10/2025 7:20 AM,09/04/2025 4:20 PM,$142.50 ,$0.00 ,$20.00 ,($24.38),$12.45 ,$0.00 ,$0.00 ,($5.23),$0.00 ,$0.00 ,-30,0,0,115.34,Completed,ach,Marketplace Takeout,,Dispatch,,,
HVK-H2U,Nestle Purina Pet Care,800 Chouteau Ave,St. Louis,MO,63102,,Lindell/SLU,CBW- Crazy Bowls and Wraps (Lindell/SLU),09/10/2025 10:37 AM,09/05/2025 11:25 AM,$117.90 ,$0.00 ,$20.00 ,($20.69),$15.54 ,$0.00 ,$0.00 ,($4.59),$0.00 ,$0.00 ,-30,0,0,98.16,Completed,ach,Marketplace Takeout,,Dispatch,,,
8U5-ZYR,Gateway Region YMCA,2815 Scott Ave D,St. Louis,MO,63103,,Lindell/SLU,CBW- Crazy Bowls and Wraps (Lindell/SLU),09/10/2025 10:53 AM,09/08/2025 8:39 AM,$126.45 ,$0.00 ,$20.00 ,($21.97),$0.00 ,$0.00 ,$0.00 ,($4.38),$0.00 ,$0.00 ,-30,0,0,90.1,Completed,ach,Marketplace Takeout,,Dispatch,,,
AJ7-YFJ,WashU Medicine-Anesthesiology,517 S Euclid Ave Anesthesiology Suite/3rd FL,St. Louis,MO,63110,,Lindell/SLU,CBW- Crazy Bowls and Wraps (Lindell/SLU),09/10/2025 11:20 AM,09/03/2025 11:36 AM,$463.95 ,$0.00 ,$20.00 ,($72.59),$0.00 ,$0.00 ,$0.00 ,($14.47),($23.19),$0.00 ,-46.4,0,0,327.3,Completed,ach,Marketplace Takeout,,Dispatch,,,
XMP-UKY,Regional Eyecare,2681 State Hwy K,O'Fallon,MO,63368,,O'Fallon,CBW- Crazy Bowls and Wraps (O'Fallon),09/10/2025 12:00 PM,09/09/2025 11:42 AM,$206.70 ,$0.00 ,$0.00 ,($14.47),$18.50 ,$0.00 ,$20.67 ,($6.73),$0.00 ,$0.00 ,0,0,0,224.67,Completed,ach,Marketplace Takeout,,N/A,,,
PFX-TJ1,Core & Main,1830 Craig Park Ct,St. Louis,MO,63146,,West Oak,CBW- Crazy Bowls and Wraps (West Oak),09/11/2025 10:47 AM,09/09/2025 4:57 PM,"$1,076.50 ",$0.00 ,$20.00 ,($164.48),$96.76 ,$0.00 ,$0.00 ,($35.68),$0.00 ,$0.00 ,-107.65,0,0,885.45,Completed,ach,Marketplace Takeout,,Dispatch,,,
9UW-VG1,Cardinal Glennon Children's Hospital,1465 South Grand Blvd Main entrance,St. Louis,MO,63104,,Lindell/SLU,CBW- Crazy Bowls and Wraps (Lindell/SLU),09/11/2025 11:20 AM,09/04/2025 2:49 PM,$376.20 ,$0.00 ,$20.00 ,($59.43),$0.00 ,$0.00 ,$0.00 ,($11.85),$0.00 ,$0.00 ,-37.62,0,0,287.3,Completed,ach,Marketplace Takeout,,Dispatch,,,
4VJ-V3T,Urology of st louis-Maryville,6812 IL-162 200,Maryville,IL,62062,,Edwardsville,CBW- Crazy Bowls and Wraps (Edwardsville),09/12/2025 11:17 AM,09/10/2025 6:25 PM,$307.50 ,$0.00 ,$20.00 ,($49.13),$23.37 ,($23.37),$0.00 ,($10.49),$0.00 ,$0.00 ,-30.75,0,0,237.13,Completed,ach,Marketplace Takeout,,Dispatch,,,
M6Z-U2Q,Weber Chevrolet,12015 Olive Blvd,Creve Coeur,MO,63141,,West Oak,CBW- Crazy Bowls and Wraps (West Oak),09/13/2025 10:39 AM,09/12/2025 12:32 PM,$327.50 ,$0.00 ,$20.00 ,($52.13),$29.44 ,$0.00 ,$0.00 ,($11.27),$0.00 ,$0.00 ,-32.75,0,0,280.79,Completed,ach,Marketplace Takeout,,Dispatch,,,
CJ7-RGH,Mercy Clinic Primary Care - Des Peres - Dr. Hilgeman,1000 Des Peres Rd Suite 310,Des Peres,MO,63131,,Manchester,CBW- Crazy Bowls and Wraps (Manchester),09/15/2025 11:06 AM,09/12/2025 8:52 AM,$341.00 ,$0.00 ,$20.00 ,($54.15),$29.80 ,$0.00 ,$0.00 ,($11.68),$0.00 ,$0.00 ,-34.1,0,0,290.87,Completed,ach,Marketplace Takeout,,Dispatch,,,
HK9-TZP,,,Creve Coeur,MO,,,West Oak,CBW- Crazy Bowls and Wraps (West Oak),09/15/2025 11:30 AM,09/14/2025 4:35 PM,$253.50 ,$0.00 ,$0.00 ,($38.03),$22.78 ,$0.00 ,$0.00 ,($8.26),$0.00 ,$0.00 ,0,0,0,229.99,Completed,ach,Marketplace Takeout,,N/A,,,
M43-ZYE,Ashley Homstore/DSG,3700 Green Mt Crossing Dr,Shiloh,IL,62269,,Shiloh,CBW- Crazy Bowls and Wraps (Shiloh),09/15/2025 11:42 AM,09/12/2025 1:14 PM,$212.59 ,$0.00 ,$20.00 ,($34.89),$17.75 ,($17.75),$0.00 ,($7.49),$0.00 ,$0.00 ,-30,0,0,160.21,Completed,ach,Marketplace Takeout,,Dispatch,,,
M16-E0Y,,,St. Peters,MO,,,O'Fallon,CBW- Crazy Bowls and Wraps (O'Fallon),09/16/2025 11:00 AM,09/15/2025 5:31 PM,$56.04 ,$0.00 ,$0.00 ,($8.41),$5.02 ,$0.00 ,$5.60 ,($1.83),$0.00 ,$0.00 ,0,0,0,56.42,Completed,ach,Marketplace Takeout,,N/A,,,
2EP-CR7,St Louis Music,1400 Ferguson Ave,St. Louis,MO,63133,,Lindell/SLU,CBW- Crazy Bowls and Wraps (Lindell/SLU),09/16/2025 11:14 AM,09/12/2025 3:26 PM,$312.76 ,$0.00 ,$20.00 ,($49.91),$41.22 ,$0.00 ,$0.00 ,($11.18),$0.00 ,$0.00 ,-31.28,0,0,281.61,Completed,ach,Marketplace Takeout,,Dispatch,,,
EKG-X98,Gulfstream,"6400 Curtiss-Steinberg Dr Hangar A, 2nd floor - Matt Trull",Sauget,IL,62206,,Lindell/SLU,CBW- Crazy Bowls and Wraps (Lindell/SLU),09/17/2025 10:31 AM,09/15/2025 11:23 AM,$166.18 ,$0.00 ,$20.00 ,($27.93),$21.90 ,$0.00 ,$0.00 ,($6.22),$0.00 ,$0.00 ,-30,0,0,143.93,Completed,ach,Marketplace Takeout,,Dispatch,,,
6YQ-0KE,Tarlton Corportation,5500 W Park Ave,St. Louis,MO,63110,18,South City,CBW- Crazy Bowls and Wraps #18 (South City),09/17/2025 11:01 AM,09/16/2025 8:17 AM,"$1,049.75 ",$0.00 ,$20.00 ,($160.46),$138.35 ,$0.00 ,$0.00 ,($36.12),$0.00 ,$0.00 ,-104.98,0,0,906.54,Completed,ach,Marketplace Takeout,,Dispatch,,,
CYF-K6K,St Louis Music,1400 Ferguson Ave,St. Louis,MO,63133,,Lindell/SLU,CBW- Crazy Bowls and Wraps (Lindell/SLU),09/17/2025 11:13 AM,09/12/2025 3:31 PM,$309.87 ,$0.00 ,$20.00 ,($49.48),$40.84 ,$0.00 ,$0.00 ,($11.08),$0.00 ,$0.00 ,-30.99,0,0,279.16,Completed,ach,Marketplace Takeout,,Dispatch,,,
VGJ-71Q,Core & Main,1830 Craig Park Ct,St. Louis,MO,63146,,West Oak,CBW- Crazy Bowls and Wraps (West Oak),09/18/2025 10:38 AM,09/16/2025 8:56 AM,$335.00 ,$0.00 ,$20.00 ,($53.25),$30.11 ,$0.00 ,$0.00 ,($11.51),$0.00 ,$0.00 ,-33.5,0,0,286.85,Completed,ach,Marketplace Takeout,,Dispatch,,,
EKU-W1H,Aspire Software,390 S Woods Mill Rd ste 300 - 3rd floor,Chesterfield,MO,63017,,West Oak,CBW- Crazy Bowls and Wraps (West Oak),09/18/2025 10:45 AM,09/02/2025 2:49 PM,$57.05 ,$0.00 ,$25.00 ,($12.69),$5.13 ,$0.00 ,$16.92 ,($3.43),$0.00 ,$0.00 ,27.53,0,0,115.51,Completed,ach,Meal Program,,,,,
8HC-1H7,"Takeout from Wentzville, MO",,Wentzville,MO,,,Wentzville,CBW- Crazy Bowls and Wraps (Wentzville),09/18/2025 10:45 AM,09/16/2025 7:36 PM,$335.90 ,$0.00 ,$0.00 ,($50.39),$35.10 ,$0.00 ,$0.00 ,($11.09),$0.00 ,$0.00 ,0,0,0,309.52,Completed,ach,Marketplace Takeout,,N/A,,,
U8G-6AQ,St. Lous Gastroenterology Associates,3555 Sunset Office Dr Suite 107,St. Louis,MO,63127,,Sunset Hills,CBW- Crazy Bowls and Wraps (Sunset Hills),09/18/2025 11:07 AM,09/16/2025 11:50 AM,$560.87 ,$0.00 ,$20.00 ,($87.13),$43.40 ,$0.00 ,$0.00 ,($18.67),$0.00 ,$0.00 ,-56.09,0,0,462.38,Completed,ach,Marketplace Takeout,,Dispatch,,,
98P-XM8,World Chess Hall of Fame & Galleries,4652 Maryland Ave,St. Louis,MO,63108,,Lindell/SLU,CBW- Crazy Bowls and Wraps (Lindell/SLU),09/18/2025 11:08 AM,09/12/2025 2:58 PM,$248.00 ,$0.00 ,$20.00 ,($40.20),$0.00 ,$0.00 ,$0.00 ,($8.01),$0.00 ,$0.00 ,-30,0,0,189.79,Completed,ach,Marketplace Takeout,,Dispatch,,,
7X5-1E2,Carmody MacDonald,120 S Central Ave 7TH FLOOR,Clayton,MO,63105,,Forsyth/Clayton,CBW- Crazy Bowls and Wraps (Forsyth/Clayton),09/19/2025 8:07 AM,09/17/2025 10:44 AM,$434.90 ,$0.00 ,$20.00 ,($68.24),$44.53 ,$0.00 ,$0.00 ,($14.93),$0.00 ,$0.00 ,-43.49,0,0,372.77,Completed,ach,Marketplace Takeout,,Dispatch,,,
RM6-VEQ,"Takeout from Fairview Heights, IL",,Fairview Heights,IL,,,Shiloh,CBW- Crazy Bowls and Wraps (Shiloh),09/19/2025 10:30 AM,09/18/2025 7:35 PM,$295.40 ,$0.00 ,$0.00 ,($20.68),$24.67 ,($24.67),$29.54 ,($9.57),$0.00 ,$0.00 ,0,0,0,294.69,Completed,ach,Marketplace Takeout,,N/A,,,
9CT-780,Lemonaid Pharmacy,1701 Macklind Ave Suite 300,St. Louis,MO,63110,,West Oak,CBW- Crazy Bowls and Wraps (West Oak),09/19/2025 11:15 AM,09/02/2025 2:46 PM,$195.45 ,$0.00 ,$25.00 ,($30.00),$17.57 ,$0.00 ,$20.00 ,($7.25),$0.00 ,$0.00 ,4.55,0,0,225.32,Completed,ach,Meal Program,,,,,
1F4-77V,KIPP St. Louis High,706 N Jefferson Ave,St. Louis,MO,63103,,Lindell/SLU,CBW- Crazy Bowls and Wraps (Lindell/SLU),09/19/2025 11:15 AM,09/12/2025 1:56 PM,"$4,357.50 ",$0.00 ,$20.00 ,($656.63),$574.27 ,$0.00 ,$0.00 ,($148.06),$0.00 ,$0.00 ,-435.75,0,0,3711.33,Completed,ach,Marketplace Takeout,,Dispatch,,,
36M-EJ8,Gateway Region YMCA,2815 Scott Ave Suite D,St. Louis,MO,63103,18,South City,CBW- Crazy Bowls and Wraps #18 (South City),09/19/2025 11:18 AM,09/18/2025 9:38 AM,$173.49 ,$0.00 ,$20.00 ,($29.02),$0.00 ,$0.00 ,$0.00 ,($5.79),($34.69),$0.00 ,-30,0,0,93.99,Completed,ach,Marketplace Takeout,,Dispatch,,,
HQ8-4FX,Hilton St. Louis at the Ballpark,1 S Broadway,St. Louis,MO,63102,,Lindell/SLU,CBW- Crazy Bowls and Wraps (Lindell/SLU),09/19/2025 3:33 PM,09/17/2025 12:27 PM,$246.55 ,$0.00 ,$20.00 ,($39.98),$0.00 ,$0.00 ,$0.00 ,($7.97),$0.00 ,$0.00 ,-30,0,0,188.6,Completed,ach,Marketplace Takeout,,Dispatch,,,
W4K-7WQ,4565 McKinley Ave,Saint Louis 1st Floor,St. Louis,MO,63110,,Lindell/SLU,CBW- Crazy Bowls and Wraps (Lindell/SLU),09/22/2025 11:03 AM,09/18/2025 2:42 PM,$602.80 ,$0.00 ,$20.00 ,($93.42),$0.00 ,$0.00 ,$0.00 ,($18.62),$0.00 ,$0.00 ,-60.28,0,0,450.48,Completed,ach,Marketplace Takeout,,Dispatch,,,
YG7-F40,SIHF Belleville,311 W Lincoln St Suite 200,Belleville,IL,62220,,Shiloh,CBW- Crazy Bowls and Wraps (Shiloh),09/22/2025 11:13 AM,09/21/2025 1:44 PM,$286.40 ,$0.00 ,$20.00 ,($45.96),$23.91 ,($23.91),$0.00 ,($9.88),$0.00 ,$0.00 ,-30,0,0,220.56,Completed,ach,Marketplace Takeout,,Dispatch,,,
KQ3-PR6,Family Eye Care of OFallon,735 Insight Ave,O'Fallon,IL,62269,,Shiloh,CBW- Crazy Bowls and Wraps (Shiloh),09/22/2025 11:23 AM,09/21/2025 7:19 PM,$343.53 ,$0.00 ,$20.00 ,($54.53),$28.68 ,($28.68),$0.00 ,($11.73),$0.00 ,$0.00 ,-34.35,0,0,262.92,Completed,ach,Marketplace Takeout,,Dispatch,,,
U5M-E39,Unger Eye Wellness,449 S State Route 157 Ste 2020,Edwardsville,IL,62025,,Edwardsville,CBW- Crazy Bowls and Wraps (Edwardsville),09/22/2025 11:38 AM,09/19/2025 5:05 PM,$304.25 ,$0.00 ,$20.00 ,($48.64),$23.12 ,($23.12),$0.00 ,($10.39),$0.00 ,$0.00 ,-30.42,0,0,234.8,Completed,ach,Marketplace Takeout,,Dispatch,,,
TVR-RAY,Washington University (WashU),1 Brookings Dr,St. Louis,MO,63130,,Forsyth/Clayton,CBW- Crazy Bowls and Wraps (Forsyth/Clayton),09/22/2025 12:25 PM,09/19/2025 4:51 PM,$118.20 ,$0.00 ,$20.00 ,($20.73),$0.00 ,$0.00 ,$0.00 ,($4.13),$0.00 ,$0.00 ,-30,0,0,83.34,Completed,ach,Marketplace Takeout,,Dispatch,,,
HRY-W14,Gulfstream,6400 Curtiss-Steinberg Dr Alicia Beals -Hangar A,Sauget,IL,62206,,Lindell/SLU,CBW- Crazy Bowls and Wraps (Lindell/SLU),09/23/2025 10:30 AM,09/22/2025 9:57 AM,$219.98 ,$0.00 ,$20.00 ,($36.00),$28.99 ,$0.00 ,$0.00 ,($8.04),$0.00 ,$0.00 ,-30,0,0,194.93,Completed,ach,Marketplace Takeout,,Dispatch,,,
CHA-118,,Tolman Wy,St. Louis,MO,63105,,Forsyth/Clayton,CBW- Crazy Bowls and Wraps (Forsyth/Clayton),09/23/2025 11:45 AM,09/22/2025 12:13 PM,$110.99 ,$0.00 ,$0.00 ,($16.65),$0.00 ,$0.00 ,$0.00 ,($3.32),$0.00 ,$0.00 ,0,0,0,91.02,Completed,ach,Marketplace Takeout,,N/A,,,
VZR-780,Enterprise Rent A Car,9636 Natural Bridge Rd,Berkeley,MO,63134,,Forsyth/Clayton,CBW- Crazy Bowls and Wraps (Forsyth/Clayton),09/23/2025 3:44 PM,09/17/2025 4:33 PM,$181.40 ,$0.00 ,$20.00 ,($30.21),$18.57 ,$0.00 ,$0.00 ,($6.58),$0.00 ,$0.00 ,-30,0,0,153.18,Completed,ach,Marketplace Takeout,,Dispatch,,,
0CX-RPJ,HTE TECHNOLOGIES,2021 Congressional Dr,St. Louis,MO,63146,,West Oak,CBW- Crazy Bowls and Wraps (West Oak),09/23/2025 4:36 PM,09/17/2025 8:37 AM,$263.00 ,$0.00 ,$20.00 ,($42.45),$23.64 ,$0.00 ,$0.00 ,($9.17),$0.00 ,$0.00 ,-30,0,0,225.02,Completed,ach,Marketplace Takeout,,Dispatch,,,
HZ9-68U,Spencer Fane LLP,1 North Brentwood Blvd Suite 1200,Clayton,MO,63105,,Rock Hill/Glendale,CBW- Crazy Bowls and Wraps (Rock Hill/Glendale),09/24/2025 7:47 AM,09/22/2025 11:53 AM,$300.00 ,$0.00 ,$20.00 ,($48.00),$27.71 ,$0.00 ,$0.00 ,($10.40),$0.00 ,$0.00 ,-30,0,0,259.31,Completed,ach,Marketplace Takeout,,Dispatch,,,
CRX-2UW,Azimuth Renewables,7800 Forsyth Blvd Suite 300B,Clayton,MO,63105,,Forsyth/Clayton,CBW- Crazy Bowls and Wraps (Forsyth/Clayton),09/24/2025 11:24 AM,09/22/2025 2:03 PM,$419.25 ,$0.00 ,$20.00 ,($65.89),$42.92 ,$0.00 ,$0.00 ,($14.42),$0.00 ,$0.00 ,-41.92,0,0,359.94,Completed,ach,Marketplace Takeout,,Dispatch,,,
KXG-2ZV,Fabick Cat,1 Fabick Dr,Fenton,MO,63026,,Sunset Hills,CBW- Crazy Bowls and Wraps (Sunset Hills),09/25/2025 10:51 AM,09/10/2025 10:19 AM,$275.23 ,$0.00 ,$20.00 ,($44.28),$21.30 ,$0.00 ,$0.00 ,($9.46),$0.00 ,$0.00 ,-30,0,0,232.79,Completed,ach,Marketplace Takeout,,Dispatch,,,
MC6-AC8,Stifel,501 N Broadway,St. Louis,MO,63102,,Lindell/SLU,CBW- Crazy Bowls and Wraps (Lindell/SLU),09/25/2025 11:00 AM,09/18/2025 11:19 AM,$630.10 ,$0.00 ,$20.00 ,($97.52),$83.04 ,$0.00 ,$0.00 ,($21.92),$0.00 ,$0.00 ,-63.01,0,0,550.69,Completed,ach,Marketplace Takeout,,Dispatch,,,
Q03-C1E,"Takeout from O'Fallon, IL",,O'Fallon,IL,,,Shiloh,CBW- Crazy Bowls and Wraps (Shiloh),09/25/2025 11:00 AM,09/24/2025 1:41 PM,$317.20 ,$0.00 ,$0.00 ,($47.58),$26.49 ,($26.49),$10.00 ,($10.28),$0.00 ,$0.00 ,0,0,0,269.34,Completed,ach,Marketplace Takeout,,N/A,,,
3YT-5M2,Grace Design Studios,2464 West Port Plaza Dr Suite 200,St. Louis,MO,63146,,West Oak,CBW- Crazy Bowls and Wraps (West Oak),09/25/2025 11:07 AM,09/22/2025 8:27 AM,$308.70 ,$0.00 ,$20.00 ,($49.31),$27.75 ,$0.00 ,$0.00 ,($10.66),$0.00 ,$0.00 ,-30.87,0,0,265.61,Completed,ach,Marketplace Takeout,,Dispatch,,,
8WH-06Z,Enterprise Rent A Car,9636 Natural Bridge Rd,Berkeley,MO,63134,,Forsyth/Clayton,CBW- Crazy Bowls and Wraps (Forsyth/Clayton),09/26/2025 11:15 AM,09/17/2025 4:35 PM,$226.50 ,$0.00 ,$20.00 ,($36.98),$23.19 ,$0.00 ,$0.00 ,($8.06),$0.00 ,$0.00 ,-30,0,0,194.65,Completed,ach,Marketplace Takeout,,Dispatch,,,
3Q6-P19,Fabick Cat,1 Fabick Dr,Fenton,MO,63026,,Sunset Hills,CBW- Crazy Bowls and Wraps (Sunset Hills),09/29/2025 10:51 AM,09/26/2025 2:17 PM,$129.52 ,$0.00 ,$20.00 ,($22.43),$10.02 ,$0.00 ,$0.00 ,($4.77),$0.00 ,$0.00 ,-30,0,0,102.34,Completed,ach,Marketplace Takeout,,Dispatch,,,
T56-FWQ,ICL,8201 Idaho Ave,St. Louis,MO,63111,,Tesson,CBW- Crazy Bowls and Wraps (Tesson),09/29/2025 12:52 PM,09/29/2025 10:36 AM,$398.60 ,$0.00 ,$20.00 ,($62.79),$30.84 ,$0.00 ,$0.00 ,($13.44),$0.00 ,$0.00 ,-39.86,0,0,333.35,Completed,ach,Marketplace Takeout,,Dispatch,,,
UGT-YF7,,,Creve Coeur,MO,63141,,West Oak,CBW- Crazy Bowls and Wraps (West Oak),09/30/2025 11:00 AM,09/29/2025 10:03 AM,$252.25 ,$0.00 ,$0.00 ,($37.84),$22.67 ,$0.00 ,$8.00 ,($8.22),$0.00 ,$0.00 ,0,0,0,236.86,Completed,ach,Marketplace Takeout,,N/A,,,
J1E-RKJ,HSHS St. Elizabeth’s Neurology,3 St Elizabeth's Blvd Suite 5000,O'Fallon,IL,62269,,Shiloh,CBW- Crazy Bowls and Wraps (Shiloh),09/30/2025 11:23 AM,09/29/2025 11:34 AM,$297.25 ,$0.00 ,$20.00 ,($47.59),$24.82 ,($24.82),$0.00 ,($10.23),$0.00 ,$0.00 ,-30,0,0,229.43,Completed,ach,Marketplace Takeout,,Dispatch,,,
HHC-0Z6,Procter and Gamble Mfg,169 E Grand Ave New Collaboration Center,St. Louis,MO,63147,,Lindell/SLU,CBW- Crazy Bowls and Wraps (Lindell/SLU),10/01/2025 10:14 AM,09/30/2025 9:50 AM,$92.15 ,$0.00 ,$20.00 ,($16.82),$12.14 ,$0.00 ,$0.00 ,($3.72),$0.00 ,$0.00 ,-30,0,0,73.75,Completed,ach,Marketplace Takeout,,Dispatch,,,
7U6-W74,NESTLE PURINA PETCARE CO.,801 CHOUTEAU AVE. A BLDG.,St. Louis,MO,63102,,Lindell/SLU,CBW- Crazy Bowls and Wraps (Lindell/SLU),10/01/2025 10:49 AM,09/29/2025 2:07 PM,$259.40 ,$0.00 ,$20.00 ,($41.91),$34.19 ,$0.00 ,$0.00 ,($9.38),$0.00 ,$0.00 ,-30,0,0,232.3,Completed,ach,Marketplace Takeout,,Dispatch,,,
9JT-PVU,Impact Group,12977 N 40 Dr Ste 300,St. Louis,MO,63141,,West Oak,CBW- Crazy Bowls and Wraps (West Oak),10/01/2025 11:04 AM,09/05/2025 11:48 AM,$246.00 ,$0.00 ,$20.00 ,($39.90),$22.11 ,$0.00 ,$0.00 ,($8.61),$0.00 ,$0.00 ,-30,0,0,209.6,Completed,ach,Marketplace Takeout,,Dispatch,,,
EHV-YTG,Missouri Baptist Hospital,3015 N Ballas Rd,St. Louis,MO,63131,,West Oak,CBW- Crazy Bowls and Wraps (West Oak),10/01/2025 11:04 AM,09/24/2025 10:43 AM,$278.75 ,$0.00 ,$20.00 ,($44.81),$25.05 ,$0.00 ,$0.00 ,($9.68),$0.00 ,$0.00 ,-30,0,0,239.31,Completed,ach,Marketplace Takeout,,Dispatch,,,
VQ6-AH8,Core & Main,1830 Craig Park Ct,St. Louis,MO,63146,,West Oak,CBW- Crazy Bowls and Wraps (West Oak),10/01/2025 11:05 AM,09/22/2025 2:27 PM,$702.25 ,$0.00 ,$20.00 ,($108.34),$63.12 ,$0.00 ,$0.00 ,($23.48),$0.00 ,$0.00 ,-70.22,0,0,583.33,Completed,ach,Marketplace Takeout,,Dispatch,,,
P3R-2TX,GETIXCO,"6475 Forsyth Blvd Level 2, Room 234",St. Louis,MO,63105,,Forsyth/Clayton,CBW- Crazy Bowls and Wraps (Forsyth/Clayton),10/01/2025 11:24 AM,09/26/2025 12:00 PM,$412.50 ,$0.00 ,$20.00 ,($64.88),$0.00 ,$0.00 ,$0.00 ,($12.93),$0.00 ,$0.00 ,-41.25,0,0,313.44,Completed,ach,Marketplace Takeout,,Dispatch,,,
21J-12H,University Tower & Silverback Studios,1034 S Brentwood Blvd Floor 16,Richmond Heights,MO,63117,,Lindell/SLU,CBW- Crazy Bowls and Wraps (Lindell/SLU),10/01/2025 11:32 AM,09/11/2025 2:18 PM,$221.80 ,$0.00 ,$20.00 ,($36.27),$0.00 ,$0.00 ,$0.00 ,($7.23),$0.00 ,$0.00 ,-30,0,0,168.3,Completed,ach,Marketplace Takeout,,Dispatch,,,
CM3-Q9Z,Wiegmann Associates,650 Fountain Lakes Blvd,Saint Charles,MO,63301,,Lindenwood,CBW- Crazy Bowls and Wraps (Lindenwood),10/02/2025 11:05 AM,10/01/2025 10:53 AM,$83.85 ,$0.00 ,$20.00 ,($15.58),$8.34 ,$0.00 ,$0.00 ,($3.35),$0.00 ,$0.00 ,-30,0,0,63.26,Completed,ach,Marketplace Takeout,,Dispatch,,,
GWW-FVH,Chaifetz Arena,3330 Laclede Ave,St. Louis,MO,63103,,Lindell/SLU,CBW- Crazy Bowls and Wraps (Lindell/SLU),10/04/2025 10:21 AM,10/03/2025 11:04 AM,$398.30 ,$0.00 ,$20.00 ,($62.75),$0.00 ,$0.00 ,$0.00 ,($12.51),$0.00 ,$0.00 ,-39.83,0,0,303.21,Completed,ach,Marketplace Takeout,,Dispatch,,,
V0U-7CF,Arch Cancer Center,12855 N Forty Dr Ground Level,Creve Coeur,MO,63141,,Manchester,CBW- Crazy Bowls and Wraps (Manchester),10/06/2025 11:04 AM,10/03/2025 1:33 PM,$290.33 ,$0.00 ,$20.00 ,($46.55),$25.37 ,$0.00 ,$0.00 ,($10.04),$0.00 ,$0.00 ,-30,0,0,249.11,Completed,ach,Marketplace Takeout,,Dispatch,,,
5AP-YFV,North Kirkwood Middle School,11287 Manchester Rd Main Office,Kirkwood,MO,63122,,Sunset Hills,CBW- Crazy Bowls and Wraps (Sunset Hills),10/06/2025 5:33 PM,10/05/2025 11:18 AM,$113.70 ,$0.00 ,$20.00 ,($20.05),$0.00 ,$0.00 ,$0.00 ,($4.00),$0.00 ,$0.00 ,-30,0,0,79.65,Completed,ach,Marketplace Takeout,,Dispatch,,,
RVV-66A,Amdocs,625 Maryville Centre Dr Suite 200 Suite 200 Suite 200 Suite 200 Suite 200 Suite 200,St. Louis,MO,63141,,Creve Coeur,CBW- Crazy Bowls and Wraps (Creve Coeur),10/07/2025 8:33 AM,09/08/2025 9:59 AM,$217.45 ,$0.00 ,$20.00 ,($35.62),$19.00 ,$0.00 ,$0.00 ,($7.67),$0.00 ,$0.00 ,-30,0,0,183.16,Completed,ach,Marketplace Takeout,,Dispatch,,,
WKV-6F5,Aspire Software,390 S Woods Mill Rd ste 300 - 3rd floor,Chesterfield,MO,63017,,West Oak,CBW- Crazy Bowls and Wraps (West Oak),10/07/2025 10:45 AM,09/22/2025 2:46 PM,$157.70 ,$0.00 ,$25.00 ,($23.65),$14.17 ,$0.00 ,$31.54 ,($5.89),$0.00 ,$0.00 ,0,0,0,198.87,Completed,ach,Meal Program,,,,,
FFC-3Y7,Octarine,6880 Washington Ave,St. Louis,MO,63130,,Forsyth/Clayton,CBW- Crazy Bowls and Wraps (Forsyth/Clayton),10/07/2025 1:23 PM,10/06/2025 4:38 PM,$361.50 ,$0.00 ,$20.00 ,($57.23),$37.91 ,$0.00 ,$0.00 ,($12.54),$0.00 ,$0.00 ,-36.15,0,0,313.49,Completed,ach,Marketplace Takeout,,Dispatch,,,
YWV-CRR,Drummond hall,3691 Rutger St,St. Louis,MO,63110,,Lindell/SLU,CBW- Crazy Bowls and Wraps (Lindell/SLU),10/07/2025 4:22 PM,10/06/2025 3:35 PM,$343.33 ,$0.00 ,$20.00 ,($54.50),$45.25 ,$0.00 ,$0.00 ,($12.22),($13.58),$0.00 ,-34.33,0,0,293.95,Completed,ach,Marketplace Takeout,,Dispatch,,,
TC7-UQ3,ArchBridge Family Office,7700 Forsyth Blvd Suite 1100,St. Louis,MO,63105,,Forsyth/Clayton,CBW- Crazy Bowls and Wraps (Forsyth/Clayton),10/08/2025 10:26 AM,10/01/2025 12:42 PM,$238.45 ,$0.00 ,$20.00 ,($38.77),$25.01 ,$0.00 ,$0.00 ,($8.48),$0.00 ,$0.00 ,-30,0,0,206.21,Completed,ach,Marketplace Takeout,,Dispatch,,,
92U-T13,chesnut health systems,12 N 64th St,Belleville,IL,62223,,Shiloh,CBW- Crazy Bowls and Wraps (Shiloh),10/08/2025 11:13 AM,10/02/2025 12:41 PM,$253.49 ,$0.00 ,$20.00 ,($41.02),$21.17 ,($21.17),$0.00 ,($8.81),$0.00 ,$0.00 ,-30,0,0,193.66,Completed,ach,Marketplace Takeout,,Dispatch,,,
350-ZKT,World Wide Technology Office,701 Fee Fee Rd,Maryland Heights,MO,63043,,West Oak,CBW- Crazy Bowls and Wraps (West Oak),10/08/2025 11:17 AM,09/30/2025 11:26 AM,$833.50 ,$0.00 ,$20.00 ,($128.03),$74.91 ,$0.00 ,$0.00 ,($27.76),$0.00 ,$0.00 ,-83.35,0,0,689.27,Completed,ach,Marketplace Takeout,,Dispatch,,,
64T-JXG,"Cantor Injury Law, LLC",12283 Olive Blvd,Creve Coeur,MO,63141,,West Oak,CBW- Crazy Bowls and Wraps (West Oak),10/08/2025 11:24 AM,10/07/2025 2:34 PM,$340.00 ,$0.00 ,$20.00 ,($54.00),$30.56 ,$0.00 ,$0.00 ,($11.68),$0.00 ,$0.00 ,-34,0,0,290.88,Completed,ach,Marketplace Takeout,,Dispatch,,,
XFE-JV8,WashU Oncology,4590 Nash Wy 11th floor,St. Louis,MO,63110,,Lindell/SLU,CBW- Crazy Bowls and Wraps (Lindell/SLU),10/09/2025 11:05 AM,09/25/2025 3:16 PM,$481.31 ,$0.00 ,$20.00 ,($75.20),$0.00 ,$0.00 ,$0.00 ,($14.99),$0.00 ,$0.00 ,-48.13,0,0,362.99,Completed,ach,Marketplace Takeout,,Dispatch,,,
879-J3J,Introba,6 S Old Orchard Ave,Webster Groves,MO,63119,,Rock Hill/Glendale,CBW- Crazy Bowls and Wraps (Rock Hill/Glendale),10/09/2025 11:05 AM,10/08/2025 12:25 PM,$104.13 ,$0.00 ,$20.00 ,($18.62),$9.62 ,$0.00 ,$0.00 ,($4.00),$0.00 ,$0.00 ,-30,0,0,81.13,Completed,ach,Marketplace Takeout,,Dispatch,,,
EX9-XMF,Saint Louis University,20 N Grand Blvd BSC 319,St. Louis,MO,63103,,Lindell/SLU,CBW- Crazy Bowls and Wraps (Lindell/SLU),10/10/2025 11:26 AM,10/09/2025 7:53 PM,$82.50 ,$0.00 ,$20.00 ,($15.38),$0.00 ,$0.00 ,$0.00 ,($3.06),$0.00 ,$0.00 ,-30,0,0,54.06,Completed,ach,Marketplace Takeout,,Dispatch,,,
PV7-EH0,America's Center Convention Complex Loading Dock,701 Convention Plaza,St. Louis,MO,63101,,Lindell/SLU,CBW- Crazy Bowls and Wraps (Lindell/SLU),10/11/2025 1:31 PM,10/10/2025 6:39 PM,$312.00 ,$0.00 ,$20.00 ,($49.80),$41.12 ,$0.00 ,$0.00 ,($11.16),$0.00 ,$0.00 ,-31.2,0,0,280.96,Completed,ach,Marketplace Takeout,,Dispatch,,,
QAC-H09,America's Center Convention Complex Loading Dock,701 Convention Plaza,St. Louis,MO,63101,,Lindell/SLU,CBW- Crazy Bowls and Wraps (Lindell/SLU),10/12/2025 10:57 AM,10/11/2025 7:57 PM,"$1,187.00 ",$0.00 ,$20.00 ,($181.05),$156.43 ,$0.00 ,$0.00 ,($40.77),$0.00 ,$0.00 ,-118.7,0,0,1022.91,Completed,ach,Marketplace Takeout,,Dispatch,,,
7EG-WH5,Hunter Engineering - c/o Jim T,11250 Hunter Dr,Bridgeton,MO,63044,,West Oak,CBW- Crazy Bowls and Wraps (West Oak),10/13/2025 11:14 AM,10/12/2025 9:23 AM,$178.40 ,$0.00 ,$20.00 ,($29.76),$16.03 ,$0.00 ,$0.00 ,($6.41),$0.00 ,$0.00 ,-30,0,0,148.26,Completed,ach,Marketplace Takeout,,Dispatch,,,
UEZ-AVE,Yoon Dermatology,1060 Meyer Rd,Wentzville,MO,63385,,Wentzville,CBW- Crazy Bowls and Wraps (Wentzville),10/13/2025 11:24 AM,10/10/2025 1:14 PM,$418.20 ,$0.00 ,$20.00 ,($65.73),$43.70 ,$0.00 ,$0.00 ,($14.41),$0.00 ,$0.00 ,-41.82,0,0,359.94,Completed,ach,Marketplace Takeout,bossday,Dispatch,,,
3QT-JFG,The Sheldon,3648 Washington Ave,St. Louis,MO,63108,,Lindell/SLU,CBW- Crazy Bowls and Wraps (Lindell/SLU),10/13/2025 4:26 PM,10/09/2025 3:07 PM,$310.00 ,$0.00 ,$20.00 ,($23.10),$0.00 ,$0.00 ,$0.00 ,($9.87),$0.00 ,$0.00 ,-31,0,0,266.03,Completed,ach,Marketplace Takeout,,Dispatch,,,
E8R-JAA,Hartwig,10617 Trenton Ave,St. Louis,MO,63132,,West Oak,CBW- Crazy Bowls and Wraps (West Oak),10/14/2025 10:58 AM,10/10/2025 10:54 AM,$314.95 ,$0.00 ,$20.00 ,($50.24),$28.31 ,$0.00 ,$0.00 ,($10.86),$0.00 ,$0.00 ,-31.5,0,0,270.66,Completed,ach,Marketplace Takeout,,Dispatch,,,
WW4-3F0,Wash U Urology,70 Jungermann Cir 402,St. Peters,MO,63376,,Lindenwood,CBW- Crazy Bowls and Wraps (Lindenwood),10/14/2025 11:04 AM,10/13/2025 1:58 PM,$283.54 ,$0.00 ,$20.00 ,($45.53),$28.21 ,$0.00 ,$0.00 ,($9.92),$0.00 ,$0.00 ,-30,0,0,246.3,Completed,ach,Marketplace Takeout,,Dispatch,,,
QC7-XH3,Dr usry suite 142,5551 Winghaven Blvd Dr usry suite 142,O'Fallon,MO,63368,,O'Fallon,CBW- Crazy Bowls and Wraps (O'Fallon),10/14/2025 11:16 AM,10/13/2025 12:47 PM,$338.45 ,$0.00 ,$20.00 ,($53.77),$30.29 ,$0.00 ,$0.00 ,($11.62),$0.00 ,$0.00 ,-33.84,0,0,289.51,Completed,ach,Marketplace Takeout,,Dispatch,,,
960-T47,MU Extension Center on the UMSL Campus (Regional Center for Education and Work),8225 Florissant Rd,St. Louis,MO,63121,,Forsyth/Clayton,CBW- Crazy Bowls and Wraps (Forsyth/Clayton),10/14/2025 4:40 PM,09/18/2025 11:18 PM,$394.05 ,$0.00 ,$20.00 ,($62.11),$0.00 ,$0.00 ,$0.00 ,($12.38),$0.00 ,$0.00 ,-39.4,0,0,300.16,Completed,ach,Marketplace Takeout,,Dispatch,,,
036-YRU,"Takeout from Wentzville, MO",,Wentzville,MO,,,Wentzville,CBW- Crazy Bowls and Wraps (Wentzville),10/15/2025 9:00 AM,10/13/2025 11:06 AM,$119.15 ,$0.00 ,$0.00 ,($17.87),$12.45 ,$0.00 ,$0.00 ,($3.93),$0.00 ,$0.00 ,0,0,0,109.8,Completed,ach,Marketplace Takeout,,N/A,,,
WVM-9ZQ,Worldwide Technology,108 Gateway Commerce Center Dr N,Edwardsville,IL,62025,,Edwardsville,CBW- Crazy Bowls and Wraps (Edwardsville),10/15/2025 10:29 AM,10/13/2025 3:54 PM,$216.47 ,$0.00 ,$20.00 ,($35.47),$16.45 ,($16.45),$0.00 ,($7.56),$0.00 ,$0.00 ,-30,0,0,163.44,Completed,ach,Marketplace Takeout,,Dispatch,,,
H28-UJE,Alberici Constructors,2150 Kienlen Ave Building 2,St. Louis,MO,63121,,Forsyth/Clayton,CBW- Crazy Bowls and Wraps (Forsyth/Clayton),10/15/2025 10:48 AM,10/14/2025 1:51 PM,$75.85 ,$0.00 ,$20.00 ,($14.38),$7.96 ,$0.00 ,$0.00 ,($3.10),$0.00 ,$0.00 ,-30,0,0,56.33,Completed,ach,Marketplace Takeout,,Dispatch,,,
CY5-H97,Core & Main,1830 Craig Park Ct,St. Louis,MO,63146,,West Oak,CBW- Crazy Bowls and Wraps (West Oak),10/15/2025 11:06 AM,10/06/2025 12:40 PM,$567.75 ,$0.00 ,$20.00 ,($88.16),$51.03 ,$0.00 ,$0.00 ,($19.10),$0.00 ,$0.00 ,-56.78,0,0,474.74,Completed,ach,Marketplace Takeout,,Dispatch,,,
UX9-3XC,,4512 Otis Dr,St. Louis,MO,63134,,Lindenwood,CBW- Crazy Bowls and Wraps (Lindenwood),10/15/2025 12:00 PM,10/14/2025 6:01 PM,$124.00 ,$0.00 ,$0.00 ,($18.60),$12.34 ,$0.00 ,$0.00 ,($4.08),$0.00 ,$0.00 ,0,0,0,113.66,Completed,ach,Marketplace Takeout,,N/A,,,
43J-RP8,,,Edwardsville,IL,,,Edwardsville,CBW- Crazy Bowls and Wraps (Edwardsville),10/15/2025 12:30 PM,10/13/2025 11:56 AM,$355.40 ,$0.00 ,$0.00 ,($53.31),$0.00 ,$0.00 ,$0.00 ,($10.63),$0.00 ,$0.00 ,0,0,0,291.46,Completed,ach,Marketplace Takeout,,N/A,,,
V68-80F,Alberici - St. Louis,8800 Page Ave,St. Louis,MO,63114,,West Oak,CBW- Crazy Bowls and Wraps (West Oak),10/16/2025 10:45 AM,10/10/2025 8:56 AM,$292.50 ,$0.00 ,$20.00 ,($46.88),$26.29 ,$0.00 ,$0.00 ,($10.13),$0.00 ,$0.00 ,-30,0,0,251.78,Completed,ach,Marketplace Takeout,bossday,Dispatch,,,
3J1-1GQ,"Takeout from Edwardsville, IL",,Edwardsville,IL,,,Edwardsville,CBW- Crazy Bowls and Wraps (Edwardsville),10/16/2025 11:15 AM,10/15/2025 11:51 AM,$256.50 ,$0.00 ,$0.00 ,($38.48),$19.49 ,($19.49),$20.00 ,($8.25),$0.00 ,$0.00 ,0,0,0,229.77,Completed,ach,Marketplace Takeout,,N/A,,,
QE2-UZ7,Missouri Baptist medical center,3015 N Ballas Rd Auditorium 3,St. Louis,MO,63131,,West Oak,CBW- Crazy Bowls and Wraps (West Oak),10/16/2025 11:18 AM,10/15/2025 8:51 AM,$373.35 ,$0.00 ,$20.00 ,($59.00),$33.56 ,$0.00 ,$0.00 ,($12.76),$0.00 ,$0.00 ,-37.34,0,0,317.81,Completed,ach,Marketplace Takeout,,Dispatch,,,
RRC-C8Q,Swansea Internal Medicine,4 Park Place,Swansea,IL,62226,,Shiloh,CBW- Crazy Bowls and Wraps (Shiloh),10/16/2025 11:19 AM,10/13/2025 11:35 AM,$344.85 ,$0.00 ,$20.00 ,($54.73),$28.79 ,($28.79),$0.00 ,($11.77),$0.00 ,$0.00 ,-34.48,0,0,263.87,Completed,ach,Marketplace Takeout,,Dispatch,,,
TY5-QK9,Becker Library,660 S Euclid Ave,St. Louis,MO,63110,,Lindell/SLU,CBW- Crazy Bowls and Wraps (Lindell/SLU),10/16/2025 11:35 AM,10/14/2025 2:22 PM,$205.80 ,$0.00 ,$20.00 ,($33.87),$0.00 ,$0.00 ,$0.00 ,($6.75),$0.00 ,$0.00 ,-30,0,0,155.18,Completed,ach,Marketplace Takeout,,Dispatch,,,
FTZ-0HZ,Saint Louis MHB,701 Market St Suite 200,St. Louis,MO,63101,,Lindell/SLU,CBW- Crazy Bowls and Wraps (Lindell/SLU),10/16/2025 4:01 PM,10/13/2025 8:57 AM,$200.45 ,$0.00 ,$20.00 ,($33.07),$0.00 ,$0.00 ,$0.00 ,($6.59),$0.00 ,$0.00 ,-30,0,0,150.79,Completed,ach,Marketplace Takeout,,Dispatch,,,
49Y-UQJ,Trask - Saint Louis Chess Club,4663 Maryland Ave,St. Louis,MO,63108,,Rock Hill/Glendale,CBW- Crazy Bowls and Wraps (Rock Hill/Glendale),10/19/2025 10:26 AM,10/16/2025 3:44 PM,$420.05 ,$0.00 ,$20.00 ,($66.01),$0.00 ,$0.00 ,$0.00 ,($13.16),$0.00 ,$0.00 ,-42,0,0,318.88,Completed,ach,Marketplace Takeout,,Dispatch,,,
51X-TR0,SSM SLUCare Academic Pavilion,"1008 S Spring Ave 1st Floor, conference room 1001",St. Louis,MO,63110,18,South City,CBW- Crazy Bowls and Wraps #18 (South City),10/20/2025 7:07 AM,10/01/2025 1:38 PM,$130.00 ,$0.00 ,$20.00 ,($22.50),$17.13 ,$0.00 ,$0.00 ,($5.00),$0.00 ,$0.00 ,-30,0,0,109.63,Completed,ach,Marketplace Takeout,,Dispatch,,,
77X-HME,Distinctive Dermatology,390 Office Ct,Fairview Heights,IL,62208,,Shiloh,CBW- Crazy Bowls and Wraps (Shiloh),10/20/2025 10:32 AM,10/16/2025 8:13 AM,$469.95 ,$0.00 ,$20.00 ,($73.49),$39.24 ,($39.24),$0.00 ,($15.82),$0.00 ,$0.00 ,-47,0,0,353.64,Completed,ach,Marketplace Takeout,,Dispatch,,,
H3U-1TG,Lemonaid Pharmacy,1701 Macklind Ave Suite 300,St. Louis,MO,63110,,West Oak,CBW- Crazy Bowls and Wraps (West Oak),10/20/2025 11:15 AM,10/07/2025 10:11 AM,$249.30 ,$0.00 ,$25.00 ,($37.40),$22.41 ,$0.00 ,$24.93 ,($8.87),$0.00 ,$0.00 ,0,0,0,275.37,Completed,ach,Meal Program,,,,,
QQX-Q3R,Sensient Colors,2515 N Jefferson Ave Executive Building,St. Louis,MO,63106,,Lindell/SLU,CBW- Crazy Bowls and Wraps (Lindell/SLU),10/20/2025 11:21 AM,10/13/2025 4:15 PM,$189.60 ,$0.00 ,$20.00 ,($31.44),$24.99 ,$0.00 ,$0.00 ,($7.01),$0.00 ,$0.00 ,-30,0,0,166.14,Completed,ach,Marketplace Takeout,,Dispatch,,,
QTR-2J3,ICL Specialty Products,8201 Idaho Ave NA,St. Louis,MO,63111,,Tesson,CBW- Crazy Bowls and Wraps (Tesson),10/20/2025 11:29 AM,10/17/2025 2:27 PM,$184.48 ,$0.00 ,$20.00 ,($30.67),$14.28 ,$0.00 ,$0.00 ,($6.54),$0.00 ,$0.00 ,-30,0,0,151.55,Completed,ach,Marketplace Takeout,,Dispatch,,,
7M3-QJC,HSHS St. Elizabeth’s Neurology,3 St Elizabeth's Blvd Suite 5000,O'Fallon,IL,62269,,Shiloh,CBW- Crazy Bowls and Wraps (Shiloh),10/21/2025 11:10 AM,10/20/2025 11:39 AM,$350.45 ,$0.00 ,$20.00 ,($55.57),$29.26 ,($29.26),$0.00 ,($11.95),$0.00 ,$0.00 ,-35.04,0,0,267.89,Completed,ach,Marketplace Takeout,,Dispatch,,,
G18-Z4U,,12634 Olive Blvd,St. Louis,MO,63141,,Creve Coeur,CBW- Crazy Bowls and Wraps (Creve Coeur),10/21/2025 11:30 AM,10/19/2025 11:36 AM,$120.50 ,$0.00 ,$0.00 ,($18.08),$10.53 ,$0.00 ,$10.00 ,($3.92),$0.00 ,$0.00 ,0,0,0,119.03,Completed,ach,Marketplace Takeout,,N/A,,,
6CZ-75A,Nicki Powell,7980 Clayton Rd,Richmond Heights,MO,63117,,Forsyth/Clayton,CBW- Crazy Bowls and Wraps (Forsyth/Clayton),10/22/2025 10:36 AM,10/21/2025 10:38 AM,$357.50 ,$0.00 ,$20.00 ,($56.63),$0.00 ,$0.00 ,$0.00 ,($11.29),$0.00 ,$0.00 ,-35.75,0,0,273.83,Completed,ach,Marketplace Takeout,,Dispatch,,,
6A8-980,Hunter Engineering - c/o Jim T,"11250 Hunter Dr Building ""A""",Bridgeton,MO,63044,,West Oak,CBW- Crazy Bowls and Wraps (West Oak),10/22/2025 10:58 AM,10/16/2025 8:15 PM,$411.60 ,$0.00 ,$20.00 ,($64.74),$36.99 ,$0.00 ,$0.00 ,($14.01),$0.00 ,$0.00 ,-41.16,0,0,348.68,Completed,ach,Marketplace Takeout,,Dispatch,,,
8CE-GUU,Core & Main,1830 Craig Park Ct,St. Louis,MO,63146,,West Oak,CBW- Crazy Bowls and Wraps (West Oak),10/22/2025 11:05 AM,10/13/2025 6:41 PM,$672.20 ,$0.00 ,$20.00 ,($103.83),$60.42 ,$0.00 ,$0.00 ,($22.50),$0.00 ,$0.00 ,-67.22,0,0,559.07,Completed,ach,Marketplace Takeout,,Dispatch,,,
EKC-JT4,"Washington University School of Medicine, Mid Campus Center (MCC)",4590 Nash Wy 11th floor,St. Louis,MO,63110,,Lindell/SLU,CBW- Crazy Bowls and Wraps (Lindell/SLU),10/22/2025 11:06 AM,10/21/2025 11:55 AM,$321.18 ,$0.00 ,$20.00 ,($51.18),$0.00 ,$0.00 ,$0.00 ,($10.20),$0.00 ,$0.00 ,-32.12,0,0,247.68,Completed,ach,Marketplace Takeout,,Dispatch,,,
EUQ-2FH,PwC,6 Cardinal Way 11th Floor 11th Floor,St. Louis,MO,63102,,Lindell/SLU,CBW- Crazy Bowls and Wraps (Lindell/SLU),10/22/2025 11:20 AM,10/21/2025 10:55 AM,$156.00 ,$0.00 ,$20.00 ,($26.40),$20.56 ,$0.00 ,$0.00 ,($5.88),$0.00 ,$0.00 ,-30,0,0,134.28,Completed,ach,Marketplace Takeout,,Dispatch,,,
MC7-YUQ,United Way Building Downtown St. Louis,910 N 11th St The Gateway Room,St. Louis,MO,63101,,Lindell/SLU,CBW- Crazy Bowls and Wraps (Lindell/SLU),10/22/2025 11:32 AM,10/15/2025 1:21 PM,$243.35 ,$0.00 ,$20.00 ,($39.50),$0.00 ,$0.00 ,$0.00 ,($7.87),$0.00 ,$0.00 ,-30,0,0,185.98,Completed,ach,Marketplace Takeout,,Dispatch,,,
15J-G7F,Ssm st marys,6420 Clayton Rd Respiratory therapy,Richmond Heights,MO,63117,,Forsyth/Clayton,CBW- Crazy Bowls and Wraps (Forsyth/Clayton),10/22/2025 11:38 AM,10/20/2025 9:13 AM,$129.80 ,$0.00 ,$20.00 ,($22.47),$13.61 ,$0.00 ,$0.00 ,($4.89),$0.00 ,$0.00 ,-30,0,0,106.05,Completed,ach,Marketplace Takeout,,Dispatch,,,
8G6-PPV,,,Creve Coeur,MO,63141,,Creve Coeur,CBW- Crazy Bowls and Wraps (Creve Coeur),10/22/2025 11:45 AM,10/21/2025 4:02 PM,$92.65 ,$0.00 ,$0.00 ,($13.90),$8.10 ,$0.00 ,$5.00 ,($3.01),$0.00 ,$0.00 ,0,0,0,88.84,Completed,ach,Marketplace Takeout,,N/A,,,
M40-4KU,United Way Building Downtown St. Louis,910 N 11th St The Gateway Room,St. Louis,MO,63101,18,South City,CBW- Crazy Bowls and Wraps #18 (South City),10/23/2025 7:17 AM,10/15/2025 1:39 PM,$112.50 ,$0.00 ,$20.00 ,($19.88),$0.00 ,$0.00 ,$0.00 ,($3.96),$0.00 ,$0.00 ,-30,0,0,78.66,Completed,ach,Marketplace Takeout,,Dispatch,,,
HC5-7MG,Aspire Software,390 S Woods Mill Rd ste 300 - 3rd floor,Chesterfield,MO,63017,,West Oak,CBW- Crazy Bowls and Wraps (West Oak),10/23/2025 10:45 AM,10/07/2025 10:12 AM,$143.58 ,$0.00 ,$25.00 ,($21.54),$12.90 ,$0.00 ,$28.72 ,($5.43),$0.00 ,$0.00 ,0,0,0,183.23,Completed,ach,Meal Program,,,,,
7FM-EU3,Spark Coworking - St. Louis,6 Cardinal Wy Suite 905,St. Louis,MO,63102,,Lindell/SLU,CBW- Crazy Bowls and Wraps (Lindell/SLU),10/23/2025 11:17 AM,10/22/2025 2:34 AM,$695.85 ,$0.00 ,$20.00 ,($107.38),$91.71 ,$0.00 ,$0.00 ,($24.15),$0.00 ,$0.00 ,-69.58,0,0,606.45,Completed,ach,Marketplace Takeout,,Dispatch,,,
F87-JP6,Mercy South,10004 Kennerly Rd 374B,St. Louis,MO,63128,,Tesson,CBW- Crazy Bowls and Wraps (Tesson),10/23/2025 11:26 AM,10/22/2025 1:58 PM,$117.60 ,$0.00 ,$20.00 ,($20.64),$9.10 ,$0.00 ,$0.00 ,($4.39),$0.00 ,$0.00 ,-30,0,0,91.67,Completed,ach,Marketplace Takeout,,Dispatch,,,
JFK-ZWP,Mitek,1250 Interstate Dr,Wentzville,MO,63385,,Wentzville,CBW- Crazy Bowls and Wraps (Wentzville),10/24/2025 10:34 AM,10/23/2025 3:43 PM,$379.80 ,$0.00 ,$20.00 ,($59.97),$39.69 ,$0.00 ,$0.00 ,($13.14),$0.00 ,$0.00 ,-37.98,0,0,328.4,Completed,ach,Marketplace Takeout,,Dispatch,,,
KH7-0RC,Tanoli,224 S Woods Mill Rd 500,Chesterfield,MO,63017,,Creve Coeur,CBW- Crazy Bowls and Wraps (Creve Coeur),10/24/2025 10:36 AM,10/20/2025 11:02 AM,$336.45 ,$0.00 ,$20.00 ,($53.47),$29.40 ,$0.00 ,$0.00 ,($11.54),$0.00 ,$0.00 ,-33.64,0,0,287.2,Completed,ach,Marketplace Takeout,,Dispatch,,,
5CA-9V0,12303 DePaul Drive,12303 De Paul Dr May Center,Bridgeton,MO,63044,,Lindenwood,CBW- Crazy Bowls and Wraps (Lindenwood),10/24/2025 11:02 AM,10/20/2025 12:23 PM,$270.00 ,$0.00 ,$20.00 ,($43.50),$26.86 ,$0.00 ,$0.00 ,($9.47),($12.00),$0.00 ,-30,0,0,221.89,Completed,ach,Marketplace Takeout,,Dispatch,,,
2YQ-Y7R,Delmar Divine,5535 Delmar Blvd Building #2 & Conference Room 9,St. Louis,MO,63112,,Lindell/SLU,CBW- Crazy Bowls and Wraps (Lindell/SLU),10/24/2025 11:34 AM,10/13/2025 4:28 PM,$204.15 ,$0.00 ,$20.00 ,($33.62),$0.00 ,$0.00 ,$0.00 ,($6.70),$0.00 ,$0.00 ,-30,0,0,153.83,Completed,ach,Marketplace Takeout,,Dispatch,,,
4A1-ZVZ,University Tower / Silverback Studios,1034 S Brentwood Blvd Floor 16,Richmond Heights,MO,63117,,Lindell/SLU,CBW- Crazy Bowls and Wraps (Lindell/SLU),10/27/2025 10:31 AM,10/22/2025 1:09 PM,$247.95 ,$0.00 ,$20.00 ,($40.19),$0.00 ,$0.00 ,$0.00 ,($8.01),$0.00 ,$0.00 ,-30,0,0,189.75,Completed,ach,Marketplace Takeout,,Dispatch,,,
ETQ-EF4,Anderson Medical Group- Gastroenterology,6812 IL-162 Suite 204,Maryville,IL,62062,,Edwardsville,CBW- Crazy Bowls and Wraps (Edwardsville),10/27/2025 11:16 AM,10/24/2025 7:08 PM,$314.20 ,$0.00 ,$20.00 ,($50.13),$23.88 ,($23.88),$0.00 ,($10.71),$0.00 ,$0.00 ,-31.42,0,0,241.94,Completed,ach,Marketplace Takeout,,Dispatch,,,
77W-6JA,Plancorp LLC,540 Maryville Centre Dr Suite 105,St. Louis,MO,63141,,Creve Coeur,CBW- Crazy Bowls and Wraps (Creve Coeur),10/28/2025 10:59 AM,10/15/2025 2:07 PM,$825.00 ,$0.00 ,$20.00 ,($126.75),$72.09 ,$0.00 ,$0.00 ,($27.42),$0.00 ,$0.00 ,-82.5,0,0,680.42,Completed,ach,Marketplace Takeout,,Dispatch,,,
H05-21E,Jacobs,1001 Highlands Plaza Dr Suite 400,St. Louis,MO,63110,,Lindell/SLU,CBW- Crazy Bowls and Wraps (Lindell/SLU),10/28/2025 11:05 AM,10/27/2025 6:48 PM,$189.60 ,$0.00 ,$20.00 ,($31.44),$24.99 ,$0.00 ,$0.00 ,($7.01),$0.00 ,$0.00 ,-30,0,0,166.14,Completed,ach,Marketplace Takeout,,Dispatch,,,
VXT-1VY,Ernst & Young,7676 Forsyth Blvd 2600 2600,Clayton,MO,63105,,Forsyth/Clayton,CBW- Crazy Bowls and Wraps (Forsyth/Clayton),10/29/2025 10:27 AM,10/27/2025 4:54 PM,$146.95 ,$0.00 ,$20.00 ,($25.04),$15.41 ,$0.00 ,$0.00 ,($5.45),$0.00 ,$0.00 ,-30,0,0,121.87,Completed,ach,Marketplace Takeout,,Dispatch,,,
0ZJ-60R,Weil Hall (Sam Fox School at WashU),1 Wrighton Wy Weil 105,St. Louis,MO,63105,,Lindell/SLU,CBW- Crazy Bowls and Wraps (Lindell/SLU),10/29/2025 11:01 AM,10/22/2025 3:17 PM,$528.50 ,$0.00 ,$20.00 ,($82.28),$0.00 ,$0.00 ,$0.00 ,($16.40),$0.00 ,$0.00 ,-52.85,0,0,396.97,Completed,ach,Marketplace Takeout,,Dispatch,,,
H6T-4G6,Ladue Horton Watkins High School,1201 Warson Rd,St. Louis,MO,63124,,Lindell/SLU,CBW- Crazy Bowls and Wraps (Lindell/SLU),10/29/2025 3:53 PM,10/28/2025 2:14 PM,$265.40 ,$0.00 ,$20.00 ,($42.81),$0.00 ,$0.00 ,$0.00 ,($8.53),$0.00 ,$0.00 ,-30,0,0,204.06,Completed,ach,Marketplace Takeout,,Dispatch,,,
JVU-QJW,Curium,2703 Wagner Pl,Maryland Heights,MO,63043,,West Oak,CBW- Crazy Bowls and Wraps (West Oak),10/30/2025 11:16 AM,10/28/2025 12:43 PM,$241.50 ,$0.00 ,$20.00 ,($39.23),$21.71 ,$0.00 ,$0.00 ,($8.47),$0.00 ,$0.00 ,-30,0,0,205.51,Completed,ach,Marketplace Takeout,,Dispatch,,,
EYK-72J,"Community and Long Term Care Psychiatry, LLC",10004 Kennerly Rd 362B,St. Louis,MO,63128,,Tesson,CBW- Crazy Bowls and Wraps (Tesson),10/30/2025 11:27 AM,10/29/2025 1:14 PM,$231.25 ,$0.00 ,$20.00 ,($37.69),$17.89 ,$0.00 ,$0.00 ,($8.05),$0.00 ,$0.00 ,-30,0,0,193.4,Completed,ach,Marketplace Takeout,,Dispatch,,,
VQQ-77Q,WashU/Center for Experiential Learning,"Forsyth Blvd Simon Hall, Suite 100",St. Louis,MO,63130,,Forsyth/Clayton,CBW- Crazy Bowls and Wraps (Forsyth/Clayton),10/30/2025 4:25 PM,10/27/2025 11:02 AM,$151.50 ,$0.00 ,$20.00 ,($25.73),$0.00 ,$0.00 ,$0.00 ,($5.13),$0.00 ,$0.00 ,-30,0,0,110.64,Completed,ach,Marketplace Takeout,,Dispatch,,,
9Q4-4ZT,,,St. Louis,MO,63139,18,South City,CBW- Crazy Bowls and Wraps #18 (South City),10/30/2025 5:45 PM,10/29/2025 2:56 PM,$232.50 ,$0.00 ,$0.00 ,($34.88),$0.00 ,$0.00 ,$23.25 ,($6.95),$0.00 ,$0.00 ,0,0,0,213.92,Completed,ach,Marketplace Takeout,,N/A,,,
3QF-GUV,SSM St. Joseph Hospital,300 1st Capitol Dr Interventional Radiology,Saint Charles,MO,63301,,Lindenwood,CBW- Crazy Bowls and Wraps (Lindenwood),11/03/2025 10:25 AM,10/31/2025 6:41 PM,$253.50 ,$0.00 ,$20.00 ,($41.03),$25.22 ,$0.00 ,$0.00 ,($8.93),$0.00 ,$0.00 ,-30,0,0,218.76,Completed,ach,Marketplace Takeout,,Dispatch,,,
XPR-1U3,St Lukes Urology,111 St Luke's Center Dr Suite 24B,Chesterfield,MO,63017,,Rock Hill/Glendale,CBW- Crazy Bowls and Wraps (Rock Hill/Glendale),11/03/2025 10:57 AM,10/31/2025 1:11 PM,$327.83 ,$0.00 ,$20.00 ,($52.17),$30.28 ,$0.00 ,$0.00 ,($11.31),$0.00 ,$0.00 ,-32.78,0,0,281.85,Completed,ach,Marketplace Takeout,,Dispatch,,,
YQR-64K,Benefit Finance Partners,6 Cityplace Dr 4th floor suite 400,Creve Coeur,MO,63141,,West Oak,CBW- Crazy Bowls and Wraps (West Oak),11/03/2025 11:09 AM,10/30/2025 9:42 AM,$449.20 ,$0.00 ,$20.00 ,($70.38),$40.37 ,$0.00 ,$0.00 ,($15.24),$0.00 ,$0.00 ,-44.92,0,0,379.03,Completed,ach,Marketplace Takeout,,Dispatch,,,
556-H1Y,Commerce Connect,56 N Euclid Ave Suite 200,St. Louis,MO,63108,,Lindell/SLU,CBW- Crazy Bowls and Wraps (Lindell/SLU),11/03/2025 11:42 AM,10/30/2025 11:28 AM,$175.00 ,$0.00 ,$20.00 ,($29.25),$0.00 ,$0.00 ,$0.00 ,($5.83),($106.25),$0.00 ,-30,0,0,23.67,Completed,ach,Marketplace Takeout,,Dispatch,,,
QW2-QJ8,Keg1 Missouri,3201 Rider Trail S,Earth City,MO,63045,,Lindenwood,CBW- Crazy Bowls and Wraps (Lindenwood),11/04/2025 10:35 AM,11/03/2025 2:56 PM,$220.50 ,$0.00 ,$20.00 ,($36.08),$21.94 ,$0.00 ,$0.00 ,($7.85),($2.12),$0.00 ,-30,0,0,186.39,Completed,ach,Marketplace Takeout,,Dispatch,,,
QFJ-63Z,Political Science Department at WashU,1 Brookings Dr Seigle Hall 230,St. Louis,MO,63130,,Forsyth/Clayton,CBW- Crazy Bowls and Wraps (Forsyth/Clayton),11/04/2025 11:09 AM,10/29/2025 12:34 PM,$102.40 ,$0.00 ,$20.00 ,($18.36),$0.00 ,$0.00 ,$0.00 ,($3.66),$0.00 ,$0.00 ,-30,0,0,70.38,Completed,ach,Marketplace Takeout,,Dispatch,,,
KRA-T1R,Apg,916 Talon Dr,O'Fallon,IL,62269,,Shiloh,CBW- Crazy Bowls and Wraps (Shiloh),11/05/2025 11:06 AM,11/04/2025 1:12 PM,$401.40 ,$0.00 ,$20.00 ,($63.21),$33.52 ,($33.52),$0.00 ,($13.60),$0.00 ,$0.00 ,-40.14,0,0,304.45,Completed,ach,Marketplace Takeout,,Dispatch,,,
KYW-4WU,Hilton at the Ballpark,1 S Broadway,St. Louis,MO,63102,,Lindell/SLU,CBW- Crazy Bowls and Wraps (Lindell/SLU),11/05/2025 12:47 PM,11/04/2025 2:18 PM,$350.05 ,$0.00 ,$20.00 ,($55.51),$46.13 ,$0.00 ,$0.00 ,($12.44),$0.00 ,$0.00 ,-35,0,0,313.23,Completed,ach,Marketplace Takeout,,Dispatch,,,
WWA-VK8,courtyard marriot st louis,2340 Market St,St. Louis,MO,63103,,Lindell/SLU,CBW- Crazy Bowls and Wraps (Lindell/SLU),11/05/2025 2:51 PM,11/04/2025 1:48 PM,$381.04 ,$0.00 ,$20.00 ,($60.16),$50.22 ,$0.00 ,$0.00 ,($13.49),$0.00 ,$0.00 ,-38.1,0,0,339.51,Completed,ach,Marketplace Takeout,,Dispatch,,,
FJ8-ECM,ICL-Group,8201 Idaho Ave,St. Louis,MO,63111,,Tesson,CBW- Crazy Bowls and Wraps (Tesson),11/06/2025 10:28 AM,11/03/2025 2:55 PM,$242.83 ,$0.00 ,$20.00 ,($39.42),$18.79 ,$0.00 ,$0.00 ,($8.42),$0.00 ,$0.00 ,-30,0,0,203.78,Completed,ach,Marketplace Takeout,,Dispatch,,,
VXF-ERY,WashU PM&R,4455 Duncan Ave,St. Louis,MO,63110,,Lindell/SLU,CBW- Crazy Bowls and Wraps (Lindell/SLU),11/06/2025 5:23 PM,11/04/2025 7:54 AM,$75.00 ,$0.00 ,$20.00 ,($14.25),$0.00 ,$0.00 ,$0.00 ,($2.84),$0.00 ,$0.00 ,-30,0,0,47.91,Completed,ach,Marketplace Takeout,,Dispatch,,,
CV1-P9J,The Rehabilitation Institute of Southern Illinois,2351 Frank Scott Pkwy E,O'Fallon,IL,62269,,Shiloh,CBW- Crazy Bowls and Wraps (Shiloh),11/07/2025 11:23 AM,11/05/2025 12:48 PM,$243.70 ,$0.00 ,$20.00 ,($39.56),$20.35 ,($20.35),$0.00 ,($8.49),$0.00 ,$0.00 ,-30,0,0,185.65,Completed,ach,Marketplace Takeout,,Dispatch,,,
9X8-373,Americas Center,701 Convention Plaza,St. Louis,MO,63101,,Lindell/SLU,CBW- Crazy Bowls and Wraps (Lindell/SLU),11/07/2025 11:30 AM,11/06/2025 1:36 PM,$344.75 ,$0.00 ,$20.00 ,($54.71),$45.43 ,$0.00 ,$0.00 ,($12.26),$0.00 ,$0.00 ,-34.48,0,0,308.73,Completed,ach,Marketplace Takeout,,Dispatch,,,
VUP-UK1,"Takeout from Chesterfield, MO",17249 Chesterfield Airport Rd,Chesterfield,MO,63005,,Chesterfield Valley,CBW- Crazy Bowls and Wraps (Chesterfield Valley),11/07/2025 12:30 PM,11/05/2025 9:57 AM,$159.00 ,$0.00 ,$0.00 ,($23.85),$16.08 ,$0.00 ,$10.00 ,($5.23),$0.00 ,$0.00 ,0,0,0,156,Completed,ach,Marketplace Takeout,,N/A,,,
2R5-8UW,Contemporary Art Museum St. Louis,3750 Washington Blvd St. Louis,St. Louis,MO,63108,,Lindell/SLU,CBW- Crazy Bowls and Wraps (Lindell/SLU),11/07/2025 4:40 PM,10/31/2025 12:43 PM,$241.90 ,$0.00 ,$20.00 ,($18.33),$0.00 ,$0.00 ,$0.00 ,($7.83),$0.00 ,$0.00 ,-30,0,0,205.74,Completed,ach,Marketplace Takeout,,Dispatch,,,
23P-QCE,ArchBridge Family Office,7700 Forsyth Blvd Suite 1100,St. Louis,MO,63105,,Rock Hill/Glendale,CBW- Crazy Bowls and Wraps (Rock Hill/Glendale),11/10/2025 10:14 AM,11/05/2025 1:11 PM,$564.40 ,$0.00 ,$20.00 ,($87.66),$52.14 ,$0.00 ,$0.00 ,($19.03),$0.00 ,$0.00 ,-56.44,0,0,473.41,Completed,ach,Marketplace Takeout,,Dispatch,,,
VJT-MG7,ICL,8201 Idaho Ave,St. Louis,MO,63111,,Tesson,CBW- Crazy Bowls and Wraps (Tesson),11/10/2025 10:29 AM,11/06/2025 12:02 PM,$80.15 ,$0.00 ,$20.00 ,($15.02),$6.20 ,$0.00 ,$0.00 ,($3.18),$0.00 ,$0.00 ,-30,0,0,58.15,Completed,ach,Marketplace Takeout,,Dispatch,,,
RPU-1ZX,Mid America Transplant-Avis Causey,1110 Highlands Plaza Dr East Suite 100,St. Louis,MO,63110,18,South City,CBW- Crazy Bowls and Wraps #18 (South City),11/10/2025 11:07 AM,11/07/2025 3:14 PM,$271.55 ,$0.00 ,$20.00 ,($43.73),$0.00 ,$0.00 ,$0.00 ,($8.72),$0.00 ,$0.00 ,-30,0,0,209.1,Completed,ach,Marketplace Takeout,,Dispatch,,,
UVE-FVP,"Takeout from Creve Coeur, MO",,Creve Coeur,MO,,,West Oak,CBW- Crazy Bowls and Wraps (West Oak),11/10/2025 11:30 AM,11/09/2025 11:28 AM,$217.50 ,$0.00 ,$0.00 ,($32.63),$19.55 ,$0.00 ,$0.00 ,($7.09),$0.00 ,$0.00 ,0,0,0,197.33,Completed,ach,Marketplace Takeout,,N/A,,,
VEF-CY1,,,Wentzville,MO,,,Wentzville,CBW- Crazy Bowls and Wraps (Wentzville),11/10/2025 12:30 PM,11/07/2025 10:48 AM,$233.25 ,$0.00 ,$0.00 ,($34.99),$24.37 ,$0.00 ,$10.00 ,($7.70),$0.00 ,$0.00 ,0,0,0,224.93,Completed,ach,Marketplace Takeout,,N/A,,,
4VM-C8W,#1365 McCauley Animal Clinic,4646 Mid Rivers Mall Dr,St. Peters,MO,63376,,O'Fallon,CBW- Crazy Bowls and Wraps (O'Fallon),11/11/2025 11:15 AM,11/07/2025 2:22 PM,$365.00 ,$0.00 ,$20.00 ,($57.75),$32.67 ,$0.00 ,$0.00 ,($12.49),$0.00 ,$0.00 ,-36.5,0,0,310.93,Completed,ach,Marketplace Takeout,,Dispatch,,,
87K-0RZ,WashU,6475 Forsyth Blvd,St. Louis,MO,63105,,Forsyth/Clayton,CBW- Crazy Bowls and Wraps (Forsyth/Clayton),11/11/2025 11:26 AM,11/10/2025 2:01 PM,$147.77 ,$0.00 ,$20.00 ,($25.17),$15.50 ,$0.00 ,$0.00 ,($5.48),$0.00 ,$0.00 ,-30,0,0,122.62,Completed,ach,Marketplace Takeout,,Dispatch,,,
5UA-PXP,Washington University School of Medicine,520 S Euclid Ave,St. Louis,MO,63110,18,South City,CBW- Crazy Bowls and Wraps #18 (South City),11/11/2025 12:04 PM,11/07/2025 3:35 PM,$214.20 ,$0.00 ,$20.00 ,($35.13),$0.00 ,$0.00 ,$0.00 ,($7.00),$0.00 ,$0.00 ,-30,0,0,162.07,Completed,ach,Marketplace Takeout,,Dispatch,,,
6Q9-0H8,P&G,120 E Grand Ave,St. Louis,MO,63147,,Lindell/SLU,CBW- Crazy Bowls and Wraps (Lindell/SLU),11/12/2025 11:13 AM,11/10/2025 4:32 PM,$487.40 ,$0.00 ,$20.00 ,($76.11),$64.23 ,$0.00 ,$0.00 ,($17.09),$0.00 ,$0.00 ,-48.74,0,0,429.69,Completed,ach,Marketplace Takeout,,Dispatch,,,
ZEJ-UTU,[REMOVED],4620381 Ezcater St,Ezcater,MA,63045,,Lindenwood,CBW- Crazy Bowls and Wraps (Lindenwood),11/12/2025 11:20 AM,11/11/2025 3:09 PM,$104.95 ,$0.00 ,$20.00 ,($18.74),$10.44 ,$0.00 ,$0.00 ,($4.05),$0.00 ,$0.00 ,-30,0,0,82.6,Completed,ach,Marketplace Takeout,,Dispatch,,,
41T-YY8,United Access,500 NW Plaza Dr STE 900,Saint Ann,MO,63074,,West Oak,CBW- Crazy Bowls and Wraps (West Oak),11/12/2025 11:31 AM,11/10/2025 4:51 PM,$92.75 ,$0.00 ,$20.00 ,($16.91),$8.34 ,$0.00 ,$0.00 ,($3.62),($5.95),$0.00 ,-30,0,0,64.61,Completed,ach,Marketplace Takeout,,Dispatch,,,
V07-FM3,Dedicated Senior Medical Center,3721 S Grand Blvd,St. Louis,MO,63118,,Lindell/SLU,CBW- Crazy Bowls and Wraps (Lindell/SLU),11/12/2025 11:44 AM,11/11/2025 2:01 PM,$319.00 ,$0.00 ,$20.00 ,($50.85),$42.04 ,$0.00 ,$0.00 ,($11.39),$0.00 ,$0.00 ,-31.9,0,0,286.9,Completed,ach,Marketplace Takeout,,Dispatch,,,
ZTZ-2Z5,ThermoFisher,4766 La Guardia Dr,Berkeley,MO,63134,,Forsyth/Clayton,CBW- Crazy Bowls and Wraps (Forsyth/Clayton),11/13/2025 8:18 AM,11/12/2025 4:06 PM,$136.00 ,$0.00 ,$20.00 ,($23.40),$14.26 ,$0.00 ,$0.00 ,($5.09),$0.00 ,$0.00 ,-30,0,0,111.77,Completed,ach,Marketplace Takeout,,Dispatch,,,
4P8-6G3,Ernst & Young,7676 Forsyth Blvd 2600,Clayton,MO,63105,,Forsyth/Clayton,CBW- Crazy Bowls and Wraps (Forsyth/Clayton),11/13/2025 10:56 AM,11/12/2025 9:51 AM,$240.13 ,$0.00 ,$20.00 ,($39.02),$25.18 ,$0.00 ,$0.00 ,($8.53),$0.00 ,$0.00 ,-30,0,0,207.76,Completed,ach,Marketplace Takeout,,Dispatch,,,
FA2-ZR7,Optimist International,4494 Lindell Blvd,St. Louis,MO,63108,,Lindell/SLU,CBW- Crazy Bowls and Wraps (Lindell/SLU),11/13/2025 11:26 AM,11/12/2025 3:23 PM,$119.52 ,$0.00 ,$20.00 ,($20.93),$15.75 ,$0.00 ,$0.00 ,($4.64),$0.00 ,$0.00 ,-30,0,0,99.7,Completed,ach,Marketplace Takeout,,Dispatch,,,
YF2-Z22,"Takeout from Edwardsville, IL",,Edwardsville,IL,,,Edwardsville,CBW- Crazy Bowls and Wraps (Edwardsville),11/13/2025 11:30 AM,11/12/2025 3:14 PM,$217.50 ,$0.00 ,$0.00 ,($32.63),$16.53 ,($16.53),$25.00 ,($7.00),$0.00 ,$0.00 ,0,0,0,202.87,Completed,ach,Marketplace Takeout,,N/A,,,
YKG-7AV,ashley homestore,3700 Green Mt Crossing Dr,Shiloh,IL,62269,,Shiloh,CBW- Crazy Bowls and Wraps (Shiloh),11/13/2025 11:42 AM,11/10/2025 2:14 PM,$117.60 ,$0.00 ,$20.00 ,($20.64),$9.82 ,($9.82),$0.00 ,($4.41),$0.00 ,$0.00 ,-30,0,0,82.55,Completed,ach,Marketplace Takeout,,Dispatch,,,
G9M-RRV,Dr. Salama,8790 Watson Rd Ste 100,St. Louis,MO,63123,,Rock Hill/Glendale,CBW- Crazy Bowls and Wraps (Rock Hill/Glendale),11/14/2025 11:19 AM,11/13/2025 2:05 PM,$102.90 ,$0.00 ,$20.00 ,($18.44),$9.51 ,$0.00 ,$0.00 ,($3.96),$0.00 ,$0.00 ,-30,0,0,80.01,Completed,ach,Marketplace Takeout,,Dispatch,,,
XKC-ARW,St. Louis City Training Center,2227 Clark Ave,St. Louis,MO,63103,,Lindell/SLU,CBW- Crazy Bowls and Wraps (Lindell/SLU),11/15/2025 11:36 AM,11/11/2025 1:42 PM,$251.40 ,$0.00 ,$20.00 ,($40.71),$33.13 ,$0.00 ,$0.00 ,($9.11),$0.00 ,$0.00 ,-30,0,0,224.71,Completed,ach,Marketplace Takeout,,Dispatch,,,
E3Q-X5K,St. Louis City Training Center,2227 Clark Ave,St. Louis,MO,63103,,Lindell/SLU,CBW- Crazy Bowls and Wraps (Lindell/SLU),11/15/2025 1:21 PM,11/11/2025 1:46 PM,$251.90 ,$0.00 ,$20.00 ,($40.79),$33.20 ,$0.00 ,$0.00 ,($9.12),$0.00 ,$0.00 ,-30,0,0,225.19,Completed,ach,Marketplace Takeout,,Dispatch,,,
QGQ-798,St. Louis City Training Center,2227 Clark Ave,St. Louis,MO,63103,,Lindell/SLU,CBW- Crazy Bowls and Wraps (Lindell/SLU),11/15/2025 3:51 PM,11/11/2025 1:53 PM,$298.95 ,$0.00 ,$20.00 ,($47.84),$39.40 ,$0.00 ,$0.00 ,($10.71),$0.00 ,$0.00 ,-30,0,0,269.8,Completed,ach,Marketplace Takeout,,Dispatch,,,
A1E-TM0,Union Station,2 S 20th St,St. Louis,MO,63103,18,South City,CBW- Crazy Bowls and Wraps #18 (South City),11/15/2025 6:27 PM,11/10/2025 2:02 PM,$427.50 ,$0.00 ,$20.00 ,($67.13),$56.34 ,$0.00 ,$0.00 ,($15.06),$0.00 ,$0.00 ,-42.75,0,0,378.9,Completed,ach,Marketplace Takeout,,Dispatch,,,
VYE-JEM,Distinctive Dermatology,390 Office Ct,Fairview Heights,IL,62208,,Shiloh,CBW- Crazy Bowls and Wraps (Shiloh),11/17/2025 10:32 AM,11/08/2025 3:03 PM,$494.95 ,$0.00 ,$20.00 ,($77.24),$41.33 ,($41.33),$0.00 ,($16.63),$0.00 ,$0.00 ,-49.5,0,0,371.58,Completed,ach,Marketplace Takeout,,Dispatch,,,
ZYP-EU2,Wiese - CAT Meeting,1435 Woodson Rd,St. Louis,MO,63132,,Forsyth/Clayton,CBW- Crazy Bowls and Wraps (Forsyth/Clayton),11/17/2025 11:06 AM,10/27/2025 3:51 PM,$254.13 ,$0.00 ,$20.00 ,($41.12),$26.65 ,$0.00 ,$0.00 ,($8.99),$0.00 ,$0.00 ,-30,0,0,220.67,Completed,ach,Marketplace Takeout,,Dispatch,,,
Q57-6CE,Boys & Girls Clubs of Greater St. Louis,9200 W Florissant Ave Attn: St. Louis Internship Program,St. Louis,MO,63136,,Forsyth/Clayton,CBW- Crazy Bowls and Wraps (Forsyth/Clayton),11/17/2025 11:26 AM,11/15/2025 10:33 AM,$85.56 ,$0.00 ,$20.00 ,($15.83),$0.00 ,$0.00 ,$0.00 ,($3.16),$0.00 ,$0.00 ,-30,0,0,56.57,Completed,ach,Marketplace Takeout,,Dispatch,,,
CM2-CJG,Cerro Flow Products,3000 Mississippi Ave Human Resourses,East St. Louis,IL,62206,,Lindell/SLU,CBW- Crazy Bowls and Wraps (Lindell/SLU),11/18/2025 8:36 AM,11/17/2025 12:57 PM,$93.87 ,$0.00 ,$20.00 ,($17.08),$12.37 ,$0.00 ,$0.00 ,($3.77),$0.00 ,$0.00 ,-30,0,0,75.39,Completed,ach,Marketplace Takeout,,Dispatch,,,
A66-HYC,Centene,7700 Forsyth Blvd Bldg B,St. Louis,MO,63105,,Forsyth/Clayton,CBW- Crazy Bowls and Wraps (Forsyth/Clayton),11/18/2025 11:00 AM,11/17/2025 4:37 PM,$147.69 ,$0.00 ,$0.00 ,($22.15),$15.49 ,$0.00 ,$0.00 ,($4.88),$0.00 ,$0.00 ,0,0,0,136.15,Completed,ach,Marketplace Takeout,,N/A,,,
VCJ-Q4U,Rosemann & Associates,168 N Meramec Ave,St. Louis,MO,63105,,Forsyth/Clayton,CBW- Crazy Bowls and Wraps (Forsyth/Clayton),11/18/2025 11:11 AM,11/17/2025 10:55 AM,$126.65 ,$0.00 ,$20.00 ,($22.00),$13.28 ,$0.00 ,$0.00 ,($4.78),$0.00 ,$0.00 ,-30,0,0,103.15,Completed,ach,Marketplace Takeout,,Dispatch,,,
ZR5-Z1W,Cannon Design,1100 Clark Ave,St. Louis,MO,63102,,Lindell/SLU,CBW- Crazy Bowls and Wraps (Lindell/SLU),11/18/2025 11:23 AM,11/17/2025 7:48 PM,$132.30 ,$0.00 ,$20.00 ,($22.85),$17.44 ,$0.00 ,$0.00 ,($5.08),$0.00 ,$0.00 ,-30,0,0,111.81,Completed,ach,Marketplace Takeout,,Dispatch,,,
KHG-R4G,Mercy Cancer Center Radiation Oncology,10050 Kennerly Rd 1st floor,Sappington,MO,63128,,Tesson,CBW- Crazy Bowls and Wraps (Tesson),11/18/2025 11:24 AM,11/17/2025 12:31 PM,$258.20 ,$0.00 ,$20.00 ,($41.73),$19.98 ,$0.00 ,$0.00 ,($8.92),$0.00 ,$0.00 ,-30,0,0,217.53,Completed,ach,Marketplace Takeout,,Dispatch,,,
KF0-XHG,Mercy Clinic Internal Medicine - Dr. Yang,12700 Southfork Rd Suite 200,St. Louis,MO,63128,,Tesson,CBW- Crazy Bowls and Wraps (Tesson),11/19/2025 11:25 AM,11/14/2025 8:21 AM,$232.50 ,$0.00 ,$20.00 ,($37.88),$17.99 ,$0.00 ,$0.00 ,($8.09),$0.00 ,$0.00 ,-30,0,0,194.52,Completed,ach,Marketplace Takeout,,Dispatch,,,
XCA-9FC,Tony Meoli Studio / RepHeads,3325 Washington Ave,St. Louis,MO,63103,,Lindell/SLU,CBW- Crazy Bowls and Wraps (Lindell/SLU),11/20/2025 8:12 AM,11/12/2025 9:28 AM,$142.45 ,$0.00 ,$20.00 ,($24.37),$18.77 ,$0.00 ,$0.00 ,($5.42),$0.00 ,$0.00 ,-30,0,0,121.43,Completed,ach,Marketplace Takeout,,Dispatch,,,
TVP-R2E,Wiegmann Associates,650 Fountain Lakes Blvd,Saint Charles,MO,63301,,Lindenwood,CBW- Crazy Bowls and Wraps (Lindenwood),11/20/2025 10:48 AM,11/18/2025 3:51 PM,$102.24 ,$0.00 ,$20.00 ,($18.34),$10.17 ,$0.00 ,$0.00 ,($3.96),$0.00 ,$0.00 ,-30,0,0,80.11,Completed,ach,Marketplace Takeout,,Dispatch,,,
KCA-06T,,207 Creekside Office Dr,Wentzville,MO,63385,,Wentzville,CBW- Crazy Bowls and Wraps (Wentzville),11/20/2025 12:15 PM,11/19/2025 3:38 PM,$109.14 ,$0.00 ,$0.00 ,($16.37),$11.41 ,$0.00 ,$10.91 ,($3.60),$0.00 ,$0.00 ,0,0,0,111.49,Completed,ach,Marketplace Takeout,,N/A,,,
XKF-EAC,Plancorp LLC,540 Maryville Centre Dr Suite 105,St. Louis,MO,63141,,Creve Coeur,CBW- Crazy Bowls and Wraps (Creve Coeur),11/21/2025 11:05 AM,10/22/2025 3:32 PM,$518.20 ,$0.00 ,$20.00 ,($80.73),$45.28 ,$0.00 ,$0.00 ,($17.45),$0.00 ,$0.00 ,-51.82,0,0,433.48,Completed,ach,Marketplace Takeout,,Dispatch,,,
CYX-MZA,JEMA,2823 Olive St,St. Louis,MO,63103,,Lindell/SLU,CBW- Crazy Bowls and Wraps (Lindell/SLU),11/21/2025 11:24 AM,11/19/2025 3:11 PM,$176.90 ,$0.00 ,$20.00 ,($29.54),$23.31 ,$0.00 ,$0.00 ,($6.58),$0.00 ,$0.00 ,-30,0,0,154.09,Completed,ach,Marketplace Takeout,,Dispatch,,,
AFM-8FA,Meramec dermatology,3783 Vogel Rd,Arnold,MO,63010,,Tesson,CBW- Crazy Bowls and Wraps (Tesson),11/25/2025 10:28 AM,11/24/2025 4:57 PM,$349.90 ,$0.00 ,$20.00 ,($55.49),$27.08 ,$0.00 ,$0.00 ,($11.87),$0.00 ,$0.00 ,-34.99,0,0,294.63,Completed,ach,Marketplace Takeout,,Dispatch,,,
ETP-P6T,Lemonaid Pharmacy,1701 Macklind Ave Suite 300,St. Louis,MO,63110,,West Oak,CBW- Crazy Bowls and Wraps (West Oak),11/25/2025 11:30 AM,11/10/2025 2:40 PM,$232.89 ,$0.00 ,$25.00 ,($34.93),$20.93 ,$0.00 ,$23.29 ,($8.34),$0.00 ,$0.00 ,0,0,0,258.84,Completed,ach,Meal Program,,,,,
FWY-5JV,Aspire Software,390 S Woods Mill Rd ste 300 - 3rd floor,Chesterfield,MO,63017,,West Oak,CBW- Crazy Bowls and Wraps (West Oak),11/26/2025 11:00 AM,11/10/2025 2:43 PM,$106.43 ,$0.00 ,$25.00 ,($15.96),$9.57 ,$0.00 ,$21.29 ,($4.22),$0.00 ,$0.00 ,0,0,0,142.11,Completed,ach,Meal Program,,,,,
9CY-ZYE,"Washington University School of Medicine, Mid Campus Center (MCC)",4590 Children's Pl/Nash Wy 11th floor,St. Louis,MO,63110,,Lindell/SLU,CBW- Crazy Bowls and Wraps (Lindell/SLU),11/26/2025 11:07 AM,11/24/2025 10:04 AM,$196.40 ,$0.00 ,$20.00 ,($32.46),$0.00 ,$0.00 ,$0.00 ,($6.47),$0.00 ,$0.00 ,-30,0,0,147.47,Completed,ach,Marketplace Takeout,,Dispatch,,,
K1G-4J9,Amdocs,625 Maryville Centre Dr Suite 200,St. Louis,MO,63141,,Creve Coeur,CBW- Crazy Bowls and Wraps (Creve Coeur),12/01/2025 8:35 AM,11/20/2025 9:56 AM,$109.70 ,$0.00 ,$20.00 ,($19.46),$9.59 ,$0.00 ,$0.00 ,($4.16),$0.00 ,$0.00 ,-30,0,0,85.67,Completed,ach,Marketplace Takeout,,Dispatch,,,
8K0-TR0,Ernst & Young,7676 Forsyth Blvd Suite 2600,Clayton,MO,63105,,Forsyth/Clayton,CBW- Crazy Bowls and Wraps (Forsyth/Clayton),12/02/2025 10:40 AM,11/26/2025 1:57 PM,$484.58 ,$0.00 ,$20.00 ,($75.69),$50.82 ,$0.00 ,$0.00 ,($16.61),$0.00 ,$0.00 ,-48.46,0,0,414.64,Completed,ach,Marketplace Takeout,,Dispatch,,,
1G5-XVF,Nestle Purina Pet Care,901 Chouteau Ave 5T,St. Louis,MO,63102,,Lindell/SLU,CBW- Crazy Bowls and Wraps (Lindell/SLU),12/02/2025 11:21 AM,12/01/2025 11:06 AM,$80.35 ,$0.00 ,$20.00 ,($15.05),$10.59 ,$0.00 ,$0.00 ,($3.32),$0.00 ,$0.00 ,-30,0,0,62.57,Completed,ach,Marketplace Takeout,,Dispatch,,,
3QY-9T0,Equifax,7676 Forsyth Blvd,Clayton,MO,63105,,Forsyth/Clayton,CBW- Crazy Bowls and Wraps (Forsyth/Clayton),12/03/2025 11:07 AM,11/21/2025 4:07 PM,"$1,043.20 ",$0.00 ,$20.00 ,($159.48),$109.41 ,$0.00 ,$0.00 ,($35.06),$0.00 ,$0.00 ,-104.32,0,0,873.75,Completed,ach,Marketplace Takeout,,Dispatch,,,
HRK-R8X,Oakville Dental Care,6076 Telegraph Rd,St. Louis,MO,63129,,Tesson,CBW- Crazy Bowls and Wraps (Tesson),12/03/2025 11:29 AM,12/02/2025 3:21 PM,$297.50 ,$0.00 ,$20.00 ,($47.63),$23.02 ,$0.00 ,$0.00 ,($10.18),$0.00 ,$0.00 ,-30,0,0,252.71,Completed,ach,Marketplace Takeout,,Dispatch,,,
U50-C8A,JM&A Group,3120 Rider Trail S,Earth City,MO,63045,,Creve Coeur,CBW- Crazy Bowls and Wraps (Creve Coeur),12/04/2025 10:08 AM,11/26/2025 8:41 AM,"$1,224.25 ",$0.00 ,$20.00 ,($186.64),$106.97 ,$0.00 ,$0.00 ,($40.40),$0.00 ,$0.00 ,-122.42,0,0,1001.76,Completed,ach,Marketplace Takeout,,Dispatch,,,
YE4-0ZT,World Wide Technology,108 Gateway Commerce Center Dr N,Edwardsville,IL,62025,,Edwardsville,CBW- Crazy Bowls and Wraps (Edwardsville),12/04/2025 11:13 AM,11/25/2025 9:56 PM,$129.80 ,$0.00 ,$20.00 ,($22.47),$9.86 ,($9.86),$0.00 ,($4.77),$0.00 ,$0.00 ,-30,0,0,92.56,Completed,ach,Marketplace Takeout,,Dispatch,,,
8ZA-Y94,,1078 Wentzville Pkwy,Wentzville,MO,63385,,Wentzville,CBW- Crazy Bowls and Wraps (Wentzville),12/04/2025 11:15 AM,12/03/2025 9:31 AM,$131.95 ,$0.00 ,$0.00 ,($19.79),$13.79 ,$0.00 ,$0.00 ,($4.36),$0.00 ,$0.00 ,0,0,0,121.59,Completed,ach,Marketplace Takeout,,N/A,,,
VHF-3Y2,Mercy Clinic Pediatrics,1203 Smizer Mill Rd Suite 108,Fenton,MO,63026,,Sunset Hills,CBW- Crazy Bowls and Wraps (Sunset Hills),12/05/2025 11:17 AM,12/03/2025 3:51 PM,$217.50 ,$0.00 ,$20.00 ,($35.63),$16.83 ,$0.00 ,$0.00 ,($7.60),$0.00 ,$0.00 ,-30,0,0,181.1,Completed,ach,Marketplace Takeout,,Dispatch,,,
EVC-RCF,Contemporary Art Museum St. Louis,3750 Washington Blvd 3750 Washington Boulevard,St. Louis,MO,63108,,Lindell/SLU,CBW- Crazy Bowls and Wraps (Lindell/SLU),12/05/2025 4:26 PM,11/19/2025 3:20 PM,$179.70 ,$0.00 ,$20.00 ,($13.98),$0.00 ,$0.00 ,$0.00 ,($5.97),$0.00 ,$0.00 ,-30,0,0,149.75,Completed,ach,Marketplace Takeout,,Dispatch,,,
Z47-UMA,Deloitte,100 S 4th St,St. Louis,MO,63102,,Lindell/SLU,CBW- Crazy Bowls and Wraps (Lindell/SLU),12/08/2025 10:49 AM,12/03/2025 2:21 PM,$297.85 ,$0.00 ,$20.00 ,($47.68),$39.25 ,$0.00 ,$0.00 ,($10.68),$0.00 ,$0.00 ,-30,0,0,268.74,Completed,ach,Marketplace Takeout,,Dispatch,,,
K9F-736,Purina,801 Chouteau Ave 5T,St. Louis,MO,63102,,Lindell/SLU,CBW- Crazy Bowls and Wraps (Lindell/SLU),12/08/2025 10:51 AM,12/05/2025 1:01 PM,$124.45 ,$0.00 ,$20.00 ,($21.67),$16.40 ,$0.00 ,$0.00 ,($4.81),$0.00 ,$0.00 ,-30,0,0,104.37,Completed,ach,Marketplace Takeout,,Dispatch,,,
ZAK-Z34,Apg,916 Talon Dr,O'Fallon,IL,62269,,Shiloh,CBW- Crazy Bowls and Wraps (Shiloh),12/08/2025 11:07 AM,12/04/2025 1:50 PM,$416.10 ,$0.00 ,$20.00 ,($65.42),$34.74 ,($34.74),$0.00 ,($14.08),$0.00 ,$0.00 ,-41.61,0,0,314.99,Completed,ach,Marketplace Takeout,,Dispatch,,,
3TX-C1Z,Martone Legal LLC,600 Emerson Rd 205,Creve Coeur,MO,63141,,West Oak,CBW- Crazy Bowls and Wraps (West Oak),12/08/2025 11:08 AM,12/01/2025 10:43 AM,$305.25 ,$0.00 ,$20.00 ,($48.79),$27.44 ,$0.00 ,$0.00 ,($10.55),$0.00 ,$0.00 ,-30.52,0,0,262.83,Completed,ach,Marketplace Takeout,,Dispatch,,,
QG4-U97,Springhill Suites Earth City,3099 Rider Trail S,Bridgeton,MO,63044,,West Oak,CBW- Crazy Bowls and Wraps (West Oak),12/08/2025 11:47 AM,12/05/2025 2:19 PM,$75.80 ,$0.00 ,$20.00 ,($14.37),$6.81 ,$0.00 ,$0.00 ,($3.07),$0.00 ,$0.00 ,-30,0,0,55.17,Completed,ach,Marketplace Takeout,,Dispatch,,,
GR7-M0X,Washington University in St. Louis,1 Brookings Dr Seigle Hall 148,St. Louis,MO,63130,,Forsyth/Clayton,CBW- Crazy Bowls and Wraps (Forsyth/Clayton),12/09/2025 11:38 AM,12/08/2025 10:33 AM,$247.18 ,$0.00 ,$20.00 ,($40.08),$0.00 ,$0.00 ,$0.00 ,($7.99),$0.00 ,$0.00 ,-30,0,0,189.11,Completed,ach,Marketplace Takeout,,Dispatch,,,
TQE-6RT,Core & Main,1830 Craig Park Ct,St. Louis,MO,63146,,West Oak,CBW- Crazy Bowls and Wraps (West Oak),12/10/2025 10:53 AM,12/01/2025 5:24 PM,$316.00 ,$0.00 ,$20.00 ,($50.40),$28.40 ,$0.00 ,$0.00 ,($10.90),$0.00 ,$0.00 ,-31.6,0,0,271.5,Completed,ach,Marketplace Takeout,,Dispatch,,,
YJK-TP5,St. Luke’s Internal Medicine 504A,121 St Luke's Center Dr Building A 504,Chesterfield,MO,63017,,Creve Coeur,CBW- Crazy Bowls and Wraps (Creve Coeur),12/10/2025 11:23 AM,12/09/2025 4:41 PM,$248.00 ,$0.00 ,$20.00 ,($40.20),$21.67 ,$0.00 ,$0.00 ,($8.66),$0.00 ,$0.00 ,-30,0,0,210.81,Completed,ach,Marketplace Takeout,,Dispatch,,,
J73-UFP,Contemporary Art Museum St. Louis,3750 Washington Ave,St. Louis,MO,63108,,Lindell/SLU,CBW- Crazy Bowls and Wraps (Lindell/SLU),12/10/2025 4:11 PM,12/02/2025 10:27 AM,$78.60 ,$0.00 ,$20.00 ,($14.79),$10.36 ,$0.00 ,$0.00 ,($3.26),$0.00 ,$0.00 ,-30,0,0,60.91,Completed,ach,Marketplace Takeout,2500comeback,Dispatch,,,
YZK-JT1,St. Lous Gastroenterology Associates,3555 Sunset Office Dr Suite 107,St. Louis,MO,63127,,Sunset Hills,CBW- Crazy Bowls and Wraps (Sunset Hills),12/11/2025 11:05 AM,12/08/2025 4:31 PM,$466.87 ,$0.00 ,$20.00 ,($73.03),$36.13 ,$0.00 ,$0.00 ,($15.64),$0.00 ,$0.00 ,-46.69,0,0,387.64,Completed,ach,Marketplace Takeout,,Dispatch,,,
UHY-H3C,Cardinal Glennon Children's Hospital,1465 S Grand Blvd Main entrance - outside,St. Louis,MO,63104,,Lindell/SLU,CBW- Crazy Bowls and Wraps (Lindell/SLU),12/11/2025 11:20 AM,12/09/2025 8:37 AM,$376.20 ,$0.00 ,$20.00 ,($59.43),$0.00 ,$0.00 ,$0.00 ,($11.85),$0.00 ,$0.00 ,-37.62,0,0,287.3,Completed,ach,Marketplace Takeout,,Dispatch,,,
K6C-QJK,WashU (Weil Hall),1 Wrighton Wy Weil Hall,St. Louis,MO,63105,,Forsyth/Clayton,CBW- Crazy Bowls and Wraps (Forsyth/Clayton),12/11/2025 11:56 AM,12/08/2025 2:35 PM,$94.49 ,$0.00 ,$20.00 ,($17.17),$0.00 ,$0.00 ,$0.00 ,($3.42),$0.00 ,$0.00 ,-30,0,0,63.9,Completed,ach,Marketplace Takeout,,Dispatch,,,
JRE-9TQ,Leonardo DRS,4201 Innovation Way,Bridgeton,MO,63044,,Lindenwood,CBW- Crazy Bowls and Wraps (Lindenwood),12/12/2025 10:30 AM,12/10/2025 12:24 PM,$237.45 ,$0.00 ,$20.00 ,($38.62),$23.63 ,$0.00 ,$0.00 ,($8.40),$0.00 ,$0.00 ,-30,0,0,204.06,Completed,ach,Marketplace Takeout,,Dispatch,,,
ZQX-42F,Club Fitness,215 Arnold Crossroads Center Ground floor,Arnold,MO,63010,,Tesson,CBW- Crazy Bowls and Wraps (Tesson),12/12/2025 11:14 AM,12/10/2025 2:42 PM,$479.58 ,$0.00 ,$20.00 ,($34.97),$37.11 ,$0.00 ,$0.00 ,($16.05),($48.00),$0.00 ,-47.96,0,0,389.71,Completed,ach,Marketplace Takeout,,Dispatch,,,
PJM-T5M,Lemonaid Pharmacy,1701 Macklind Ave Suite 300,St. Louis,MO,63110,,West Oak,CBW- Crazy Bowls and Wraps (West Oak),12/12/2025 11:30 AM,11/24/2025 10:55 AM,$276.19 ,$0.00 ,$25.00 ,($41.43),$24.82 ,$0.00 ,$27.62 ,($9.75),$0.00 ,$0.00 ,0,0,0,302.45,Completed,ach,Meal Program,,,,,
PYY-YCA,Chaifetz,1 S Compton Ave,St. Louis,MO,63103,,Forsyth/Clayton,CBW- Crazy Bowls and Wraps (Forsyth/Clayton),12/14/2025 2:59 PM,12/12/2025 2:47 PM,$445.14 ,$0.00 ,$20.00 ,($69.77),$0.00 ,$0.00 ,$0.00 ,($13.91),$0.00 ,$0.00 ,-44.51,0,0,336.95,Completed,ach,Marketplace Takeout,,Dispatch,,,
UZM-PYT,Distinctive Dermatology,390 Office Ct,Fairview Heights,IL,62208,,Shiloh,CBW- Crazy Bowls and Wraps (Shiloh),12/15/2025 10:33 AM,12/12/2025 4:30 PM,$370.00 ,$0.00 ,$20.00 ,($58.50),$30.90 ,($30.90),$0.00 ,($12.58),$0.00 ,$0.00 ,-37,0,0,281.92,Completed,ach,Marketplace Takeout,,Dispatch,,,
WPX-0YA,STL Fertility,555 N New Ballas Rd 150,St. Louis,MO,63141,,West Oak,CBW- Crazy Bowls and Wraps (West Oak),12/15/2025 11:19 AM,12/11/2025 9:18 AM,$653.70 ,$0.00 ,$20.00 ,($101.06),$58.75 ,$0.00 ,$0.00 ,($21.90),$0.00 ,$0.00 ,-65.37,0,0,544.12,Completed,ach,Marketplace Takeout,,Dispatch,,,
37T-Q48,"Golding, Inc.",251 Axminister Dr,Fenton,MO,63026,,Sunset Hills,CBW- Crazy Bowls and Wraps (Sunset Hills),12/16/2025 10:35 AM,12/15/2025 3:37 PM,$229.50 ,$0.00 ,$20.00 ,($37.43),$17.76 ,$0.00 ,$0.00 ,($7.99),$0.00 ,$0.00 ,-30,0,0,191.84,Completed,ach,Marketplace Takeout,,Dispatch,,,
HT0-H2F,St. Lukes Multispecialty,222 S Woods Mill Rd Suite 750 North building,Chesterfield,MO,63017,,Rock Hill/Glendale,CBW- Crazy Bowls and Wraps (Rock Hill/Glendale),12/16/2025 11:12 AM,12/15/2025 8:32 AM,$269.10 ,$0.00 ,$20.00 ,($43.37),$24.86 ,$0.00 ,$0.00 ,($9.39),$0.00 ,$0.00 ,-30,0,0,231.2,Completed,ach,Marketplace Takeout,,Dispatch,,,
8P9-3V7,Eurofins St Louis,2250 Welsch Industrial Ct A,St. Louis,MO,63146,,Forsyth/Clayton,CBW- Crazy Bowls and Wraps (Forsyth/Clayton),12/17/2025 10:55 AM,12/15/2025 12:05 PM,$296.33 ,$0.00 ,$20.00 ,($47.45),$31.08 ,$0.00 ,$0.00 ,($10.39),$0.00 ,$0.00 ,-30,0,0,259.57,Completed,ach,Marketplace Takeout,,Dispatch,,,
AJ3-WJV,Aspire Software,390 S Woods Mill Rd ste 300 - 3rd floor,Chesterfield,MO,63017,,West Oak,CBW- Crazy Bowls and Wraps (West Oak),12/17/2025 11:00 AM,12/01/2025 2:05 PM,$153.40 ,$0.00 ,$25.00 ,($23.01),$13.79 ,$0.00 ,$30.68 ,($5.75),$0.00 ,$0.00 ,0,0,0,194.11,Completed,ach,Meal Program,,,,,
AMR-U60,Hunter engineering - c/o Jim T,"11250 Hunter Dr Building ""A""",Bridgeton,MO,63044,,West Oak,CBW- Crazy Bowls and Wraps (West Oak),12/17/2025 11:14 AM,12/13/2025 2:41 PM,$207.80 ,$0.00 ,$20.00 ,($34.17),$18.68 ,$0.00 ,$0.00 ,($7.37),$0.00 ,$0.00 ,-30,0,0,174.94,Completed,ach,Marketplace Takeout,,Dispatch,,,
UF1-ZU7,TRUE Fitness,25 Lakeside Dr Lobby,Lake Saint Louis,MO,63367,,O'Fallon,CBW- Crazy Bowls and Wraps (O'Fallon),12/18/2025 11:02 AM,12/17/2025 6:51 PM,$164.95 ,$0.00 ,$20.00 ,($27.74),$14.76 ,$0.00 ,$0.00 ,($5.97),$0.00 ,$0.00 ,-30,0,0,136,Completed,ach,Marketplace Takeout,,Dispatch,,,
8T5-R9E,Cambridge Air Solutions,760 Long Rd Crossing Dr,Chesterfield,MO,63005,,Chesterfield Valley,CBW- Crazy Bowls and Wraps (Chesterfield Valley),12/18/2025 11:06 AM,12/17/2025 10:57 AM,$377.70 ,$0.00 ,$20.00 ,($59.66),$38.20 ,$0.00 ,$0.00 ,($13.03),$0.00 ,$0.00 ,-37.77,0,0,325.44,Completed,ach,Marketplace Takeout,,Dispatch,,,
AKP-VUW,RNAissance Ag,1005 N Warson Rd Ste 375,Creve Coeur,MO,63141,,West Oak,CBW- Crazy Bowls and Wraps (West Oak),12/18/2025 11:07 AM,12/11/2025 3:02 PM,$210.25 ,$0.00 ,$20.00 ,($34.54),$18.90 ,$0.00 ,$0.00 ,($7.45),$0.00 ,$0.00 ,-30,0,0,177.16,Completed,ach,Marketplace Takeout,,Dispatch,,,
Q5V-T83,Missouri Veterinary Dermatology Center,1092 Wentzville Pkwy,Wentzville,MO,63385,,Wentzville,CBW- Crazy Bowls and Wraps (Wentzville),12/18/2025 11:11 AM,12/15/2025 7:52 AM,$288.55 ,$0.00 ,$20.00 ,($46.28),$30.15 ,$0.00 ,$0.00 ,($10.13),$0.00 ,$0.00 ,-30,0,0,252.29,Completed,ach,Marketplace Takeout,,Dispatch,,,
CX5-GY8,Forefront Dermatology,1800 Wentzville Pkwy,Wentzville,MO,63385,,Wentzville,CBW- Crazy Bowls and Wraps (Wentzville),12/18/2025 11:26 AM,12/16/2025 7:22 PM,$217.50 ,$0.00 ,$20.00 ,($35.63),$22.73 ,$0.00 ,$0.00 ,($7.78),$0.00 ,$0.00 ,-30,0,0,186.82,Completed,ach,Marketplace Takeout,,Dispatch,,,
PZK-R5X,Strive Pharmacy,2058 Fenton Logistics Pk Blvd,Fenton,MO,63026,,Sunset Hills,CBW- Crazy Bowls and Wraps (Sunset Hills),12/19/2025 10:45 AM,12/15/2025 11:25 AM,"$1,871.50 ",$0.00 ,$20.00 ,($283.73),$144.82 ,$0.00 ,$0.00 ,($60.89),$0.00 ,$0.00 ,-187.15,0,0,1504.55,Completed,ach,Marketplace Takeout,gift2025,Dispatch,,,
7ZG-65F,Barnes Jewish Hospital Main Campus. Meet in main lobby,Barnes Jewish Hospital Plaza,St. Louis,MO,63110,,Lindell/SLU,CBW- Crazy Bowls and Wraps (Lindell/SLU),12/21/2025 10:38 AM,12/10/2025 3:33 PM,$341.95 ,$0.00 ,$20.00 ,($54.29),$0.00 ,$0.00 ,$0.00 ,($10.82),$0.00 ,$0.00 ,-34.2,0,0,262.64,Completed,ach,Marketplace Takeout,,Dispatch,,,
55Z-C8U,Barnes Jewish Hospital main campus.,Barnes Jewish Hospital Plaza,St. Louis,MO,63110,,Lindell/SLU,CBW- Crazy Bowls and Wraps (Lindell/SLU),12/21/2025 7:36 PM,12/10/2025 3:36 PM,$341.95 ,$0.00 ,$20.00 ,($54.29),$0.00 ,$0.00 ,$0.00 ,($10.82),$0.00 ,$0.00 ,-34.2,0,0,262.64,Completed,ach,Marketplace Takeout,,Dispatch,,,
980-1WY,Tri-County Family Practice - Chesterfield (SLH),17417 Chesterfield Airport Rd,Chesterfield,MO,63005,,Chesterfield Valley,CBW- Crazy Bowls and Wraps (Chesterfield Valley),12/23/2025 11:30 AM,12/22/2025 8:34 AM,$176.95 ,$0.00 ,$0.00 ,($26.54),$17.89 ,$0.00 ,$0.00 ,($5.83),$0.00 ,$0.00 ,0,0,0,162.47,Completed,ach,Marketplace Takeout,nccv3ezr3,N/A,,,
CF6-27P,,12700 Southfork Rd,St. Louis,MO,63128,,Tesson,CBW- Crazy Bowls and Wraps (Tesson),12/23/2025 11:30 AM,12/22/2025 11:08 AM,$208.35 ,$0.00 ,$0.00 ,($31.25),$16.12 ,$0.00 ,$20.84 ,($6.71),$0.00 ,$0.00 ,0,0,0,207.35,Completed,ach,Marketplace Takeout,,N/A,,,
Y6Y-E1W,Tiffany's,64 Plaza Frontenac,St. Louis,MO,63131,,Rock Hill/Glendale,CBW- Crazy Bowls and Wraps (Rock Hill/Glendale),12/23/2025 12:03 PM,12/06/2025 1:36 PM,$217.50 ,$0.00 ,$20.00 ,($35.63),$20.09 ,$0.00 ,$0.00 ,($7.70),$0.00 ,$0.00 ,-30,0,0,184.26,Completed,ach,Marketplace Takeout,,Dispatch,,,
5F1-136,Mercy Hospital South,10010 Kennerly Rd John Pruellege Heart Hospital entrance,St. Louis,MO,63128,,Tesson,CBW- Crazy Bowls and Wraps (Tesson),12/26/2025 10:05 AM,12/24/2025 7:56 AM,$620.50 ,$0.00 ,$20.00 ,($96.08),$48.01 ,$0.00 ,$0.00 ,($20.59),$0.00 ,$0.00 ,-62.05,0,0,509.79,Completed,ach,Marketplace Takeout,2550ezo,Dispatch,,,
Q9A-73P,SSM SLUCare Academic Pavilion,"1008 S Spring Ave 1st Floor, conference room 1001",St. Louis,MO,63110,18,South City,CBW- Crazy Bowls and Wraps #18 (South City),12/29/2025 7:06 AM,11/24/2025 4:21 PM,$97.00 ,$0.00 ,$20.00 ,($17.55),$12.78 ,$0.00 ,$0.00 ,($3.88),$0.00 ,$0.00 ,-30,0,0,78.35,Completed,ach,Marketplace Takeout,,Dispatch,,,
3RE-YQ8,Community and LT Care Psychiatry,10004 Kennerly Rd 362B,St. Louis,MO,63128,,Sunset Hills,CBW- Crazy Bowls and Wraps (Sunset Hills),12/29/2025 11:05 AM,12/23/2025 12:17 PM,$218.94 ,$0.00 ,$20.00 ,($35.84),$16.94 ,$0.00 ,$0.00 ,($7.65),$0.00 ,$0.00 ,-30,0,0,182.39,Completed,ach,Marketplace Takeout,,Dispatch,,,
KW1-V4K,Contemporary Art Museum St. Louis,3750 Washington Blvd 3750 Washington Boulevard,St. Louis,MO,63108,,Lindell/SLU,CBW- Crazy Bowls and Wraps (Lindell/SLU),01/02/2026 4:11 PM,12/30/2025 1:19 PM,$165.75 ,$0.00 ,$20.00 ,($13.00),$0.00 ,$0.00 ,$0.00 ,($5.55),$0.00 ,$0.00 ,-30,0,0,137.2,Completed,ach,Marketplace Takeout,,Dispatch,,,
6A2-CWT,WashU Mckelvey Engineering,1 Brookings Dr Lopata Hall Gallery,St. Louis,MO,63130,,Forsyth/Clayton,CBW- Crazy Bowls and Wraps (Forsyth/Clayton),01/03/2026 11:34 AM,12/29/2025 2:00 PM,$610.50 ,$0.00 ,$20.00 ,($94.58),$0.00 ,$0.00 ,$0.00 ,($18.85),$0.00 ,$0.00 ,-61.05,0,0,456.02,Completed,ach,Marketplace Takeout,,Dispatch,,,
7F7-H7F,Chaifetz Arena,1 S Compton Ave Loading Dock,St. Louis,MO,63103,,Lindell/SLU,CBW- Crazy Bowls and Wraps (Lindell/SLU),01/03/2026 2:23 PM,01/02/2026 9:36 AM,$254.40 ,$0.00 ,$20.00 ,($41.16),$33.53 ,$0.00 ,$0.00 ,($9.21),$0.00 ,$0.00 ,-30,0,0,227.56,Completed,ach,Marketplace Takeout,,Dispatch,,,
GFR-FKG,KIPP Wonder Academy,3740 Marine Ave,St. Louis,MO,63118,,Lindell/SLU,CBW- Crazy Bowls and Wraps (Lindell/SLU),01/05/2026 10:43 AM,01/02/2026 5:12 PM,$275.18 ,$0.00 ,$20.00 ,($44.28),$0.00 ,$0.00 ,$0.00 ,($8.83),$0.00 ,$0.00 ,-30,0,0,212.07,Completed,ach,Marketplace Takeout,2500comeback,Dispatch,,,
HJK-6P7,,,O'Fallon,IL,,,Shiloh,CBW- Crazy Bowls and Wraps (Shiloh),01/06/2026 11:00 AM,01/05/2026 1:36 PM,$365.18 ,$0.00 ,$0.00 ,($54.78),$30.49 ,($30.49),$20.00 ,($11.83),$0.00 ,$0.00 ,0,0,0,318.57,Completed,ach,Marketplace Takeout,,N/A,,,
3PA-QX4,Patient Pick Up/Cardiac Cath Lab,1 St Elizabeth's Blvd,O'Fallon,IL,62269,,Shiloh,CBW- Crazy Bowls and Wraps (Shiloh),01/07/2026 10:35 AM,01/06/2026 3:33 PM,$533.55 ,$0.00 ,$20.00 ,($83.03),$44.55 ,($44.55),$0.00 ,($17.88),$0.00 ,$0.00 ,-53.36,0,0,399.28,Completed,ach,Marketplace Takeout,,Dispatch,,,
EWA-QJJ,HOK ST. LOUIS,701 Market St 400,St. Louis,MO,63101,,Lindell/SLU,CBW- Crazy Bowls and Wraps (Lindell/SLU),01/07/2026 11:13 AM,01/05/2026 2:51 PM,$769.50 ,$0.00 ,$20.00 ,($118.43),$101.41 ,$0.00 ,$0.00 ,($26.64),$0.00 ,$0.00 ,-76.95,0,0,668.89,Completed,ach,Marketplace Takeout,,Dispatch,,,
VCG-ZRG,Gulfstream -Alicia Beals,6400 Curtiss-Steinberg Dr Hangar A 2nd Floor,Sauget,IL,62206,,Lindell/SLU,CBW- Crazy Bowls and Wraps (Lindell/SLU),01/07/2026 11:16 AM,01/06/2026 1:56 PM,$142.45 ,$0.00 ,$20.00 ,($24.37),$18.77 ,$0.00 ,$0.00 ,($5.42),$0.00 ,$0.00 ,-30,0,0,121.43,Completed,ach,Marketplace Takeout,,Dispatch,,,
C2E-XTX,St Elizabeths cath lab and ep lab in hospital,1 St Elizabeth's Blvd Second floor,O'Fallon,IL,62269,,Shiloh,CBW- Crazy Bowls and Wraps (Shiloh),01/08/2026 10:37 AM,01/06/2026 12:38 PM,$577.00 ,$0.00 ,$20.00 ,($89.55),$48.18 ,($48.18),$0.00 ,($19.29),$0.00 ,$0.00 ,-57.7,0,0,430.46,Completed,ach,Marketplace Takeout,,Dispatch,,,
6W1-9GY,Wash U Pain Management,969 N Mason Rd L30,Creve Coeur,MO,63141,,Creve Coeur,CBW- Crazy Bowls and Wraps (Creve Coeur),01/08/2026 10:52 AM,01/07/2026 9:36 AM,$341.35 ,$0.00 ,$20.00 ,($54.20),$29.83 ,$0.00 ,$0.00 ,($11.70),$0.00 ,$0.00 ,-34.14,0,0,291.14,Completed,ach,Marketplace Takeout,,Dispatch,,,
0X8-JX5,The Crossing at Grant's Trail,2760 Union Rd,St. Louis,MO,63125,,Tesson,CBW- Crazy Bowls and Wraps (Tesson),01/08/2026 4:46 PM,01/06/2026 3:05 PM,$247.50 ,$0.00 ,$20.00 ,($40.13),$0.00 ,$0.00 ,$0.00 ,($8.00),$0.00 ,$0.00 ,-30,0,0,189.37,Completed,ach,Marketplace Takeout,,Dispatch,,,
5VC-TXK,Curium,2703 Wagner Pl,Maryland Heights,MO,63043,,West Oak,CBW- Crazy Bowls and Wraps (West Oak),01/09/2026 11:31 AM,01/08/2026 1:59 PM,$241.50 ,$0.00 ,$20.00 ,($39.23),$21.71 ,$0.00 ,$0.00 ,($8.47),$0.00 ,$0.00 ,-30,0,0,205.51,Completed,ach,Marketplace Takeout,,Dispatch,,,
A2P-8TX,Experitec,504 Trade Center Blvd,Chesterfield,MO,63005,,Chesterfield Valley,CBW- Crazy Bowls and Wraps (Chesterfield Valley),01/12/2026 10:51 AM,01/06/2026 1:56 PM,$247.50 ,$0.00 ,$20.00 ,($40.13),$25.03 ,$0.00 ,$0.00 ,($8.75),$0.00 ,$0.00 ,-30,0,0,213.65,Completed,ach,Marketplace Takeout,,Dispatch,,,
65U-X60,Epiphany Dermatology,8888 Ladue Rd Suite 120,St. Louis,MO,63124,,Forsyth/Clayton,CBW- Crazy Bowls and Wraps (Forsyth/Clayton),01/12/2026 11:23 AM,01/09/2026 10:12 AM,$193.30 ,$0.00 ,$20.00 ,($32.00),$20.27 ,$0.00 ,$0.00 ,($6.98),$0.00 ,$0.00 ,-30,0,0,164.59,Completed,ach,Marketplace Takeout,,Dispatch,,,
4ZK-82R,Cass,13001 Hollenberg Dr,Bridgeton,MO,63044,,Lindenwood,CBW- Crazy Bowls and Wraps (Lindenwood),01/13/2026 11:05 AM,01/12/2026 1:13 PM,$104.33 ,$0.00 ,$20.00 ,($18.65),$10.38 ,$0.00 ,$0.00 ,($4.03),$0.00 ,$0.00 ,-30,0,0,82.03,Completed,ach,Marketplace Takeout,,Dispatch,,,
1M1-1YQ,Apg,916 Talon Dr,O'Fallon,IL,62269,,Shiloh,CBW- Crazy Bowls and Wraps (Shiloh),01/14/2026 11:07 AM,01/13/2026 3:28 PM,$416.10 ,$0.00 ,$20.00 ,($65.42),$34.74 ,($34.74),$0.00 ,($14.08),$0.00 ,$0.00 ,-41.61,0,0,314.99,Completed,ach,Marketplace Takeout,,Dispatch,,,
07Z-FT1,PwC,6 Cardinal Way 11th Floor 11th Floor,St. Louis,MO,63102,,Lindell/SLU,CBW- Crazy Bowls and Wraps (Lindell/SLU),01/14/2026 11:22 AM,01/13/2026 11:25 AM,$170.20 ,$0.00 ,$20.00 ,($28.53),$22.43 ,$0.00 ,$0.00 ,($6.36),$0.00 ,$0.00 ,-30,0,0,147.74,Completed,ach,Marketplace Takeout,,Dispatch,,,
U6U-HEM,Horner Shifrin,401 S 18th St 400,St. Louis,MO,63103,,Lindell/SLU,CBW- Crazy Bowls and Wraps (Lindell/SLU),01/14/2026 11:35 AM,01/12/2026 9:43 AM,$179.25 ,$0.00 ,$20.00 ,($29.89),$23.62 ,$0.00 ,$0.00 ,($6.66),$0.00 ,$0.00 ,-30,0,0,156.32,Completed,ach,Marketplace Takeout,,Dispatch,,,
UVJ-X7H,WashU Oncology,4590 Nash Wy Mid Campus Center 11th floor,St. Louis,MO,63110,,Lindell/SLU,CBW- Crazy Bowls and Wraps (Lindell/SLU),01/15/2026 10:54 AM,12/29/2025 4:36 PM,$510.40 ,$0.00 ,$20.00 ,($79.56),$0.00 ,$0.00 ,$0.00 ,($15.86),$0.00 ,$0.00 ,-51.04,0,0,383.94,Completed,ach,Marketplace Takeout,,Dispatch,,,
G7Q-HK3,NUTRIFORMANCE,1033 Corporate Square Dr,St. Louis,MO,63132,,Creve Coeur,CBW- Crazy Bowls and Wraps (Creve Coeur),01/15/2026 11:10 AM,01/13/2026 11:48 AM,$335.15 ,$0.00 ,$20.00 ,($53.27),$29.29 ,$0.00 ,$0.00 ,($11.49),$0.00 ,$0.00 ,-33.52,0,0,286.16,Completed,ach,Marketplace Takeout,2500comeback,Dispatch,,,
9AP-M8W,Cardinal Glennon Children's Hospital,1465 S Grand Blvd Main entrance - outside,St. Louis,MO,63104,,Lindell/SLU,CBW- Crazy Bowls and Wraps (Lindell/SLU),01/15/2026 11:19 AM,01/13/2026 7:38 PM,$376.20 ,$0.00 ,$20.00 ,($59.43),$0.00 ,$0.00 ,$0.00 ,($11.85),$0.00 ,$0.00 ,-37.62,0,0,287.3,Completed,ach,Marketplace Takeout,,Dispatch,,,
Q2H-F55,Washington University in St. Louis,517 S Euclid Ave Washington University - Anesthesiology Fl 3,St. Louis,MO,63110,,Lindell/SLU,CBW- Crazy Bowls and Wraps (Lindell/SLU),01/15/2026 11:36 AM,01/06/2026 2:08 PM,$86.00 ,$0.00 ,$20.00 ,($15.90),$0.00 ,$0.00 ,$0.00 ,($3.17),$0.00 ,$0.00 ,-30,0,0,56.93,Completed,ach,Marketplace Takeout,,Dispatch,,,
23V-F16,Saint Louis MHB,701 Market St Suite 200,St. Louis,MO,63101,,Lindell/SLU,CBW- Crazy Bowls and Wraps (Lindell/SLU),01/15/2026 4:01 PM,01/07/2026 9:23 AM,$200.45 ,$0.00 ,$20.00 ,($33.07),$0.00 ,$0.00 ,$0.00 ,($6.59),$0.00 ,$0.00 ,-30,0,0,150.79,Completed,ach,Marketplace Takeout,,Dispatch,,,
889-AUX,SLUCare Surgery - Laura,1008 S. Spring Ave Suite 1501,St. Louis,MO,63110,,Lindell/SLU,CBW- Crazy Bowls and Wraps (Lindell/SLU),01/17/2026 10:51 AM,01/12/2026 3:36 PM,$569.50 ,$0.00 ,$20.00 ,($88.43),$0.00 ,$0.00 ,$0.00 ,($17.63),$0.00 ,$0.00 ,-56.95,0,0,426.49,Completed,ach,Marketplace Takeout,,Dispatch,,,
3K8-RV5,Benefit finance Partners,6 Cityplace Dr 4th floor suite 400,Creve Coeur,MO,63141,,West Oak,CBW- Crazy Bowls and Wraps (West Oak),01/19/2026 11:08 AM,01/15/2026 3:22 PM,$449.20 ,$0.00 ,$20.00 ,($70.38),$40.37 ,$0.00 ,$0.00 ,($15.24),$0.00 ,$0.00 ,-44.92,0,0,379.03,Completed,ach,Marketplace Takeout,,Dispatch,,,
H0Y-5CJ,Renaissance Plastic Surgery,145 St Peters Centre Blvd,St. Peters,MO,63376,,Lindenwood,CBW- Crazy Bowls and Wraps (Lindenwood),01/19/2026 11:15 AM,01/18/2026 12:46 PM,$344.48 ,$0.00 ,$20.00 ,($54.67),$34.28 ,$0.00 ,$0.00 ,($11.92),$0.00 ,$0.00 ,-34.45,0,0,297.72,Completed,ach,Marketplace Takeout,,Dispatch,,,
67X-EET,The Dover Companies,300 Hunter Ave Suite 200,St. Louis,MO,63124,,Forsyth/Clayton,CBW- Crazy Bowls and Wraps (Forsyth/Clayton),01/20/2026 10:22 AM,01/16/2026 9:45 AM,$206.35 ,$0.00 ,$20.00 ,($33.95),$21.64 ,$0.00 ,$0.00 ,($7.41),$0.00 ,$0.00 ,-30,0,0,176.63,Completed,ach,Marketplace Takeout,,Dispatch,,,
2E8-1UQ,Busey Bank,330 W Vandalia St,Edwardsville,IL,62025,,Edwardsville,CBW- Crazy Bowls and Wraps (Edwardsville),01/20/2026 10:36 AM,01/16/2026 4:24 PM,$341.20 ,$0.00 ,$20.00 ,($54.18),$25.93 ,($25.93),$0.00 ,($11.58),$0.00 ,$0.00 ,-34.12,0,0,261.32,Completed,ach,Marketplace Takeout,ny2026,Dispatch,,,
9AU-2T9,Cambridge Air Solutions,760 Long Rd Crossing Dr,Chesterfield,MO,63005,,Chesterfield Valley,CBW- Crazy Bowls and Wraps (Chesterfield Valley),01/20/2026 10:38 AM,01/19/2026 1:59 PM,$171.00 ,$0.00 ,$20.00 ,($28.65),$17.29 ,$0.00 ,$0.00 ,($6.23),$0.00 ,$0.00 ,-30,0,0,143.41,Completed,ach,Marketplace Takeout,,Dispatch,,,
KZ1-5QC,Synergi Medspa,17000 Baxter Rd,Chesterfield,MO,63005,,Chesterfield Valley,CBW- Crazy Bowls and Wraps (Chesterfield Valley),01/21/2026 10:25 AM,01/20/2026 6:16 PM,$286.48 ,$0.00 ,$20.00 ,($45.97),$28.97 ,$0.00 ,$0.00 ,($10.03),$0.00 ,$0.00 ,-30,0,0,249.45,Completed,ach,Marketplace Takeout,,Dispatch,,,
Q56-RFF,Tri Rinse Inc,1402 S 2nd St,St. Louis,MO,63104,,Lindell/SLU,CBW- Crazy Bowls and Wraps (Lindell/SLU),01/21/2026 10:35 AM,01/20/2026 3:23 PM,$88.20 ,$0.00 ,$20.00 ,($16.23),$11.62 ,$0.00 ,$0.00 ,($3.58),$0.00 ,$0.00 ,-30,0,0,70.01,Completed,ach,Marketplace Takeout,,Dispatch,,,
3J5-RJP,,,Saint Charles,MO,,,Lindenwood,CBW- Crazy Bowls and Wraps (Lindenwood),01/22/2026 7:45 AM,01/21/2026 7:46 PM,$66.39 ,$0.00 ,$0.00 ,($9.96),$6.61 ,$0.00 ,$6.64 ,($2.18),($4.00),$0.00 ,0,0,0,63.5,Completed,ach,Marketplace Takeout,,N/A,,,
7YK-CXY,Cass,13001 Hollenberg Dr,Bridgeton,MO,63044,,Lindenwood,CBW- Crazy Bowls and Wraps (Lindenwood),01/22/2026 10:51 AM,01/21/2026 11:30 AM,$130.50 ,$0.00 ,$20.00 ,($22.58),$12.98 ,$0.00 ,$0.00 ,($4.89),$0.00 ,$0.00 ,-30,0,0,106.01,Completed,ach,Marketplace Takeout,,Dispatch,,,
VAY-Q23,"Takeout from Wentzville, MO",500 Medical Dr,Wentzville,MO,63385,,Wentzville,CBW- Crazy Bowls and Wraps (Wentzville),01/22/2026 11:00 AM,01/21/2026 5:22 PM,$268.20 ,$0.00 ,$0.00 ,($40.23),$28.03 ,$0.00 ,$0.00 ,($8.86),$0.00 ,$0.00 ,0,0,0,247.14,Completed,ach,Marketplace Takeout,,N/A,,,
P86-EX6,"Washington University School of Medicine, Mid Campus Center (MCC)",4590 Nash Wy 11th floor,St. Louis,MO,63110,,Forsyth/Clayton,CBW- Crazy Bowls and Wraps (Forsyth/Clayton),01/22/2026 11:01 AM,01/16/2026 3:35 PM,$290.64 ,$0.00 ,$20.00 ,($46.60),$0.00 ,$0.00 ,$0.00 ,($9.29),$0.00 ,$0.00 ,-30,0,0,224.75,Completed,ach,Marketplace Takeout,,Dispatch,,,
UE2-5RF,"Saint Louis University School of Medicine - Center for Educator Development, Advancement, & Research",3545 Vista Ave,St. Louis,MO,63104,,Lindell/SLU,CBW- Crazy Bowls and Wraps (Lindell/SLU),01/22/2026 11:08 AM,01/08/2026 10:52 AM,$112.80 ,$0.00 ,$20.00 ,($19.92),$0.00 ,$0.00 ,$0.00 ,($3.97),$0.00 ,$0.00 ,-30,0,0,78.91,Completed,ach,Marketplace Takeout,,Dispatch,,,
ZY5-KUU,,,Dardenne Prairie,MO,,,O'Fallon,CBW- Crazy Bowls and Wraps (O'Fallon),01/23/2026 11:30 AM,01/21/2026 2:50 PM,$211.75 ,$0.00 ,$0.00 ,($31.76),$18.95 ,$0.00 ,$0.00 ,($6.90),$0.00 ,$0.00 ,0,0,0,192.04,Completed,ach,Marketplace Takeout,,N/A,,,
H9J-KEV,T-REX HOTEL,911 Washington Ave #500,St. Louis,MO,63101,18,South City,CBW- Crazy Bowls and Wraps #18 (South City),01/27/2026 7:35 AM,01/22/2026 3:35 PM,$144.00 ,$0.00 ,$20.00 ,($24.60),$18.98 ,$0.00 ,$0.00 ,($5.47),$0.00 ,$0.00 ,-30,0,0,122.91,Completed,ach,Marketplace Takeout,,Dispatch,,,
7XM-7Y9,Enterprise Mobility,700 Corporate Park Dr,Clayton,MO,63105,,Forsyth/Clayton,CBW- Crazy Bowls and Wraps (Forsyth/Clayton),01/27/2026 10:54 AM,01/26/2026 9:23 AM,$166.90 ,$0.00 ,$20.00 ,($28.04),$17.50 ,$0.00 ,$0.00 ,($6.11),$0.00 ,$0.00 ,-30,0,0,140.25,Completed,ach,Marketplace Takeout,,Dispatch,,,
JFZ-6MX,Aspire Software,390 S Woods Mill Rd ste 300 - 3rd floor,Chesterfield,MO,63017,,West Oak,CBW- Crazy Bowls and Wraps (West Oak),01/27/2026 11:00 AM,01/12/2026 2:40 PM,$118.95 ,$0.00 ,$25.00 ,($17.84),$10.69 ,$0.00 ,$23.79 ,($4.62),$0.00 ,$0.00 ,0,0,0,155.97,Completed,ach,Meal Program,,,,,
0VZ-1V4,SSM Health Saint Louis University School of Medicine,1008 S. Spring Ave Suite 1501,St. Louis,MO,63110,,Lindell/SLU,CBW- Crazy Bowls and Wraps (Lindell/SLU),01/27/2026 12:38 PM,01/22/2026 5:01 PM,$343.40 ,$0.00 ,$20.00 ,($54.51),$0.00 ,$0.00 ,$0.00 ,($10.87),$0.00 ,$0.00 ,-34.34,0,0,263.68,Completed,ach,Marketplace Takeout,,Dispatch,,,
AEQ-Y4M,Midwest ENT Centre,4790 Executive Centre Pkwy,St. Peters,MO,63376,,Lindenwood,CBW- Crazy Bowls and Wraps (Lindenwood),01/28/2026 10:32 AM,01/26/2026 2:21 PM,$531.66 ,$0.00 ,$20.00 ,($82.75),$52.90 ,$0.00 ,$0.00 ,($18.08),$0.00 ,$0.00 ,-53.17,0,0,450.56,Completed,ach,Marketplace Takeout,,Dispatch,,,
8ZV-7CZ,Weissman,6750 Manchester Ave,St. Louis,MO,63139,18,South City,CBW- Crazy Bowls and Wraps #18 (South City),01/28/2026 11:20 AM,01/26/2026 11:03 AM,$563.40 ,$0.00 ,$20.00 ,($87.51),$74.25 ,$0.00 ,$0.00 ,($19.66),$0.00 ,$0.00 ,-56.34,0,0,494.14,Completed,ach,Marketplace Takeout,,Dispatch,,,
Z9R-W4W,Mercy primary care,15945 Clayton Rd 320,Ballwin,MO,63011,,Manchester,CBW- Crazy Bowls and Wraps (Manchester),01/29/2026 8:00 AM,01/27/2026 5:05 PM,$285.90 ,$0.00 ,$20.00 ,($45.89),$24.98 ,$0.00 ,$0.00 ,($9.89),$0.00 ,$0.00 ,-30,0,0,245.1,Completed,ach,Marketplace Takeout,,Dispatch,,,
0F0-C6Z,Tonya Bosaw’s Office,6812 IL-162,Maryville,IL,62062,,Edwardsville,CBW- Crazy Bowls and Wraps (Edwardsville),01/29/2026 11:20 AM,01/28/2026 11:21 AM,$247.93 ,$0.00 ,$20.00 ,($40.19),$18.84 ,($18.84),$0.00 ,($8.57),$0.00 ,$0.00 ,-30,0,-12.4,176.77,Completed,ach,Marketplace Takeout,,Dispatch,,,
JUH-90E,Central Bank: LeAnne Wright,12218 Manchester Rd Lower level,Des Peres,MO,63131,,Manchester,CBW- Crazy Bowls and Wraps (Manchester),01/29/2026 11:22 AM,01/12/2026 3:38 PM,$217.50 ,$0.00 ,$20.00 ,($35.63),$19.01 ,$0.00 ,$0.00 ,($7.67),$0.00 ,$0.00 ,-30,0,0,183.21,Completed,ach,Marketplace Takeout,,Dispatch,,,
4G5-HXK,Contemporary Art Museum St. Louis,3750 Washington Blvd 3750 Washington Boulevard,St. Louis,MO,63108,,Lindell/SLU,CBW- Crazy Bowls and Wraps (Lindell/SLU),01/29/2026 4:28 PM,01/21/2026 3:40 PM,$99.90 ,$0.00 ,$20.00 ,($8.39),$0.00 ,$0.00 ,$0.00 ,($3.59),$0.00 ,$0.00 ,-30,0,0,77.92,Completed,ach,Marketplace Takeout,,Dispatch,,,
RU6-JCA,Mercy Neurology,621 S New Ballas Rd TOWER B STE 6005,Creve Coeur,MO,63141,,West Oak,CBW- Crazy Bowls and Wraps (West Oak),01/30/2026 11:02 AM,01/28/2026 11:01 PM,$581.20 ,$0.00 ,$20.00 ,($90.18),$52.24 ,$0.00 ,$0.00 ,($19.54),$0.00 ,$0.00 ,-58.12,0,-29.06,456.54,Completed,ach,Marketplace Takeout,,Dispatch,,,
63R-F3P,Lemonaid Pharmacy,1701 Macklind Ave Suite 300,St. Louis,MO,63110,,West Oak,CBW- Crazy Bowls and Wraps (West Oak),01/30/2026 11:30 AM,01/12/2026 2:37 PM,$265.99 ,$0.00 ,$25.00 ,($39.90),$23.91 ,$0.00 ,$26.60 ,($9.42),$0.00 ,$0.00 ,0,0,0,292.18,Completed,ach,Meal Program,,,,,
R2E-56F,MaxFi Surgical Simulations,1918 Innerbelt Business Center Dr,St. Louis,MO,63114,,Forsyth/Clayton,CBW- Crazy Bowls and Wraps (Forsyth/Clayton),01/31/2026 11:05 AM,01/26/2026 11:07 AM,$466.94 ,$0.00 ,$20.00 ,($73.04),$48.97 ,$0.00 ,$0.00 ,($16.02),$0.00 ,$0.00 ,-46.69,0,0,400.16,Completed,ach,Marketplace Takeout,,Dispatch,,,
U8G-A84,Hilton Frontenac,1335 S Lindbergh Blvd Hospitality Suite,St. Louis,MO,63131,,Rock Hill/Glendale,CBW- Crazy Bowls and Wraps (Rock Hill/Glendale),01/31/2026 6:17 PM,01/30/2026 3:22 PM,$536.40 ,$0.00 ,$20.00 ,($83.46),$0.00 ,$0.00 ,$0.00 ,($16.64),$0.00 ,$0.00 ,-53.64,0,0,402.66,Completed,ach,Marketplace Takeout,,Dispatch,,,
47J-GK1,,3405 Bent Ave,St. Louis,MO,63116,18,South City,CBW- Crazy Bowls and Wraps #18 (South City),02/03/2026 11:30 AM,02/02/2026 5:20 PM,$47.90 ,$0.00 ,$0.00 ,($7.19),$6.31 ,$0.00 ,$0.00 ,($1.62),$0.00 ,$0.00 ,0,0,0,45.4,Completed,ach,Marketplace Takeout,,N/A,,,
V6M-KUV,Nestle Purina,800 Chouteau Ave Building 1 E,St. Louis,MO,63102,,Lindell/SLU,CBW- Crazy Bowls and Wraps (Lindell/SLU),02/04/2026 10:38 AM,01/27/2026 12:53 PM,$176.40 ,$0.00 ,$20.00 ,($29.46),$23.25 ,$0.00 ,$0.00 ,($6.57),$0.00 ,$0.00 ,-30,0,0,153.62,Completed,ach,Marketplace Takeout,,Dispatch,,,
GU7-ZQC,World Wide Technology,107 Gateway Commerce Center Dr N,Edwardsville,IL,62025,,Edwardsville,CBW- Crazy Bowls and Wraps (Edwardsville),02/04/2026 11:01 AM,01/29/2026 3:27 PM,$105.90 ,$0.00 ,$20.00 ,($18.89),$8.05 ,($8.05),$0.00 ,($4.01),$0.00 ,$0.00 ,-30,0,-5.3,67.7,Completed,ach,Marketplace Takeout,,Dispatch,,,
6YW-JA6,Accenture Federal Services,520 Maryville Centre Dr 3rd Floor,St. Louis,MO,63141,,West Oak,CBW- Crazy Bowls and Wraps (West Oak),02/04/2026 11:05 AM,02/02/2026 9:38 AM,$244.58 ,$0.00 ,$20.00 ,($39.69),$21.98 ,$0.00 ,$0.00 ,($8.57),$0.00 ,$0.00 ,-30,0,-12.23,196.07,Completed,ach,Marketplace Takeout,,Dispatch,,,
EA9-Y38,Juniper Pharmacy,522 N New Ballas Rd 206,St. Louis,MO,63141,,West Oak,CBW- Crazy Bowls and Wraps (West Oak),02/04/2026 11:41 AM,02/03/2026 2:49 PM,$141.85 ,$0.00 ,$20.00 ,($24.28),$12.75 ,$0.00 ,$0.00 ,($5.22),$0.00 ,$0.00 ,-30,0,-7.09,108.01,Completed,ach,Marketplace Takeout,,Dispatch,,,
QMK-K7P,Introba,6 S Old Orchard Ave,Webster Groves,MO,63119,,Rock Hill/Glendale,CBW- Crazy Bowls and Wraps (Rock Hill/Glendale),02/05/2026 11:06 AM,02/03/2026 9:43 AM,$159.00 ,$0.00 ,$20.00 ,($26.85),$14.69 ,$0.00 ,$0.00 ,($5.79),$0.00 ,$0.00 ,-30,0,0,131.05,Completed,ach,Marketplace Takeout,,Dispatch,,,
1FJ-3PW,SSM St Marys,6420 Clayton Rd,Richmond Heights,MO,63117,,Forsyth/Clayton,CBW- Crazy Bowls and Wraps (Forsyth/Clayton),02/05/2026 11:24 AM,01/27/2026 6:58 PM,$105.25 ,$0.00 ,$20.00 ,($18.79),$11.04 ,$0.00 ,$0.00 ,($4.08),$0.00 ,$0.00 ,-30,0,0,83.42,Completed,ach,Marketplace Takeout,,Dispatch,,,
5KW-QJW,Rottler Pest Solutions,2690 Masterson Ave Ste 400,St. Louis,MO,63114,,Forsyth/Clayton,CBW- Crazy Bowls and Wraps (Forsyth/Clayton),02/05/2026 11:34 AM,02/04/2026 9:24 AM,$117.60 ,$0.00 ,$20.00 ,($20.64),$12.33 ,$0.00 ,$0.00 ,($4.48),$0.00 ,$0.00 ,-30,0,0,94.81,Completed,ach,Marketplace Takeout,,Dispatch,,,
M44-RKE,"Takeout from Wentzville, MO",,Wentzville,MO,,,Wentzville,CBW- Crazy Bowls and Wraps (Wentzville),02/09/2026 11:30 AM,02/06/2026 1:51 PM,$58.80 ,$0.00 ,$0.00 ,($8.82),$6.14 ,$0.00 ,$5.88 ,($1.94),$0.00 ,$0.00 ,0,0,0,60.06,Completed,ach,Marketplace Takeout,,N/A,,,
53V-MCY,Amdocs,625 Maryville Centre Dr Suite 200 Suite 200 Suite 200 Suite 200 Suite 200,St. Louis,MO,63141,,Creve Coeur,CBW- Crazy Bowls and Wraps (Creve Coeur),02/10/2026 8:35 AM,01/30/2026 1:04 PM,$144.45 ,$0.00 ,$20.00 ,($24.67),$12.62 ,$0.00 ,$0.00 ,($5.29),$0.00 ,$0.00 ,-30,0,-7.22,109.89,Completed,ach,Marketplace Takeout,,Dispatch,,,
JJ8-ZJA,Preferred Family Healthcare,4066 Dunnica Ave,St. Louis,MO,63116,18,South City,CBW- Crazy Bowls and Wraps #18 (South City),02/10/2026 10:46 AM,02/09/2026 9:00 AM,$527.15 ,$0.00 ,$20.00 ,($82.07),$0.00 ,$0.00 ,$0.00 ,($16.36),$0.00 ,$0.00 ,-52.72,0,0,396,Completed,ach,Marketplace Takeout,,Dispatch,,,
KKW-E8J,Gateway Region YMCA,2815 Scott Ave D,St. Louis,MO,63103,,Lindell/SLU,CBW- Crazy Bowls and Wraps (Lindell/SLU),02/10/2026 11:00 AM,02/09/2026 8:55 AM,$133.75 ,$0.00 ,$20.00 ,($23.06),$0.00 ,$0.00 ,$26.75 ,($4.60),$0.00 ,$0.00 ,0,0,-6.69,146.15,Completed,ach,Marketplace Delivery,,N/A,,,
86X-8PZ,Mastercard,2200 Technology Dr Loading Dock,Lake Saint Louis,MO,63367,,O'Fallon,CBW- Crazy Bowls and Wraps (O'Fallon),02/10/2026 11:02 AM,02/06/2026 3:26 PM,$289.50 ,$0.00 ,$20.00 ,($46.43),$25.91 ,$0.00 ,$0.00 ,($10.03),$0.00 ,$0.00 ,-30,0,-14.48,234.47,Completed,ach,Marketplace Takeout,,Dispatch,,,
9M7-V8Q,West County Plastic Surgeons,1020 N Mason Rd 110,Creve Coeur,MO,63141,,West Oak,CBW- Crazy Bowls and Wraps (West Oak),02/10/2026 11:18 AM,02/09/2026 11:11 AM,$368.83 ,$0.00 ,$20.00 ,($58.32),$33.15 ,$0.00 ,$0.00 ,($12.62),$0.00 ,$0.00 ,-36.88,0,-18.44,295.72,Completed,ach,Marketplace Takeout,,Dispatch,,,
6ET-EPR,Tri county,5551 Winghaven Blvd 142,O'Fallon,MO,63368,,O'Fallon,CBW- Crazy Bowls and Wraps (O'Fallon),02/10/2026 11:23 AM,02/06/2026 2:07 PM,$160.30 ,$0.00 ,$20.00 ,($27.05),$14.35 ,$0.00 ,$0.00 ,($5.82),$0.00 ,$0.00 ,-30,0,-8.02,123.76,Completed,ach,Marketplace Takeout,,Dispatch,,,
69V-C6U,Phoenix Creative,555 Washington Ave Suite 510 510,St. Louis,MO,63101,,Lindell/SLU,CBW- Crazy Bowls and Wraps (Lindell/SLU),02/10/2026 11:34 AM,02/05/2026 6:08 PM,$240.58 ,$0.00 ,$20.00 ,($39.09),$31.71 ,$0.00 ,$0.00 ,($8.74),$0.00 ,$0.00 ,-30,0,-12.03,202.43,Completed,ach,Marketplace Takeout,,Dispatch,,,
RK0-3K8,Cloud5,13511 Lakefront Dr,Earth City,MO,63045,,Lindenwood,CBW- Crazy Bowls and Wraps (Lindenwood),02/10/2026 11:36 AM,02/09/2026 3:43 PM,$329.15 ,$0.00 ,$20.00 ,($52.37),$32.75 ,$0.00 ,$0.00 ,($11.42),$0.00 ,$0.00 ,-32.92,0,-16.46,268.73,Completed,ach,Marketplace Takeout,,Dispatch,,,
KVM-0WE,Christina White Salon,1520 S 5th St Suite 105,Saint Charles,MO,63303,,Lindenwood,CBW- Crazy Bowls and Wraps (Lindenwood),02/11/2026 7:24 AM,02/09/2026 12:02 PM,$130.00 ,$0.00 ,$20.00 ,($22.50),$12.94 ,$0.00 ,$0.00 ,($4.87),$0.00 ,$0.00 ,-30,0,-6.5,99.07,Completed,ach,Marketplace Takeout,,Dispatch,,,
95G-XEC,"Takeout from O'Fallon, IL",,O'Fallon,IL,,,Shiloh,CBW- Crazy Bowls and Wraps (Shiloh),02/11/2026 9:45 AM,02/10/2026 10:30 AM,$263.65 ,$0.00 ,$0.00 ,($39.55),$22.01 ,($22.01),$25.00 ,($8.54),$0.00 ,$0.00 ,0,0,-13.18,227.38,Completed,ach,Marketplace Takeout,,N/A,,,
XW2-ZCW,The City of St. Charles School District,400 N 6th St,Saint Charles,MO,63301,,Lindenwood,CBW- Crazy Bowls and Wraps (Lindenwood),02/11/2026 10:40 AM,02/09/2026 12:52 PM,$355.20 ,$0.00 ,$20.00 ,($56.28),$35.34 ,$0.00 ,$0.00 ,($12.28),$0.00 ,$0.00 ,-35.52,0,-17.76,288.7,Completed,ach,Marketplace Takeout,,Dispatch,,,
80C-9W5,"HSHS St. Elizabeth’s Hospital (O’Fallon, IL)",1 St Elizabeth's Blvd,O'Fallon,IL,62269,,Shiloh,CBW- Crazy Bowls and Wraps (Shiloh),02/11/2026 11:10 AM,02/10/2026 10:12 AM,$188.00 ,$0.00 ,$20.00 ,($31.20),$15.70 ,($15.70),$0.00 ,($6.69),$0.00 ,$0.00 ,-30,0,-9.4,130.71,Completed,ach,Marketplace Takeout,,Dispatch,,,
EWM-M6Z,RGA,6 Cityplace Dr,Creve Coeur,MO,63141,,West Oak,CBW- Crazy Bowls and Wraps (West Oak),02/11/2026 11:11 AM,01/29/2026 9:56 AM,$347.25 ,$0.00 ,$20.00 ,($55.09),$31.21 ,$0.00 ,$0.00 ,($11.91),$0.00 ,$0.00 ,-34.72,0,-17.36,279.38,Completed,ach,Marketplace Takeout,,Dispatch,,,
18Z-1PK,Center for gastrointestinal health,5023 N Illinois St,Fairview Heights,IL,62208,,Shiloh,CBW- Crazy Bowls and Wraps (Shiloh),02/11/2026 11:36 AM,02/10/2026 2:21 PM,$249.75 ,$0.00 ,$20.00 ,($40.46),$20.85 ,($20.85),$0.00 ,($8.69),$0.00 ,$0.00 ,-30,0,-12.49,178.11,Completed,ach,Marketplace Takeout,,Dispatch,,,
Q56-W89,"Takeout from St. Louis, MO",,St. Louis,MO,62401,,Lindell/SLU,CBW- Crazy Bowls and Wraps (Lindell/SLU),02/12/2026 9:45 AM,02/11/2026 9:53 AM,$558.90 ,$0.00 ,$0.00 ,($83.84),$73.66 ,$0.00 ,$111.78 ,($18.91),$0.00 ,$0.00 ,0,0,-27.95,613.64,Completed,ach,Marketplace Takeout,,N/A,,,
AJZ-Q28,WashU Child Psychiatry,4444 Forest Park Ave Ste 3400,St. Louis,MO,63108,,Forsyth/Clayton,CBW- Crazy Bowls and Wraps (Forsyth/Clayton),02/12/2026 10:02 AM,02/11/2026 4:58 PM,$253.90 ,$0.00 ,$20.00 ,($41.09),$0.00 ,$0.00 ,$0.00 ,($8.19),$0.00 ,$0.00 ,-30,0,0,194.62,Completed,ach,Marketplace Takeout,,Dispatch,,,
3P5-EYX,St. Louis Children's Hospital,1 Children's Pl Street level cul-de-sac (outside blue awning),St. Louis,MO,63110,,Forsyth/Clayton,CBW- Crazy Bowls and Wraps (Forsyth/Clayton),02/12/2026 10:19 AM,02/11/2026 4:32 PM,$253.90 ,$0.00 ,$20.00 ,($41.09),$0.00 ,$0.00 ,$0.00 ,($8.19),$0.00 ,$0.00 ,-30,0,0,194.62,Completed,ach,Marketplace Takeout,,Dispatch,,,
3ZK-3X7,Cambridge Air Solutions,760 Long Rd Crossing Dr,Chesterfield,MO,63005,,Chesterfield Valley,CBW- Crazy Bowls and Wraps (Chesterfield Valley),02/12/2026 11:08 AM,02/10/2026 1:26 PM,$181.20 ,$0.00 ,$20.00 ,($30.18),$18.32 ,$0.00 ,$0.00 ,($6.56),$0.00 ,$0.00 ,-30,0,0,152.78,Completed,ach,Marketplace Takeout,,Dispatch,,,
ZRW-W4R,Counsilman-Hunsaker,12851 Manchester Rd Suite 120,Des Peres,MO,63131,,Manchester,CBW- Crazy Bowls and Wraps (Manchester),02/12/2026 11:23 AM,02/10/2026 10:53 AM,$364.50 ,$0.00 ,$20.00 ,($57.68),$31.85 ,$0.00 ,$0.00 ,($12.45),$0.00 ,$0.00 ,-36.45,0,0,309.77,Completed,ach,Marketplace Takeout,,Dispatch,,,
AT4-1MJ,,,O'Fallon,IL,,,Shiloh,CBW- Crazy Bowls and Wraps (Shiloh),02/13/2026 10:15 AM,02/12/2026 3:38 PM,$289.05 ,$0.00 ,$0.00 ,($20.23),$24.14 ,($24.14),$28.91 ,($9.36),$0.00 ,$0.00 ,0,0,-14.45,273.92,Completed,ach,Marketplace Takeout,,N/A,,,
4E5-7KV,Rosenblum Goldenhersh PC,7733 Forsyth Blvd Suite 400 Suite 400,Clayton,MO,63105,,Forsyth/Clayton,CBW- Crazy Bowls and Wraps (Forsyth/Clayton),02/13/2026 11:26 AM,02/09/2026 4:10 PM,$360.00 ,$0.00 ,$20.00 ,($57.00),$37.76 ,$0.00 ,$0.00 ,($12.49),$0.00 ,$0.00 ,-36,0,0,312.27,Completed,ach,Marketplace Takeout,,Dispatch,,,
0P5-M8G,Maryville Lacrosse Field (UAH Women's Lacrosse),13446 Conway Rd,St. Louis,MO,63141,,Creve Coeur,CBW- Crazy Bowls and Wraps (Creve Coeur),02/13/2026 1:51 PM,02/10/2026 8:00 PM,$440.41 ,$0.00 ,$20.00 ,($69.06),$38.48 ,$0.00 ,$0.00 ,($14.92),$0.00 ,$0.00 ,-44.04,0,-22.02,348.85,Completed,ach,Marketplace Takeout,,Dispatch,,,
R6W-P9T,Hunter engineering - c/o Jim T,"11250 Hunter Dr Building ""A""",Bridgeton,MO,63044,,West Oak,CBW- Crazy Bowls and Wraps (West Oak),02/16/2026 11:13 AM,02/10/2026 9:28 PM,$416.60 ,$0.00 ,$20.00 ,($65.49),$37.44 ,$0.00 ,$0.00 ,($14.17),$0.00 ,$0.00 ,-41.66,0,-20.83,331.89,Completed,ach,Marketplace Takeout,,Dispatch,,,
YMX-YPV,Jewish Community Center,16801 Baxter Rd,Chesterfield,MO,63005,,Chesterfield Valley,CBW- Crazy Bowls and Wraps (Chesterfield Valley),02/16/2026 11:52 AM,02/02/2026 4:08 PM,$717.50 ,$0.00 ,$20.00 ,($110.63),$0.00 ,$0.00 ,$0.00 ,($22.05),$0.00 ,$0.00 ,-71.75,0,0,533.07,Completed,ach,Marketplace Takeout,,Dispatch,,,
2M3-71V,"Takeout from O'Fallon, IL",,O'Fallon,IL,,,Shiloh,CBW- Crazy Bowls and Wraps (Shiloh),02/17/2026 10:45 AM,02/16/2026 10:40 AM,$365.18 ,$0.00 ,$0.00 ,($54.78),$30.49 ,($30.49),$0.00 ,($11.83),$0.00 ,$0.00 ,0,0,-18.26,280.31,Completed,ach,Marketplace Takeout,,N/A,,,
6KR-M8X,World Wide Technology,108 Gateway Commerce Center Dr N,Edwardsville,IL,62025,,Edwardsville,CBW- Crazy Bowls and Wraps (Edwardsville),02/17/2026 10:53 AM,02/09/2026 7:15 AM,"$1,012.50 ",$0.00 ,$20.00 ,($154.88),$76.95 ,($76.95),$0.00 ,($33.17),$0.00 ,$0.00 ,-101.25,0,-50.63,692.57,Completed,ach,Marketplace Takeout,,Dispatch,,,
E5C-60C,RGA - Attn Kelly Hessler Rm 718,6 Cityplace Dr,Creve Coeur,MO,63141,,West Oak,CBW- Crazy Bowls and Wraps (West Oak),02/17/2026 10:57 AM,02/16/2026 6:02 PM,$200.28 ,$0.00 ,$20.00 ,($33.04),$18.00 ,$0.00 ,$0.00 ,($7.12),$0.00 ,$0.00 ,-30,0,-10.01,158.11,Completed,ach,Marketplace Takeout,,Dispatch,,,
R7M-MFX,Aspire Software,390 S Woods Mill Rd ste 300 - 3rd floor,Chesterfield,MO,63017,,West Oak,CBW- Crazy Bowls and Wraps (West Oak),02/17/2026 11:00 AM,02/02/2026 1:49 PM,$171.15 ,$0.00 ,$25.00 ,($25.67),$15.38 ,$0.00 ,$34.23 ,($6.32),$0.00 ,$0.00 ,0,0,0,213.77,Completed,ach,Meal Program,,,,,
MX4-1R9,Ballas Dental Care,2821 N Ballas Rd Suite 140,St. Louis,MO,63131,,West Oak,CBW- Crazy Bowls and Wraps (West Oak),02/17/2026 11:18 AM,02/07/2026 12:22 PM,$263.50 ,$0.00 ,$20.00 ,($42.53),$23.68 ,$0.00 ,$0.00 ,($9.18),$0.00 ,$0.00 ,-30,0,-13.18,212.29,Completed,ach,Marketplace Takeout,,Dispatch,,,
W1Z-YUM,Colibri Group,399 S. Spring Ave. #108,St. Louis,MO,63110,,Lindell/SLU,CBW- Crazy Bowls and Wraps (Lindell/SLU),02/17/2026 11:23 AM,02/04/2026 4:11 PM,$307.45 ,$0.00 ,$20.00 ,($49.12),$40.52 ,$0.00 ,$0.00 ,($11.00),$0.00 ,$0.00 ,-30.74,0,-15.37,261.74,Completed,ach,Marketplace Takeout,,Dispatch,,,
KK6-VXG,Faith Oakville,6101 Telegraph Rd,St. Louis,MO,63129,,Tesson,CBW- Crazy Bowls and Wraps (Tesson),02/18/2026 11:01 AM,02/17/2026 3:26 PM,$255.79 ,$0.00 ,$20.00 ,($41.37),$0.00 ,$0.00 ,$0.00 ,($8.25),$0.00 ,$0.00 ,-30,0,0,196.17,Completed,ach,Marketplace Takeout,,Dispatch,,,
04Q-U07,PwC,6 Cardinal Way 11th Floor 11th Floor 11th Floor,St. Louis,MO,63102,,Lindell/SLU,CBW- Crazy Bowls and Wraps (Lindell/SLU),02/18/2026 11:21 AM,02/10/2026 10:01 AM,$170.20 ,$0.00 ,$20.00 ,($28.53),$22.43 ,$0.00 ,$0.00 ,($6.36),$0.00 ,$0.00 ,-30,0,-8.51,139.23,Completed,ach,Marketplace Takeout,,Dispatch,,,
GEX-QK6,BJC Home Care,2220 S. State Route 157 Suite 300,Glen Carbon,IL,62034,,Edwardsville,CBW- Crazy Bowls and Wraps (Edwardsville),02/19/2026 8:07 AM,02/16/2026 10:17 AM,$300.00 ,$0.00 ,$20.00 ,($48.00),$0.00 ,$0.00 ,$0.00 ,($9.57),$0.00 ,$0.00 ,-30,0,-15,217.43,Completed,ach,Marketplace Takeout,nccv3doll1,Dispatch,,,
08R-585,Veterans United,111 Corporate Office Dr Suite 400,Earth City,MO,63045,,West Oak,CBW- Crazy Bowls and Wraps (West Oak),02/19/2026 11:13 AM,02/16/2026 1:49 PM,$471.10 ,$0.00 ,$20.00 ,($73.67),$42.34 ,$0.00 ,$0.00 ,($15.95),$0.00 ,$0.00 ,-47.11,0,-23.56,373.15,Completed,ach,Marketplace Takeout,,Dispatch,,,
F8E-TRT,Provident Behavioral Health,12141 Ladue Rd,St. Louis,MO,63141,,Creve Coeur,CBW- Crazy Bowls and Wraps (Creve Coeur),02/19/2026 11:18 AM,02/17/2026 2:35 PM,$242.78 ,$0.00 ,$20.00 ,($39.42),$21.21 ,$0.00 ,$0.00 ,($8.49),$0.00 ,$0.00 ,-30,0,-12.14,193.94,Completed,ach,Marketplace Takeout,,Dispatch,,,
E8H-819,RDG Design and Planning,7415 Manchester Rd,Maplewood,MO,63143,18,South City,CBW- Crazy Bowls and Wraps #18 (South City),02/19/2026 11:23 AM,02/17/2026 12:43 PM,$72.00 ,$0.00 ,$20.00 ,($13.80),$9.49 ,$0.00 ,$0.00 ,($3.03),$0.00 ,$0.00 ,-30,0,0,54.66,Completed,ach,Marketplace Takeout,,Dispatch,,,
JJW-1MK,Southern Illinois Associates,6805 IL-162 Ste. 201,Maryville,IL,62062,,Edwardsville,CBW- Crazy Bowls and Wraps (Edwardsville),02/19/2026 11:34 AM,02/17/2026 12:04 PM,$258.40 ,$0.00 ,$20.00 ,($41.76),$19.64 ,($19.64),$0.00 ,($8.91),$0.00 ,$0.00 ,-30,0,-12.92,184.81,Completed,ach,Marketplace Takeout,,Dispatch,,,
3RR-KZ5,Service Metal,1805 Borman Circle Dr,St. Louis,MO,63146,,West Oak,CBW- Crazy Bowls and Wraps (West Oak),02/20/2026 11:33 AM,02/18/2026 8:18 AM,$891.89 ,$0.00 ,$20.00 ,($136.78),$80.16 ,$0.00 ,$0.00 ,($29.66),$0.00 ,$0.00 ,-89.19,0,-44.59,691.83,Completed,ach,Marketplace Takeout,,Dispatch,,,
6GZ-3QW,The Hub,3000 E Prairie Ave,St. Louis,MO,63107,,Lindell/SLU,CBW- Crazy Bowls and Wraps (Lindell/SLU),02/21/2026 11:02 AM,02/13/2026 11:23 AM,$529.95 ,$0.00 ,$20.00 ,($82.49),$0.00 ,$0.00 ,$0.00 ,($16.44),$0.00 ,$0.00 ,-53,0,-26.5,371.52,Completed,ach,Marketplace Takeout,,Dispatch,,,
CJJ-H15,St. Louis Children's Hospital,1 Children's Pl M S 90-49-042,St. Louis,MO,63110,,Lindell/SLU,CBW- Crazy Bowls and Wraps (Lindell/SLU),02/23/2026 11:06 AM,02/17/2026 8:25 PM,$287.90 ,$0.00 ,$20.00 ,($46.19),$0.00 ,$0.00 ,$0.00 ,($9.21),$0.00 ,$0.00 ,-30,0,-14.4,208.1,Completed,ach,Marketplace Takeout,,Dispatch,,,
71C-PTJ,WashU OVCSA,6475 Forsyth Blvd DUC 200,St. Louis,MO,63105,,Forsyth/Clayton,CBW- Crazy Bowls and Wraps (Forsyth/Clayton),02/23/2026 11:11 AM,02/18/2026 12:19 PM,$202.00 ,$0.00 ,$20.00 ,($33.30),$0.00 ,$0.00 ,$0.00 ,($6.64),$0.00 ,$0.00 ,-30,0,0,152.06,Completed,ach,Marketplace Takeout,500foryou,Dispatch,,,
HU5-X5T,Dr Pai,2810 Frank Scott Pkwy W Suite 716,Belleville,IL,62223,,Shiloh,CBW- Crazy Bowls and Wraps (Shiloh),02/24/2026 10:29 AM,02/20/2026 1:21 PM,$344.79 ,$0.00 ,$20.00 ,($54.72),$28.79 ,($28.79),$0.00 ,($11.77),$0.00 ,$0.00 ,-34.48,0,-17.24,246.58,Completed,ach,Marketplace Takeout,,Dispatch,,,
4Y9-W17,"Takeout from O'Fallon, IL",,O'Fallon,IL,,,Shiloh,CBW- Crazy Bowls and Wraps (Shiloh),02/24/2026 10:30 AM,02/23/2026 10:10 AM,$175.15 ,$0.00 ,$0.00 ,($26.27),$14.63 ,($14.63),$20.00 ,($5.67),$0.00 ,$0.00 ,0,0,-8.76,154.45,Completed,ach,Marketplace Takeout,,N/A,,,
112-0GC,St Louis Cosmetic Surgery,17300 N Outer 40 Rd 300,Chesterfield,MO,63005,,Chesterfield Valley,CBW- Crazy Bowls and Wraps (Chesterfield Valley),02/24/2026 10:39 AM,02/23/2026 9:56 AM,$308.08 ,$0.00 ,$20.00 ,($49.21),$31.16 ,$0.00 ,$0.00 ,($10.74),$0.00 ,$0.00 ,-30.81,0,0,268.48,Completed,ach,Marketplace Takeout,nccv3doll1,Dispatch,,,
PU0-PW4,Plancorp,540 Maryville Centre Dr Suite 105,St. Louis,MO,63141,,Manchester,CBW- Crazy Bowls and Wraps (Manchester),02/24/2026 10:43 AM,02/17/2026 12:24 PM,$872.00 ,$0.00 ,$20.00 ,($133.80),$76.20 ,$0.00 ,$0.00 ,($28.95),$0.00 ,$0.00 ,-87.2,0,0,718.25,Completed,ach,Marketplace Takeout,,Dispatch,,,
3H8-4RA,"Takeout from O'Fallon, IL",,O'Fallon,IL,,,Shiloh,CBW- Crazy Bowls and Wraps (Shiloh),02/25/2026 10:00 AM,02/23/2026 10:22 AM,$367.40 ,$0.00 ,$0.00 ,($55.11),$30.68 ,($30.68),$20.00 ,($11.90),$0.00 ,$0.00 ,0,0,-18.37,302.02,Completed,ach,Marketplace Takeout,,N/A,,,
F0T-GHP,Mercy Clinic Internal Medicine - Dr. Yang,12700 Southfork Rd Suite 200,St. Louis,MO,63128,,Tesson,CBW- Crazy Bowls and Wraps (Tesson),02/25/2026 11:02 AM,02/20/2026 10:53 AM,$248.00 ,$0.00 ,$20.00 ,($40.20),$19.19 ,$0.00 ,$0.00 ,($8.59),$0.00 ,$0.00 ,-30,0,0,208.4,Completed,ach,Marketplace Takeout,,Dispatch,,,
Z3Z-FVA,Undivided Creative,657 Spirit Airpark W Dr suite 102,Chesterfield,MO,63005,,Chesterfield Valley,CBW- Crazy Bowls and Wraps (Chesterfield Valley),02/25/2026 11:17 AM,02/24/2026 11:41 AM,$593.85 ,$0.00 ,$20.00 ,($92.08),$60.06 ,$0.00 ,$0.00 ,($20.15),$0.00 ,$0.00 ,-59.38,0,0,502.3,Completed,ach,Marketplace Takeout,,Dispatch,,,
63T-M8J,Nestle Purina PetCare,901 Chouteau Ave Tower Building Tower Building,St. Louis,MO,63102,,Lindell/SLU,CBW- Crazy Bowls and Wraps (Lindell/SLU),02/26/2026 10:22 AM,02/24/2026 3:57 PM,$134.90 ,$0.00 ,$20.00 ,($23.24),$17.78 ,$0.00 ,$0.00 ,($5.16),$0.00 ,$0.00 ,-30,0,-6.75,107.53,Completed,ach,Marketplace Takeout,,Dispatch,,,
3RC-PFM,CSG Solutions,12647 Olive Blvd 560,Creve Coeur,MO,63141,,West Oak,CBW- Crazy Bowls and Wraps (West Oak),02/26/2026 11:20 AM,02/24/2026 9:53 AM,$265.50 ,$0.00 ,$20.00 ,($42.83),$23.86 ,$0.00 ,$0.00 ,($9.25),$0.00 ,$0.00 ,-30,0,-13.28,214,Completed,ach,Marketplace Takeout,,Dispatch,,,
GRY-9U8,Weissman Photo Studio,6750 Manchester Ave,St. Louis,MO,63139,18,South City,CBW- Crazy Bowls and Wraps #18 (South City),02/26/2026 11:20 AM,02/25/2026 9:00 AM,$610.65 ,$0.00 ,$20.00 ,($94.60),$80.48 ,$0.00 ,$0.00 ,($21.26),$0.00 ,$0.00 ,-61.06,0,0,534.21,Completed,ach,Marketplace Takeout,,Dispatch,,,
3ZW-WYH,,,O'Fallon,IL,,,Shiloh,CBW- Crazy Bowls and Wraps (Shiloh),02/27/2026 10:30 AM,02/26/2026 9:54 AM,$197.10 ,$0.00 ,$0.00 ,($29.57),$16.46 ,($16.46),$0.00 ,($6.39),$0.00 ,$0.00 ,0,0,-9.86,151.28,Completed,ach,Marketplace Takeout,,N/A,,,
M8P-X51,ButcherJoseph & Co. LLC,6 Cardinal Wy 801,St. Louis,MO,63102,,Lindell/SLU,CBW- Crazy Bowls and Wraps (Lindell/SLU),02/27/2026 11:21 AM,02/24/2026 3:43 PM,$316.40 ,$0.00 ,$20.00 ,($50.46),$41.70 ,$0.00 ,$0.00 ,($11.31),$0.00 ,$0.00 ,-31.64,0,-15.82,268.87,Completed,ach,Marketplace Takeout,,Dispatch,,,
M6T-XGW,Indiana State Softball,1757 John Weber Dr,Saint Charles,MO,63301,,Lindenwood,CBW- Crazy Bowls and Wraps (Lindenwood),02/27/2026 12:11 PM,02/26/2026 12:27 PM,$388.98 ,$0.00 ,$20.00 ,($61.35),$38.70 ,$0.00 ,$0.00 ,($13.39),$0.00 ,$0.00 ,-38.9,0,-19.45,314.59,Completed,ach,Marketplace Takeout,,Dispatch,,,
8R8-X53,"Takeout from Edwardsville, IL",,Edwardsville,IL,,,Edwardsville,CBW- Crazy Bowls and Wraps (Edwardsville),03/02/2026 11:15 AM,02/28/2026 6:39 PM,$161.70 ,$0.00 ,$0.00 ,($24.26),$12.29 ,($12.29),$10.00 ,($5.20),$0.00 ,$0.00 ,0,0,-8.08,134.16,Completed,ach,Marketplace Takeout,,N/A,,,
Z32-TF1,Deaconess Foundation,1000 N Vandeventer Ave,St. Louis,MO,63113,,Lindell/SLU,CBW- Crazy Bowls and Wraps (Lindell/SLU),03/02/2026 11:27 AM,02/28/2026 3:28 PM,$190.60 ,$0.00 ,$20.00 ,($31.59),$25.12 ,$0.00 ,$0.00 ,($7.05),$0.00 ,$0.00 ,-30,0,-9.53,157.55,Completed,ach,Marketplace Takeout,,Dispatch,,,
U7G-AFZ,SLUCare Surgery - Hannah,1008 S Spring Ave Suite 1501,St. Louis,MO,63110,,Lindell/SLU,CBW- Crazy Bowls and Wraps (Lindell/SLU),03/03/2026 11:04 AM,02/24/2026 2:16 PM,$741.00 ,$0.00 ,$20.00 ,($114.15),$0.00 ,$0.00 ,$0.00 ,($22.75),$0.00 ,$0.00 ,-74.1,0,-37.05,512.95,Completed,ach,Marketplace Takeout,,Dispatch,,,
T77-JJ6,WashU OVCSA,6475 Forsyth Blvd DUC 200,St. Louis,MO,63105,,Forsyth/Clayton,CBW- Crazy Bowls and Wraps (Forsyth/Clayton),03/03/2026 11:11 AM,03/02/2026 11:00 AM,$202.00 ,$0.00 ,$20.00 ,($33.30),$0.00 ,$0.00 ,$0.00 ,($6.64),$0.00 ,$0.00 ,-30,0,0,152.06,Completed,ach,Marketplace Takeout,eaw26,Dispatch,,,
GYQ-JV9,St Louis Skin Solutions,13100 Manchester Rd 250,St. Louis,MO,63131,,Manchester,CBW- Crazy Bowls and Wraps (Manchester),03/03/2026 11:25 AM,03/02/2026 10:43 AM,$274.58 ,$0.00 ,$20.00 ,($44.19),$23.99 ,$0.00 ,$0.00 ,($9.53),$0.00 ,$0.00 ,-30,0,0,234.85,Completed,ach,Marketplace Takeout,nccv3ezr3,Dispatch,,,
MU6-273,Twain Financial Partners,2200 Washington Ave,St. Louis,MO,63103,,Lindell/SLU,CBW- Crazy Bowls and Wraps (Lindell/SLU),03/04/2026 8:09 AM,02/25/2026 8:10 AM,$180.70 ,$0.00 ,$20.00 ,($30.11),$23.81 ,$0.00 ,$0.00 ,($6.71),$0.00 ,$0.00 ,-30,0,-9.04,148.65,Completed,ach,Marketplace Takeout,,Dispatch,,,
JWP-HGY,Kindbody St. Louis,347 N Lindbergh Blvd,Creve Coeur,MO,63141,,West Oak,CBW- Crazy Bowls and Wraps (West Oak),03/04/2026 10:46 AM,03/03/2026 4:31 PM,"$1,095.30 ",$0.00 ,$20.00 ,($167.30),$98.45 ,$0.00 ,$0.00 ,($36.29),$0.00 ,$0.00 ,-109.53,0,-54.77,845.86,Completed,ach,Marketplace Takeout,,Dispatch,,,
HHK-M39,Urology of St. Louis,112 Piper Hill Dr Suite 12,St. Peters,MO,63376,,Lindenwood,CBW- Crazy Bowls and Wraps (Lindenwood),03/04/2026 10:50 AM,03/03/2026 6:02 PM,$199.12 ,$0.00 ,$20.00 ,($32.87),$19.81 ,$0.00 ,$0.00 ,($7.14),$0.00 ,$0.00 ,-30,0,-9.96,158.96,Completed,ach,Marketplace Takeout,,Dispatch,,,
TYJ-CGE,O'Fallon Dermatology Specialists,7136 S Outer Rd 364,O'Fallon,MO,63368,,O'Fallon,CBW- Crazy Bowls and Wraps (O'Fallon),03/04/2026 11:05 AM,03/03/2026 1:33 PM,$243.25 ,$0.00 ,$20.00 ,($39.49),$21.77 ,$0.00 ,$0.00 ,($8.52),$0.00 ,$0.00 ,-30,0,0,207.01,Completed,ach,Marketplace Takeout,,Dispatch,,,
2QQ-607,Behavioral Health Urgent Care,3635 Vista Ave,St. Louis,MO,63110,,Lindell/SLU,CBW- Crazy Bowls and Wraps (Lindell/SLU),03/04/2026 11:24 AM,03/03/2026 1:56 PM,$277.50 ,$0.00 ,$20.00 ,($20.83),$0.00 ,$0.00 ,$0.00 ,($8.90),$0.00 ,$0.00 ,-30,0,-13.88,223.89,Completed,ach,Marketplace Takeout,,Dispatch,,,
VY5-3AK,Apg,916 Talon Dr,O'Fallon,IL,62269,,Shiloh,CBW- Crazy Bowls and Wraps (Shiloh),03/04/2026 11:25 AM,03/03/2026 10:48 AM,$416.10 ,$0.00 ,$20.00 ,($65.42),$34.74 ,($34.74),$0.00 ,($14.08),$0.00 ,$0.00 ,-41.61,0,-20.81,294.18,Completed,ach,Marketplace Takeout,,Dispatch,,,
H35-P1J,Hunter Engineering,11250 Hunter Dr Building A,Bridgeton,MO,63044,,West Oak,CBW- Crazy Bowls and Wraps (West Oak),03/04/2026 11:46 AM,03/02/2026 8:56 AM,$260.10 ,$0.00 ,$20.00 ,($42.02),$23.38 ,$0.00 ,$0.00 ,($9.07),$0.00 ,$0.00 ,-30,0,-13.01,209.38,Completed,ach,Marketplace Takeout,,Dispatch,,,
HP0-0MG,Distinctive Dermatology,390 Office Ct,Fairview Heights,IL,62208,,Shiloh,CBW- Crazy Bowls and Wraps (Shiloh),03/05/2026 10:32 AM,03/03/2026 11:27 AM,$420.00 ,$0.00 ,$20.00 ,($66.00),$35.07 ,($35.07),$0.00 ,($14.20),$0.00 ,$0.00 ,-42,0,-21,296.8,Completed,ach,Marketplace Takeout,,Dispatch,,,
7MR-C0H,Cardinal Glennon Children's Hospital,1465 S Grand Blvd main entrance,St. Louis,MO,63104,,Lindell/SLU,CBW- Crazy Bowls and Wraps (Lindell/SLU),03/05/2026 11:20 AM,03/02/2026 9:15 AM,$376.20 ,$0.00 ,$20.00 ,($59.43),$0.00 ,$0.00 ,$0.00 ,($11.85),$0.00 ,$0.00 ,-37.62,0,-18.81,268.49,Completed,ach,Marketplace Takeout,,Dispatch,,,
97U-MQV,Behavioral Health Urgent Care,3635 Vista Ave,St. Louis,MO,63110,,Lindell/SLU,CBW- Crazy Bowls and Wraps (Lindell/SLU),03/05/2026 11:21 AM,03/03/2026 2:01 PM,$232.50 ,$0.00 ,$20.00 ,($17.68),$0.00 ,$0.00 ,$0.00 ,($7.55),$0.00 ,$0.00 ,-30,0,-11.63,185.64,Completed,ach,Marketplace Takeout,,Dispatch,,,
RA5-JKU,Vivo Dermatology Suite 597A,621 S N New Ballas Rd 597A,St. Louis,MO,63141,,West Oak,CBW- Crazy Bowls and Wraps (West Oak),03/05/2026 11:24 AM,03/04/2026 1:06 PM,$153.45 ,$0.00 ,$20.00 ,($26.02),$13.79 ,$0.00 ,$0.00 ,($5.60),$0.00 ,$0.00 ,-30,0,-7.67,117.95,Completed,ach,Marketplace Takeout,,Dispatch,,,
VZM-Q9J,Saint Louis Chess Club,4663 Maryland Ave,St. Louis,MO,63108,,Lindell/SLU,CBW- Crazy Bowls and Wraps (Lindell/SLU),03/06/2026 10:22 AM,03/01/2026 2:07 PM,$389.75 ,$0.00 ,$20.00 ,($61.46),$0.00 ,$0.00 ,$0.00 ,($12.25),$0.00 ,$0.00 ,-38.98,0,-19.49,277.57,Completed,ach,Marketplace Takeout,,Dispatch,,,
CRV-Q60,St Louis urology - St Peters,112 Piper Hill Dr,St. Peters,MO,63376,,Lindenwood,CBW- Crazy Bowls and Wraps (Lindenwood),03/06/2026 10:49 AM,03/04/2026 9:35 PM,$184.50 ,$0.00 ,$20.00 ,($30.68),$18.36 ,$0.00 ,$0.00 ,($6.66),$0.00 ,$0.00 ,-30,0,-9.23,146.29,Completed,ach,Marketplace Takeout,,Dispatch,,,
19C-MYC,The Purser Center @ Logan University,1851 Schoettler Rd,Chesterfield,MO,63017,,Chesterfield Valley,CBW- Crazy Bowls and Wraps (Chesterfield Valley),03/08/2026 10:50 AM,03/04/2026 1:19 PM,$220.50 ,$0.00 ,$20.00 ,($36.08),$22.30 ,$0.00 ,$0.00 ,($7.86),$0.00 ,$0.00 ,-30,0,0,188.86,Completed,ach,Marketplace Takeout,,Dispatch,,,
QZZ-51E,Steffenauer Home,511 Corley Dr,Chesterfield,MO,63017,,Manchester,CBW- Crazy Bowls and Wraps (Manchester),03/08/2026 12:57 PM,02/23/2026 9:48 PM,$564.25 ,$0.00 ,$20.00 ,($87.64),$49.30 ,$0.00 ,$0.00 ,($18.94),$0.00 ,$0.00 ,-56.42,0,0,470.55,Completed,ach,Marketplace Takeout,2500comeback,Dispatch,,,
75V-Y33,"Takeout from St. Louis, MO",,St. Louis,MO,62401,,Lindell/SLU,CBW- Crazy Bowls and Wraps (Lindell/SLU),03/09/2026 9:00 AM,03/02/2026 5:04 PM,$441.15 ,$0.00 ,$0.00 ,($66.17),$58.14 ,$0.00 ,$88.23 ,($14.93),$0.00 ,$0.00 ,0,0,-22.06,484.36,Completed,ach,Marketplace Takeout,,N/A,,,
TRG-1RR,Saint Louis Chess Club,4663 Maryland Ave,St. Louis,MO,63108,,Lindell/SLU,CBW- Crazy Bowls and Wraps (Lindell/SLU),03/09/2026 10:22 AM,03/06/2026 12:35 PM,$461.75 ,$0.00 ,$20.00 ,($72.26),$0.00 ,$0.00 ,$0.00 ,($14.40),$0.00 ,$0.00 ,-46.18,0,-23.09,325.82,Completed,ach,Marketplace Takeout,,Dispatch,,,
C53-Q86,St. Louis Children's Hospital,1 Children's Pl,St. Louis,MO,63110,,Lindell/SLU,CBW- Crazy Bowls and Wraps (Lindell/SLU),03/09/2026 10:33 AM,03/03/2026 11:14 AM,$499.50 ,$0.00 ,$20.00 ,($36.37),$0.00 ,$0.00 ,$0.00 ,($15.53),$0.00 ,$0.00 ,-49.95,0,-24.98,392.67,Completed,ach,Marketplace Takeout,,Dispatch,,,
6R0-G42,CCA Global,4301 Earth City Expy for Katie Bromley,Earth City,MO,63045,,Lindenwood,CBW- Crazy Bowls and Wraps (Lindenwood),03/10/2026 11:05 AM,03/03/2026 4:10 PM,$167.25 ,$0.00 ,$20.00 ,($28.09),$16.64 ,$0.00 ,$0.00 ,($6.10),($12.00),$0.00 ,-30,0,-8.36,119.34,Completed,ach,Marketplace Takeout,,Dispatch,,,
RAZ-H6E,Esse South,3555 Sunset Office Dr 107,St. Louis,MO,63127,,Sunset Hills,CBW- Crazy Bowls and Wraps (Sunset Hills),03/10/2026 11:08 AM,03/09/2026 2:56 PM,$502.66 ,$0.00 ,$20.00 ,($78.40),$38.90 ,$0.00 ,$0.00 ,($16.79),$0.00 ,$0.00 ,-50.27,0,0,416.1,Completed,ach,Marketplace Takeout,,Dispatch,,,
6Z6-TUQ,Washington University North Campus,700 Rosedale Ave,St. Louis,MO,63112,,Forsyth/Clayton,CBW- Crazy Bowls and Wraps (Forsyth/Clayton),03/10/2026 11:22 AM,03/09/2026 1:38 PM,$101.35 ,$0.00 ,$20.00 ,($18.20),$10.63 ,$0.00 ,$0.00 ,($3.95),$0.00 ,$0.00 ,-30,0,0,79.83,Completed,ach,Marketplace Takeout,,Dispatch,,,
Q46-2P0,"Takeout from Creve Coeur, MO",,Creve Coeur,MO,,,West Oak,CBW- Crazy Bowls and Wraps (West Oak),03/10/2026 11:30 AM,03/09/2026 2:46 PM,$253.50 ,$0.00 ,$0.00 ,($38.03),$22.78 ,$0.00 ,$30.00 ,($8.26),$0.00 ,$0.00 ,0,0,-12.68,247.31,Completed,ach,Marketplace Takeout,,N/A,,,
T18-T0Y,FORVIS MAZARS,211 N Broadway Suite 600,St. Louis,MO,63102,,Lindell/SLU,CBW- Crazy Bowls and Wraps (Lindell/SLU),03/10/2026 4:42 PM,03/06/2026 12:45 PM,$485.50 ,$0.00 ,$20.00 ,($75.83),$63.98 ,$0.00 ,$0.00 ,($17.03),($61.50),$0.00 ,-48.55,0,-24.28,342.29,Completed,ach,Marketplace Takeout,,Dispatch,,,
210-40J,Saint Louis Rheumatology,520 S Elm Ave,Webster Groves,MO,63119,,Rock Hill/Glendale,CBW- Crazy Bowls and Wraps (Rock Hill/Glendale),03/11/2026 11:04 AM,03/09/2026 2:29 PM,$443.94 ,$0.00 ,$20.00 ,($69.59),$41.01 ,$0.00 ,$0.00 ,($15.10),$0.00 ,$0.00 ,-44.39,0,0,375.87,Completed,ach,Marketplace Takeout,,Dispatch,,,
VT2-VQ9,"Takeout from Creve Coeur, MO",,Creve Coeur,MO,63141,,West Oak,CBW- Crazy Bowls and Wraps (West Oak),03/11/2026 12:30 PM,03/10/2026 7:50 PM,$256.45 ,$0.00 ,$0.00 ,($38.47),$0.00 ,$0.00 ,$0.00 ,($7.67),$0.00 ,$0.00 ,0,0,-12.82,197.49,Completed,ach,Marketplace Takeout,,N/A,,,
2V1-629,Kirkwood Children's House,315 Sugar Creek Rd,St. Louis,MO,63122,,Sunset Hills,CBW- Crazy Bowls and Wraps (Sunset Hills),03/12/2026 10:17 AM,03/06/2026 10:51 AM,$354.48 ,$0.00 ,$20.00 ,($56.17),$27.43 ,$0.00 ,$0.00 ,($12.02),$0.00 ,$0.00 ,-35.45,0,0,298.27,Completed,ach,Marketplace Takeout,delivery26,Dispatch,,,
8TG-8W2,BJC Medical Group,660 Mason Ridge Center Dr Ste 310,St. Louis,MO,63141,,Manchester,CBW- Crazy Bowls and Wraps (Manchester),03/12/2026 11:05 AM,03/10/2026 10:14 AM,$215.25 ,$0.00 ,$20.00 ,($35.29),$0.00 ,$0.00 ,$0.00 ,($7.03),$0.00 ,$0.00 ,-30,0,0,162.93,Completed,ach,Marketplace Takeout,,Dispatch,,,
7F5-87V,St. Luke’s Endocrinology Ste109b,2315 Dougherty Ferry Rd,St. Louis,MO,63122,,Manchester,CBW- Crazy Bowls and Wraps (Manchester),03/12/2026 11:23 AM,03/09/2026 8:06 PM,$141.79 ,$0.00 ,$20.00 ,($24.27),$12.39 ,$0.00 ,$0.00 ,($5.21),$0.00 ,$0.00 ,-30,0,0,114.7,Completed,ach,Marketplace Takeout,,Dispatch,,,
Q5G-F20,Chestnut Health,2148 Vadalabene Dr,Maryville,IL,62062,,Edwardsville,CBW- Crazy Bowls and Wraps (Edwardsville),03/12/2026 11:34 AM,03/11/2026 6:20 PM,$439.20 ,$0.00 ,$20.00 ,($68.88),$33.38 ,($33.38),$0.00 ,($14.73),$0.00 ,$0.00 ,-43.92,0,-21.96,309.71,Completed,ach,Marketplace Takeout,,Dispatch,,,
9ZT-66J,powers group inc,6825 Clayton Ave suite #200,St. Louis,MO,63139,18,South City,CBW- Crazy Bowls and Wraps #18 (South City),03/12/2026 11:52 AM,03/09/2026 3:00 PM,$76.50 ,$0.00 ,$20.00 ,($14.48),$10.08 ,$0.00 ,$0.00 ,($3.19),$0.00 ,$0.00 ,-30,0,0,58.91,Completed,ach,Marketplace Takeout,,Dispatch,,,
6R6-JAA,Christina White Salon,1238 Strassner Dr,Brentwood,MO,63144,,Rock Hill/Glendale,CBW- Crazy Bowls and Wraps (Rock Hill/Glendale),03/13/2026 7:35 AM,03/11/2026 5:38 PM,$200.00 ,$0.00 ,$20.00 ,($33.00),$18.48 ,$0.00 ,$0.00 ,($7.13),$0.00 ,$0.00 ,-30,0,0,168.35,Completed,ach,Marketplace Takeout,,Dispatch,,,
CGH-PV3,Loading dock of enterprise center,1401 Clark Ave Espn truck in loading dock,St. Louis,MO,63103,,Lindell/SLU,CBW- Crazy Bowls and Wraps (Lindell/SLU),03/13/2026 10:49 AM,03/10/2026 11:51 AM,$428.40 ,$0.00 ,$20.00 ,($67.26),$56.46 ,$0.00 ,$0.00 ,($15.10),$0.00 ,$0.00 ,-42.84,0,-21.42,358.24,Completed,ach,Marketplace Takeout,,Dispatch,,,
A2V-RUC,Gephardt Institute,6470 Forsyth Blvd Stix House,Clayton,MO,63105,,Forsyth/Clayton,CBW- Crazy Bowls and Wraps (Forsyth/Clayton),03/13/2026 12:12 PM,03/10/2026 8:51 AM,$112.67 ,$0.00 ,$20.00 ,($19.90),$0.00 ,$0.00 ,$0.00 ,($3.97),$0.00 ,$0.00 ,-30,0,0,78.8,Completed,ach,Marketplace Takeout,,Dispatch,,,
GKV-8JM,Steffenauer Home,511 Corley Dr,Chesterfield,MO,63017,,Manchester,CBW- Crazy Bowls and Wraps (Manchester),03/15/2026 12:42 PM,03/09/2026 8:20 PM,$593.20 ,$0.00 ,$20.00 ,($91.98),$51.83 ,$0.00 ,$0.00 ,($19.88),$0.00 ,$0.00 ,-59.32,0,0,493.85,Completed,ach,Marketplace Takeout,,Dispatch,,,
596-8R8,Amdocs,625 Maryville Centre Dr Suite 200 Suite 200 Suite 200 Suite 200 Suite 200,St. Louis,MO,63141,,Creve Coeur,CBW- Crazy Bowls and Wraps (Creve Coeur),03/16/2026 8:34 AM,02/23/2026 12:42 PM,$180.00 ,$0.00 ,$20.00 ,($30.00),$15.73 ,$0.00 ,$0.00 ,($6.45),$0.00 ,$0.00 ,-30,0,-9,140.28,Completed,ach,Marketplace Takeout,,Dispatch,,,
JA9-21H,Mercy Clinic Oncology & Hematology – Pratt,607 S New Ballas Rd 3300,Creve Coeur,MO,63141,,West Oak,CBW- Crazy Bowls and Wraps (West Oak),03/16/2026 10:30 AM,03/13/2026 11:48 AM,$886.85 ,$0.00 ,$20.00 ,($136.03),$79.71 ,$0.00 ,$0.00 ,($29.50),$0.00 ,$0.00 ,-88.68,0,-44.34,688.01,Completed,ach,Marketplace Takeout,,Dispatch,,,
KFY-7A9,DR. PANJETON - PAIN MANAGEMENT OFFICE,Barnes-Jewish West County Hospital Medical Office Building 4 1044 North Mason Rd Suite: L30,Creve Coeur,MO,63141,,Creve Coeur,CBW- Crazy Bowls and Wraps (Creve Coeur),03/16/2026 10:51 AM,03/12/2026 6:32 PM,$387.30 ,$0.00 ,$20.00 ,($61.10),$33.84 ,$0.00 ,$0.00 ,($13.19),$0.00 ,$0.00 ,-38.73,0,0,328.12,Completed,ach,Marketplace Takeout,,Dispatch,,,
KTX-EC6,Leonardo DRS,4201 Innovation Way,Bridgeton,MO,63044,,West Oak,CBW- Crazy Bowls and Wraps (West Oak),03/16/2026 11:00 AM,03/12/2026 2:22 PM,$119.60 ,$0.00 ,$20.00 ,($20.94),$0.00 ,$0.00 ,$0.00 ,($4.17),$0.00 ,$0.00 ,-30,0,-5.98,78.51,Completed,ach,Marketplace Takeout,,Dispatch,,,
WE9-K3X,Special School District of St. Louis County,12110 Clayton Rd,St. Louis,MO,63131,,West Oak,CBW- Crazy Bowls and Wraps (West Oak),03/16/2026 4:16 PM,02/03/2026 11:59 AM,$237.75 ,$0.00 ,$20.00 ,($38.66),$0.00 ,$0.00 ,$0.00 ,($7.71),$0.00 ,$0.00 ,-30,0,-11.89,169.49,Completed,ach,Marketplace Takeout,,Dispatch,,,
GHM-68G,Dr usry suite 142,5551 Winghaven Blvd Dr Knox suite 142,O'Fallon,MO,63368,,O'Fallon,CBW- Crazy Bowls and Wraps (O'Fallon),03/17/2026 11:17 AM,03/16/2026 4:29 PM,$243.03 ,$0.00 ,$20.00 ,($39.45),$21.75 ,$0.00 ,$0.00 ,($8.51),$0.00 ,$0.00 ,-30,0,-12.15,194.67,Completed,ach,Marketplace Takeout,,Dispatch,,,
JYZ-6C7,HARNESS DICKEY PIERCE,7700 Bonhomme Ave Suite 400,Clayton,MO,63105,,Forsyth/Clayton,CBW- Crazy Bowls and Wraps (Forsyth/Clayton),03/17/2026 11:25 AM,03/16/2026 9:20 AM,$401.00 ,$0.00 ,$20.00 ,($63.15),$42.06 ,$0.00 ,$0.00 ,($13.85),$0.00 ,$0.00 ,-40.1,0,0,345.96,Completed,ach,Marketplace Takeout,,Dispatch,,,
U62-1GQ,Chestnut health,12 N 64th St,Belleville,IL,62223,,Shiloh,CBW- Crazy Bowls and Wraps (Shiloh),03/17/2026 11:30 AM,03/11/2026 6:27 PM,$220.50 ,$0.00 ,$20.00 ,($36.08),$18.41 ,($18.41),$0.00 ,($7.74),$0.00 ,$0.00 ,-30,0,-11.03,155.65,Completed,ach,Marketplace Takeout,,Dispatch,,,
UT4-27T,Forefront dermatology,930 Talon Dr,O'Fallon,IL,62269,,Shiloh,CBW- Crazy Bowls and Wraps (Shiloh),03/17/2026 11:36 AM,03/15/2026 4:51 PM,$374.45 ,$0.00 ,$20.00 ,($59.17),$31.27 ,($31.27),$0.00 ,($12.73),$0.00 ,$0.00 ,-37.44,0,-18.72,266.39,Completed,ach,Marketplace Takeout,,Dispatch,,,
H6F-5QT,Mercy OB GYN,300 Winding Woods Dr Suite 100,O'Fallon,MO,63366,,O'Fallon,CBW- Crazy Bowls and Wraps (O'Fallon),03/18/2026 11:10 AM,03/16/2026 12:11 PM,$240.75 ,$0.00 ,$20.00 ,($39.11),$21.55 ,$0.00 ,$0.00 ,($8.44),$0.00 ,$0.00 ,-30,0,-12.04,192.71,Completed,ach,Marketplace Takeout,,Dispatch,,,
KTY-XQ0,Long term psych,777 Craig Rd 225,Creve Coeur,MO,63141,,West Oak,CBW- Crazy Bowls and Wraps (West Oak),03/18/2026 11:12 AM,03/17/2026 4:23 PM,$135.00 ,$0.00 ,$20.00 ,($23.25),$12.13 ,$0.00 ,$0.00 ,($5.00),($13.50),$0.00 ,-30,0,-6.75,88.63,Completed,ach,Marketplace Takeout,,Dispatch,,,
X5Y-JUQ,Tonya Bosaw’s Office,6812 IL-162,Maryville,IL,62062,,Edwardsville,CBW- Crazy Bowls and Wraps (Edwardsville),03/18/2026 11:20 AM,03/17/2026 1:57 PM,$245.24 ,$0.00 ,$20.00 ,($39.79),$18.64 ,($18.64),$0.00 ,($8.49),$0.00 ,$0.00 ,-30,0,-12.26,174.7,Completed,ach,Marketplace Takeout,,Dispatch,,,
7Q4-KFG,Ernst & Young,7676 Forsyth Blvd 2600,Clayton,MO,63105,,Forsyth/Clayton,CBW- Crazy Bowls and Wraps (Forsyth/Clayton),03/18/2026 11:28 AM,03/16/2026 12:54 PM,$225.08 ,$0.00 ,$20.00 ,($36.76),$23.61 ,$0.00 ,$0.00 ,($8.03),$0.00 ,$0.00 ,-30,0,0,193.9,Completed,ach,Marketplace Takeout,,Dispatch,,,
FM6-PAA,St Louis Medical Clinic,3009 N Ballas Rd 100b,St. Louis,MO,63131,,West Oak,CBW- Crazy Bowls and Wraps (West Oak),03/19/2026 10:15 AM,03/18/2026 9:27 AM,$853.70 ,$0.00 ,$20.00 ,($131.06),$76.73 ,$0.00 ,$0.00 ,($28.42),$0.00 ,$0.00 ,-85.37,0,-42.69,662.89,Completed,ach,Marketplace Takeout,,Dispatch,,,
C0P-V5Z,Mercy South Oncology & Hematology,10050 Kennerly Rd 2400,St. Louis,MO,63128,,Tesson,CBW- Crazy Bowls and Wraps (Tesson),03/19/2026 10:51 AM,03/18/2026 9:40 AM,$703.06 ,$0.00 ,$20.00 ,($108.46),$54.40 ,$0.00 ,$0.00 ,($23.25),$0.00 ,$0.00 ,-70.31,0,0,575.44,Completed,ach,Marketplace Takeout,,Dispatch,,,
F8M-KQV,Aspire Software,390 S Woods Mill Rd ste 300 - 3rd floor,Chesterfield,MO,63017,,West Oak,CBW- Crazy Bowls and Wraps (West Oak),03/19/2026 11:00 AM,03/03/2026 9:22 AM,$134.64 ,$0.00 ,$25.00 ,($30.00),$12.10 ,$0.00 ,$40.00 ,($7.09),$0.00 ,$0.00 ,65.36,0,0,240.01,Completed,ach,Meal Program,,,,,
TCZ-H1M,Dr Ahmed,5023 N Illinois St,Fairview Heights,IL,62208,,Shiloh,CBW- Crazy Bowls and Wraps (Shiloh),03/19/2026 11:20 AM,03/18/2026 9:15 AM,$332.79 ,$0.00 ,$20.00 ,($52.92),$27.79 ,($27.79),$0.00 ,($11.38),$0.00 ,$0.00 ,-33.28,0,-16.64,238.57,Completed,ach,Marketplace Takeout,,Dispatch,,,
AZM-YJ1,Office of Dr. Ahmad,12855 N Forty Dr 275,Creve Coeur,MO,63141,,Manchester,CBW- Crazy Bowls and Wraps (Manchester),03/19/2026 11:21 AM,03/18/2026 4:10 PM,$98.40 ,$0.00 ,$20.00 ,($17.76),$8.60 ,$0.00 ,$0.00 ,($3.80),$0.00 ,$0.00 ,-30,0,0,75.44,Completed,ach,Marketplace Takeout,cartez20,Dispatch,,,
2GJ-G7Z,"Takeout from O'Fallon, IL",,O'Fallon,IL,,,Shiloh,CBW- Crazy Bowls and Wraps (Shiloh),03/20/2026 10:15 AM,03/12/2026 2:59 PM,$236.65 ,$0.00 ,$0.00 ,($35.50),$19.76 ,($19.76),$20.00 ,($7.67),$0.00 ,$0.00 ,0,0,-11.83,201.65,Completed,ach,Marketplace Takeout,,N/A,,,
P8K-0ZM,T Rex,911 Washington Ave 4th Fl Geosaurus South Classroom,St. Louis,MO,63101,,Lindell/SLU,CBW- Crazy Bowls and Wraps (Lindell/SLU),03/20/2026 11:00 AM,03/18/2026 10:21 AM,$446.50 ,$0.00 ,$20.00 ,($69.98),$58.84 ,$0.00 ,$0.00 ,($15.71),$0.00 ,$0.00 ,-44.65,0,-22.33,372.67,Completed,ach,Marketplace Takeout,,Dispatch,,,
MEA-ZRF,Danforth University Center,6475 Forsyth Blvd,St. Louis,MO,63105,,Forsyth/Clayton,CBW- Crazy Bowls and Wraps (Forsyth/Clayton),03/21/2026 12:11 PM,03/19/2026 12:00 PM,$140.77 ,$0.00 ,$20.00 ,($24.12),$0.00 ,$0.00 ,$0.00 ,($4.81),$0.00 ,$0.00 ,-30,0,0,101.84,Completed,ach,Marketplace Takeout,,Dispatch,,,
382-Z3Q,Contemporary Art Museum St. Louis,3750 Washington Blvd 3750 Washington Boulevard,St. Louis,MO,63108,,Lindell/SLU,CBW- Crazy Bowls and Wraps (Lindell/SLU),03/21/2026 12:11 PM,03/17/2026 12:18 PM,$362.56 ,$0.00 ,$20.00 ,($26.78),$0.00 ,$0.00 ,$0.00 ,($11.44),$0.00 ,$0.00 ,-36.26,0,-18.13,289.95,Completed,ach,Marketplace Takeout,,Dispatch,,,
32P-RJC,Chicago Fire FC / St. Louis City,Clark Ave,St. Louis,MO,63103,,Lindell/SLU,CBW- Crazy Bowls and Wraps (Lindell/SLU),03/21/2026 4:08 PM,03/10/2026 2:17 PM,$541.30 ,$0.00 ,$20.00 ,($84.20),$71.34 ,$0.00 ,$0.00 ,($18.92),$0.00 ,$0.00 ,-54.13,0,-27.07,448.32,Completed,ach,Marketplace Takeout,,Dispatch,,,
X45-T6V,Ameren,1901 Chouteau Ave,St. Louis,MO,63103,,Lindell/SLU,CBW- Crazy Bowls and Wraps (Lindell/SLU),03/21/2026 6:36 PM,03/20/2026 11:47 AM,$134.00 ,$0.00 ,$20.00 ,($23.10),$17.66 ,$0.00 ,$0.00 ,($5.13),$0.00 ,$0.00 ,-30,0,-6.7,106.73,Completed,ach,Marketplace Takeout,,Dispatch,,,
T42-J0X,Mercy,1237 Water Tower Pl,Arnold,MO,63010,,Tesson,CBW- Crazy Bowls and Wraps (Tesson),03/23/2026 11:15 AM,03/22/2026 11:05 AM,$232.00 ,$0.00 ,$20.00 ,($37.80),$17.95 ,$0.00 ,$0.00 ,($8.07),$0.00 ,$0.00 ,-30,0,0,194.08,Completed,ach,Marketplace Takeout,,Dispatch,,,
4T8-YV2,Habitat for Humanity Saint Louis,3830 S Grand Blvd Admin,St. Louis,MO,63118,,Lindell/SLU,CBW- Crazy Bowls and Wraps (Lindell/SLU),03/24/2026 10:42 AM,03/19/2026 9:31 AM,$324.25 ,$0.00 ,$20.00 ,($51.64),$0.00 ,$0.00 ,$0.00 ,($10.29),$0.00 ,$0.00 ,-32.42,0,-16.21,233.69,Completed,ach,Marketplace Takeout,,Dispatch,,,
VMG-RKX,Leonardo DRS,4201 Innovation Way,Bridgeton,MO,63044,,West Oak,CBW- Crazy Bowls and Wraps (West Oak),03/24/2026 11:01 AM,03/20/2026 1:44 PM,$149.50 ,$0.00 ,$20.00 ,($25.43),$0.00 ,$0.00 ,$0.00 ,($5.07),$0.00 ,$0.00 ,-30,0,-7.48,101.52,Completed,ach,Marketplace Takeout,,Dispatch,,,
0XM-ZTG,JEMA,2823 Olive St,St. Louis,MO,63103,,Lindell/SLU,CBW- Crazy Bowls and Wraps (Lindell/SLU),03/24/2026 11:24 AM,03/23/2026 12:39 PM,$261.60 ,$0.00 ,$20.00 ,($42.24),$34.48 ,$0.00 ,$0.00 ,($9.45),$0.00 ,$0.00 ,-30,0,-13.08,221.31,Completed,ach,Marketplace Takeout,,Dispatch,,,
W3Y-V6G,Centerpointe out patient,4801 Weldon Spring Pkwy,Weldon Spring,MO,63304,,O'Fallon,CBW- Crazy Bowls and Wraps (O'Fallon),03/24/2026 11:27 AM,03/11/2026 6:34 PM,$463.50 ,$0.00 ,$20.00 ,($72.53),$41.48 ,$0.00 ,$0.00 ,($15.70),$0.00 ,$0.00 ,-46.35,0,-23.18,367.22,Completed,ach,Marketplace Takeout,,Dispatch,,,
1YJ-49R,Lemonaid Pharmacy,1701 Macklind Ave Suite 300,St. Louis,MO,63110,,West Oak,CBW- Crazy Bowls and Wraps (West Oak),03/24/2026 11:30 AM,03/10/2026 9:57 AM,$217.63 ,$0.00 ,$25.00 ,($32.64),$19.56 ,$0.00 ,$21.76 ,($7.84),$0.00 ,$0.00 ,0,0,0,243.47,Completed,ach,Meal Program,,,,,
2XJ-9KG,Perschbacher dermatology,2821 N Ballas Rd C-61,St. Louis,MO,63131,,West Oak,CBW- Crazy Bowls and Wraps (West Oak),03/24/2026 11:36 AM,03/23/2026 1:15 PM,$175.50 ,$0.00 ,$20.00 ,($29.33),$15.77 ,$0.00 ,$0.00 ,($6.32),$0.00 ,$0.00 ,-30,0,-8.78,136.84,Completed,ach,Marketplace Takeout,,Dispatch,,,
4P8-TKY,Accenture Federal Services,520 Maryville Centre Dr,St. Louis,MO,63141,,Creve Coeur,CBW- Crazy Bowls and Wraps (Creve Coeur),03/25/2026 8:20 AM,03/23/2026 4:35 PM,$80.00 ,$0.00 ,$20.00 ,($15.00),$6.99 ,$0.00 ,$0.00 ,($3.20),$0.00 ,$0.00 ,-30,0,-4,54.79,Completed,ach,Marketplace Takeout,,Dispatch,,,
QTM-HCP,Plancorp LLC,540 Maryville Centre Dr 105,St. Louis,MO,63141,,Creve Coeur,CBW- Crazy Bowls and Wraps (Creve Coeur),03/25/2026 11:00 AM,03/12/2026 9:58 AM,$873.50 ,$0.00 ,$20.00 ,($134.03),$76.33 ,$0.00 ,$0.00 ,($29.00),$0.00 ,$0.00 ,-87.35,0,-43.68,675.77,Completed,ach,Marketplace Takeout,,Dispatch,,,
Q52-848,Diabetes and Endocrinology,222 S Woods Mill Rd 410N,Chesterfield,MO,63017,,Creve Coeur,CBW- Crazy Bowls and Wraps (Creve Coeur),03/25/2026 11:08 AM,03/24/2026 10:08 AM,$365.45 ,$0.00 ,$20.00 ,($57.82),$31.93 ,$0.00 ,$0.00 ,($12.48),$0.00 ,$0.00 ,-36.54,0,-18.27,292.27,Completed,ach,Marketplace Takeout,,Dispatch,,,
V95-95U,Anderson Medical Group Gastroenterology,6812 IL-162 Suite 204,Maryville,IL,62062,,Edwardsville,CBW- Crazy Bowls and Wraps (Edwardsville),03/25/2026 11:33 AM,03/23/2026 3:41 PM,$217.50 ,$0.00 ,$20.00 ,($35.63),$16.53 ,($16.53),$0.00 ,($7.60),$0.00 ,$0.00 ,-30,0,-10.88,153.39,Completed,ach,Marketplace Takeout,,Dispatch,,,
89F-97M,Ladue Horton Watkins High School,1201 Warson Rd,St. Louis,MO,63124,,Rock Hill/Glendale,CBW- Crazy Bowls and Wraps (Rock Hill/Glendale),03/25/2026 4:20 PM,03/23/2026 10:26 AM,$248.65 ,$0.00 ,$20.00 ,($40.30),$0.00 ,$0.00 ,$0.00 ,($8.03),$0.00 ,$0.00 ,-30,0,0,190.32,Completed,ach,Marketplace Takeout,,Dispatch,,,
0V9-HTW,Momentum Tower Grove South,3716 Morgan Ford Rd,St. Louis,MO,63116,18,South City,CBW- Crazy Bowls and Wraps #18 (South City),03/26/2026 11:05 AM,03/25/2026 5:41 PM,$77.61 ,$0.00 ,$20.00 ,($14.64),$10.23 ,$0.00 ,$0.00 ,($3.22),$0.00 ,$0.00 ,-30,0,0,59.98,Completed,ach,Marketplace Takeout,,Dispatch,,,
YGG-HXC,Mid America Transplant-Avis Causey,1110 Highlands Plaza Dr East Suite 100,St. Louis,MO,63110,18,South City,CBW- Crazy Bowls and Wraps #18 (South City),03/26/2026 11:10 AM,03/23/2026 12:55 PM,$132.35 ,$0.00 ,$20.00 ,($22.85),$0.00 ,$0.00 ,$0.00 ,($4.56),$0.00 ,$0.00 ,-30,0,0,94.94,Completed,ach,Marketplace Takeout,,Dispatch,,,
E3E-EFH,,,St. Louis,MO,,18,South City,CBW- Crazy Bowls and Wraps #18 (South City),03/26/2026 11:15 AM,03/23/2026 3:17 PM,$103.45 ,$0.00 ,$0.00 ,($15.52),$13.63 ,$0.00 ,$10.35 ,($3.50),$0.00 ,$0.00 ,0,0,0,108.41,Completed,ach,Marketplace Takeout,,N/A,,,
9C1-H48,Ascension,4600 Edmundson Rd Brennan,St. Louis,MO,63134,,Lindenwood,CBW- Crazy Bowls and Wraps (Lindenwood),03/26/2026 11:16 AM,03/23/2026 6:40 PM,$234.70 ,$0.00 ,$20.00 ,($38.21),$23.35 ,$0.00 ,$0.00 ,($8.31),$0.00 ,$0.00 ,-30,0,-11.74,189.79,Completed,ach,Marketplace Takeout,,Dispatch,,,
EMM-TPX,"Takeout from Wentzville, MO",,Wentzville,MO,,,Wentzville,CBW- Crazy Bowls and Wraps (Wentzville),03/26/2026 11:30 AM,03/25/2026 2:10 PM,$232.40 ,$0.00 ,$0.00 ,($34.86),$24.29 ,$0.00 ,$10.00 ,($7.68),$0.00 ,$0.00 ,0,0,0,224.15,Completed,ach,Marketplace Takeout,,N/A,,,
R03-8E5,Washington University School of Medicinne,4565 McKinley Ave,St. Louis,MO,63110,,Lindell/SLU,CBW- Crazy Bowls and Wraps (Lindell/SLU),03/27/2026 10:20 AM,03/26/2026 3:25 PM,$440.70 ,$0.00 ,$20.00 ,($69.11),$0.00 ,$0.00 ,$0.00 ,($13.77),$0.00 ,$0.00 ,-44.07,0,-22.04,311.71,Completed,ach,Marketplace Takeout,,Dispatch,,,
MZ9-02C,Missouri Baptist Hospital (Building D),3023 N Ballas Rd 2nd Floor/Building D/ CV Breakroom,St. Louis,MO,63131,,West Oak,CBW- Crazy Bowls and Wraps (West Oak),03/27/2026 10:50 AM,03/20/2026 11:23 AM,$348.42 ,$0.00 ,$20.00 ,($55.26),$31.32 ,$0.00 ,$0.00 ,($11.95),$0.00 ,$0.00 ,-34.84,0,-17.42,280.27,Completed,ach,Marketplace Takeout,,Dispatch,,,
134-52R,STL Athletic Center,2300 Hitzert Ct,Fenton,MO,63026,,Sunset Hills,CBW- Crazy Bowls and Wraps (Sunset Hills),03/27/2026 5:07 PM,03/25/2026 10:41 AM,$205.44 ,$0.00 ,$20.00 ,($33.82),$15.90 ,$0.00 ,$0.00 ,($7.22),$0.00 ,$0.00 ,-30,0,0,170.3,Completed,ach,Marketplace Takeout,,Dispatch,,,
6JU-A8U,Springhill Suites St. Louis Airport/Earth City,3099 Rider Trail S,Bridgeton,MO,63044,,West Oak,CBW- Crazy Bowls and Wraps (West Oak),03/27/2026 6:15 PM,03/26/2026 3:59 PM,$390.57 ,$0.00 ,$20.00 ,($61.59),$35.10 ,$0.00 ,$0.00 ,($13.33),$0.00 ,$0.00 ,-39.06,0,-19.53,312.16,Completed,ach,Marketplace Takeout,,Dispatch,,,
4X7-C26,STL CITY SC,218 S 22nd St,St. Louis,MO,63103,,Lindell/SLU,CBW- Crazy Bowls and Wraps (Lindell/SLU),03/27/2026 6:21 PM,03/24/2026 5:20 PM,$473.25 ,$0.00 ,$20.00 ,($73.99),$62.37 ,$0.00 ,$0.00 ,($16.61),$0.00 ,$0.00 ,-47.32,0,-23.66,394.04,Completed,ach,Marketplace Takeout,,Dispatch,,,
JUA-RU6,AC Central West Hotel,215 York Ave,St. Louis,MO,63108,,Lindell/SLU,CBW- Crazy Bowls and Wraps (Lindell/SLU),03/28/2026 10:55 AM,03/26/2026 9:17 PM,$552.40 ,$0.00 ,$20.00 ,($85.86),$72.80 ,$0.00 ,$0.00 ,($19.29),$0.00 ,$0.00 ,-55.24,0,-27.62,457.19,Completed,ach,Marketplace Takeout,,Dispatch,,,
8PA-Y20,Kelly Baseball Field,330 N Big Bend Blvd,St. Louis,MO,63130,,Forsyth/Clayton,CBW- Crazy Bowls and Wraps (Forsyth/Clayton),03/28/2026 1:41 PM,03/24/2026 9:08 AM,$468.95 ,$0.00 ,$20.00 ,($73.34),$49.18 ,$0.00 ,$0.00 ,($16.09),$0.00 ,$0.00 ,-46.9,0,0,401.8,Completed,ach,Marketplace Takeout,,Dispatch,,,
7UF-AE6,WashU,601 S Leonor K Sullivan Blvd,St. Louis,MO,63102,,Forsyth/Clayton,CBW- Crazy Bowls and Wraps (Forsyth/Clayton),03/29/2026 2:58 PM,03/28/2026 9:56 AM,$331.68 ,$0.00 ,$20.00 ,($52.75),$0.00 ,$0.00 ,$0.00 ,($10.52),$0.00 ,$0.00 ,-33.17,0,0,255.24,Completed,ach,Marketplace Takeout,,Dispatch,,,
3CA-Z33,"Takeout from St. Louis, MO",,St. Louis,MO,62401,,Lindell/SLU,CBW- Crazy Bowls and Wraps (Lindell/SLU),03/30/2026 10:00 AM,03/02/2026 5:44 PM,$355.65 ,$0.00 ,$0.00 ,($53.35),$46.87 ,$0.00 ,$71.13 ,($12.04),$0.00 ,$0.00 ,0,0,-17.78,390.48,Completed,ach,Marketplace Takeout,,N/A,,,
05C-G90,Hunter engineering - c/o Jim T,"11250 Hunter Dr Building ""A""",Bridgeton,MO,63044,,West Oak,CBW- Crazy Bowls and Wraps (West Oak),03/30/2026 11:15 AM,03/28/2026 6:18 PM,$118.60 ,$0.00 ,$20.00 ,($20.79),$10.66 ,$0.00 ,$0.00 ,($4.46),$0.00 ,$0.00 ,-30,0,-5.93,88.08,Completed,ach,Marketplace Takeout,,Dispatch,,,
54Y-V0F,Kilkowski,6400 Clayton Rd 303,Richmond Heights,MO,63117,,Lindell/SLU,CBW- Crazy Bowls and Wraps (Lindell/SLU),03/30/2026 11:20 AM,03/27/2026 9:31 AM,$176.95 ,$0.00 ,$20.00 ,($29.54),$23.32 ,$0.00 ,$0.00 ,($6.59),$0.00 ,$0.00 ,-30,0,-8.85,145.29,Completed,ach,Marketplace Takeout,,Dispatch,,,
M6J-QQP,"Takeout from Des Peres, MO",13201 Clayton Rd,Des Peres,MO,63131,,Manchester,CBW- Crazy Bowls and Wraps (Manchester),03/30/2026 11:21 AM,03/29/2026 2:19 PM,$122.78 ,$0.00 ,$20.00 ,($21.42),$0.00 ,$0.00 ,$0.00 ,($4.27),$0.00 ,$0.00 ,-30,0,0,87.09,Completed,ach,Marketplace Takeout,nccv1261,Dispatch,,,
5C9-9HV,AT&T,12930 Olive Blvd,Creve Coeur,MO,63141,,Creve Coeur,CBW- Crazy Bowls and Wraps (Creve Coeur),03/30/2026 11:55 AM,03/27/2026 3:23 PM,$228.53 ,$0.00 ,$20.00 ,($37.28),$19.97 ,$0.00 ,$0.00 ,($8.03),$0.00 ,$0.00 ,-30,0,-11.43,181.76,Completed,ach,Marketplace Takeout,,Dispatch,,,
AEM-R9U,"Takeout from St. Louis, MO",,St. Louis,MO,62401,,Lindell/SLU,CBW- Crazy Bowls and Wraps (Lindell/SLU),03/31/2026 10:00 AM,03/02/2026 5:53 PM,$273.00 ,$0.00 ,$0.00 ,($40.95),$35.98 ,$0.00 ,$54.60 ,($9.24),$0.00 ,$0.00 ,0,0,-13.65,299.74,Completed,ach,Marketplace Takeout,,N/A,,,
75W-7X4,St Luke’s Hospital- East Medical building,232 S Woods Mill Rd Ground floor,Chesterfield,MO,63017,,Creve Coeur,CBW- Crazy Bowls and Wraps (Creve Coeur),03/31/2026 10:04 AM,03/30/2026 10:16 AM,$472.08 ,$0.00 ,$20.00 ,($73.81),$41.25 ,$0.00 ,$0.00 ,($15.95),$0.00 ,$0.00 ,-47.21,0,-23.6,372.76,Completed,ach,Marketplace Takeout,,Dispatch,,,
4GJ-GF6,Burns & McDonnell,425 S Woods Mill Rd STE 300,Chesterfield,MO,63017,,Creve Coeur,CBW- Crazy Bowls and Wraps (Creve Coeur),03/31/2026 10:21 AM,03/03/2026 12:07 PM,$404.45 ,$0.00 ,$20.00 ,($63.67),$35.34 ,$0.00 ,$0.00 ,($13.75),$0.00 ,$0.00 ,-40.44,0,-20.22,321.71,Completed,ach,Marketplace Takeout,,Dispatch,,,
72V-JQP,SOLVAY,3500 Missouri Ave,East St. Louis,IL,62205,,Lindell/SLU,CBW- Crazy Bowls and Wraps (Lindell/SLU),04/01/2026 10:29 AM,03/26/2026 7:47 AM,$139.80 ,$0.00 ,$20.00 ,($23.97),$18.42 ,$0.00 ,$0.00 ,($5.33),$0.00 ,$0.00 ,-30,0,-6.99,111.93,Completed,ach,Marketplace Takeout,,Dispatch,,,
FX4-05U,Dr. Ettinger,222 S Woods Mill Rd 310 north,Chesterfield,MO,63017,,Creve Coeur,CBW- Crazy Bowls and Wraps (Creve Coeur),04/01/2026 10:52 AM,03/31/2026 10:20 AM,$280.40 ,$0.00 ,$20.00 ,($45.06),$24.50 ,$0.00 ,$0.00 ,($9.71),$0.00 ,$0.00 ,-30,0,-14.02,226.11,Completed,ach,Marketplace Takeout,,Dispatch,,,
5Q9-AQC,,,Saint Charles,MO,,,Lindenwood,CBW- Crazy Bowls and Wraps (Lindenwood),04/01/2026 11:30 AM,03/31/2026 4:27 PM,$65.75 ,$0.00 ,$0.00 ,($9.86),$6.54 ,$0.00 ,$6.58 ,($2.16),$0.00 ,$0.00 ,0,0,-3.29,63.56,Completed,ach,Marketplace Takeout,,N/A,,,
CWQ-ZTG,Heartland Dental,701 Emerson Rd 1st Floor,Creve Coeur,MO,63141,,West Oak,CBW- Crazy Bowls and Wraps (West Oak),04/01/2026 12:10 PM,03/30/2026 5:04 PM,$165.24 ,$0.00 ,$20.00 ,($27.79),$14.85 ,$0.00 ,$0.00 ,($5.98),$0.00 ,$0.00 ,-30,0,-8.26,128.06,Completed,ach,Marketplace Takeout,,Dispatch,,,
R40-881,The Crossing at Grant's Trail,2760 Union Rd The Crossing at Grant's Trail Church,St. Louis,MO,63125,,Tesson,CBW- Crazy Bowls and Wraps (Tesson),04/01/2026 4:31 PM,03/26/2026 10:01 AM,$223.45 ,$0.00 ,$20.00 ,($36.52),$0.00 ,$0.00 ,$0.00 ,($7.28),$0.00 ,$0.00 ,-30,0,0,169.65,Completed,ach,Marketplace Takeout,,Dispatch,,,
4FM-J8E,Patient Pick Up/Cardiac Cath Lab,1 St Elizabeth's Blvd,O'Fallon,IL,62269,,Shiloh,CBW- Crazy Bowls and Wraps (Shiloh),04/02/2026 10:36 AM,04/01/2026 1:06 PM,$426.45 ,$0.00 ,$20.00 ,($66.97),$35.61 ,($35.61),$0.00 ,($14.41),$0.00 ,$0.00 ,-42.64,0,-21.32,301.11,Completed,ach,Marketplace Takeout,,Dispatch,,,
69F-Q0Y,Southern Illinois Associates,6805 IL-162 Bring food to second floor receptionist for further delivery instruuctions,Maryville,IL,62062,,Edwardsville,CBW- Crazy Bowls and Wraps (Edwardsville),04/02/2026 11:21 AM,04/01/2026 4:45 PM,$592.25 ,$0.00 ,$20.00 ,($42.86),$45.01 ,($45.01),$0.00 ,($19.65),$0.00 ,$0.00 ,-59.22,0,-29.61,460.91,Completed,ach,Marketplace Takeout,,Dispatch,,,
03G-1ZV,,1078 Wentzville Pkwy,Wentzville,MO,63385,,Wentzville,CBW- Crazy Bowls and Wraps (Wentzville),04/02/2026 11:30 AM,04/01/2026 7:44 PM,$135.75 ,$0.00 ,$0.00 ,($20.36),$14.19 ,$0.00 ,$13.58 ,($4.48),$0.00 ,$0.00 ,0,0,0,138.68,Completed,ach,Marketplace Takeout,,N/A,,,
GCU-FEQ,Chestnut health,12 N 64th St,Belleville,IL,62223,,Shiloh,CBW- Crazy Bowls and Wraps (Shiloh),04/02/2026 11:31 AM,03/31/2026 5:17 PM,$232.50 ,$0.00 ,$20.00 ,($37.88),$19.41 ,($19.41),$0.00 ,($8.13),$0.00 ,$0.00 ,-30,0,-11.63,164.86,Completed,ach,Marketplace Takeout,,Dispatch,,,
XU0-PUU,"Takeout from St. Louis, MO",,St. Louis,MO,62401,,Lindell/SLU,CBW- Crazy Bowls and Wraps (Lindell/SLU),04/03/2026 9:30 AM,03/31/2026 10:15 AM,$274.45 ,$0.00 ,$0.00 ,($41.17),$36.17 ,$0.00 ,$41.17 ,($9.29),$0.00 ,$0.00 ,0,0,-13.72,287.61,Completed,ach,Marketplace Takeout,,N/A,,,
5HQ-16E,Delmar Divine,5501 Delmar Blvd Conference Room 9,St. Louis,MO,63112,,Lindell/SLU,CBW- Crazy Bowls and Wraps (Lindell/SLU),04/03/2026 11:04 AM,04/01/2026 1:16 PM,$295.25 ,$0.00 ,$20.00 ,($47.29),$38.91 ,$0.00 ,$0.00 ,($10.59),$0.00 ,$0.00 ,-30,0,-14.76,251.52,Completed,ach,Marketplace Takeout,,Dispatch,,,
8VM-FA6,WashU - Center for Experiential Learning,"Forsyth Blvd Simon Hall Suite 100 First Floor, Suite 100",St. Louis,MO,63105,,Forsyth/Clayton,CBW- Crazy Bowls and Wraps (Forsyth/Clayton),04/03/2026 11:11 AM,03/30/2026 12:11 PM,$253.20 ,$0.00 ,$20.00 ,($40.98),$0.00 ,$0.00 ,$0.00 ,($8.17),$0.00 ,$0.00 ,-30,0,0,194.05,Completed,ach,Marketplace Takeout,,Dispatch,,,
31V-TQE,Saint Louis Chess Club,4663 Maryland Ave,St. Louis,MO,63108,,Lindell/SLU,CBW- Crazy Bowls and Wraps (Lindell/SLU),04/04/2026 10:36 AM,03/30/2026 12:29 PM,$337.50 ,$0.00 ,$20.00 ,($53.63),$0.00 ,$0.00 ,$0.00 ,($10.69),$0.00 ,$0.00 ,-33.75,0,-16.88,242.55,Completed,ach,Marketplace Takeout,,Dispatch,,,
U2H-TGV,Jim Butler Chevrolet,759 Gravois Bluffs Blvd,Fenton,MO,63026,,Tesson,CBW- Crazy Bowls and Wraps (Tesson),04/04/2026 11:30 AM,03/31/2026 10:44 AM,$661.50 ,$0.00 ,$20.00 ,($102.23),$51.19 ,$0.00 ,$0.00 ,($21.91),$0.00 ,$0.00 ,-66.15,0,0,542.4,Completed,ach,Marketplace Takeout,,Dispatch,,,
T1P-EEK,Lou Fusz Soccer Complex- Field #6,2155 Creve Coeur Mill Rd,St. Louis,MO,63146,,Creve Coeur,CBW- Crazy Bowls and Wraps (Creve Coeur),04/04/2026 1:07 PM,04/02/2026 11:39 AM,$457.05 ,$0.00 ,$20.00 ,($71.56),$0.00 ,$0.00 ,$0.00 ,($14.26),$0.00 ,$0.00 ,-45.7,0,-22.85,322.68,Completed,ach,Marketplace Takeout,,Dispatch,,,
UKM-44Q,,6707 Plainview Ave,St. Louis,MO,63109,18,South City,CBW- Crazy Bowls and Wraps #18 (South City),04/06/2026 11:30 AM,04/03/2026 12:54 PM,$85.65 ,$0.00 ,$0.00 ,($12.85),$11.29 ,$0.00 ,$8.57 ,($2.90),$0.00 ,$0.00 ,0,0,0,89.76,Completed,ach,Marketplace Takeout,,N/A,,,
YFA-TZ9,Garmin,9735 Landmark Pkwy Dr suite 200,St. Louis,MO,63127,,Sunset Hills,CBW- Crazy Bowls and Wraps (Sunset Hills),04/07/2026 11:07 AM,04/02/2026 1:43 PM,$267.00 ,$0.00 ,$20.00 ,($43.05),$20.66 ,$0.00 ,$0.00 ,($9.20),$0.00 ,$0.00 ,-30,0,0,225.41,Completed,ach,Marketplace Takeout,,Dispatch,,,
Y9T-C3Q,Veterans United,111 Corporate Office Dr 400,Earth City,MO,63045,,West Oak,CBW- Crazy Bowls and Wraps (West Oak),04/07/2026 11:19 AM,04/02/2026 10:58 AM,$180.40 ,$0.00 ,$20.00 ,($30.06),$16.21 ,$0.00 ,$0.00 ,($6.48),$0.00 ,$0.00 ,-30,0,-9.02,141.05,Completed,ach,Marketplace Takeout,,Dispatch,,,
ZYC-RTY,Signature Ortho/Dr. Olson,12639 Old Tesson Rd,St. Louis,MO,63128,,Tesson,CBW- Crazy Bowls and Wraps (Tesson),04/07/2026 11:45 AM,04/03/2026 2:08 PM,$117.60 ,$0.00 ,$0.00 ,($17.64),$9.10 ,$0.00 ,$11.76 ,($3.79),$0.00 ,$0.00 ,0,0,0,117.03,Completed,ach,Marketplace Takeout,,N/A,,,
M58-F2R,Aspire Software,390 S Woods Mill Rd ste 300 - 3rd floor,Chesterfield,MO,63017,,West Oak,CBW- Crazy Bowls and Wraps (West Oak),04/08/2026 11:00 AM,03/23/2026 1:53 PM,$153.18 ,$0.00 ,$25.00 ,($30.00),$13.77 ,$0.00 ,$40.00 ,($7.14),$0.00 ,$0.00 ,46.82,0,0,241.63,Completed,ach,Meal Program,,,,,
WEP-YX7,Urology of STL,6812 IL-162 200,Maryville,IL,62062,,Edwardsville,CBW- Crazy Bowls and Wraps (Edwardsville),04/08/2026 11:01 AM,04/07/2026 7:38 PM,$654.20 ,$0.00 ,$20.00 ,($101.13),$49.72 ,($49.72),$0.00 ,($21.65),$0.00 ,$0.00 ,-65.42,0,-32.71,453.29,Completed,ach,Marketplace Takeout,cartez20,Dispatch,,,
3TJ-5VE,"Carboline Global, Inc.",8031 Litzsinger Rd,Brentwood,MO,63144,18,South City,CBW- Crazy Bowls and Wraps #18 (South City),04/08/2026 11:03 AM,04/06/2026 12:33 PM,$194.69 ,$0.00 ,$20.00 ,($32.20),$25.66 ,$0.00 ,$0.00 ,($7.19),$0.00 ,$0.00 ,-30,0,0,170.96,Completed,ach,Marketplace Takeout,,Dispatch,,,
8RU-T0E,Lexicon,600 Kellwood Pkwy Suite 300,Chesterfield,MO,63017,,Manchester,CBW- Crazy Bowls and Wraps (Manchester),04/08/2026 11:34 AM,04/07/2026 12:51 PM,$116.30 ,$0.00 ,$20.00 ,($20.45),$10.16 ,$0.00 ,$0.00 ,($4.38),$0.00 ,$0.00 ,-30,0,0,91.63,Completed,ach,Marketplace Takeout,,Dispatch,,,
0RA-YZQ,Enterprise Mobility,2281 Ball Dr,St. Louis,MO,63146,,West Oak,CBW- Crazy Bowls and Wraps (West Oak),04/09/2026 10:21 AM,04/08/2026 9:32 AM,$195.11 ,$0.00 ,$20.00 ,($32.27),$17.54 ,$0.00 ,$0.00 ,($6.96),$0.00 ,$0.00 ,-30,0,-9.76,153.66,Completed,ach,Marketplace Takeout,,Dispatch,,,
ZTC-R4Q,Forefront Dermatology,1800 Wentzville Pkwy,Wentzville,MO,63385,,Wentzville,CBW- Crazy Bowls and Wraps (Wentzville),04/09/2026 11:27 AM,04/08/2026 3:24 PM,$234.70 ,$0.00 ,$20.00 ,($38.21),$24.53 ,$0.00 ,$0.00 ,($8.35),$0.00 ,$0.00 ,-30,0,0,202.67,Completed,ach,Marketplace Takeout,,Dispatch,,,
72H-K1R,Cambridge Air Solutions,760 Long Rd Crossing Dr,Chesterfield,MO,63005,,Chesterfield Valley,CBW- Crazy Bowls and Wraps (Chesterfield Valley),04/09/2026 11:37 AM,04/08/2026 1:40 PM,$171.00 ,$0.00 ,$20.00 ,($28.65),$17.29 ,$0.00 ,$0.00 ,($6.23),$0.00 ,$0.00 ,-30,0,0,143.41,Completed,ach,Marketplace Takeout,,Dispatch,,,
3JW-8WM,Ignacio Hall,3411 Olive St,St. Louis,MO,63103,,Lindell/SLU,CBW- Crazy Bowls and Wraps (Lindell/SLU),04/09/2026 4:45 PM,04/07/2026 3:55 PM,$912.70 ,$0.00 ,$0.00 ,($136.91),$0.00 ,$0.00 ,$50.00 ,($27.29),$0.00 ,$0.00 ,0,0,-45.64,752.86,Completed,ach,Marketplace Takeout,,N/A,,,
QW5-47A,Somers Hall; Danforth Campus Washington Univ St. Louis,1 Brookings Dr,St. Louis,MO,63130,,Forsyth/Clayton,CBW- Crazy Bowls and Wraps (Forsyth/Clayton),04/10/2026 11:19 AM,04/07/2026 10:11 PM,$996.12 ,$0.00 ,$20.00 ,($71.13),$104.47 ,$0.00 ,$0.00 ,($33.51),($20.37),$0.00 ,-99.61,0,0,895.97,Completed,ach,Marketplace Takeout,,Dispatch,,,
EXM-98R,Juniper Pharmacy,522 N New Ballas Rd Suite #206,Creve Coeur,MO,63141,,West Oak,CBW- Crazy Bowls and Wraps (West Oak),04/10/2026 11:39 AM,04/05/2026 1:17 PM,$225.00 ,$0.00 ,$20.00 ,($36.75),$20.22 ,$0.00 ,$0.00 ,($7.93),$0.00 ,$0.00 ,-30,0,-11.25,179.29,Completed,ach,Marketplace Takeout,,Dispatch,,,
TM8-843,Track Stadium,3345 Stadium Dr,Edwardsville,IL,62025,,Edwardsville,CBW- Crazy Bowls and Wraps (Edwardsville),04/11/2026 10:34 AM,04/10/2026 12:43 PM,$929.45 ,$0.00 ,$20.00 ,($142.42),$0.00 ,$0.00 ,$0.00 ,($28.39),$0.00 ,$0.00 ,-92.94,0,-46.47,639.23,Completed,ach,Marketplace Takeout,,Dispatch,,,
4M4-2UX,Compass Retirement Solutions,10326 Old Olive St Rd,Creve Coeur,MO,63141,,West Oak,CBW- Crazy Bowls and Wraps (West Oak),04/13/2026 11:40 AM,04/10/2026 2:15 PM,$213.00 ,$0.00 ,$20.00 ,($34.95),$19.14 ,$0.00 ,$0.00 ,($7.54),$0.00 ,$0.00 ,-30,0,-10.65,169,Completed,ach,Marketplace Takeout,,Dispatch,,,
FJ9-090,"Takeout from Wentzville, MO",,Wentzville,MO,,,Wentzville,CBW- Crazy Bowls and Wraps (Wentzville),04/13/2026 12:00 PM,04/10/2026 1:04 PM,$198.00 ,$0.00 ,$0.00 ,($29.70),$20.69 ,$0.00 ,$10.00 ,($6.54),$0.00 ,$0.00 ,0,0,0,192.45,Completed,ach,Marketplace Takeout,,N/A,,,
RX2-PK4,Liberty Middle School,1 District Dr,Edwardsville,IL,62025,,Edwardsville,CBW- Crazy Bowls and Wraps (Edwardsville),04/13/2026 4:23 PM,04/10/2026 5:36 PM,$257.70 ,$0.00 ,$20.00 ,($41.66),$0.00 ,$0.00 ,$0.00 ,($8.30),$0.00 ,$0.00 ,-30,0,-12.89,184.85,Completed,ach,Marketplace Takeout,,Dispatch,,,
7FP-RZC,Solvay,3500 Missouri Ave,East St. Louis,IL,62205,,Lindell/SLU,CBW- Crazy Bowls and Wraps (Lindell/SLU),04/15/2026 10:29 AM,04/14/2026 3:45 PM,$83.00 ,$0.00 ,$20.00 ,($15.45),$10.94 ,$0.00 ,$0.00 ,($3.41),$0.00 ,$0.00 ,-30,0,-4.15,60.93,Completed,ach,Marketplace Takeout,,Dispatch,,,
KPH-15X,SLUCare Orthopedic Surgery,1011 Bowles Ave 400,Fenton,MO,63026,,Sunset Hills,CBW- Crazy Bowls and Wraps (Sunset Hills),04/15/2026 10:48 AM,04/13/2026 5:01 PM,$337.00 ,$0.00 ,$20.00 ,($53.55),$26.08 ,$0.00 ,$0.00 ,($11.45),$0.00 ,$0.00 ,-33.7,0,0,284.38,Completed,ach,Marketplace Takeout,,Dispatch,,,
HF5-TFM,PARIC LLC.,77 W Port Plaza Dr Suite 250,St. Louis,MO,63146,,West Oak,CBW- Crazy Bowls and Wraps (West Oak),04/15/2026 11:23 AM,04/14/2026 9:14 AM,$527.00 ,$0.00 ,$20.00 ,($82.05),$47.37 ,$0.00 ,$0.00 ,($17.77),$0.00 ,$0.00 ,-52.7,0,-26.35,415.5,Completed,ach,Marketplace Takeout,,Dispatch,,,
A5R-274,Washington University - Danforth University Center,6475 Forsyth Blvd 150,St. Louis,MO,63105,,Forsyth/Clayton,CBW- Crazy Bowls and Wraps (Forsyth/Clayton),04/15/2026 11:26 AM,04/14/2026 4:03 PM,$176.98 ,$0.00 ,$20.00 ,($29.55),$0.00 ,$0.00 ,$0.00 ,($5.89),$0.00 ,$0.00 ,-30,0,0,131.54,Completed,ach,Marketplace Takeout,,Dispatch,,,
A01-C7X,Saint Louis University Hospital,1201 S Grand Blvd Administration - 2nd Floor,St. Louis,MO,63104,,Lindell/SLU,CBW- Crazy Bowls and Wraps (Lindell/SLU),04/16/2026 10:22 AM,04/13/2026 1:09 PM,$308.98 ,$0.00 ,$20.00 ,($49.35),$40.72 ,$0.00 ,$0.00 ,($11.05),$0.00 ,$0.00 ,-30.9,0,-15.45,262.95,Completed,ach,Marketplace Takeout,,Dispatch,,,
8MX-TR6,Renaissance Plastic Surgery,145 St Peters Centre Blvd,St. Peters,MO,63376,,Lindenwood,CBW- Crazy Bowls and Wraps (Lindenwood),04/16/2026 11:02 AM,04/07/2026 11:51 AM,$386.50 ,$0.00 ,$20.00 ,($60.98),$38.46 ,$0.00 ,$0.00 ,($13.30),$0.00 ,$0.00 ,-38.65,0,-19.33,312.7,Completed,ach,Marketplace Takeout,,Dispatch,,,
U4R-6WX,Yoon Dermatology,1060 Meyer Rd,Wentzville,MO,63385,,Wentzville,CBW- Crazy Bowls and Wraps (Wentzville),04/16/2026 11:25 AM,04/15/2026 10:04 AM,$506.25 ,$0.00 ,$20.00 ,($78.94),$52.90 ,$0.00 ,$0.00 ,($17.32),$0.00 ,$0.00 ,-50.62,0,0,432.27,Completed,ach,Marketplace Takeout,,Dispatch,,,
19E-AKA,Saint Louis MHB,701 Market St Suite 200,St. Louis,MO,63101,,Lindell/SLU,CBW- Crazy Bowls and Wraps (Lindell/SLU),04/16/2026 4:04 PM,04/09/2026 10:41 AM,$200.45 ,$0.00 ,$20.00 ,($33.07),$0.00 ,$0.00 ,$0.00 ,($6.59),$0.00 ,$0.00 ,-30,0,-10.02,140.77,Completed,ach,Marketplace Takeout,,Dispatch,,,
TM3-T51,Experitec,504 Trade Center Blvd,Chesterfield,MO,63005,,Chesterfield Valley,CBW- Crazy Bowls and Wraps (Chesterfield Valley),04/20/2026 10:51 AM,04/15/2026 11:51 AM,$244.50 ,$0.00 ,$20.00 ,($39.68),$24.73 ,$0.00 ,$0.00 ,($8.65),$0.00 ,$0.00 ,-30,0,0,210.9,Completed,ach,Marketplace Takeout,,Dispatch,,,
JUP-094,Benefit Finance Partners,6 Cityplace Dr 400,Creve Coeur,MO,63141,,Creve Coeur,CBW- Crazy Bowls and Wraps (Creve Coeur),04/20/2026 11:01 AM,04/17/2026 12:02 PM,$405.20 ,$0.00 ,$20.00 ,($63.78),$35.41 ,$0.00 ,$0.00 ,($13.77),$0.00 ,$0.00 ,-40.52,0,-20.26,322.28,Completed,ach,Marketplace Takeout,,Dispatch,,,
UZK-XHQ,Thompson Coburn LLP,1405 North Green Mount Rd Floor 3,O'Fallon,IL,62269,,Shiloh,CBW- Crazy Bowls and Wraps (Shiloh),04/20/2026 11:30 AM,04/16/2026 12:58 PM,$51.60 ,$0.00 ,$0.00 ,($7.74),$4.31 ,($4.31),$5.16 ,($1.67),$0.00 ,$0.00 ,0,0,-2.58,44.77,Completed,ach,Marketplace Takeout,,N/A,,,
83W-805,Hartwig,10617 Trenton Ave,St. Louis,MO,63132,,West Oak,CBW- Crazy Bowls and Wraps (West Oak),04/21/2026 10:53 AM,04/17/2026 1:50 PM,$143.45 ,$0.00 ,$20.00 ,($24.52),$12.89 ,$0.00 ,$0.00 ,($5.27),$0.00 ,$0.00 ,-30,0,-7.17,109.38,Completed,ach,Marketplace Takeout,,Dispatch,,,
RHP-W09,Ranken Jordan Pediatric Bridge Hospital,11365 Dorsett Rd,Maryland Heights,MO,63043,,West Oak,CBW- Crazy Bowls and Wraps (West Oak),04/21/2026 11:19 AM,04/20/2026 8:45 AM,$86.60 ,$0.00 ,$20.00 ,($15.99),$7.78 ,$0.00 ,$0.00 ,($3.42),$0.00 ,$0.00 ,-30,0,-4.33,60.64,Completed,ach,Marketplace Takeout,nccv3ezr2,Dispatch,,,
AK2-3YQ,Centene,7700 Forsyth Blvd Bldg B,St. Louis,MO,63105,,Forsyth/Clayton,CBW- Crazy Bowls and Wraps (Forsyth/Clayton),04/21/2026 11:30 AM,04/15/2026 5:20 PM,$111.54 ,$0.00 ,$0.00 ,($16.73),$11.70 ,$0.00 ,$0.00 ,($3.68),$0.00 ,$0.00 ,0,0,0,102.83,Completed,ach,Marketplace Takeout,,N/A,,,
EZR-KQA,Veterans Community Project,1515 N Grand Blvd,St. Louis,MO,63106,,Lindell/SLU,CBW- Crazy Bowls and Wraps (Lindell/SLU),04/22/2026 10:37 AM,04/20/2026 3:56 PM,$495.72 ,$0.00 ,$20.00 ,($77.36),$65.33 ,$0.00 ,$0.00 ,($17.37),$0.00 ,$0.00 ,-49.57,0,-24.79,411.96,Completed,ach,Marketplace Takeout,,Dispatch,,,
HR1-43Z,WashU Anest,1 Children's Pl,St. Louis,MO,63110,,Forsyth/Clayton,CBW- Crazy Bowls and Wraps (Forsyth/Clayton),04/22/2026 11:06 AM,04/20/2026 6:01 PM,$136.08 ,$0.00 ,$20.00 ,($23.41),$0.00 ,$0.00 ,$0.00 ,($4.67),($2.25),$0.00 ,-30,0,0,95.75,Completed,ach,Marketplace Takeout,,Dispatch,,,
A4Y-HVR,PricewaterhouseCoopers,6 Cardinal Wy 11th Floor,St. Louis,MO,63102,,Lindell/SLU,CBW- Crazy Bowls and Wraps (Lindell/SLU),04/22/2026 11:21 AM,04/20/2026 11:18 AM,$170.20 ,$0.00 ,$20.00 ,($28.53),$22.43 ,$0.00 ,$0.00 ,($6.36),$0.00 ,$0.00 ,-30,0,-8.51,139.23,Completed,ach,Marketplace Takeout,,Dispatch,,,
P2K-RXU,Esse richmond heights,1027 Bellevue Ave 107,St. Louis,MO,63117,,Forsyth/Clayton,CBW- Crazy Bowls and Wraps (Forsyth/Clayton),04/22/2026 11:22 AM,04/16/2026 12:59 PM,$272.90 ,$0.00 ,$20.00 ,($43.94),$28.62 ,$0.00 ,$0.00 ,($9.61),$0.00 ,$0.00 ,-30,0,0,237.97,Completed,ach,Marketplace Takeout,,Dispatch,,,
WWW-0GK,Lemonaid Pharmacy,1701 Macklind Ave Suite 300,St. Louis,MO,63110,,West Oak,CBW- Crazy Bowls and Wraps (West Oak),04/22/2026 11:30 AM,04/06/2026 4:04 PM,$238.34 ,$0.00 ,$25.00 ,($35.75),$21.42 ,$0.00 ,$23.83 ,($8.51),$0.00 ,$0.00 ,0,0,0,264.33,Completed,ach,Meal Program,,,,,
87A-333,The Chase Park Plaza Hotel,212 North Kingshighway Blvd,St. Louis,MO,63108,,Lindell/SLU,CBW- Crazy Bowls and Wraps (Lindell/SLU),04/23/2026 10:38 AM,04/22/2026 5:23 PM,$216.00 ,$0.00 ,$20.00 ,($35.40),$28.47 ,$0.00 ,$0.00 ,($7.91),$0.00 ,$0.00 ,-30,0,-10.8,180.36,Completed,ach,Marketplace Takeout,,Dispatch,,,
TQ2-2Z8,Ernst & Young,7676 Forsyth Blvd Suite 2600,Clayton,MO,63105,18,South City,CBW- Crazy Bowls and Wraps #18 (South City),04/23/2026 11:02 AM,04/22/2026 7:41 AM,$220.50 ,$0.00 ,$20.00 ,($36.08),$29.06 ,$0.00 ,$0.00 ,($8.06),$0.00 ,$0.00 ,-30,0,0,195.42,Completed,ach,Marketplace Takeout,,Dispatch,,,
2RY-3Z6,Undivided Creative,657 Spirit Airpark W Dr suite 102,Chesterfield,MO,63005,,Chesterfield Valley,CBW- Crazy Bowls and Wraps (Chesterfield Valley),04/23/2026 11:04 AM,04/22/2026 9:44 AM,$377.70 ,$0.00 ,$20.00 ,($59.66),$38.20 ,$0.00 ,$0.00 ,($13.03),$0.00 ,$0.00 ,-37.77,0,0,325.44,Completed,ach,Marketplace Takeout,,Dispatch,,,
THV-7YP,KIPP St. Louis,1310 Papin St Ste 203 / Regional PD Space,St. Louis,MO,63103,,Lindell/SLU,CBW- Crazy Bowls and Wraps (Lindell/SLU),04/24/2026 11:04 AM,04/23/2026 8:46 AM,$589.08 ,$0.00 ,$20.00 ,($91.36),$0.00 ,$0.00 ,$0.00 ,($18.21),$0.00 ,$0.00 ,-58.91,0,-29.45,411.15,Completed,ach,Marketplace Takeout,,Dispatch,,,
80T-KU3,"Washington University, Cupples II Hall",1 Brookings Dr Cupples II Hall,University City,MO,63130,,Forsyth/Clayton,CBW- Crazy Bowls and Wraps (Forsyth/Clayton),04/27/2026 11:10 AM,04/24/2026 12:14 PM,$76.26 ,$0.00 ,$20.00 ,($14.44),$0.00 ,$0.00 ,$0.00 ,($2.88),$0.00 ,$0.00 ,-30,0,0,48.94,Completed,ach,Marketplace Takeout,,Dispatch,,,
07H-A1T,HSHS St. Elizabeth's Neurology,3 St Elizabeth's Blvd Suite 500,O'Fallon,IL,62269,,Shiloh,CBW- Crazy Bowls and Wraps (Shiloh),04/27/2026 11:11 AM,04/26/2026 3:13 PM,$348.50 ,$0.00 ,$20.00 ,($55.28),$29.10 ,($29.10),$0.00 ,($11.89),$0.00 ,$0.00 ,-34.85,0,0,266.48,Completed,ach,Marketplace Takeout,,Dispatch,,,
TTE-9UA,Washington University,1 Brookings Dr Cupples II Hall,University City,MO,63130,,Forsyth/Clayton,CBW- Crazy Bowls and Wraps (Forsyth/Clayton),04/28/2026 11:10 AM,04/24/2026 12:20 PM,$76.51 ,$0.00 ,$20.00 ,($14.48),$0.00 ,$0.00 ,$0.00 ,($2.89),$0.00 ,$0.00 ,-30,0,0,49.14,Completed,ach,Marketplace Takeout,,Dispatch,,,
MJM-3XC,Wiese USA,1435 Woodson Rd attn: Emily Ashby,St. Louis,MO,63132,,Forsyth/Clayton,CBW- Crazy Bowls and Wraps (Forsyth/Clayton),04/28/2026 11:21 AM,04/16/2026 3:11 PM,$147.00 ,$0.00 ,$20.00 ,($25.05),$15.42 ,$0.00 ,$0.00 ,($5.45),$0.00 ,$0.00 ,-30,0,0,121.92,Completed,ach,Marketplace Takeout,,Dispatch,,,
XK6-G5J,Special School District of St. Louis County,12110 Clayton Rd,St. Louis,MO,63131,,West Oak,CBW- Crazy Bowls and Wraps (West Oak),04/28/2026 4:14 PM,03/30/2026 3:20 PM,$341.60 ,$0.00 ,$20.00 ,($54.24),$0.00 ,$0.00 ,$0.00 ,($10.81),$0.00 ,$0.00 ,-34.16,0,-17.08,245.31,Completed,ach,Marketplace Takeout,,Dispatch,,,
161-AGM,Washington University Brauer Dock,6220 Forest Park Pkwy BRAUER ROOM 1015,St. Louis,MO,63112,,Forsyth/Clayton,CBW- Crazy Bowls and Wraps (Forsyth/Clayton),04/29/2026 10:07 AM,04/23/2026 11:46 AM,$511.50 ,$0.00 ,$20.00 ,($79.73),$0.00 ,$0.00 ,$0.00 ,($15.89),$0.00 ,$0.00 ,-51.15,0,0,384.73,Completed,ach,Marketplace Takeout,,Dispatch,,,
PKE-6HR,Solvay,3500 Missouri Ave,East St. Louis,IL,62205,,Lindell/SLU,CBW- Crazy Bowls and Wraps (Lindell/SLU),04/29/2026 10:28 AM,04/28/2026 1:59 PM,$101.40 ,$0.00 ,$20.00 ,($18.21),$13.36 ,$0.00 ,$0.00 ,($4.03),$0.00 ,$0.00 ,-30,0,-5.07,77.45,Completed,ach,Marketplace Takeout,,Dispatch,,,
C8A-AX6,Tarlton Corporation,5500 W Park Ave,St. Louis,MO,63110,,Forsyth/Clayton,CBW- Crazy Bowls and Wraps (Forsyth/Clayton),04/29/2026 10:55 AM,04/28/2026 10:02 AM,$886.25 ,$0.00 ,$20.00 ,($135.94),$92.95 ,$0.00 ,$0.00 ,($29.88),$0.00 ,$0.00 ,-88.62,0,0,744.76,Completed,ach,Marketplace Takeout,,Dispatch,,,
M8U-Z80,Gateway Region YMCA - Association Resource Office,2815 Scott Ave Suite D,St. Louis,MO,63103,,Lindell/SLU,CBW- Crazy Bowls and Wraps (Lindell/SLU),04/29/2026 11:38 AM,04/27/2026 5:52 PM,$144.81 ,$0.00 ,$20.00 ,($24.72),$0.00 ,$0.00 ,$0.00 ,($4.93),$0.00 ,$0.00 ,-30,0,-7.24,97.92,Completed,ach,Marketplace Takeout,,Dispatch,,,
RKA-TK8,,11427 Olive Blvd,St. Louis,MO,63141,,West Oak,CBW- Crazy Bowls and Wraps (West Oak),04/29/2026 1:45 PM,04/28/2026 7:54 PM,$317.92 ,$0.00 ,$0.00 ,($47.69),$0.00 ,$0.00 ,$0.00 ,($9.51),$0.00 ,$0.00 ,0,0,-15.9,244.82,Completed,ach,Marketplace Takeout,,N/A,,,
FF1-K29,Wiegmann Associates,650 Fountain Lakes Blvd,Saint Charles,MO,63301,,Lindenwood,CBW- Crazy Bowls and Wraps (Lindenwood),04/30/2026 11:03 AM,04/29/2026 2:29 PM,$125.33 ,$0.00 ,$20.00 ,($21.80),$12.47 ,$0.00 ,$0.00 ,($4.72),($10.95),$0.00 ,-30,0,-6.27,84.06,Completed,ach,Marketplace Takeout,cincodemayo26,Dispatch,,,
PCU-7FG,Gatewood Wealth Solutions,1401 S Brentwood Blvd 400,St. Louis,MO,63144,,Rock Hill/Glendale,CBW- Crazy Bowls and Wraps (Rock Hill/Glendale),05/01/2026 7:22 AM,04/30/2026 10:23 AM,$239.95 ,$0.00 ,$20.00 ,($38.99),$22.17 ,$0.00 ,$0.00 ,($8.44),$0.00 ,$0.00 ,-30,0,0,204.69,Completed,ach,Marketplace Takeout,,Dispatch,,,
91Q-WAG,Mercy David C. Pratt Cancer Center Hematology and Oncology Deptartment,607 S New Ballas Rd Hematology and Oncology Deptartment,Creve Coeur,MO,63141,,Creve Coeur,CBW- Crazy Bowls and Wraps (Creve Coeur),05/01/2026 10:27 AM,04/29/2026 9:33 AM,$936.94 ,$0.00 ,$20.00 ,($143.54),$81.87 ,$0.00 ,$0.00 ,($31.06),$0.00 ,$0.00 ,-93.69,0,-46.85,723.67,Completed,ach,Marketplace Takeout,nccv1261,Dispatch,,,
G0R-72J,WashU,517 S Euclid Ave 3rd FL via Peters elevators,St. Louis,MO,63110,,Lindell/SLU,CBW- Crazy Bowls and Wraps (Lindell/SLU),05/01/2026 10:35 AM,04/08/2026 11:42 AM,$292.34 ,$0.00 ,$20.00 ,($46.85),$0.00 ,$0.00 ,$0.00 ,($9.34),$0.00 ,$0.00 ,-30,0,-14.62,211.53,Completed,ach,Marketplace Takeout,,Dispatch,,,
722-1W2,Dr Baram,10420 Old Olive St Rd 205,Creve Coeur,MO,63141,,West Oak,CBW- Crazy Bowls and Wraps (West Oak),05/04/2026 8:40 AM,05/03/2026 9:43 AM,$169.58 ,$0.00 ,$20.00 ,($28.44),$15.24 ,$0.00 ,$0.00 ,($6.12),$0.00 ,$0.00 ,-30,0,-8.48,131.78,Completed,ach,Marketplace Takeout,cincodemayo26,Dispatch,,,
XKG-QYU,"Takeout from St. Louis, MO",,St. Louis,MO,62401,,Lindell/SLU,CBW- Crazy Bowls and Wraps (Lindell/SLU),05/04/2026 9:30 AM,04/21/2026 8:31 PM,$297.15 ,$0.00 ,$0.00 ,($44.57),$39.16 ,$0.00 ,$44.57 ,($10.06),$0.00 ,$0.00 ,0,0,-14.86,311.39,Completed,ach,Marketplace Takeout,,N/A,,,
ZEF-PPR,Burns & McDonnell,425 S Woods Mill Rd,Town and Country,MO,63017,,Creve Coeur,CBW- Crazy Bowls and Wraps (Creve Coeur),05/04/2026 9:50 AM,04/17/2026 2:58 PM,$466.50 ,$0.00 ,$20.00 ,($72.98),$40.76 ,$0.00 ,$0.00 ,($15.77),$0.00 ,$0.00 ,-46.65,0,-23.33,368.53,Completed,ach,Marketplace Takeout,,Dispatch,,,
15R-65H,Clementine's Ice Cream,13426 Clayton Rd,Des Peres,MO,63131,,Manchester,CBW- Crazy Bowls and Wraps (Manchester),05/04/2026 2:07 PM,05/03/2026 1:48 PM,$320.25 ,$0.00 ,$20.00 ,($51.04),$27.98 ,$0.00 ,$0.00 ,($11.01),$0.00 ,$0.00 ,-32.02,0,0,274.16,Completed,ach,Marketplace Takeout,,Dispatch,,,
XGR-1Z9,Contemporary Art Museum St. Louis,3750 Washington Blvd 3750 Washington Boulevard,St. Louis,MO,63108,,Lindell/SLU,CBW- Crazy Bowls and Wraps (Lindell/SLU),05/04/2026 3:25 PM,04/21/2026 1:52 PM,$235.50 ,$0.00 ,$20.00 ,($17.89),$0.00 ,$0.00 ,$0.00 ,($7.64),$0.00 ,$0.00 ,-30,0,-11.78,188.19,Completed,ach,Marketplace Takeout,,Dispatch,,,
WZW-2R0,,,Saint Charles,MO,,,Lindenwood,CBW- Crazy Bowls and Wraps (Lindenwood),05/05/2026 7:45 AM,05/04/2026 7:36 PM,$183.90 ,$0.00 ,$0.00 ,($27.59),$0.00 ,$0.00 ,$0.00 ,($5.50),$0.00 ,$0.00 ,0,0,-9.2,141.61,Completed,ach,Marketplace Takeout,,N/A,,,
8T5-VMQ,Hunter Engineering - c/o Joy S,11250 Hunter Dr Building A,Bridgeton,MO,63044,,West Oak,CBW- Crazy Bowls and Wraps (West Oak),05/05/2026 10:28 AM,05/01/2026 12:08 PM,$402.40 ,$0.00 ,$20.00 ,($63.36),$36.17 ,$0.00 ,$0.00 ,($13.71),$0.00 ,$0.00 ,-40.24,0,-20.12,321.14,Completed,ach,Marketplace Takeout,,Dispatch,,,
AV6-8VZ,Renaissance Financial,5700 Oakland Ave Suite 400,St. Louis,MO,63110,18,South City,CBW- Crazy Bowls and Wraps #18 (South City),05/05/2026 11:23 AM,04/29/2026 12:05 PM,$241.95 ,$0.00 ,$20.00 ,($39.29),$31.89 ,$0.00 ,$0.00 ,($8.79),$0.00 ,$0.00 ,-30,0,0,215.76,Completed,ach,Marketplace Takeout,,Dispatch,,,
UT5-K5V,Yoon Dermatology,1060 Meyer Rd,Wentzville,MO,63385,,Wentzville,CBW- Crazy Bowls and Wraps (Wentzville),05/05/2026 11:26 AM,05/04/2026 1:43 PM,$411.58 ,$0.00 ,$20.00 ,($64.74),$43.01 ,$0.00 ,$0.00 ,($14.19),$0.00 ,$0.00 ,-41.16,0,0,354.5,Completed,ach,Marketplace Takeout,,Dispatch,,,
JFT-WR3,Ritz Carlton: Guest Jed Tuminaro,100 Carondelet Plaza Presidential Suite,St. Louis,MO,63105,,Forsyth/Clayton,CBW- Crazy Bowls and Wraps (Forsyth/Clayton),05/05/2026 11:41 AM,05/04/2026 5:33 PM,$252.96 ,$0.00 ,$20.00 ,($40.94),$26.53 ,$0.00 ,$0.00 ,($8.95),$0.00 ,$0.00 ,-30,0,0,219.6,Completed,ach,Marketplace Takeout,,Dispatch,,,
AAU-E36,Caravus,101 S Hanley Rd suite 300 300,Clayton,MO,63105,,Forsyth/Clayton,CBW- Crazy Bowls and Wraps (Forsyth/Clayton),05/05/2026 12:25 PM,05/04/2026 8:04 AM,$480.00 ,$0.00 ,$20.00 ,($75.00),$50.34 ,$0.00 ,$0.00 ,($16.46),$0.00 ,$0.00 ,-48,0,0,410.88,Completed,ach,Marketplace Takeout,,Dispatch,,,
228-9GM,Cardiac Cath Lab,3023 N Ballas Rd floor 2,Frontenac,MO,63131,,Creve Coeur,CBW- Crazy Bowls and Wraps (Creve Coeur),05/06/2026 9:56 AM,05/05/2026 10:57 AM,$825.00 ,$0.00 ,$20.00 ,($126.75),$72.09 ,$0.00 ,$0.00 ,($27.42),$0.00 ,$0.00 ,-82.5,0,-41.25,639.17,Completed,ach,Marketplace Takeout,,Dispatch,,,
VFZ-5H1,Onyx Spine and Orthopedic,425 N New Ballas Rd,Creve Coeur,MO,63141,,West Oak,CBW- Crazy Bowls and Wraps (West Oak),05/06/2026 10:39 AM,05/04/2026 2:59 PM,$256.75 ,$0.00 ,$20.00 ,($41.51),$23.08 ,$0.00 ,$0.00 ,($8.96),$0.00 ,$0.00 ,-30,0,-12.84,206.52,Completed,ach,Marketplace Takeout,,Dispatch,,,
8UR-QZG,Dr Pais Office,2810 Frank Scott Pkwy W,Belleville,IL,62223,,Shiloh,CBW- Crazy Bowls and Wraps (Shiloh),05/07/2026 10:29 AM,05/06/2026 4:18 PM,$275.33 ,$0.00 ,$20.00 ,($44.30),$22.99 ,($22.99),$0.00 ,($9.52),$0.00 ,$0.00 ,-30,0,-13.77,197.74,Completed,ach,Marketplace Takeout,,Dispatch,,,
6R9-7QA,FTL Finance,820 S Main St Suite 307,Saint Charles,MO,63301,,Lindenwood,CBW- Crazy Bowls and Wraps (Lindenwood),05/07/2026 10:49 AM,05/01/2026 9:10 AM,$843.15 ,$0.00 ,$20.00 ,($129.47),$83.89 ,$0.00 ,$0.00 ,($28.32),$0.00 ,$0.00 ,-84.32,0,-42.16,662.77,Completed,ach,Marketplace Takeout,,Dispatch,,,
JU0-5E5,St. Luke’s Clinic of Internal Medicine,121 St. Luke’s Center Dr (Outpatient bldg A) 506,Chesterfield,MO,63017,,Creve Coeur,CBW- Crazy Bowls and Wraps (Creve Coeur),05/07/2026 11:08 AM,05/04/2026 10:17 AM,$356.20 ,$0.00 ,$20.00 ,($56.43),$31.12 ,$0.00 ,$0.00 ,($12.18),$0.00 ,$0.00 ,-35.62,0,-17.81,285.28,Completed,ach,Marketplace Takeout,cincodemayo26,Dispatch,,,
GV0-44J,Simon Law Firm,1001 Highlands Plaza Dr 300,St. Louis,MO,63110,18,South City,CBW- Crazy Bowls and Wraps #18 (South City),05/07/2026 11:18 AM,05/04/2026 11:24 AM,$859.75 ,$0.00 ,$20.00 ,($131.96),$113.31 ,$0.00 ,$0.00 ,($29.69),$0.00 ,$0.00 ,-85.98,0,0,745.43,Completed,ach,Marketplace Takeout,,Dispatch,,,
69J-EPG,Mercy primary care,300 Winding Woods Dr 214,O'Fallon,MO,63366,,O'Fallon,CBW- Crazy Bowls and Wraps (O'Fallon),05/08/2026 11:12 AM,05/06/2026 10:18 PM,$217.50 ,$0.00 ,$20.00 ,($35.63),$19.47 ,$0.00 ,$0.00 ,($7.68),$0.00 ,$0.00 ,-30,0,-10.88,172.78,Completed,ach,Marketplace Takeout,,Dispatch,,,
1F6-YA3,Kirkwood High School,801 W Essex Ave CRU Dance,Kirkwood,MO,63122,,Rock Hill/Glendale,CBW- Crazy Bowls and Wraps (Rock Hill/Glendale),05/08/2026 5:33 PM,05/07/2026 7:33 PM,$125.75 ,$0.00 ,$20.00 ,($21.86),$11.62 ,$0.00 ,$0.00 ,($4.71),$0.00 ,$0.00 ,-30,0,0,100.8,Completed,ach,Marketplace Takeout,,Dispatch,,,
ZT0-K83,Diploma in Climate Medicine - Univ of Colorado,5595 Grand Dr Learning Lab,St. Louis,MO,63112,,Lindell/SLU,CBW- Crazy Bowls and Wraps (Lindell/SLU),05/10/2026 11:36 AM,05/06/2026 5:08 PM,$237.40 ,$0.00 ,$20.00 ,($38.61),$31.29 ,$0.00 ,$0.00 ,($8.63),($99.01),$0.00 ,-30,0,-11.87,100.57,Completed,ach,Marketplace Takeout,,Dispatch,,,
V4W-J7M,Leonardo DRS,4201 Innovation Way,Bridgeton,MO,63044,,West Oak,CBW- Crazy Bowls and Wraps (West Oak),05/11/2026 11:01 AM,05/04/2026 1:12 PM,$147.00 ,$0.00 ,$20.00 ,($25.05),$0.00 ,$0.00 ,$0.00 ,($4.99),$0.00 ,$0.00 ,-30,0,-7.35,99.61,Completed,ach,Marketplace Takeout,,Dispatch,,,
6M4-RKZ,Mercy,10024 Watson Rd,St. Louis,MO,63126,,Sunset Hills,CBW- Crazy Bowls and Wraps (Sunset Hills),05/11/2026 11:23 AM,05/10/2026 7:42 AM,$321.65 ,$0.00 ,$20.00 ,($51.25),$24.89 ,$0.00 ,$0.00 ,($10.96),$0.00 ,$0.00 ,-32.16,0,0,272.17,Completed,ach,Marketplace Takeout,,Dispatch,,,
M0P-YT2,ICL,622 Emerson Rd Suite 500,Creve Coeur,MO,63141,,West Oak,CBW- Crazy Bowls and Wraps (West Oak),05/11/2026 11:25 AM,05/08/2026 4:38 PM,$96.27 ,$0.00 ,$20.00 ,($17.44),$8.65 ,$0.00 ,$0.00 ,($3.74),$0.00 ,$0.00 ,-30,0,-4.81,68.93,Completed,ach,Marketplace Takeout,,Dispatch,,,
43W-4RQ,Burns & McDonnell,425 S Woods Mill Rd,Town and Country,MO,63017,,Creve Coeur,CBW- Crazy Bowls and Wraps (Creve Coeur),05/12/2026 10:53 AM,05/04/2026 1:16 PM,$948.00 ,$0.00 ,$20.00 ,($145.20),$82.84 ,$0.00 ,$0.00 ,($31.42),$0.00 ,$0.00 ,-94.8,0,-47.4,732.02,Completed,ach,Marketplace Takeout,,Dispatch,,,
KUP-VA9,Gateway Region YMCA,2815 Scott Ave D,St. Louis,MO,63103,,Lindell/SLU,CBW- Crazy Bowls and Wraps (Lindell/SLU),05/12/2026 10:53 AM,05/11/2026 12:05 PM,$108.40 ,$0.00 ,$20.00 ,($19.26),$0.00 ,$0.00 ,$0.00 ,($3.84),$0.00 ,$0.00 ,-30,0,-5.42,69.88,Completed,ach,Marketplace Takeout,,Dispatch,,,
953-T72,Associated Physicians Group,916 Talon Dr,O'Fallon,IL,62269,,Shiloh,CBW- Crazy Bowls and Wraps (Shiloh),05/12/2026 11:08 AM,05/11/2026 11:27 AM,$193.23 ,$0.00 ,$20.00 ,($31.98),$16.13 ,($16.13),$0.00 ,($6.86),$0.00 ,$0.00 ,-30,0,-9.66,134.73,Completed,ach,Marketplace Takeout,,Dispatch,,,
X02-E42,Faith Oakville,6101 Telegraph Rd,St. Louis,MO,63129,,Tesson,CBW- Crazy Bowls and Wraps (Tesson),05/12/2026 11:16 AM,05/11/2026 11:37 AM,$109.48 ,$0.00 ,$20.00 ,($19.42),$0.00 ,$0.00 ,$0.00 ,($3.87),$0.00 ,$0.00 ,-30,0,0,76.19,Completed,ach,Marketplace Takeout,,Dispatch,,,
0Y6-RZP,Vasantha Pai,2810 Frank Scott Pkwy W #716,Belleville,IL,62223,,Shiloh,CBW- Crazy Bowls and Wraps (Shiloh),05/13/2026 10:00 AM,05/12/2026 2:50 PM,$232.50 ,$0.00 ,$20.00 ,($37.88),$19.41 ,($19.41),$0.00 ,($8.13),$0.00 ,$0.00 ,-30,0,-11.63,164.86,Completed,ach,Marketplace Takeout,,Dispatch,,,
JPK-89Q,Preferred Family Helthcare,4066 Dunnica Ave,St. Louis,MO,63116,18,South City,CBW- Crazy Bowls and Wraps #18 (South City),05/13/2026 10:34 AM,05/11/2026 2:09 PM,$247.50 ,$0.00 ,$20.00 ,($40.13),$0.00 ,$0.00 ,$0.00 ,($8.00),$0.00 ,$0.00 ,-30,0,0,189.37,Completed,ach,Marketplace Takeout,,Dispatch,,,
K35-5GA,Education Plus,1460 Craig Rd,St. Louis,MO,63146,,West Oak,CBW- Crazy Bowls and Wraps (West Oak),05/13/2026 10:54 AM,05/12/2026 9:54 AM,$301.58 ,$0.00 ,$20.00 ,($48.24),$27.11 ,$0.00 ,$0.00 ,($10.43),$0.00 ,$0.00 ,-30.16,0,-15.08,244.78,Completed,ach,Marketplace Takeout,,Dispatch,,,
AZ4-QEY,Leonardo DRS,4201 Innovation Way,Bridgeton,MO,63044,,West Oak,CBW- Crazy Bowls and Wraps (West Oak),05/13/2026 10:58 AM,05/11/2026 1:52 PM,$273.30 ,$0.00 ,$20.00 ,($44.00),$0.00 ,$0.00 ,$0.00 ,($8.77),$0.00 ,$0.00 ,-30,0,-13.67,196.86,Completed,ach,Marketplace Takeout,,Dispatch,,,
XM7-XJR,Aspire Software,390 S Woods Mill Rd ste 300 - 3rd floor,Chesterfield,MO,63017,,West Oak,CBW- Crazy Bowls and Wraps (West Oak),05/13/2026 11:00 AM,04/27/2026 3:37 PM,$173.34 ,$0.00 ,$25.00 ,($30.00),$15.58 ,$0.00 ,$40.00 ,($7.19),$0.00 ,$0.00 ,26.66,0,0,243.39,Completed,ach,Meal Program,,,,,
ZEW-KMG,,11427 Old Olive St Rd,Creve Coeur,MO,63141,,West Oak,CBW- Crazy Bowls and Wraps (West Oak),05/13/2026 11:00 AM,05/12/2026 1:48 PM,$344.85 ,$0.00 ,$0.00 ,($51.73),$31.00 ,$0.00 ,$0.00 ,($11.24),$0.00 ,$0.00 ,0,0,-17.24,295.64,Completed,ach,Marketplace Takeout,,N/A,,,
0KF-F26,Epiphany Dermatology,8888 Ladue Rd Suite 120,St. Louis,MO,63124,,Forsyth/Clayton,CBW- Crazy Bowls and Wraps (Forsyth/Clayton),05/13/2026 11:39 AM,05/12/2026 11:26 AM,$247.95 ,$0.00 ,$20.00 ,($40.19),$26.00 ,$0.00 ,$0.00 ,($8.79),$0.00 ,$0.00 ,-30,0,0,214.97,Completed,ach,Marketplace Takeout,,Dispatch,,,
QEE-PTY,Cambridge Air Solutions,760 Long Rd Crossing Dr,Chesterfield,MO,63005,,Chesterfield Valley,CBW- Crazy Bowls and Wraps (Chesterfield Valley),05/14/2026 10:37 AM,05/13/2026 5:23 PM,$171.00 ,$0.00 ,$20.00 ,($28.65),$17.29 ,$0.00 ,$0.00 ,($6.23),$0.00 ,$0.00 ,-30,0,0,143.41,Completed,ach,Marketplace Takeout,,Dispatch,,,
04C-A2G,Cardio Pulmonary,222 South Woods Mill Rd STE 310,Chesterfield,MO,63017,,Creve Coeur,CBW- Crazy Bowls and Wraps (Creve Coeur),05/14/2026 11:07 AM,05/13/2026 10:17 AM,$302.70 ,$0.00 ,$20.00 ,($48.41),$26.45 ,$0.00 ,$0.00 ,($10.44),$0.00 ,$0.00 ,-30.27,0,-15.14,244.89,Completed,ach,Marketplace Takeout,,Dispatch,,,
ZY3-FJG,Edward Jones,12555 Manchester Rd,Des Peres,MO,63131,,Manchester,CBW- Crazy Bowls and Wraps (Manchester),05/14/2026 11:09 AM,05/13/2026 2:53 PM,$106.94 ,$0.00 ,$20.00 ,($19.04),$9.34 ,$0.00 ,$0.00 ,($4.07),$0.00 ,$0.00 ,-30,0,0,83.17,Completed,ach,Marketplace Takeout,,Dispatch,,,
U94-QFH,Weissman Photo Studio,6750 Manchester Ave,St. Louis,MO,63139,18,South City,CBW- Crazy Bowls and Wraps #18 (South City),05/14/2026 11:20 AM,05/12/2026 3:40 PM,$573.15 ,$0.00 ,$20.00 ,($88.97),$75.54 ,$0.00 ,$0.00 ,($19.99),$0.00 ,$0.00 ,-57.32,0,0,502.41,Completed,ach,Marketplace Takeout,,Dispatch,,,
882-C19,Nephrology and hypertension specialist,10004 Kennerly Rd 374B,St. Louis,MO,63128,,Tesson,CBW- Crazy Bowls and Wraps (Tesson),05/14/2026 11:26 AM,05/13/2026 4:20 PM,$212.28 ,$0.00 ,$20.00 ,($34.84),$16.43 ,$0.00 ,$0.00 ,($7.44),$0.00 ,$0.00 ,-30,0,0,176.43,Completed,ach,Marketplace Takeout,,Dispatch,,,
49J-CZH,Mercy kids clinic,12680 Olive Blvd 116,St. Louis,MO,63141,,Creve Coeur,CBW- Crazy Bowls and Wraps (Creve Coeur),05/15/2026 7:23 AM,05/14/2026 6:56 PM,$142.45 ,$0.00 ,$20.00 ,($24.37),$12.45 ,$0.00 ,$0.00 ,($5.23),$0.00 ,$0.00 ,-30,0,-7.12,108.18,Completed,ach,Marketplace Takeout,,Dispatch,,,
AV1-WH7,Plancorp LLC,540 Maryville Centre Dr 105,St. Louis,MO,63141,,Creve Coeur,CBW- Crazy Bowls and Wraps (Creve Coeur),05/15/2026 10:46 AM,04/30/2026 9:30 AM,$795.35 ,$0.00 ,$20.00 ,($122.30),$69.50 ,$0.00 ,$0.00 ,($26.46),$0.00 ,$0.00 ,-79.54,0,-39.77,616.78,Completed,ach,Marketplace Takeout,,Dispatch,,,
P28-6UT,PracticeLink,1034 S Brentwood Blvd Ste 2200 - PH - 22,Richmond Heights,MO,63117,,Forsyth/Clayton,CBW- Crazy Bowls and Wraps (Forsyth/Clayton),05/15/2026 10:50 AM,05/08/2026 12:45 PM,$420.50 ,$0.00 ,$20.00 ,($66.08),$44.10 ,$0.00 ,$0.00 ,($14.49),$0.00 ,$0.00 ,-42.05,0,0,361.98,Completed,ach,Marketplace Takeout,,Dispatch,,,
G6U-3JQ,Distinctive Dermatology,390 Office Ct,Fairview Heights,IL,62208,,Shiloh,CBW- Crazy Bowls and Wraps (Shiloh),05/18/2026 10:21 AM,05/01/2026 10:27 AM,$603.00 ,$0.00 ,$20.00 ,($93.45),$50.35 ,($50.35),$0.00 ,($20.13),$0.00 ,$0.00 ,-60.3,0,-30.15,418.97,Completed,ach,Marketplace Takeout,,Dispatch,,,
0QJ-1XM,"Takeout from Wentzville, MO",,Wentzville,MO,,,Wentzville,CBW- Crazy Bowls and Wraps (Wentzville),05/18/2026 10:45 AM,05/15/2026 2:23 PM,$97.50 ,$0.00 ,$0.00 ,($14.63),$10.19 ,$0.00 ,$5.00 ,($3.22),$0.00 ,$0.00 ,0,0,0,94.84,Completed,ach,Marketplace Takeout,,N/A,,,
ZCV-7K8,The Crossing at Fenton,1800 Bowles Ave The Crossing at Fenton,Fenton,MO,63026,,Tesson,CBW- Crazy Bowls and Wraps (Tesson),05/18/2026 5:16 PM,05/17/2026 1:00 PM,$103.30 ,$0.00 ,$20.00 ,($18.50),$0.00 ,$0.00 ,$0.00 ,($3.69),$0.00 ,$0.00 ,-30,0,0,71.11,Completed,ach,Marketplace Takeout,cart20off,Dispatch,,,
JJT-VPR,Solvay,3500 Missouri Ave,East St. Louis,IL,62205,,Lindell/SLU,CBW- Crazy Bowls and Wraps (Lindell/SLU),05/19/2026 10:28 AM,05/18/2026 11:39 AM,$162.95 ,$0.00 ,$20.00 ,($27.44),$21.48 ,$0.00 ,$0.00 ,($6.11),$0.00 ,$0.00 ,-30,0,-8.15,132.73,Completed,ach,Marketplace Takeout,,Dispatch,,,
85Y-K46,Hartwig,10617 Trenton Ave,St. Louis,MO,63132,,West Oak,CBW- Crazy Bowls and Wraps (West Oak),05/19/2026 10:50 AM,05/12/2026 9:07 AM,$165.50 ,$0.00 ,$20.00 ,($27.83),$14.88 ,$0.00 ,$0.00 ,($5.99),$0.00 ,$0.00 ,-30,0,-8.28,128.28,Completed,ach,Marketplace Takeout,,Dispatch,,,
GMJ-JGZ,Purina,901 Chouteau Ave,St. Louis,MO,63102,,Lindell/SLU,CBW- Crazy Bowls and Wraps (Lindell/SLU),05/19/2026 11:06 AM,05/14/2026 2:49 PM,$159.25 ,$0.00 ,$20.00 ,($26.89),$20.99 ,$0.00 ,$0.00 ,($5.99),$0.00 ,$0.00 ,-30,0,-7.96,129.4,Completed,ach,Marketplace Takeout,,Dispatch,,,
YVK-A0F,Mid America Transplant,1110 Highlands Plaza Dr Suite 100,St. Louis,MO,63110,18,South City,CBW- Crazy Bowls and Wraps #18 (South City),05/19/2026 11:08 AM,05/11/2026 12:52 PM,$180.20 ,$0.00 ,$20.00 ,($30.03),$0.00 ,$0.00 ,$0.00 ,($5.99),$0.00 ,$0.00 ,-30,0,0,134.18,Completed,ach,Marketplace Takeout,,Dispatch,,,
G02-AE2,Embody Her Health,391 Frank Scott Pkwy E B,Fairview Heights,IL,62208,,Shiloh,CBW- Crazy Bowls and Wraps (Shiloh),05/19/2026 11:09 AM,05/18/2026 4:47 PM,$147.00 ,$0.00 ,$20.00 ,($11.69),$12.27 ,($12.27),$0.00 ,($5.36),$0.00 ,$0.00 ,-30,0,-7.35,112.6,Completed,ach,Marketplace Takeout,,Dispatch,,,
Z8T-QM6,midwest sinus sleep,1179 Fortune Blvd,Shiloh,IL,62269,,Shiloh,CBW- Crazy Bowls and Wraps (Shiloh),05/20/2026 11:12 AM,05/18/2026 2:55 PM,$336.25 ,$0.00 ,$20.00 ,($53.44),$28.08 ,($28.08),$0.00 ,($11.49),$0.00 ,$0.00 ,-33.62,0,-16.81,240.89,Completed,ach,Marketplace Takeout,,Dispatch,,,
PCG-W95,Office buliding 2,70 Jungermann Cir Suite 302,St. Peters,MO,63376,,Lindenwood,CBW- Crazy Bowls and Wraps (Lindenwood),05/20/2026 11:20 AM,05/19/2026 1:30 PM,$244.61 ,$0.00 ,$20.00 ,($39.69),$24.34 ,$0.00 ,$0.00 ,($8.64),$0.00 ,$0.00 ,-30,0,-12.23,198.39,Completed,ach,Marketplace Takeout,,Dispatch,,,
F2Q-R95,CIC,20 S Sarah St,St. Louis,MO,63108,,Lindell/SLU,CBW- Crazy Bowls and Wraps (Lindell/SLU),05/20/2026 11:25 AM,05/15/2026 1:30 PM,$163.95 ,$0.00 ,$20.00 ,($27.59),$21.61 ,$0.00 ,$0.00 ,($6.15),$0.00 ,$0.00 ,-30,0,-8.2,133.62,Completed,ach,Marketplace Takeout,nccv3ezr2,Dispatch,,,
CF2-X34,The Living World Entrance,1 Government Dr,St. Louis,MO,63110,18,South City,CBW- Crazy Bowls and Wraps #18 (South City),05/20/2026 4:20 PM,05/18/2026 2:58 PM,$158.70 ,$0.00 ,$20.00 ,($26.81),$20.92 ,$0.00 ,$0.00 ,($5.97),$0.00 ,$0.00 ,-30,0,0,136.84,Completed,ach,Marketplace Takeout,,Dispatch,,,
5ZT-05P,Radiation Oncology,10050 Kennerly Rd,St. Louis,MO,63128,,Tesson,CBW- Crazy Bowls and Wraps (Tesson),05/21/2026 10:56 AM,05/20/2026 3:53 PM,$228.00 ,$0.00 ,$20.00 ,($37.20),$17.64 ,$0.00 ,$0.00 ,($7.94),$0.00 ,$0.00 ,-30,0,0,190.5,Completed,ach,Marketplace Takeout,,Dispatch,,,
CC1-M73,Kilkowski,6400 Clayton Rd 303,Richmond Heights,MO,63117,,Forsyth/Clayton,CBW- Crazy Bowls and Wraps (Forsyth/Clayton),05/21/2026 11:23 AM,05/20/2026 1:57 PM,$200.95 ,$0.00 ,$20.00 ,($33.14),$21.08 ,$0.00 ,$0.00 ,($7.24),$0.00 ,$0.00 ,-30,0,0,171.65,Completed,ach,Marketplace Takeout,,Dispatch,,,
0KK-2J9,Mid America Transplant,1110 Highlands Plaza Dr Suite 100,St. Louis,MO,63110,18,South City,CBW- Crazy Bowls and Wraps #18 (South City),05/21/2026 11:25 AM,05/18/2026 11:19 AM,$114.05 ,$0.00 ,$20.00 ,($20.11),$0.00 ,$0.00 ,$0.00 ,($4.01),$0.00 ,$0.00 ,-30,0,0,79.93,Completed,ach,Marketplace Takeout,,Dispatch,,,
U4U-HXJ,Dr. Michael Snyder,12700 Southfork Rd 270,St. Louis,MO,63128,,Tesson,CBW- Crazy Bowls and Wraps (Tesson),05/21/2026 11:27 AM,05/20/2026 11:49 AM,$231.95 ,$0.00 ,$20.00 ,($37.79),$17.95 ,$0.00 ,$0.00 ,($8.07),$0.00 ,$0.00 ,-30,0,0,194.04,Completed,ach,Marketplace Takeout,,Dispatch,,,
YRR-PCG,Lemonaid Pharmacy,1701 Macklind Ave Suite 300,St. Louis,MO,63110,,West Oak,CBW- Crazy Bowls and Wraps (West Oak),05/22/2026 11:30 AM,05/05/2026 9:54 AM,$236.85 ,$0.00 ,$25.00 ,($35.53),$21.29 ,$0.00 ,$23.69 ,($8.47),$0.00 ,$0.00 ,0,0,0,262.83,Completed,ach,Meal Program,,,,,
A9T-G7K,St. Louis City Training Facility,218 S 22nd St,St. Louis,MO,63103,18,South City,CBW- Crazy Bowls and Wraps #18 (South City),05/25/2026 7:03 PM,05/22/2026 2:22 PM,$369.00 ,$0.00 ,$20.00 ,($58.35),$48.63 ,$0.00 ,$0.00 ,($13.09),$0.00 ,$0.00 ,-36.9,0,0,329.29,Completed,ach,Marketplace Takeout,,Dispatch,,,
CYY-TJ3,Wiese USA,1435 Woodson Rd attn: Emily Ashby,St. Louis,MO,63132,,Forsyth/Clayton,CBW- Crazy Bowls and Wraps (Forsyth/Clayton),05/26/2026 10:51 AM,05/22/2026 1:29 PM,$172.95 ,$0.00 ,$20.00 ,($28.94),$18.14 ,$0.00 ,$0.00 ,($6.31),$0.00 ,$0.00 ,-30,0,0,145.84,Completed,ach,Marketplace Takeout,,Dispatch,,,
81G-7HP,Centerpointe out patient,4801 Weldon Spring Pkwy,Weldon Spring,MO,63304,,O'Fallon,CBW- Crazy Bowls and Wraps (O'Fallon),05/26/2026 11:27 AM,05/25/2026 4:01 PM,$535.50 ,$0.00 ,$20.00 ,($83.33),$47.93 ,$0.00 ,$0.00 ,($18.04),$0.00 ,$0.00 ,-53.55,0,-26.78,421.73,Completed,ach,Marketplace Takeout,,Dispatch,,,
FHY-EKX,"Talisen Technologies, Inc",12655 Olive Blvd 500,Creve Coeur,MO,63141,,Creve Coeur,CBW- Crazy Bowls and Wraps (Creve Coeur),05/27/2026 7:38 AM,05/26/2026 8:23 AM,$178.90 ,$0.00 ,$20.00 ,($29.84),$15.63 ,$0.00 ,$0.00 ,($6.41),$0.00 ,$0.00 ,-30,0,-8.95,139.33,Completed,ach,Marketplace Takeout,,Dispatch,,,
H69-20G,Solvay,3500 Missouri Ave,East St. Louis,IL,62205,,Lindell/SLU,CBW- Crazy Bowls and Wraps (Lindell/SLU),05/27/2026 10:28 AM,05/26/2026 3:18 PM,$73.50 ,$0.00 ,$20.00 ,($14.03),$9.69 ,$0.00 ,$0.00 ,($3.09),$0.00 ,$0.00 ,-30,0,-3.68,52.39,Completed,ach,Marketplace Takeout,,Dispatch,,,
3YV-V8T,Acera Surgical,1630 Des Peres Rd Training Room,St. Louis,MO,63131,,Manchester,CBW- Crazy Bowls and Wraps (Manchester),05/27/2026 10:52 AM,05/22/2026 10:06 AM,$315.10 ,$0.00 ,$20.00 ,($50.27),$27.53 ,$0.00 ,$0.00 ,($10.84),$0.00 ,$0.00 ,-31.51,0,0,270.01,Completed,ach,Marketplace Takeout,,Dispatch,,,
RA1-JGZ,Peabody Plaza — Mercer,800 Market St 1800,St. Louis,MO,63101,,Lindell/SLU,CBW- Crazy Bowls and Wraps (Lindell/SLU),05/27/2026 11:06 AM,05/25/2026 10:53 PM,$208.49 ,$0.00 ,$20.00 ,($34.27),$27.48 ,$0.00 ,$0.00 ,($7.65),$0.00 ,$0.00 ,-30,0,-10.42,173.63,Completed,ach,Marketplace Takeout,,Dispatch,,,
X4C-WTF,Renaissance Financial,5700 Oakland Ave Suite 400,St. Louis,MO,63110,18,South City,CBW- Crazy Bowls and Wraps #18 (South City),05/27/2026 11:23 AM,05/22/2026 1:20 PM,$227.55 ,$0.00 ,$20.00 ,($37.13),$29.99 ,$0.00 ,$0.00 ,($8.30),$0.00 ,$0.00 ,-30,0,0,202.11,Completed,ach,Marketplace Takeout,,Dispatch,,,
77R-V8Y,Washington University in St. Louis,6475 Forsyth Blvd Floor 1 Room: DUC 150,St. Louis,MO,63105,,Forsyth/Clayton,CBW- Crazy Bowls and Wraps (Forsyth/Clayton),05/27/2026 11:26 AM,05/26/2026 4:35 PM,$174.91 ,$0.00 ,$20.00 ,($29.24),$0.00 ,$0.00 ,$0.00 ,($5.83),$0.00 ,$0.00 ,-30,0,0,129.84,Completed,ach,Marketplace Takeout,,Dispatch,,,
4XW-MRM,Techartista,725 Kingsland Ave,St. Louis,MO,63130,,Forsyth/Clayton,CBW- Crazy Bowls and Wraps (Forsyth/Clayton),05/27/2026 11:39 AM,05/26/2026 7:50 PM,$76.55 ,$0.00 ,$20.00 ,($14.48),$8.03 ,$0.00 ,$0.00 ,($3.13),$0.00 ,$0.00 ,-30,0,0,56.97,Completed,ach,Marketplace Takeout,,Dispatch,,,
2MW-2WX,WashU Oncology,4590 Nash Wy Mid Campus Center 11th floor,St. Louis,MO,63110,,Lindell/SLU,CBW- Crazy Bowls and Wraps (Lindell/SLU),05/28/2026 10:36 AM,05/18/2026 9:58 AM,$510.40 ,$0.00 ,$20.00 ,($79.56),$0.00 ,$0.00 ,$0.00 ,($15.86),$0.00 ,$0.00 ,-51.04,0,-25.52,358.42,Completed,ach,Marketplace Takeout,,Dispatch,,,
1UC-9VJ,The Lawrence Group,319 N 4th St 1000,St. Louis,MO,63102,,Lindell/SLU,CBW- Crazy Bowls and Wraps (Lindell/SLU),05/28/2026 11:03 AM,05/26/2026 2:17 PM,$165.80 ,$0.00 ,$20.00 ,($27.87),$21.85 ,$0.00 ,$0.00 ,($6.21),$0.00 ,$0.00 ,-30,0,-8.29,135.28,Completed,ach,Marketplace Takeout,,Dispatch,,,
MZJ-7WF,Mercy Gastroenterology,615 S New Ballas Rd Suite 1200,St. Louis,MO,63141,,West Oak,CBW- Crazy Bowls and Wraps (West Oak),05/28/2026 11:05 AM,05/27/2026 1:17 PM,$362.50 ,$0.00 ,$20.00 ,($57.38),$32.58 ,$0.00 ,$0.00 ,($12.41),$0.00 ,$0.00 ,-36.25,0,-18.13,290.91,Completed,ach,Marketplace Takeout,,Dispatch,,,
Y50-TUK,PHX Creative,555 Washington Ave Floor 5,St. Louis,MO,63101,,Lindell/SLU,CBW- Crazy Bowls and Wraps (Lindell/SLU),05/28/2026 11:17 AM,05/15/2026 11:53 AM,$240.00 ,$0.00 ,$20.00 ,($39.00),$31.63 ,$0.00 ,$0.00 ,($8.72),$0.00 ,$0.00 ,-30,0,-12,201.91,Completed,ach,Marketplace Takeout,,Dispatch,,,
6ZM-J3R,Southern Illinois behavioral health,6805 State Route 162 Suite 201,Maryville,IL,62062,,Edwardsville,CBW- Crazy Bowls and Wraps (Edwardsville),05/28/2026 11:18 AM,05/27/2026 2:56 PM,$376.05 ,$0.00 ,$20.00 ,($59.41),$28.58 ,($28.58),$0.00 ,($12.70),$0.00 ,$0.00 ,-37.6,0,-18.8,267.54,Completed,ach,Marketplace Takeout,,Dispatch,,,
3H9-Y2V,HSHS Family & Sports Medicine,670 Pierce Blvd 200,O'Fallon,IL,62269,,Shiloh,CBW- Crazy Bowls and Wraps (Shiloh),05/28/2026 11:26 AM,05/27/2026 10:48 AM,$223.45 ,$0.00 ,$20.00 ,($36.52),$18.66 ,($18.66),$0.00 ,($7.84),$0.00 ,$0.00 ,-30,0,-11.17,157.92,Completed,ach,Marketplace Takeout,,Dispatch,,,
9VV-H5X,Drury Inn Arnold,3800 MO-141,Arnold,MO,63010,,Tesson,CBW- Crazy Bowls and Wraps (Tesson),05/28/2026 11:30 AM,05/18/2026 1:07 PM,$357.75 ,$0.00 ,$20.00 ,($56.66),$27.68 ,$0.00 ,$0.00 ,($12.12),$0.00 ,$0.00 ,-35.78,0,0,300.87,Completed,ach,Marketplace Takeout,,Dispatch,,,
KZQ-93M,Caleres Headquarters,8300 Maryland Ave,St. Louis,MO,63105,,Lindell/SLU,CBW- Crazy Bowls and Wraps (Lindell/SLU),05/29/2026 10:45 AM,05/28/2026 5:27 PM,$162.50 ,$0.00 ,$20.00 ,($27.38),$21.42 ,$0.00 ,$0.00 ,($6.10),$0.00 ,$0.00 ,-30,0,-8.13,132.31,Completed,ach,Marketplace Takeout,,Dispatch,,,
2UW-6ZA,SLU Doisy College of Health Sciences,3437 Caroline St,St. Louis,MO,63104,,Lindell/SLU,CBW- Crazy Bowls and Wraps (Lindell/SLU),06/01/2026 11:35 AM,05/31/2026 6:14 PM,$362.50 ,$0.00 ,$20.00 ,($57.38),$0.00 ,$0.00 ,$0.00 ,($11.44),$0.00 ,$0.00 ,-36.25,0,-18.13,259.3,Completed,ach,Marketplace Takeout,,Dispatch,,,
1VA-1HU,Drury Hotel Brentwood,8700 Eager Rd,Brentwood,MO,63144,,Lindell/SLU,CBW- Crazy Bowls and Wraps (Lindell/SLU),06/01/2026 5:42 PM,05/22/2026 3:46 PM,$217.50 ,$0.00 ,$20.00 ,($35.63),$28.66 ,$0.00 ,$0.00 ,($7.96),$0.00 ,$0.00 ,-30,0,-10.88,181.69,Completed,ach,Marketplace Takeout,,Dispatch,,,
WA2-CHM,Arcturis,701 Market St 1300,St. Louis,MO,63101,18,South City,CBW- Crazy Bowls and Wraps #18 (South City),06/02/2026 10:47 AM,05/27/2026 2:57 PM,$169.00 ,$0.00 ,$20.00 ,($28.35),$22.27 ,$0.00 ,$0.00 ,($6.32),$0.00 ,$0.00 ,-30,0,0,146.6,Completed,ach,Marketplace Takeout,,Dispatch,,,
C45-QW6,Cass,13001 Hollenberg Dr,Bridgeton,MO,63044,,Lindenwood,CBW- Crazy Bowls and Wraps (Lindenwood),06/02/2026 10:49 AM,06/01/2026 10:23 AM,$76.80 ,$0.00 ,$20.00 ,($14.52),$7.64 ,$0.00 ,$0.00 ,($3.12),$0.00 ,$0.00 ,-30,0,-3.84,52.96,Completed,ach,Marketplace Takeout,,Dispatch,,,
2FF-60M,Fabick Cat,1 Fabick Dr,Fenton,MO,63026,,Sunset Hills,CBW- Crazy Bowls and Wraps (Sunset Hills),06/02/2026 11:37 AM,06/01/2026 1:43 PM,$131.52 ,$0.00 ,$20.00 ,($22.73),$10.18 ,$0.00 ,$0.00 ,($4.83),$0.00 ,$0.00 ,-30,0,0,104.14,Completed,ach,Marketplace Takeout,,Dispatch,,,
ZR3-60A,Mercy,3637 S Geyer Rd,St. Louis,MO,63127,,Sunset Hills,CBW- Crazy Bowls and Wraps (Sunset Hills),06/02/2026 11:55 AM,06/01/2026 2:39 PM,$336.14 ,$0.00 ,$20.00 ,($53.42),$26.01 ,$0.00 ,$0.00 ,($11.43),$0.00 ,$0.00 ,-33.61,0,0,283.69,Completed,ach,Marketplace Takeout,,Dispatch,,,
ZQ4-HW8,World Wide Technology,108 Gateway Commerce Center Dr N,Edwardsville,IL,62025,,Edwardsville,CBW- Crazy Bowls and Wraps (Edwardsville),06/03/2026 10:59 AM,05/28/2026 11:02 AM,$268.77 ,$0.00 ,$20.00 ,($43.32),$20.43 ,($20.43),$0.00 ,($9.25),$0.00 ,$0.00 ,-30,0,-13.44,192.76,Completed,ach,Marketplace Takeout,,Dispatch,,,
7J4-R2Z,Aspire Software,390 S Woods Mill Rd ste 300 - 3rd floor,Chesterfield,MO,63017,,West Oak,CBW- Crazy Bowls and Wraps (West Oak),06/03/2026 11:00 AM,05/19/2026 10:10 AM,$173.20 ,$0.00 ,$25.00 ,($30.00),$15.57 ,$0.00 ,$40.00 ,($7.19),$0.00 ,$0.00 ,26.8,0,0,243.38,Completed,ach,Meal Program,,,,,
M4R-AR1,PwC,6 Cardinal Wy 11th Floor,St. Louis,MO,63102,,Lindell/SLU,CBW- Crazy Bowls and Wraps (Lindell/SLU),06/03/2026 11:00 AM,06/01/2026 1:32 PM,$170.20 ,$0.00 ,$20.00 ,($28.53),$22.43 ,$0.00 ,$0.00 ,($6.36),$0.00 ,$0.00 ,-30,0,-8.51,139.23,Completed,ach,Marketplace Takeout,,Dispatch,,,
8F9-U6M,65 Prime Plus by Mercy,2510 Lemay Ferry Rd,St. Louis,MO,63125,,Tesson,CBW- Crazy Bowls and Wraps (Tesson),06/03/2026 11:02 AM,06/01/2026 8:47 AM,$76.00 ,$0.00 ,$20.00 ,($14.40),$5.88 ,$0.00 ,$0.00 ,($3.05),$0.00 ,$0.00 ,-30,0,0,54.43,Completed,ach,Marketplace Takeout,,Dispatch,,,
975-JE1,Grant Medical and Diabetes Associates,4320 Forest Park Ave Suite 1100,St. Louis,MO,63108,,Lindell/SLU,CBW- Crazy Bowls and Wraps (Lindell/SLU),06/03/2026 11:07 AM,06/02/2026 4:58 PM,$622.20 ,$0.00 ,$20.00 ,($96.33),$82.00 ,$0.00 ,$0.00 ,($21.65),$0.00 ,$0.00 ,-62.22,0,-31.11,512.89,Completed,ach,Marketplace Takeout,,Dispatch,,,
A2F-AC8,Arcturis,701 Market St 1300,St. Louis,MO,63101,,Lindell/SLU,CBW- Crazy Bowls and Wraps (Lindell/SLU),06/03/2026 11:20 AM,06/02/2026 2:10 PM,$184.15 ,$0.00 ,$20.00 ,($30.62),$24.27 ,$0.00 ,$0.00 ,($6.83),$0.00 ,$0.00 ,-30,0,-9.21,151.76,Completed,ach,Marketplace Takeout,,Dispatch,,,
RFJ-04F,NOVUS Health,3221 Oak Hill Ave,St. Louis,MO,63116,18,South City,CBW- Crazy Bowls and Wraps #18 (South City),06/03/2026 11:36 AM,06/02/2026 11:37 AM,$175.28 ,$0.00 ,$20.00 ,($29.29),$23.10 ,$0.00 ,$0.00 ,($6.53),$0.00 ,$0.00 ,-30,0,0,152.56,Completed,ach,Marketplace Takeout,,Dispatch,,,
Y84-1CV,Peoples National Bank,14323 S Outer Forty Rd Ste. 600 S,Town and Country,MO,63017,,Chesterfield Valley,CBW- Crazy Bowls and Wraps (Chesterfield Valley),06/04/2026 10:37 AM,06/02/2026 10:57 PM,$137.95 ,$0.00 ,$20.00 ,($23.69),$13.95 ,$0.00 ,$0.00 ,($5.14),$0.00 ,$0.00 ,-30,0,0,113.07,Completed,ach,Marketplace Takeout,,Dispatch,,,
1.3E-305,Ansira - Attn: Heather Reed,7733 Forsyth Blvd 900,St. Louis,MO,63105,,Forsyth/Clayton,CBW- Crazy Bowls and Wraps (Forsyth/Clayton),06/04/2026 10:41 AM,05/01/2026 11:28 AM,$343.50 ,$0.00 ,$20.00 ,($54.53),$36.03 ,$0.00 ,$0.00 ,($11.95),$0.00 ,$0.00 ,-34.35,0,0,298.7,Completed,ach,Marketplace Takeout,,Dispatch,,,
5U7-Z0K,AFB,3 Research Park Dr,Saint Charles,MO,63304,,O'Fallon,CBW- Crazy Bowls and Wraps (O'Fallon),06/04/2026 10:43 AM,05/28/2026 3:50 PM,$307.70 ,$0.00 ,$20.00 ,($49.16),$27.54 ,$0.00 ,$0.00 ,($10.62),$0.00 ,$0.00 ,-30.77,0,-15.39,249.3,Completed,ach,Marketplace Takeout,,Dispatch,,,
PKY-AHF,Yoon dermatology,1060 Meyer Rd,Wentzville,MO,63385,,Wentzville,CBW- Crazy Bowls and Wraps (Wentzville),06/04/2026 11:41 AM,05/29/2026 2:11 PM,$331.05 ,$0.00 ,$20.00 ,($52.66),$34.59 ,$0.00 ,$0.00 ,($11.53),$0.00 ,$0.00 ,-33.1,0,0,288.35,Completed,ach,Marketplace Takeout,,Dispatch,,,
PTA-EC2,His & Hers,2070 Little Hills Expy,Saint Charles,MO,63301,,Lindenwood,CBW- Crazy Bowls and Wraps (Lindenwood),06/05/2026 10:52 AM,06/03/2026 10:36 AM,$233.54 ,$0.00 ,$20.00 ,($38.03),$23.24 ,$0.00 ,$0.00 ,($8.28),$0.00 ,$0.00 ,-30,0,-11.68,188.79,Completed,ach,Marketplace Takeout,,Dispatch,,,
AW8-G5E,St. Louis Behavioral Medicine Institute,1129 Macklind Ave,St. Louis,MO,63110,18,South City,CBW- Crazy Bowls and Wraps #18 (South City),06/07/2026 9:36 AM,05/27/2026 3:52 PM,$558.00 ,$0.00 ,$20.00 ,($86.70),$73.54 ,$0.00 ,$0.00 ,($19.48),$0.00 ,$0.00 ,-55.8,0,0,489.56,Completed,ach,Marketplace Takeout,,Dispatch,,,
ZW9-C35,Amdocs,625 Maryville Centre Dr Suite 200,St. Louis,MO,63141,,Creve Coeur,CBW- Crazy Bowls and Wraps (Creve Coeur),06/08/2026 8:35 AM,05/27/2026 8:50 AM,$144.45 ,$0.00 ,$20.00 ,($24.67),$12.62 ,$0.00 ,$0.00 ,($5.29),$0.00 ,$0.00 ,-30,0,-7.22,109.89,Completed,ach,Marketplace Takeout,,Dispatch,,,
PX0-X85,Dr Keller suite 222,300 Winding Woods Dr,O'Fallon,MO,63366,,O'Fallon,CBW- Crazy Bowls and Wraps (O'Fallon),06/08/2026 11:25 AM,06/05/2026 12:02 PM,$239.29 ,$0.00 ,$20.00 ,($38.89),$21.42 ,$0.00 ,$0.00 ,($8.39),$0.00 ,$0.00 ,-30,0,-11.96,191.47,Completed,ach,Marketplace Takeout,,Dispatch,,,
8XJ-190,St Mary’s Hospital,6420 Clayton Rd,Richmond Heights,MO,63117,,Forsyth/Clayton,CBW- Crazy Bowls and Wraps (Forsyth/Clayton),06/09/2026 10:21 AM,06/08/2026 9:36 AM,$264.40 ,$0.00 ,$20.00 ,($42.66),$27.73 ,$0.00 ,$0.00 ,($9.33),$0.00 ,$0.00 ,-30,0,0,230.14,Completed,ach,Marketplace Takeout,,Dispatch,,,
FXC-47Z,Dr Pai,2810 Frank Scott Pkwy W Suite 716,Belleville,IL,62223,,Shiloh,CBW- Crazy Bowls and Wraps (Shiloh),06/09/2026 10:28 AM,06/08/2026 11:02 AM,$296.79 ,$0.00 ,$20.00 ,($47.52),$24.78 ,($24.78),$0.00 ,($10.21),$0.00 ,$0.00 ,-30,0,-14.84,214.22,Completed,ach,Marketplace Takeout,,Dispatch,,,
KQA-CZZ,HSHS Maryville Primary Care,2401 S Center St,Maryville,IL,62062,,Edwardsville,CBW- Crazy Bowls and Wraps (Edwardsville),06/09/2026 10:50 AM,06/08/2026 7:33 PM,$304.00 ,$0.00 ,$20.00 ,($48.60),$23.10 ,($23.10),$0.00 ,($10.38),$0.00 ,$0.00 ,-30.4,0,-15.2,219.42,Completed,ach,Marketplace Takeout,,Dispatch,,,
PQP-YRE,Cambridge Air Solutions,760 Long Rd Crossing Dr,Chesterfield,MO,63005,,Chesterfield Valley,CBW- Crazy Bowls and Wraps (Chesterfield Valley),06/09/2026 10:52 AM,06/08/2026 4:42 PM,$254.70 ,$0.00 ,$20.00 ,($41.21),$25.76 ,$0.00 ,$0.00 ,($8.98),$0.00 ,$0.00 ,-30,0,0,220.27,Completed,ach,Marketplace Takeout,,Dispatch,,,
5VF-96V,Gateway Region YMCA,2815 Scott Ave D,St. Louis,MO,63103,,Lindell/SLU,CBW- Crazy Bowls and Wraps (Lindell/SLU),06/09/2026 10:53 AM,06/04/2026 7:15 AM,$93.34 ,$0.00 ,$20.00 ,($17.00),$0.00 ,$0.00 ,$0.00 ,($3.39),$0.00 ,$0.00 ,-30,0,-4.67,58.28,Completed,ach,Marketplace Takeout,,Dispatch,,,
0RF-42X,Christina White Salon,1520 S 5th St Suite 105 105 105,Saint Charles,MO,63303,,Lindenwood,CBW- Crazy Bowls and Wraps (Lindenwood),06/10/2026 7:23 AM,06/06/2026 1:11 PM,$142.45 ,$0.00 ,$20.00 ,($24.37),$14.17 ,$0.00 ,$0.00 ,($5.28),$0.00 ,$0.00 ,-30,0,-7.12,109.85,Completed,ach,Marketplace Takeout,,Dispatch,,,
AW3-MEJ,School of Social Work,"3550 Lindell Blvd Tegeler Hall, 200E",St. Louis,MO,63103,,Lindell/SLU,CBW- Crazy Bowls and Wraps (Lindell/SLU),06/10/2026 9:27 AM,06/09/2026 7:39 PM,$108.95 ,$0.00 ,$20.00 ,($19.34),$0.00 ,$0.00 ,$0.00 ,($3.86),$0.00 ,$0.00 ,-30,0,-5.45,70.3,Completed,ach,Marketplace Takeout,,Dispatch,,,
3CM-HJ5,Weissman Photo Studio,6726 Manchester Ave,St. Louis,MO,63139,18,South City,CBW- Crazy Bowls and Wraps #18 (South City),06/10/2026 11:20 AM,06/09/2026 9:39 AM,$392.70 ,$0.00 ,$20.00 ,($61.91),$51.75 ,$0.00 ,$0.00 ,($13.89),$0.00 ,$0.00 ,-39.27,0,0,349.38,Completed,ach,Marketplace Takeout,,Dispatch,,,
W57-4XT,Enterprise Mobility,2281 Ball Dr,St. Louis,MO,63146,,West Oak,CBW- Crazy Bowls and Wraps (West Oak),06/11/2026 10:05 AM,06/10/2026 9:18 AM,$204.70 ,$0.00 ,$20.00 ,($33.71),$18.40 ,$0.00 ,$0.00 ,($7.27),$0.00 ,$0.00 ,-30,0,-10.24,161.88,Completed,ach,Marketplace Takeout,,Dispatch,,,
EQG-YHY,Distinctive Dermatology,390 Office Ct,Fairview Heights,IL,62208,,Shiloh,CBW- Crazy Bowls and Wraps (Shiloh),06/11/2026 10:16 AM,06/02/2026 9:32 PM,$847.35 ,$0.00 ,$20.00 ,($130.10),$70.75 ,($70.75),$0.00 ,($28.05),$0.00 ,$0.00 ,-84.74,0,-42.37,582.09,Completed,ach,Marketplace Takeout,,Dispatch,,,
4WT-P6G,Ballas Dental Care,2821 N Ballas Rd suite 140,St. Louis,MO,63131,,West Oak,CBW- Crazy Bowls and Wraps (West Oak),06/11/2026 11:18 AM,06/08/2026 11:14 AM,$232.50 ,$0.00 ,$20.00 ,($37.88),$20.90 ,$0.00 ,$0.00 ,($8.17),$0.00 ,$0.00 ,-30,0,-11.63,185.72,Completed,ach,Marketplace Takeout,,Dispatch,,,
JZU-135,Peoples Behavioral Health,5669 Delmar Blvd,St. Louis,MO,63112,,Forsyth/Clayton,CBW- Crazy Bowls and Wraps (Forsyth/Clayton),06/11/2026 11:19 AM,06/10/2026 6:35 PM,$421.30 ,$0.00 ,$20.00 ,($66.20),$44.19 ,$0.00 ,$0.00 ,($14.52),$0.00 ,$0.00 ,-42.13,0,0,362.64,Completed,ach,Marketplace Takeout,,Dispatch,,,
GJ1-1MH,Washington University in St. Louis,6618 Shepley Dr,Clayton,MO,63105,,Forsyth/Clayton,CBW- Crazy Bowls and Wraps (Forsyth/Clayton),06/11/2026 1:12 PM,06/10/2026 2:37 PM,$86.28 ,$0.00 ,$20.00 ,($15.94),$9.05 ,$0.00 ,$0.00 ,($3.45),$0.00 ,$0.00 ,-30,0,0,65.94,Completed,ach,Marketplace Takeout,nac5012,Dispatch,,,
V7E-KWP,Saint Louis Zoo - The Living World,1 Government Dr,St. Louis,MO,63110,18,South City,CBW- Crazy Bowls and Wraps #18 (South City),06/12/2026 4:16 PM,06/04/2026 7:13 PM,$477.15 ,$0.00 ,$20.00 ,($74.57),$62.88 ,$0.00 ,$0.00 ,($16.74),$0.00 ,$0.00 ,-47.72,0,0,421,Completed,ach,Marketplace Takeout,,Dispatch,,,
MKQ-0K6,St. Louis Children's Hospital,4590 Nash Wy,St. Louis,MO,63110,18,South City,CBW- Crazy Bowls and Wraps #18 (South City),06/15/2026 10:31 AM,06/09/2026 2:27 PM,$499.50 ,$0.00 ,$20.00 ,($77.93),$0.00 ,$0.00 ,$0.00 ,($15.53),$0.00 ,$0.00 ,-49.95,0,0,376.09,Completed,ach,Marketplace Takeout,,Dispatch,,,
HVJ-0Z1,HSHS FAMILY MEDICINE,1116 Hartman Ln,Swansea,IL,62221,,Shiloh,CBW- Crazy Bowls and Wraps (Shiloh),06/15/2026 11:24 AM,06/12/2026 3:56 PM,$301.90 ,$0.00 ,$20.00 ,($48.29),$25.21 ,($25.21),$0.00 ,($10.38),$0.00 ,$0.00 ,-30.19,0,-15.1,217.94,Completed,ach,Marketplace Takeout,,Dispatch,,,
0GQ-KAE,HUB,645 Maryville Centre Dr 150,St. Louis,MO,63141,,Creve Coeur,CBW- Crazy Bowls and Wraps (Creve Coeur),06/16/2026 10:51 AM,06/11/2026 4:26 PM,$147.74 ,$0.00 ,$20.00 ,($25.16),$12.91 ,$0.00 ,$0.00 ,($5.40),$0.00 ,$0.00 ,-30,0,-7.39,112.7,Completed,ach,Marketplace Takeout,,Dispatch,,,
UYM-5Z8,Nortek Global HVAC - Rheem,8000 Phoenix Parkway,O'Fallon,MO,63368,,O'Fallon,CBW- Crazy Bowls and Wraps (O'Fallon),06/16/2026 11:17 AM,06/10/2026 1:31 PM,$353.00 ,$0.00 ,$20.00 ,($55.95),$31.59 ,$0.00 ,$0.00 ,($12.10),$0.00 ,$0.00 ,-35.3,0,-17.65,283.59,Completed,ach,Marketplace Takeout,,Dispatch,,,
EZX-5X8,Anderson Medical Group,3417 Anderson Healthcare Dr 200,Edwardsville,IL,62025,,Edwardsville,CBW- Crazy Bowls and Wraps (Edwardsville),06/16/2026 12:11 PM,06/15/2026 6:43 PM,$175.75 ,$0.00 ,$20.00 ,($29.36),$13.36 ,($13.36),$0.00 ,($6.25),$0.00 ,$0.00 ,-30,0,-8.79,121.35,Completed,ach,Marketplace Takeout,,Dispatch,,,
U55-WH6,Hartwig,10617 Trenton Ave,St. Louis,MO,63132,,West Oak,CBW- Crazy Bowls and Wraps (West Oak),06/17/2026 11:04 AM,06/16/2026 9:02 AM,$235.40 ,$0.00 ,$20.00 ,($38.31),$21.16 ,$0.00 ,$0.00 ,($8.27),$0.00 ,$0.00 ,-30,0,-11.77,188.21,Completed,ach,Marketplace Takeout,,Dispatch,,,
R4F-1CP,BJC COE Building,4901 Forest Park Ave 10143. 10th floor,St. Louis,MO,63108,,Lindell/SLU,CBW- Crazy Bowls and Wraps (Lindell/SLU),06/17/2026 11:23 AM,06/08/2026 7:11 AM,$132.30 ,$0.00 ,$20.00 ,($22.85),$17.44 ,$0.00 ,$0.00 ,($5.08),$0.00 ,$0.00 ,-30,0,-6.62,105.19,Completed,ach,Marketplace Takeout,,Dispatch,,,
RTU-CGP,Ernst and Young,7676 Forsyth Blvd Suite 2600,Clayton,MO,63105,,Forsyth/Clayton,CBW- Crazy Bowls and Wraps (Forsyth/Clayton),06/18/2026 11:10 AM,06/12/2026 3:16 PM,$396.00 ,$0.00 ,$20.00 ,($62.40),$41.53 ,$0.00 ,$0.00 ,($13.68),$0.00 ,$0.00 ,-39.6,0,0,341.85,Completed,ach,Marketplace Takeout,,Dispatch,,,
35T-YYX,McCarthy @ Courtyard Hotel,12815 Daylight Dr,St. Louis,MO,63131,,Manchester,CBW- Crazy Bowls and Wraps (Manchester),06/18/2026 11:22 AM,06/02/2026 9:54 AM,$330.50 ,$0.00 ,$20.00 ,($52.58),$28.88 ,$0.00 ,$0.00 ,($11.34),$0.00 ,$0.00 ,-33.05,0,0,282.41,Completed,ach,Marketplace Takeout,,Dispatch,,,
T3V-ZTX,Modern Litho,5001 Southwest Ave,St. Louis,MO,63110,,West Oak,CBW- Crazy Bowls and Wraps (West Oak),06/19/2026 11:08 AM,06/15/2026 2:39 PM,$475.20 ,$0.00 ,$20.00 ,($74.28),$42.71 ,$0.00 ,$0.00 ,($16.08),$0.00 ,$0.00 ,-47.52,0,-23.76,376.27,Completed,ach,Marketplace Takeout,,Dispatch,,,
1GX-TRU,Rosenblum Goldenhersh PC,7733 Forsyth Blvd suite 400 400,Clayton,MO,63105,,Forsyth/Clayton,CBW- Crazy Bowls and Wraps (Forsyth/Clayton),06/19/2026 11:25 AM,06/15/2026 10:27 AM,$410.60 ,$0.00 ,$20.00 ,($64.59),$43.06 ,$0.00 ,$0.00 ,($14.16),$0.00 ,$0.00 ,-41.06,0,0,353.85,Completed,ach,Marketplace Takeout,,Dispatch,,,
X8Y-X7R,SSM Cardinal Glennon Children's Hospital,1465 S Grand Blvd,St. Louis,MO,63104,,Lindell/SLU,CBW- Crazy Bowls and Wraps (Lindell/SLU),06/22/2026 10:58 AM,05/27/2026 9:27 AM,$929.40 ,$0.00 ,$20.00 ,($142.41),$0.00 ,$0.00 ,$0.00 ,($28.39),$0.00 ,$0.00 ,-92.94,0,-46.47,639.19,Completed,ach,Marketplace Takeout,,Dispatch,,,
FX6-9W9,St Louis Rheumatology,520 S Elm Ave,Webster Groves,MO,63119,,Rock Hill/Glendale,CBW- Crazy Bowls and Wraps (Rock Hill/Glendale),06/22/2026 11:02 AM,06/21/2026 3:23 PM,$563.35 ,$0.00 ,$20.00 ,($87.50),$52.04 ,$0.00 ,$0.00 ,($19.00),$0.00 ,$0.00 ,-56.34,0,0,472.55,Completed,ach,Marketplace Takeout,,Dispatch,,,
A96-7TY,,,St. Louis,MO,,18,South City,CBW- Crazy Bowls and Wraps #18 (South City),06/22/2026 11:15 AM,06/18/2026 2:12 PM,$378.00 ,$0.00 ,$0.00 ,($56.70),$49.82 ,$0.00 ,$37.80 ,($12.79),$0.00 ,$0.00 ,0,0,0,396.13,Completed,ach,Marketplace Takeout,,N/A,,,
JWZ-YTT,Mercy- Dr. Christopher Abercrombie,1237 Water Tower Pl,Arnold,MO,63010,,Tesson,CBW- Crazy Bowls and Wraps (Tesson),06/22/2026 11:17 AM,06/21/2026 12:47 PM,$171.00 ,$0.00 ,$20.00 ,($28.65),$13.23 ,$0.00 ,$0.00 ,($6.11),$0.00 ,$0.00 ,-30,0,0,139.47,Completed,ach,Marketplace Takeout,,Dispatch,,,
E3T-MJH,Habitat for Humanity Saint Louis,3830 S Grand Blvd,St. Louis,MO,63118,18,South City,CBW- Crazy Bowls and Wraps #18 (South City),06/23/2026 10:28 AM,06/22/2026 12:54 PM,$421.10 ,$0.00 ,$20.00 ,($66.17),$0.00 ,$0.00 ,$0.00 ,($13.19),$0.00 ,$0.00 ,-42.11,0,0,319.63,Completed,ach,Marketplace Takeout,,Dispatch,,,
JW3-W8H,Peoples National Bank,14323 S Outer Forty Rd BRANCH-Teller Line,Chesterfield,MO,63017,,West Oak,CBW- Crazy Bowls and Wraps (West Oak),06/24/2026 10:02 AM,06/23/2026 10:04 AM,$145.25 ,$0.00 ,$20.00 ,($24.79),$13.06 ,$0.00 ,$0.00 ,($5.33),($0.37),$0.00 ,-30,0,-7.26,110.56,Completed,ach,Marketplace Takeout,,Dispatch,,,
FYP-MXU,Vista Dermatology,1058 Old Des Peres Rd,St. Louis,MO,63131,,West Oak,CBW- Crazy Bowls and Wraps (West Oak),06/24/2026 11:01 AM,06/22/2026 6:00 PM,$373.00 ,$0.00 ,$20.00 ,($58.95),$33.53 ,$0.00 ,$0.00 ,($12.75),$0.00 ,$0.00 ,-37.3,0,-18.65,298.88,Completed,ach,Marketplace Takeout,,Dispatch,,,
GJ8-H1Y,Dr wang,12200 Weber Hill Rd 200,St. Louis,MO,63127,,Tesson,CBW- Crazy Bowls and Wraps (Tesson),06/24/2026 11:35 AM,06/18/2026 4:07 PM,$457.05 ,$0.00 ,$20.00 ,($71.56),$35.37 ,$0.00 ,$0.00 ,($15.32),$0.00 ,$0.00 ,-45.7,0,0,379.84,Completed,ach,Marketplace Takeout,,Dispatch,,,
KTH-2T8,"Concordia Seminary, St. Louis",801 Seminary Pl Wartburg Hall,St. Louis,MO,63105,18,South City,CBW- Crazy Bowls and Wraps #18 (South City),06/25/2026 7:18 AM,06/24/2026 4:59 PM,$375.00 ,$0.00 ,$20.00 ,($59.25),$0.00 ,$0.00 ,$0.00 ,($11.81),$0.00 ,$0.00 ,-37.5,0,0,286.44,Completed,ach,Marketplace Takeout,,Dispatch,,,
PCP-XEC,Wiegmann Associates,650 Fountain Lakes Blvd,Saint Charles,MO,63301,,Lindenwood,CBW- Crazy Bowls and Wraps (Lindenwood),06/25/2026 11:04 AM,06/24/2026 1:43 PM,$116.15 ,$0.00 ,$20.00 ,($20.42),$11.56 ,$0.00 ,$0.00 ,($4.42),$0.00 ,$0.00 ,-30,0,-5.81,87.06,Completed,ach,Marketplace Takeout,,Dispatch,,,
C2U-027,Larson Financial Group,100 N Broadway 17,St. Louis,MO,63102,,Lindell/SLU,CBW- Crazy Bowls and Wraps (Lindell/SLU),06/25/2026 11:04 AM,06/24/2026 9:09 AM,$196.00 ,$0.00 ,$20.00 ,($32.40),$25.83 ,$0.00 ,$0.00 ,($7.23),$0.00 ,$0.00 ,-30,0,-9.8,162.4,Completed,ach,Marketplace Takeout,postonb261,Dispatch,,,
HMF-VTA,HSHS St. Elizabeth's Neurology,3 St Elizabeth's Blvd Suite 500,O'Fallon,IL,62269,,Shiloh,CBW- Crazy Bowls and Wraps (Shiloh),06/25/2026 11:08 AM,06/22/2026 12:48 PM,$372.40 ,$0.00 ,$20.00 ,($58.86),$31.10 ,($31.10),$0.00 ,($12.66),$0.00 ,$0.00 ,-37.24,0,0,283.64,Completed,ach,Marketplace Takeout,,Dispatch,,,
ZUP-J8U,BJC Medical Group Orthopedics & Sports Medicine at Belleville,4700 Memorial Dr Suite 340 3rd Floor - Suite 340,Belleville,IL,62226,,Shiloh,CBW- Crazy Bowls and Wraps (Shiloh),06/25/2026 11:15 AM,06/24/2026 2:10 PM,$149.89 ,$0.00 ,$20.00 ,($25.48),$0.00 ,$0.00 ,$0.00 ,($5.08),$0.00 ,$0.00 ,-30,0,-7.49,101.84,Completed,ach,Marketplace Takeout,,Dispatch,,,
G92-HXY,RDG Planning & Design,7415 Manchester Rd,Maplewood,MO,63143,18,South City,CBW- Crazy Bowls and Wraps #18 (South City),06/25/2026 11:22 AM,06/22/2026 10:33 AM,$90.10 ,$0.00 ,$20.00 ,($16.52),$11.87 ,$0.00 ,$0.00 ,($3.65),$0.00 ,$0.00 ,-30,0,0,71.8,Completed,ach,Marketplace Takeout,nccv3ezr2,Dispatch,,,
A67-AQG,Lou Fusz Soccer Complex,2155 Creve Coeur Mill Rd,St. Louis,MO,63146,,Creve Coeur,CBW- Crazy Bowls and Wraps (Creve Coeur),06/29/2026 10:15 AM,06/28/2026 9:58 AM,"$1,122.00 ",$0.00 ,$20.00 ,($171.30),$98.04 ,$0.00 ,$0.00 ,($37.08),$0.00 ,$0.00 ,-112.2,0,-56.1,863.36,Completed,ach,Marketplace Takeout,,Dispatch,,,
FP3-W7A,Creve Couer Soccer Complex,2350 Creve Coeur Mill Rd,Maryland Heights,MO,63043,,Creve Coeur,CBW- Crazy Bowls and Wraps (Creve Coeur),06/29/2026 10:16 AM,06/28/2026 9:52 AM,$596.00 ,$0.00 ,$20.00 ,($92.40),$52.08 ,$0.00 ,$0.00 ,($19.98),$0.00 ,$0.00 ,-59.6,0,-29.8,466.3,Completed,ach,Marketplace Takeout,,Dispatch,,,
FCA-AH1,,,Troy,MO,,,Wentzville,CBW- Crazy Bowls and Wraps (Wentzville),06/29/2026 12:15 PM,06/23/2026 1:36 PM,$532.66 ,$0.00 ,$0.00 ,($79.90),$55.66 ,$0.00 ,$25.00 ,($17.59),$0.00 ,$0.00 ,0,0,0,515.83,Completed,ach,Marketplace Takeout,,N/A,,,
X4K-GCR,Enterprise Mobility,2281 Ball Dr,St. Louis,MO,63146,,West Oak,CBW- Crazy Bowls and Wraps (West Oak),06/30/2026 10:20 AM,06/29/2026 4:54 PM,$207.80 ,$0.00 ,$20.00 ,($34.17),$18.68 ,$0.00 ,$0.00 ,($7.37),$0.00 ,$0.00 ,-30,0,-10.39,164.55,Completed,ach,Marketplace Takeout,,Dispatch,,,
00V-MX5,Washington University - Pediatric Residency,1 Children's Place St. Louis Children’s Hospital Visitor Garage 2nd Level Drop Off/Pick Up Zone,St. Louis,MO,63110,,Lindell/SLU,CBW- Crazy Bowls and Wraps (Lindell/SLU),06/30/2026 10:44 AM,06/24/2026 10:41 AM,"$1,072.75 ",$0.00 ,$20.00 ,($163.91),$0.00 ,$0.00 ,$0.00 ,($32.67),$0.00 ,$0.00 ,-107.28,0,-53.64,735.25,Completed,ach,Marketplace Takeout,,Dispatch,,,
TT9-YE7,Cardinal Glennon Children's Hospital,1465 S Grand Blvd main entrance,St. Louis,MO,63104,,Lindell/SLU,CBW- Crazy Bowls and Wraps (Lindell/SLU),06/30/2026 11:04 AM,06/25/2026 10:55 AM,$376.20 ,$0.00 ,$20.00 ,($59.43),$0.00 ,$0.00 ,$0.00 ,($11.85),$0.00 ,$0.00 ,-37.62,0,-18.81,268.49,Completed,ach,Marketplace Takeout,,Dispatch,,,
AVR-T4Y,St. Lukes Multispecialty,222 S Woods Mill Rd Suite 750 North building,Chesterfield,MO,63017,,Creve Coeur,CBW- Crazy Bowls and Wraps (Creve Coeur),06/30/2026 11:06 AM,06/28/2026 9:07 PM,$431.53 ,$0.00 ,$20.00 ,($67.73),$37.71 ,$0.00 ,$0.00 ,($14.63),$0.00 ,$0.00 ,-43.15,0,-21.58,342.15,Completed,ach,Marketplace Takeout,,Dispatch,,,
AVK-FHT,Hunter engineering - c/o Jim T,"11250 Hunter Dr Building ""A""",Bridgeton,MO,63044,,West Oak,CBW- Crazy Bowls and Wraps (West Oak),06/30/2026 11:14 AM,06/24/2026 4:23 PM,$348.40 ,$0.00 ,$20.00 ,($55.26),$31.31 ,$0.00 ,$0.00 ,($11.95),$0.00 ,$0.00 ,-34.84,0,-17.42,280.24,Completed,ach,Marketplace Takeout,,Dispatch,,,
6WX-PJV,Confluence Academies,319 N 4th St Suite 500,St. Louis,MO,63102,,Lindell/SLU,CBW- Crazy Bowls and Wraps (Lindell/SLU),06/30/2026 11:19 AM,06/29/2026 3:50 PM,$102.47 ,$0.00 ,$20.00 ,($18.37),$0.00 ,$0.00 ,$0.00 ,($3.66),$0.00 ,$0.00 ,-30,0,-5.12,65.32,Completed,ach,Marketplace Takeout,,Dispatch,,,
G7P-6P5,Mercy South Hospital - Hospitalist Office,10100 Kennerly Rd,Sappington,MO,63128,,Tesson,CBW- Crazy Bowls and Wraps (Tesson),07/01/2026 11:24 AM,06/30/2026 8:53 AM,$401.10 ,$0.00 ,$20.00 ,($63.17),$31.04 ,$0.00 ,$0.00 ,($13.52),$0.00 ,$0.00 ,-40.11,0,0,335.34,Completed,ach,Marketplace Takeout,,Dispatch,,,
H63-ZP8,Marriott St. Louis West,660 Maryville Centre Dr,St. Louis,MO,63141,,Creve Coeur,CBW- Crazy Bowls and Wraps (Creve Coeur),07/02/2026 11:32 AM,06/30/2026 11:39 AM,$339.60 ,$0.00 ,$20.00 ,($53.94),$29.67 ,$0.00 ,$0.00 ,($11.64),$0.00 ,$0.00 ,-33.96,0,-16.98,272.75,Completed,ach,Marketplace Takeout,,Dispatch,,,
PAV-2ZT,Urology of st louis fairview heights,326 Fountains Pkwy,Fairview Heights,IL,62208,,Shiloh,CBW- Crazy Bowls and Wraps (Shiloh),07/06/2026 11:20 AM,07/02/2026 3:40 PM,$246.00 ,$0.00 ,$20.00 ,($39.90),$20.54 ,($20.54),$0.00 ,($8.57),$0.00 ,$0.00 ,-30,0,-12.3,175.23,Completed,ach,Marketplace Takeout,,Dispatch,,,
6E1-164,Ernst and Young,7676 Forsyth Blvd Suite 2600,Clayton,MO,63105,,Forsyth/Clayton,CBW- Crazy Bowls and Wraps (Forsyth/Clayton),07/06/2026 11:27 AM,06/26/2026 11:21 AM,$121.38 ,$0.00 ,$20.00 ,($21.21),$12.73 ,$0.00 ,$0.00 ,($4.61),$0.00 ,$0.00 ,-30,0,0,98.29,Completed,ach,Marketplace Takeout,,Dispatch,,,
2GM-EZ2,Mercy Dr levey,300 Winding Woods Dr 100,O'Fallon,MO,63366,,O'Fallon,CBW- Crazy Bowls and Wraps (O'Fallon),07/06/2026 11:40 AM,07/05/2026 7:08 PM,$246.08 ,$0.00 ,$20.00 ,($39.91),$22.02 ,$0.00 ,$0.00 ,($8.61),$0.00 ,$0.00 ,-30,0,-12.3,197.28,Completed,ach,Marketplace Takeout,,Dispatch,,,
FZK-K65,Talisen Technologies Inc,12655 Olive Blvd 500,Creve Coeur,MO,63141,,Creve Coeur,CBW- Crazy Bowls and Wraps (Creve Coeur),07/07/2026 7:38 AM,07/06/2026 7:47 AM,$126.40 ,$0.00 ,$20.00 ,($21.96),$11.04 ,$0.00 ,$0.00 ,($4.71),$0.00 ,$0.00 ,-30,0,-6.32,94.45,Completed,ach,Marketplace Takeout,,Dispatch,,,
QFJ-ZVR,Barnes Jewish Hospital POD 5,4969 Barnes Jewish Hospital Plaza POD5,St. Louis,MO,63110,,Lindell/SLU,CBW- Crazy Bowls and Wraps (Lindell/SLU),07/07/2026 10:16 AM,07/06/2026 11:31 AM,$931.99 ,$0.00 ,$20.00 ,($142.80),$122.83 ,$0.00 ,$0.00 ,($32.14),$0.00 ,$0.00 ,-93.2,0,-46.6,760.08,Completed,ach,Marketplace Takeout,,Dispatch,,,
GH5-854,Aspire Software,390 S Woods Mill Rd ste 300 - 3rd floor,Chesterfield,MO,63017,,West Oak,CBW- Crazy Bowls and Wraps (West Oak),07/07/2026 10:31 AM,06/22/2026 12:29 PM,$262.04 ,$0.00 ,$0.00 ,($39.31),$23.55 ,$0.00 ,$0.00 ,($8.54),$0.00 ,$0.00 ,0,0,0,237.74,Completed,ach,Meal Program,,Dispatch,,,
36J-80T,Ernst & Young,7676 Forsyth Blvd 2600,Clayton,MO,63105,,Forsyth/Clayton,CBW- Crazy Bowls and Wraps (Forsyth/Clayton),07/07/2026 11:42 AM,07/06/2026 4:40 PM,$74.70 ,$0.00 ,$20.00 ,($14.21),$7.83 ,$0.00 ,$0.00 ,($3.07),$0.00 ,$0.00 ,-30,0,0,55.25,Completed,ach,Marketplace Takeout,,Dispatch,,,
K3E-M42,"World Wide Technology, Inc.",701 Fee Fee Rd,Maryland Heights,MO,63043,,West Oak,CBW- Crazy Bowls and Wraps (West Oak),07/08/2026 11:22 AM,07/07/2026 7:10 PM,$83.70 ,$0.00 ,$20.00 ,($15.56),$7.52 ,$0.00 ,$0.00 ,($3.33),$0.00 ,$0.00 ,-30,0,-4.19,58.14,Completed,ach,Marketplace Takeout,,Dispatch,,,
YU0-38V,Mercy South Hospital - Hospitalist Office,10100 Kennerly Rd,Sappington,MO,63128,,Tesson,CBW- Crazy Bowls and Wraps (Tesson),07/08/2026 11:24 AM,07/07/2026 2:38 PM,$360.00 ,$0.00 ,$20.00 ,($57.00),$27.86 ,$0.00 ,$0.00 ,($12.20),$0.00 ,$0.00 ,-36,0,0,302.66,Completed,ach,Marketplace Takeout,,Dispatch,,,
8PF-XK7,Cambridge Air Solutions,760 Long Rd Crossing Dr,Chesterfield,MO,63005,,Chesterfield Valley,CBW- Crazy Bowls and Wraps (Chesterfield Valley),07/08/2026 12:37 PM,07/06/2026 11:23 AM,$184.95 ,$0.00 ,$20.00 ,($30.74),$18.70 ,$0.00 ,$0.00 ,($6.69),$0.00 ,$0.00 ,-30,0,0,156.22,Completed,ach,Marketplace Takeout,,Dispatch,,,
HVJ-4YT,"Takeout from St. Louis, MO",5034 Griffin Rd,St. Louis,MO,63128,,Tesson,CBW- Crazy Bowls and Wraps (Tesson),07/09/2026 10:45 AM,07/08/2026 3:50 PM,$369.00 ,$0.00 ,$0.00 ,($55.35),$28.55 ,$0.00 ,$5.00 ,($11.89),$0.00 ,$0.00 ,0,0,0,335.31,Completed,ach,Marketplace Takeout,,N/A,,,
JGR-843,Guarantee Electrical Construction Compa,3415 Bent Ave,St. Louis,MO,63116,18,South City,CBW- Crazy Bowls and Wraps #18 (South City),07/09/2026 11:21 AM,07/07/2026 5:26 PM,$140.50 ,$0.00 ,$20.00 ,($24.08),$18.52 ,$0.00 ,$0.00 ,($5.35),$0.00 ,$0.00 ,-30,0,0,119.59,Completed,ach,Marketplace Takeout,,Dispatch,,,
T1T-R0H,Dr. Michael Snyder,12700 Southfork Rd 270,St. Louis,MO,63128,,Tesson,CBW- Crazy Bowls and Wraps (Tesson),07/09/2026 11:25 AM,07/08/2026 12:10 PM,$271.10 ,$0.00 ,$20.00 ,($43.67),$20.98 ,$0.00 ,$0.00 ,($9.33),$0.00 ,$0.00 ,-30,0,0,229.08,Completed,ach,Marketplace Takeout,,Dispatch,,,
XKM-215,Nashville SC,2019 Market St,St. Louis,MO,63103,,Lindell/SLU,CBW- Crazy Bowls and Wraps (Lindell/SLU),07/09/2026 12:34 PM,07/06/2026 3:32 PM,$708.70 ,$0.00 ,$20.00 ,($109.31),$93.40 ,$0.00 ,$0.00 ,($24.58),$0.00 ,$0.00 ,-70.87,0,-35.44,581.9,Completed,ach,Marketplace Takeout,,Dispatch,,,
RH9-CJQ,Goodwill Outlet,5665 St Louis Mls Blvd Door 9,Bridgeton,MO,63044,,Lindenwood,CBW- Crazy Bowls and Wraps (Lindenwood),07/10/2026 11:05 AM,07/07/2026 9:29 AM,$79.71 ,$0.00 ,$20.00 ,($14.96),$0.00 ,$0.00 ,$0.00 ,($2.98),$0.00 ,$0.00 ,-30,0,-3.99,47.78,Completed,ach,Marketplace Takeout,,Dispatch,,,
9F7-MJA,Heartland Dental,701 Emerson Rd 1st Floor- Straight back upon entry,Creve Coeur,MO,63141,,West Oak,CBW- Crazy Bowls and Wraps (West Oak),07/10/2026 11:39 AM,07/08/2026 2:15 PM,$156.94 ,$0.00 ,$20.00 ,($26.54),$14.11 ,$0.00 ,$0.00 ,($5.71),$0.00 ,$0.00 ,-30,0,-7.85,120.95,Completed,ach,Marketplace Takeout,,Dispatch,,,
T6M-EJ2,Mercy Oncology Suite 120,15945 Clayton Rd 150,Ballwin,MO,63011,,Chesterfield Valley,CBW- Crazy Bowls and Wraps (Chesterfield Valley),07/13/2026 11:00 AM,07/11/2026 7:07 PM,$307.20 ,$0.00 ,$20.00 ,($49.08),$31.07 ,$0.00 ,$0.00 ,($10.71),$0.00 ,$0.00 ,-30.72,0,0,267.76,Completed,ach,Marketplace Takeout,,Dispatch,,,
M0E-98W,WashU,7425 Forsyth Blvd,Clayton,MO,63105,18,South City,CBW- Crazy Bowls and Wraps #18 (South City),07/13/2026 11:14 AM,07/10/2026 5:00 PM,$282.00 ,$0.00 ,$20.00 ,($45.30),$37.16 ,$0.00 ,$0.00 ,($10.14),($30.00),$0.00 ,-30,0,0,223.72,Completed,ach,Marketplace Takeout,,Dispatch,,,
6TH-QTP,Procter and Gamble Mfg,169 E Grand Ave Collaboration Center,St. Louis,MO,63147,,Lindell/SLU,CBW- Crazy Bowls and Wraps (Lindell/SLU),07/14/2026 10:44 AM,07/13/2026 12:03 PM,$232.60 ,$0.00 ,$20.00 ,($37.89),$30.65 ,$0.00 ,$0.00 ,($8.47),$0.00 ,$0.00 ,-30,0,-11.63,195.26,Completed,ach,Marketplace Takeout,,Dispatch,,,
XUV-48H,ArchBridge Family Office,7701 Forsyth Blvd Suite 1100,St. Louis,MO,63105,,Forsyth/Clayton,CBW- Crazy Bowls and Wraps (Forsyth/Clayton),07/14/2026 10:52 AM,07/10/2026 2:56 PM,$584.65 ,$0.00 ,$20.00 ,($90.70),$61.32 ,$0.00 ,$0.00 ,($19.91),$0.00 ,$0.00 ,-58.46,0,0,496.9,Completed,ach,Marketplace Takeout,,Dispatch,,,
396-XA4,St. Louis Music,1400 Ferguson Ave,St. Louis,MO,63133,,Forsyth/Clayton,CBW- Crazy Bowls and Wraps (Forsyth/Clayton),07/14/2026 11:18 AM,07/13/2026 1:38 PM,$106.94 ,$0.00 ,$20.00 ,($19.04),$11.22 ,$0.00 ,$0.00 ,($4.13),$0.00 ,$0.00 ,-30,0,0,84.99,Completed,ach,Marketplace Takeout,nac5012,Dispatch,,,
A67-P0R,Lafayette Preparatory Academy,1900 Lafayette Ave,St. Louis,MO,63104,,Lindell/SLU,CBW- Crazy Bowls and Wraps (Lindell/SLU),07/14/2026 11:18 AM,07/13/2026 5:21 PM,$238.20 ,$0.00 ,$20.00 ,($38.73),$31.39 ,$0.00 ,$0.00 ,($8.66),$0.00 ,$0.00 ,-30,0,-11.91,200.29,Completed,ach,Marketplace Takeout,,Dispatch,,,
HR8-GM8,Carmody MacDonald,120 S Central Ave,Clayton,MO,63105,,Forsyth/Clayton,CBW- Crazy Bowls and Wraps (Forsyth/Clayton),07/14/2026 11:27 AM,07/13/2026 2:07 PM,$134.75 ,$0.00 ,$20.00 ,($23.21),$14.13 ,$0.00 ,$0.00 ,($5.05),$0.00 ,$0.00 ,-30,0,0,110.62,Completed,ach,Marketplace Takeout,,Dispatch,,,
8WA-QQF,ROESLEIN AND ASSOCIATES-,9200 Watson Rd,St. Louis,MO,63126,,Sunset Hills,CBW- Crazy Bowls and Wraps (Sunset Hills),07/14/2026 11:35 AM,07/10/2026 1:23 PM,$293.50 ,$0.00 ,$20.00 ,($47.03),$22.71 ,$0.00 ,$0.00 ,($10.05),$0.00 ,$0.00 ,-30,0,0,249.13,Completed,ach,Marketplace Takeout,,Dispatch,,,
YFR-HC1,MRHFM- St Louis,1015 Locust St Ste 1200,St Louis,MO,63101,,West Oak,CBW- Crazy Bowls and Wraps (West Oak),07/14/2026 12:00 PM,06/29/2026 8:45 AM,$213.58 ,$0.00 ,$25.00 ,($32.04),$19.20 ,$0.00 ,$25.00 ,($7.71),$0.00 ,$0.00 ,0,0,0,243.03,Completed,ach,Meal Program,,,,,
FPP-7Z9,Enterprise Mobility,2281 Ball Dr,St. Louis,MO,63146,,West Oak,CBW- Crazy Bowls and Wraps (West Oak),07/15/2026 10:19 AM,07/14/2026 12:24 PM,$133.30 ,$0.00 ,$20.00 ,($23.00),$11.98 ,$0.00 ,$0.00 ,($4.94),$0.00 ,$0.00 ,-30,0,-6.67,100.67,Completed,ach,Marketplace Takeout,,Dispatch,,,
Z33-31Z,Washington University,4590 Nash Way,St. Louis,MO,63110,,Lindell/SLU,CBW- Crazy Bowls and Wraps (Lindell/SLU),07/15/2026 10:45 AM,07/13/2026 1:15 PM,$841.75 ,$0.00 ,$20.00 ,($129.26),$0.00 ,$0.00 ,$0.00 ,($25.77),$0.00 ,$0.00 ,-84.18,0,-42.09,580.45,Completed,ach,Marketplace Takeout,,Dispatch,,,
0FX-UPK,Nestle Purina Petcare - E Bldg,800 Chouteau Ave,St. Louis,MO,63102,,Lindell/SLU,CBW- Crazy Bowls and Wraps (Lindell/SLU),07/15/2026 10:50 AM,07/07/2026 9:29 AM,$367.00 ,$0.00 ,$20.00 ,($58.05),$48.37 ,$0.00 ,$0.00 ,($13.02),$0.00 ,$0.00 ,-36.7,0,-18.35,309.25,Completed,ach,Marketplace Takeout,,Dispatch,,,
62H-TM3,St. Louis Music,1400 Ferguson Ave,St. Louis,MO,63133,,Forsyth/Clayton,CBW- Crazy Bowls and Wraps (Forsyth/Clayton),07/15/2026 11:17 AM,07/14/2026 2:10 PM,$212.09 ,$0.00 ,$20.00 ,($34.81),$22.24 ,$0.00 ,$0.00 ,($7.60),$0.00 ,$0.00 ,-30,0,0,181.92,Completed,ach,Marketplace Takeout,nac5012,Dispatch,,,
64Z-38F,PwC,6 Cardinal Wy 11th Floor,St. Louis,MO,63102,,Lindell/SLU,CBW- Crazy Bowls and Wraps (Lindell/SLU),07/15/2026 11:18 AM,07/07/2026 12:23 PM,$233.50 ,$0.00 ,$20.00 ,($38.03),$30.77 ,$0.00 ,$0.00 ,($8.50),$0.00 ,$0.00 ,-30,0,-11.68,196.06,Completed,ach,Marketplace Takeout,,Dispatch,,,
RWU-F0P,WashU Bernard Becker Medical Library,660 S Euclid Ave,St. Louis,MO,63110,18,South City,CBW- Crazy Bowls and Wraps #18 (South City),07/15/2026 11:19 AM,07/13/2026 8:50 PM,$209.35 ,$0.00 ,$20.00 ,($34.40),$0.00 ,$0.00 ,$0.00 ,($6.86),$0.00 ,$0.00 ,-30,0,0,158.09,Completed,ach,Marketplace Takeout,,Dispatch,,,
GVU-2HT,Weissman Photo Studio,6726 Manchester Ave,St. Louis,MO,63139,18,South City,CBW- Crazy Bowls and Wraps #18 (South City),07/15/2026 11:19 AM,07/14/2026 11:13 AM,$454.95 ,$0.00 ,$20.00 ,($71.24),$59.96 ,$0.00 ,$0.00 ,($15.99),$0.00 ,$0.00 ,-45.5,0,0,402.18,Completed,ach,Marketplace Takeout,,Dispatch,,,
6GZ-WGE,Ernst and Young,7676 Forsyth Blvd Suite 2600,Clayton,MO,63105,,Forsyth/Clayton,CBW- Crazy Bowls and Wraps (Forsyth/Clayton),07/15/2026 11:27 AM,07/08/2026 2:01 PM,$121.38 ,$0.00 ,$20.00 ,($21.21),$12.73 ,$0.00 ,$0.00 ,($4.61),$0.00 ,$0.00 ,-30,0,0,98.29,Completed,ach,Marketplace Takeout,,Dispatch,,,
Z9K-Z8E,,,Chesterfield,MO,,,Creve Coeur,CBW- Crazy Bowls and Wraps (Creve Coeur),07/15/2026 11:30 AM,07/14/2026 2:20 PM,$310.40 ,$0.00 ,$0.00 ,($46.56),$27.12 ,$0.00 ,$10.00 ,($10.09),$0.00 ,$0.00 ,0,0,-15.52,275.35,Completed,ach,Marketplace Takeout,,N/A,,,
W5W-161,St Elizabeths cath lab and ep lab in hospital,1 St Elizabeth's Blvd Second floor,O'Fallon,IL,62269,,Shiloh,CBW- Crazy Bowls and Wraps (Shiloh),07/16/2026 10:36 AM,07/13/2026 12:04 PM,$635.00 ,$0.00 ,$20.00 ,($98.25),$53.02 ,($53.02),$0.00 ,($21.17),$0.00 ,$0.00 ,-63.5,0,-31.75,440.33,Completed,ach,Marketplace Takeout,,Dispatch,,,
7Z1-TAG,St. Louis Music,1400 Ferguson Ave,St. Louis,MO,63133,,Forsyth/Clayton,CBW- Crazy Bowls and Wraps (Forsyth/Clayton),07/16/2026 11:17 AM,07/15/2026 12:29 PM,$107.19 ,$0.00 ,$20.00 ,($19.08),$11.24 ,$0.00 ,$0.00 ,($4.14),$0.00 ,$0.00 ,-30,0,0,85.21,Completed,ach,Marketplace Takeout,nac5012,Dispatch,,,
T1C-5ZR,Dr Melvin,5551 Winghaven Blvd Dr Knox suite 142 142,O'Fallon,MO,63368,,O'Fallon,CBW- Crazy Bowls and Wraps (O'Fallon),07/16/2026 11:17 AM,07/15/2026 4:51 PM,$243.03 ,$0.00 ,$20.00 ,($39.45),$21.75 ,$0.00 ,$0.00 ,($8.51),$0.00 ,$0.00 ,-30,0,-12.15,194.67,Completed,ach,Marketplace Takeout,,Dispatch,,,
H6A-VJW,,1225 S Grand Blvd,St. Louis,MO,63104,,Lindell/SLU,CBW- Crazy Bowls and Wraps (Lindell/SLU),07/16/2026 11:30 AM,07/15/2026 5:05 PM,$223.45 ,$0.00 ,$0.00 ,($15.64),$29.45 ,$0.00 ,$0.00 ,($7.56),$0.00 ,$0.00 ,0,0,-11.17,218.53,Completed,ach,Marketplace Takeout,,N/A,,,
T5U-5KX,HSHS Medical Group,2401 S Center St,Maryville,IL,62062,,Edwardsville,CBW- Crazy Bowls and Wraps (Edwardsville),07/17/2026 11:16 AM,07/13/2026 12:03 PM,$237.75 ,$0.00 ,$20.00 ,($38.66),$18.07 ,($18.07),$0.00 ,($8.25),$0.00 ,$0.00 ,-30,0,-11.89,168.95,Completed,ach,Marketplace Takeout,,Dispatch,,,
P27-XW0,Clementine's Ice Cream,8014 N Broadway,St. Louis,MO,63147,,Lindell/SLU,CBW- Crazy Bowls and Wraps (Lindell/SLU),07/17/2026 11:27 AM,07/16/2026 12:49 PM,$307.50 ,$0.00 ,$20.00 ,($49.13),$40.53 ,$0.00 ,$0.00 ,($11.00),$0.00 ,$0.00 ,-30.75,0,-15.38,261.77,Completed,ach,Marketplace Takeout,julysave40,Dispatch,,,
3Z4-3UV,AAIM Employers' Association,12851 Manchester Rd Suite 150,St. Louis,MO,63131,,Manchester,CBW- Crazy Bowls and Wraps (Manchester),07/20/2026 7:09 AM,07/14/2026 3:54 PM,$112.50 ,$0.00 ,$20.00 ,($19.88),$9.83 ,$0.00 ,$0.00 ,($4.26),$0.00 ,$0.00 ,-30,0,0,88.19,Food Delivered,Pending,Marketplace Takeout,,Dispatch,,,
8GX-MK6,Gatewood Wealth Solutions,1401 S Brentwood Blvd Suite 400,St. Louis,MO,63144,,Rock Hill/Glendale,CBW- Crazy Bowls and Wraps (Rock Hill/Glendale),07/20/2026 7:22 AM,07/02/2026 10:16 AM,$327.45 ,$0.00 ,$20.00 ,($52.12),$30.25 ,$0.00 ,$0.00 ,($11.29),$0.00 ,$0.00 ,-32.74,0,0,281.55,Food Delivered,Pending,Marketplace Takeout,,Dispatch,,,
42K-H7Z,Distinctive Dermatology,390 Office Ct,Fairview Heights,IL,62208,,Shiloh,CBW- Crazy Bowls and Wraps (Shiloh),07/20/2026 10:31 AM,07/17/2026 1:42 PM,$430.00 ,$0.00 ,$20.00 ,($67.50),$35.90 ,($35.90),$0.00 ,($14.53),$0.00 ,$0.00 ,-43,0,-21.5,303.47,Food Delivered,Pending,Marketplace Takeout,,Dispatch,,,
E3U-5GP,Benefit Finance Partners,6 Cityplace Dr 6 Cityplace Drive 400,Creve Coeur,MO,63141,,Creve Coeur,CBW- Crazy Bowls and Wraps (Creve Coeur),07/20/2026 10:59 AM,07/17/2026 12:24 PM,$405.20 ,$0.00 ,$20.00 ,($63.78),$35.41 ,$0.00 ,$0.00 ,($13.77),$0.00 ,$0.00 ,-40.52,0,-20.26,322.28,Food Delivered,Pending,Marketplace Takeout,,Dispatch,,,
18F-Q4G,Mercy,3915 Watson Rd Suite 100B,St. Louis,MO,63109,18,South City,CBW- Crazy Bowls and Wraps #18 (South City),07/20/2026 11:06 AM,07/19/2026 5:45 PM,$289.61 ,$0.00 ,$20.00 ,($46.44),$38.17 ,$0.00 ,$0.00 ,($10.40),$0.00 ,$0.00 ,-30,0,0,260.94,Food Delivered,Pending,Marketplace Takeout,,Dispatch,,,
J4K-CE5,Crossroads Veterinary Hospital,10253 Highway DD,Wentzville,MO,63385,,O'Fallon,CBW- Crazy Bowls and Wraps (O'Fallon),07/21/2026 11:30 AM,07/20/2026 6:34 PM,$142.75 ,$0.00 ,$20.00 ,($24.41),$12.78 ,$0.00 ,$0.00 ,($5.25),$0.00 ,$0.00 ,-30,0,-7.14,108.73,Food Delivered,Pending,Marketplace Takeout,,Dispatch,,,
CCF-P1U,Ameren - North Metro Operating Center,4427 Geraldine Ave,St. Louis,MO,63115,,Lindell/SLU,CBW- Crazy Bowls and Wraps (Lindell/SLU),07/22/2026 10:42 AM,07/20/2026 10:07 AM,$302.90 ,$0.00 ,$20.00 ,($48.44),$39.92 ,$0.00 ,$0.00 ,($10.85),$0.00 ,$0.00 ,-30.29,0,-15.15,258.09,Food Delivered,Pending,Marketplace Takeout,,Dispatch,,,
PPU-130,Ess health urology,12255 De Paul Dr 200,Bridgeton,MO,63044,,Lindenwood,CBW- Crazy Bowls and Wraps (Lindenwood),07/22/2026 10:48 AM,07/21/2026 12:31 PM,$164.95 ,$0.00 ,$20.00 ,($27.74),$16.41 ,$0.00 ,$0.00 ,($6.02),$0.00 ,$0.00 ,-30,0,-8.25,129.35,Food Delivered,Pending,Marketplace Takeout,,Dispatch,,,
2CY-PY2,WashU Biology Department Danforth Campus,Tolman Wy,St. Louis County,MO,63105,,Forsyth/Clayton,CBW- Crazy Bowls and Wraps (Forsyth/Clayton),07/22/2026 11:11 AM,07/21/2026 7:26 PM,$204.34 ,$0.00 ,$20.00 ,($33.65),$0.00 ,$0.00 ,$0.00 ,($6.71),$0.00 ,$0.00 ,-30,0,0,153.98,Food Delivered,Pending,Marketplace Takeout,,Dispatch,,,
9C5-94E,,,St. Louis,MO,,,Lindell/SLU,CBW- Crazy Bowls and Wraps (Lindell/SLU),07/22/2026 11:45 AM,07/21/2026 7:28 PM,$218.65 ,$0.00 ,$0.00 ,($32.80),$0.00 ,$0.00 ,$21.87 ,($6.54),$0.00 ,$0.00 ,0,0,-10.93,190.25,Food Delivered,Pending,Marketplace Takeout,,N/A,,,
930-RM7,Nestle Purina Petcare - Tower Building,901 Chouteau Ave,St. Louis,MO,63102,,Lindell/SLU,CBW- Crazy Bowls and Wraps (Lindell/SLU),07/23/2026 10:49 AM,07/20/2026 3:51 PM,$249.75 ,$0.00 ,$20.00 ,($40.46),$32.91 ,$0.00 ,$0.00 ,($9.05),$0.00 ,$0.00 ,-30,0,-12.49,210.66,Food Delivered,Pending,Marketplace Takeout,,Dispatch,,,
VM0-63F,SIEMENS,13690 Riverport Dr 100,Maryland Heights,MO,63043,,Lindenwood,CBW- Crazy Bowls and Wraps (Lindenwood),07/23/2026 11:16 AM,07/01/2026 9:48 PM,$876.00 ,$0.00 ,$20.00 ,($134.40),$87.16 ,$0.00 ,$0.00 ,($29.40),$0.00 ,$0.00 ,-87.6,0,-43.8,687.96,Food Delivered,Pending,Marketplace Takeout,,Dispatch,,,
8XV-H2R,Mercy Primary Care 2nd FL,7345 Watson Rd 202,St. Louis,MO,63119,18,South City,CBW- Crazy Bowls and Wraps #18 (South City),07/24/2026 11:15 AM,07/23/2026 2:28 PM,$503.95 ,$0.00 ,$20.00 ,($78.59),$66.42 ,$0.00 ,$0.00 ,($17.65),$0.00 ,$0.00 ,-50.4,0,0,443.73,Food Delivered,Pending,Marketplace Takeout,,Dispatch,,,
QYY-19J,Scott Air Force Base,719 Scheel St,Belleville,IL,62220,,Shiloh,CBW- Crazy Bowls and Wraps (Shiloh),07/24/2026 12:55 PM,07/13/2026 11:52 AM,"$1,006.15 ",$0.00 ,$20.00 ,($153.92),$84.01 ,($84.01),$0.00 ,($33.19),$0.00 ,$0.00 ,-100.62,0,-50.31,688.11,Food Delivered,Pending,Marketplace Takeout,,Dispatch,,,
V01-4RY,Washington University,4990 Children's Pl,St. Louis,MO,63110,,Lindell/SLU,CBW- Crazy Bowls and Wraps (Lindell/SLU),07/27/2026 9:51 AM,07/24/2026 11:14 AM,$77.00 ,$0.00 ,$20.00 ,($14.55),$0.00 ,$0.00 ,$0.00 ,($2.90),$0.00 ,$0.00 ,-30,0,-3.85,45.7,Food Delivered,Pending,Marketplace Takeout,,Dispatch,,,
KHY-KEH,The retina institue,5 Country Club Executive Park,Glen Carbon,IL,62034,,Edwardsville,CBW- Crazy Bowls and Wraps (Edwardsville),07/27/2026 10:49 AM,07/17/2026 8:02 AM,$243.95 ,$0.00 ,$20.00 ,($39.59),$18.54 ,($18.54),$0.00 ,($8.45),$0.00 ,$0.00 ,-30,0,-12.2,173.71,Food Delivered,Pending,Marketplace Takeout,,Dispatch,,,
3P5-8QU,Lemonaid Pharmacy,1701 Macklind Ave Suite 300,St. Louis,MO,63110,,West Oak,CBW- Crazy Bowls and Wraps (West Oak),07/27/2026 10:52 AM,07/13/2026 2:35 PM,$215.25 ,$0.00 ,$0.00 ,($32.29),$19.35 ,$0.00 ,$0.00 ,($7.01),$0.00 ,$0.00 ,0,0,0,195.3,Food Delivered,Pending,Meal Program,,Dispatch,,,
VKP-FQK,ArchBridge Family Office,7701 Forsyth Blvd Suite 1100,St. Louis,MO,63105,,Forsyth/Clayton,CBW- Crazy Bowls and Wraps (Forsyth/Clayton),07/27/2026 11:13 AM,07/24/2026 9:06 AM,$148.49 ,$0.00 ,$20.00 ,($25.27),$15.57 ,$0.00 ,$0.00 ,($5.50),$0.00 ,$0.00 ,-30,0,0,123.29,Food Delivered,Pending,Marketplace Takeout,,Dispatch,,,
